state,1995-12,1996-03,1996-06,1996-09,1996-12,1997-03,1997-06,1997-09,1997-12,1998-03,1998-06,1998-09,1998-12,1999-03,1999-06,1999-09,1999-12,2000-03,2000-06,2000-09,2000-12,2001-03,2001-06,2001-09,2001-12,2002-03,2002-06,2002-09,2002-12,2003-03,2003-06,2003-09,2003-12,2004-03,2004-06,2004-09,2004-12,2005-03,2005-06,2005-09,2005-12,2006-03,2006-06,2006-09,2006-12,2007-03,2007-06,2007-09,2007-12,2008-03,2008-06,2008-09,2008-12,2009-03,2009-06,2009-09,2009-12,2010-03,2010-06,2010-09,2010-12,2011-03,2011-06,2011-09,2011-12,2012-03,2012-06,2012-09,2012-12,2013-03,2013-06,2013-09,2013-12,2014-03,2014-06,2014-09,2014-12,2015-03,2015-06
US Average,5.3100181319880955,3.885690522587612,0.6998769082567834,0.1518251675280955,-0.4143871497801027,0.9881105502220452,3.648541814151121,1.4548805963921818,2.026942818569771,2.3318693664404404,-0.7159228736351139,0.5577645928626329,0.8286303559931636,-2.087803346567133,-0.13015941550800875,0.3379917137358396,0.3470381877792142,3.6541550882867084,2.743925593436774,3.312263573030487,2.1830491054089762,-2.058519602072166,-7.491088291137579,-14.750310467104994,-20.636086543131903,-21.977812563908266,-22.25299216275292,-15.38948519374575,-3.6617382165373367,1.7762730848422577,8.923287755321484,9.982149474574175,6.643739168891846,6.236720195084145,5.485541260827592,8.119940492220334,10.208370453383996,15.128007174958913,35.21258321340024,34.24717307303527,35.70708226251587,30.29747963501505,9.464583126070442,8.285449420886042,5.284693689006158,6.544451767413253,7.307415979076865,2.706740478789732,-3.660128169265464,-6.915457667014898,-10.27804341460734,-12.779426417162506,-13.817250604538764,-17.073871073974267,-12.325761143418989,-12.607746211015048,-7.909586546755297,-3.578080276639052,-13.100868165112065,-8.917672285564885,-5.676752044288073,-4.277222335952642,9.681510079553288,9.052506043378353,2.8740062683442242,1.3517164882739585,-5.224378771966999,-3.47599409502441,-0.8284266687195868,1.2795541053789348,6.6099624489664945,5.186920472915401,5.272664585888174,5.1102935485728,0.454720055915516,1.579076836005584,2.904458411202378,2.1826128780453162,5.790959752583304
Alabama,5.854962304285138,-10.906589641269903,-1.7783838146125754,-10.592461591029307,-9.918967892502083,-2.8444077331722597,-6.565503676563808,1.9662713818837048,10.682470559113167,7.395403089987417,9.677493609147405,5.817416455480456,-6.339323805958645,-1.5696490756246142,-5.423744345758422,-6.375978635941413,2.0144664897302165,-1.1895504099203968,0.9226433111749177,1.1031862873791947,-19.759088554825126,-19.98052118428681,-24.56083925258824,-30.41423987796712,-11.150294896285857,10.010272012349095,23.32759162903307,15.33765527149254,14.275722330917546,-17.895997499251727,-21.32075838999817,13.299456817571425,22.567573677434126,40.57635902472524,49.32482810424736,20.445223438771258,15.711488110473395,18.575589786299034,22.380778742707687,31.678817325119326,21.29241168610054,29.05062795630815,29.353678333704035,35.55589060915171,43.382043561506826,24.5352560484547,7.8076615545880825,-11.42390270288392,-14.299685496763576,-6.863800252762149,-5.360438609190695,-0.4580065410366439,-13.539576187191477,-14.31386292651004,-7.635036711308488,-5.507021138152155,10.755169230327057,1.435067702596364,-15.118189180884823,-3.4743144303490863,-16.268554561008614,-16.83367560635253,-5.590795757585757,-39.494540654837564,-27.978700266646456,-12.305180912819775,-9.616454022446263,33.65177220281293,14.279529052234363,2.4231782637934134,1.7126442814439642,-9.24486309966034,-0.13556810231010546,-10.427998785522552,-9.353929413631048,4.421735174396382,26.49049951827937,46.62722164157866,37.379948688747774
Alaska,-47.30015043602488,-38.8657567745964,-40.04970731580133,-34.34103975073836,6.519928882328288,-11.477495526844109,-1.1943937164701108,-15.966390050759788,-15.683813563257115,-2.7110652921885423,-17.84358680128465,-22.35321628305746,-7.042143740193918,-16.905594455061767,-24.75570181551168,-7.914613887987695,14.252793631614527,27.543832236406264,101.0159220897774,89.16069459914615,25.296249311076878,17.046492612492546,-11.705884591764727,-6.390100704870351,-23.506573075599746,-23.6446853802021,-33.638504945018674,-46.32419647762923,-40.9483029361342,-41.94572767578392,-25.349149605017374,0.042169421337077705,45.11801657948079,53.51365502490092,60.4776490051566,62.30308314869567,61.84262690147078,64.21056498698067,68.55450710771727,49.3770523271584,41.04201814395252,44.141116895759666,34.0655054160945,50.52048056804851,16.88317410205676,10.235750639306023,-3.316197228327388,-17.80750857503763,44.19693488883846,42.82978865699921,54.53931010398891,58.36602335426528,-30.296949034050492,-29.8148434617646,-52.24794789882454,-72.22645620368718,-58.990472953711915,-49.129830981731835,1.0552626992643679,76.35165798183013,102.48004749125958,54.77967501216129,10.54066222056429,18.233002134119555,-5.955380558283373,-2.9990687815871744,-10.046916232155413,-12.656328239290035,-10.53413248770657,-8.244341569137008,-6.963716051761584,-27.2021501472955,-22.89613601625219,-30.66207884203286,-36.62103579564596,-22.119458524448724,-27.26193018682611,-20.773673445347654,-40.69476835828076
Arizona,-1.4021895194772391,0.7250463897068492,9.606201847549181,16.391658125449037,31.672888108110108,33.75692452778533,43.275058979926946,18.931919448699542,16.087672017092096,9.730843922030683,-12.535516701194357,-9.921080625346605,-17.51992492350275,-13.478325303649955,-6.575278481685958,-1.0301727446451392,2.7712433669429477,-2.1334223227368487,-0.1750831855547534,6.598229375743098,9.635798951810498,10.352796778816087,0.2558669955829426,-15.28046714185236,-29.41522027303606,-30.511208638051013,-32.32904452402503,-34.54813453922478,-24.233650516392665,-15.911434610239588,1.7697496740174128,17.700719994984908,41.43885931023512,27.491673520851645,25.67232339150457,34.33170420929726,22.81007791982636,36.855981353687774,36.615819079911,34.34216243193866,23.16154290313656,16.206427797572047,20.741731432519973,14.948154108995954,21.948788810854865,22.57093599850964,9.037579958687795,3.0683472316405216,-8.408318823277309,-17.73525897204787,-23.310471279867865,-28.66187421119949,-28.69682609453519,-21.52774162542876,-25.432584491679737,-26.56186282474749,-40.34614640621504,-38.1144394359183,-31.001707061193294,-12.848497437477516,33.71039918005553,90.76239716004444,101.99660539818308,81.8749622503911,67.80401124510192,-20.275502059985172,-26.02709224703314,-27.397144089633446,-35.82595448040712,-10.392216324506846,0.5963772453806844,-5.556938237141655,-0.9350530680723123,-0.39972594676620726,-14.393229511391853,-7.055357620850726,-0.06530546451827211,-2.0544121018459203,19.15261827554406
Arkansas,8.394626962679657,13.959898753262337,16.09001963559597,6.522968885798843,7.325697242864522,-4.550179939542916,-3.9623272366566065,-1.5662798593800435,-7.56501461320566,-1.1007747674635855,-0.45316301199992565,3.2612411094755287,9.129826635024166,10.7662804186025,-9.032742725811,-5.778383294736941,-7.88225637496098,-11.302804094098702,1.2494258484341654,-3.2502561518854787,-6.707114852182867,-10.231964729347553,-18.56675958083401,-33.406653676042694,-28.08046895157074,-35.096643564094364,-15.151528600801543,14.49948227538421,20.210910196535647,43.9743622759353,7.940573657493616,-2.6127573748764568,-7.234006476420092,-6.550850965768001,0.48966218078124985,7.404075224120699,25.362409003209525,33.738807502679514,48.031926152886854,48.58191016961831,34.055984763759554,26.798864378073546,28.00467489102964,20.677705044960312,2.5644215941578357,-4.025407964228463,-4.0473644595348555,-3.5934187546404956,9.312025716095865,9.33191885613254,-8.582771520523645,-14.664190263639593,-15.612644721555569,-14.977060144882861,-0.6116082713322046,-0.45692478194763864,9.155719936114714,16.307843419924943,10.29573212275357,24.000416466541626,-8.363709138833554,-12.870558582732453,-4.23076580223707,-9.978769423089616,8.384308517051476,10.752041785833088,4.221621981537201,1.6403431476029466,1.0800520079777725,2.1930205444364814,-1.8360451151110988,3.396409650627371,2.5213066204363845,-1.87016809998856,-2.5310917466456786,-7.06753786922137,3.60739269669497,6.933908795767726,18.522169333544404
California,17.22018535263262,10.594461344900504,-1.1899268593276968,0.43146051641251304,-7.467708305179838,-7.6376365562179735,-3.17433833837789,-7.306068795466445,-2.935637291895044,-3.078198940871498,-5.423887090661528,-0.420634199821759,0.18664460108247838,-1.7033388296371923,-3.9961970229994406,-2.5204693272978598,-2.2293870247653724,7.927501652923284,16.998755898284536,18.251712468080605,16.768119334289874,11.986208636063065,1.567798294703908,-12.105575219879379,-20.54180729323264,-24.853237035084597,-18.67720472953841,-8.832106185732185,15.88414765320874,21.72288278199388,16.552517981168556,22.514267491300526,5.044968342570917,2.7241270888120295,-0.3282990973717336,-1.1487527988250006,1.5716833501784766,11.123629795459557,74.40498402897686,69.14376701184011,72.90358427977571,52.31367896849615,-19.326712846431924,-20.255574226124125,-21.9186696521941,-18.914446374100237,0.5794856965121638,-0.9309262287310237,-6.786450482433488,-8.747335921314376,-9.370103980717422,-14.644334574455462,-13.118183208493491,-8.200110111557764,19.760370762534134,25.20520022196684,29.916855476999828,24.931331017440353,-23.812287628568686,-26.00908842834816,-22.156015027674147,-23.6165220435738,1.4142541724005853,4.597148410578564,-5.728722649668637,-8.604510504930209,-20.022870275799924,-21.402153464195667,-25.649673893018686,-21.157865419808438,-6.951501735838905,-3.4337864440268713,11.593772505904115,13.537547920072384,9.81394873729528,15.52171481296248,20.67031897543481,17.54840298433819,19.97932991048701
Colorado,17.561910855337253,13.658591080378137,5.7900235540519915,0.13266074095981703,-4.186017527973814,-5.636260078100879,2.271047565045501,13.637574090832985,26.48814903291695,30.411407810183672,19.448106258757917,8.117865712467811,4.172308567954045,1.339667648095508,10.764706015412818,10.44569939267945,16.748116358326836,12.840752421224977,-5.004659689685555,3.6300188692667437,-10.08308163453184,-9.914642657517419,3.755182501472596,-10.38435156534057,-9.891461961355317,-11.429068935966548,-37.087132498627746,-33.981498203711794,-36.047165769668844,-33.591732609820895,-5.483542795525299,2.02994996640147,26.09903674408075,20.502541284772533,15.895966345826324,18.913692105470986,11.568184915822961,23.40873979428677,30.09153534061258,28.64100788618826,32.071574935454514,35.40097736925354,39.52294204779868,30.95099322501153,22.323010349418055,10.294557630187422,2.0423256430293875,3.72876508486789,6.544672176726593,10.699738122707602,1.3477530309446242,-2.9479200259788843,-15.885312146720443,-27.82831014294595,-36.5070344698901,-39.927697251249704,-38.94371960988058,-9.395586443755208,10.136650497195202,20.745414613825595,40.68956014282145,4.06806454153315,4.0116776470482565,2.254064243370715,6.240663058242732,9.006008914405083,24.998597412536427,41.715226385518214,32.75875438980948,44.47601519733867,30.714059456837706,14.311234808405407,16.07241164874333,13.527496166927829,8.028766834276572,11.810925117379194,3.5445630443093763,-3.4282966164393374,-7.307013688959847
Connecticut,-1.612632547390744,18.186775800528434,17.41604002883845,17.332162571018166,-2.437948538315004,-9.12961871860812,-22.226749965633758,-25.169669257578402,-15.981547508786198,-19.212881111754633,-1.3662005640488308,5.158583412511537,-0.16450555307816486,0.44964890136226443,-11.685966121630548,-18.625071365992977,-21.835443135739947,-26.9960978158781,-18.32743527944271,-18.719760740043814,1.0152877015451858,11.46781251690285,-7.677764590445251,-6.962953630197479,-36.56244012288031,-53.70174556315368,-62.246496106604745,-52.73220954537241,-2.085796650727442,56.99576218158124,127.68550291510037,96.61253516486121,31.83523209645516,-12.322327336632314,-4.5407957147717894,-3.2638866487428984,14.544116864701811,65.46793342046051,65.77202643553532,61.50519657770581,25.078893378830113,25.22468406346951,6.45199424050905,10.536841260498575,9.440406379289318,-0.24989117888398993,9.048490781692069,-0.6714884969875377,-9.916324172760573,-17.4915843655748,-19.22690715968037,-13.380269332872382,-14.528708641869153,-16.19195498144071,-27.364663024866516,-34.12348033141966,-11.541166089539733,1.7376452993682914,14.635105713233996,30.31551804709205,5.6034150945211945,7.772813849457679,74.74674933555434,67.01011781879782,81.02003464234828,69.68991204266511,-32.73056593778117,-35.01472741675023,-43.1294626757674,-44.84238843550884,-10.800319658267643,-5.886773143946563,29.9477672507192,19.3920808343285,9.03544634712522,7.890299924009703,-28.23689037077175,-10.089330230060146,4.331444026334873
Delaware,-2.7379593901277333,-10.248600461147118,-14.167471691588885,-13.290525309799673,-10.527573641938053,1.7930926164728165,2.0855183918917546,2.809338009823218,5.499956116409933,5.841258111633704,17.00026925105434,18.65542583214293,22.382728230142266,19.47537635547284,10.622401645085311,8.78760970727114,4.15135561370945,-3.199622697737291,-10.808662793291775,-19.601928556203934,-22.24177719787907,-24.289983904953285,-28.33438520762732,1.1197776395699472,5.716000572813664,5.121364153356053,56.17170293651422,-4.3187921665379045,-12.969736856797907,-3.5778557098372707,-73.78537454991981,-63.72471971775845,-60.56945540468629,-59.09773073068638,18.31762671486664,38.87929878235848,55.92429667841772,101.34772171959283,197.20381877825756,145.98009016005778,127.3077047424058,60.512591328983135,14.074032685870597,8.065689385353224,6.459697032348259,13.919886740496029,4.091108021934073,5.605484434116462,-1.264139761081564,-17.614324064322705,-6.142346649606359,-0.8723692975546997,7.519835804574779,20.487617695261296,-32.55382653049733,-55.05231299151042,-61.57440847251896,-62.07117148880544,-32.2687488688093,2.8888828138344347,47.799426039261114,80.9750759310032,98.83475186702208,84.19668008205447,32.48648537439575,16.468323745632226,-12.324961332882912,-6.40747429086662,8.545797846339658,7.698293847121929,16.90898743422647,7.627649637673141,-3.726667802127701,-10.703805329297825,-12.116992072705314,-13.896961770872341,-2.3590973868800083,-2.826206924648827,43.2938187167724
District of Columbia,0.5769701237982455,-5.941505358759169,-13.32170125229856,-18.706573999112695,-11.9043627762682,-2.8966424715259076,-8.313763229395011,-0.2873980535800441,5.497793568545166,39.57082099085984,31.59723037048306,26.806168763218984,14.535682400327667,-25.07746218794948,13.3144958456019,17.538254295166873,31.033334639180772,50.448202374013206,-0.6295777204295392,-7.930348520899447,-27.382184645840486,0.8652523483826008,27.84614101263162,24.95185284616919,31.61393606539856,-35.17348458552449,-58.37539065373195,-54.433701332384096,-47.71841703631426,-20.982227667026716,10.621043330066266,10.030452980762407,4.0072845371830645,-0.4191597851631002,13.473761117385196,12.877475302867088,24.418834654599998,37.1585443505345,19.717289642304543,24.462293549211996,16.15212208779585,16.876136078745432,18.15987631203179,6.793318207944199,12.149721652723716,5.43703077694305,33.38793527603747,61.96898834946071,58.351068732559305,61.14673376407277,32.83128719572232,15.1579726614887,11.439832752478953,1.0510445626471887,-13.113492614502514,-20.917984973276802,-22.93660811974801,-17.039591517515202,-7.687191999322172,-1.9391809688804083,-3.8987209638835187,-8.32858551990054,0.6853151140124681,7.575832260735052,13.078564065090678,27.704751337007906,17.754151292421966,18.521005117103517,21.440064949224112,11.97926874244414,5.4252269861929525,-1.9197745299537698,-8.157237119639465,-13.47139750495678,-10.392795167327964,-8.931496762844194,-4.0719762767363505,3.293326633613549,11.650987519219903
Florida,-2.0341257124567997,-2.275594308931568,3.6910325939791147,3.529788905985383,-0.4574046414100549,16.559189831597394,20.659425341875785,22.505728249895153,22.414917293080798,10.673991063203681,0.10890143227371442,-0.9784494617746634,0.1416890719032356,-5.6653263902249655,-4.299515981395625,-5.510225851626655,-8.24458225320012,-4.380680961162393,-7.348577052218092,-3.752727612252965,4.16947624506625,9.353153492884756,30.059905467740133,28.427238288440925,14.411392284179039,10.206690478596364,-24.46473632121057,-28.004914211734317,-14.827612702172999,-16.80595936557687,-1.3920074860899438,11.428032534324798,-3.7885610025852916,3.9806628274924054,14.878852855701203,7.241091098037676,7.12068388101144,5.838207655772229,16.83366024768947,24.509552022441603,38.17318966934786,42.14529293006369,33.50993469211799,23.250831002474673,18.52739461338501,9.044839638686236,-0.9226758693824724,-5.472476727611028,-10.293086662674696,-11.546375299081085,-12.737541235117769,-9.535700285776633,-13.185426970143386,-16.660757391144493,-18.015312496654982,-19.693389657714597,-18.480158161682812,-13.197537921232472,-3.3228069075862128,-1.8199346794191833,3.6957972138685653,5.47054898285892,2.050512345624174,2.722143239258348,-0.6449292507552331,1.795895277494561,4.206559272063873,5.008137871783187,14.238775407685031,9.6509347778062,1.8605012708750275,1.0844428434831237,-8.82685328556321,-9.944867502977365,-3.026917847334916,-1.856574166699465,5.237706004151947,10.244094522503143,8.776236855200366
Georgia,20.930353659923963,10.831798137790095,7.213478840406563,8.773061799730455,1.0853765484295101,0.34080455053414443,-1.5934083349994335,-3.8881431760717353,2.469901577252727,-1.54821255726306,-0.08926231496336558,4.255029712832039,-3.99392579820906,3.950889710788047,5.431588992855327,-3.958076609776695,6.940020886945045,-8.370645811960188,-12.72672913607541,-12.326900594720772,-18.710221634292328,-5.352288123378751,-6.049834283298751,-18.378241742407486,-22.01833321365121,-22.461130079175486,-19.44086322768889,-3.5245680377024016,-4.108165348545983,-6.002407221942585,-16.646406727776597,-18.04200618922266,-16.121910166018484,-10.99524085932634,-3.8934345880830707,7.738077249845146,29.00782251040777,18.13151301163765,45.48904468381877,41.17954203251223,30.56931454817348,44.69394493546291,20.42255772069446,7.523093417691825,7.199944281681571,-0.4262645509281287,11.393860544969696,22.269584563650458,15.381623888601348,11.355294246461316,-10.563715977344339,-17.128658884674913,-22.97078960343264,-27.913546952474878,-27.268768961268393,-27.17284753599426,-29.155685374095174,-17.323359584440844,-2.357103350130912,-7.920717806243366,10.52789325063262,12.475132301696565,-3.7628503866503222,0.7202441805290262,-10.959852435140576,-28.567281749857564,-14.989056710929164,0.3446500473295149,4.28503738705589,30.652874158899657,33.17260328420431,20.967849196968746,31.184534043390798,26.516867634468394,16.611957428400263,14.266994875628072,6.669745112414985,4.671924461969283,5.191469902524308
Hawaii,-3.0241183156487184,4.146907404353955,34.705306121105686,21.38898090735438,11.422605779145455,8.945489298958988,1.8665876885784711,12.056200508939392,9.893918904868237,-3.4276021873921447,-10.282566558628305,-4.4078139970504155,-8.52543117499245,-6.147302314364154,-17.5618489355948,-29.505565801679918,-19.94061448550841,-1.0243418948140568,39.792191279110455,36.698844674291706,25.63852787982494,7.820329868402902,-21.380843250684883,-12.9545355715144,-29.396534748881813,-22.436970520747863,-16.146551724399885,-26.878026105422602,33.36939957698217,-68.71273067671567,-41.552987943851605,-61.5036388284889,-93.03401477303498,180.29428074963275,81.00144608016842,340.94324466046555,1759.147825008252,138.27453716970038,111.26544836933721,111.5955455362472,78.32998280424049,8.053449002784467,13.629023516866823,-46.205448340082214,-39.82457515321606,-19.460790631803548,-33.29109715689803,6.62343898559573,-9.730465081614105,-9.739566877989288,-0.6927950287132579,-4.555454976726389,3.437385758956244,-10.165494004629613,-26.188392363687434,-47.16727214893875,-55.96764949857178,-37.971564696822746,0.7489075549359734,20.728162358120073,79.77586335463846,5.184872910952032,-17.4990225903133,6.691945718424243,-53.88878128424037,15.566068082678095,16.368709120474495,12.807054443689712,187.5446907871929,24.95392868696683,51.89303515188376,57.596738378014514,40.157548392278905,62.46918373385917,13.138151338231019,-18.718029981711094,-38.488048259293954,-34.16548497575071,-49.274026679258405
Idaho,30.40353855822951,39.908633960826094,25.900629010333176,21.004357367177384,-23.790902301445588,-35.126927382973626,-32.527956065279334,-31.219809330760935,-5.3774951053093,2.1178090254346214,-5.708564975915992,-12.67909550783102,-21.979832821194226,-18.375453238916524,-20.159216518584255,-10.069397658378199,12.577057777859025,9.027705318409676,26.514591791949538,17.20116114434022,32.12352659226695,35.61433828027107,10.200163587138258,31.33502991799313,-10.115620251053278,-11.563629570528285,0.31372472262508605,-24.82285439514166,-30.16831142870914,-42.99163986497339,-37.32015993637903,-30.361996093950378,-14.74442970437631,15.354440614635328,-19.995961529354325,-7.848988147818385,3.8131471608018037,3.7679530813497757,79.74557932913459,69.81238748927787,70.11972442899003,59.69323924643075,35.21218412591122,32.79309988788008,13.078117987470478,3.1441089483854427,-7.547975121618331,-14.361233344946086,-7.766813774600376,-3.9516396736744723,-2.6962950210267254,0.5615902110558559,-4.918566579124281,-7.115789156260889,-25.998241389955894,-32.38440593676,-35.07484541041637,-36.999607060516524,-31.578954251343454,-17.173813883742973,-6.669082683631772,22.928869629087544,69.38040987856516,61.6918224114421,63.61051723658687,26.86575081103411,8.330947973939978,2.790270778032258,-4.605375062335496,-0.15524480020878795,4.088671384637971,10.495331855187478,14.096246500269896,7.733724067116357,-6.5076031706006034,-10.142642877428436,-8.6649854259241,5.335452352264245,-3.6781987184828417
Illinois,12.458418354532279,8.574519416795647,6.450542878385292,6.808670103529785,6.961646651568046,7.449603710791794,8.38713306145511,7.959680346814912,7.832296719963145,7.550258157179283,6.85529954713235,5.295259770983398,3.93492490044115,1.804928886257671,-1.7847740733061142,3.3282526241237647,10.72876480151015,26.063318719335378,26.516821060915063,17.852269185145452,7.667868503648561,-13.926979542524313,-16.07184004681978,-20.59414507258211,-22.88875158433032,-24.836744066288695,-38.602229715520735,-34.407817203996736,-34.52736165962947,-26.483013369397902,-8.581214938104948,-10.669112229404249,5.1383344260558825,10.633712758508603,15.020599189213431,26.584316652811847,9.879082409690755,12.63380891477626,25.768715599166686,24.37791527925711,34.67040546268129,26.658549379276515,17.29209544829834,16.391787568325928,12.806163378118043,16.33647043399161,19.1426929568466,13.121053977518537,12.40534711514782,10.28903290986474,2.1422232184658974,1.722487027625776,-3.4727562126422864,-9.97480194444696,-4.283073963247341,-4.563992325064162,2.453920957411317,10.346288665662808,-11.66422945446451,-8.683416229521256,3.225705266251426,-2.611773047695983,19.483619816954153,22.157757297862414,-6.06397103848321,3.055882954368005,3.601081553841565,2.922862877341495,22.833009267885434,21.344753764892584,25.679496376922632,24.195199541491803,17.689850141762275,14.01454145497073,-2.022808475412474,-6.1594804966852665,-10.82678472218119,-13.031369707836966,-9.227017882174367
Indiana,27.444502548533638,29.847342025120128,17.56317269001826,21.988743703436512,26.901816061423418,47.104799653584685,59.386227744831935,43.687707649028376,58.077141197460136,26.37239378357716,32.00577848208594,31.581458636442484,28.737332106491387,1.963176754646578,-14.075541841705805,-7.02991123417453,-18.57349369681102,1.4932932954702396,-1.6240203136749116,-10.87078429655359,-6.757243147213288,-9.480057169342048,-15.923810840585977,-16.2015283456095,-17.356829597253412,-17.592089903740785,-18.585413720339304,-23.61506500775446,-24.352329053121387,-20.5925932370638,0.4212349242730297,6.645307740146773,8.72285436152232,11.458020727626339,-13.491693676590636,-5.532452915480963,13.320676619960182,-2.3087564816183312,24.278934551730856,25.875854411466047,9.397873726465107,29.785914414456716,21.772121298035778,14.005173647984565,1.566105859695345,0.9176056547780228,-8.116619786688391,-7.818825251150363,-1.5149718879942553,-11.118314320257602,-10.87655578950162,-15.518901022698245,-9.388115225647493,-6.88101479251946,-8.943768374176132,-15.403998261819362,-25.4578240413378,-26.685842994375335,-29.481586290179283,-16.765722299320633,-7.795399698573896,4.685504817007568,17.687428593764697,20.131900918760017,28.857132187872224,17.423320285985568,30.01190473792743,22.434103246567403,9.47197805943238,5.828184222830216,-19.378126570758713,-21.73715291075361,-20.25137007081688,-7.541420772434582,8.60307677904547,8.026322222848531,6.56100147625695,0.7786225469649837,6.093767959214307
Iowa,-3.1560827462148313,-8.650700511815776,-10.696918123721725,-5.546106135865629,-7.120524345779683,-7.197703205172045,5.864147386844451,16.839180526225604,4.388083466722865,9.875247059410672,-12.75147296709738,-30.55611440126271,-3.5015801513142293,6.052740338396442,17.704156414769532,32.901533107839064,14.4292240813893,-10.340716522163362,-11.67234094495886,-15.929855911497114,-24.845032415000535,-16.888022271352813,-24.655769458074605,-15.751627650024236,-2.023349430315975,-30.40517530347944,-48.04303481106079,-57.7000531525,-55.2650673265976,-4.1621575941147375,56.89125445637544,51.254798729554054,-11.723612156923576,-35.911829373468684,-38.23606410280021,-5.544972905397399,105.4929261912571,84.81343469005417,94.65644144065047,58.88612031965141,11.862423122574604,13.404219336755713,27.778276731772145,29.18327480282227,37.14947352637633,55.46171809836624,19.148734878558574,12.352636651068858,10.286640403314447,3.6644402899455315,11.712685648661928,16.575443899623306,-6.4085205969816945,-13.374735216392756,-28.800222584425384,-44.09200560046534,-26.825841659127043,-26.993957625766352,-23.511381400070892,11.212794443268582,0.8857045213380851,-2.2041106970679745,30.28511432280881,12.071396914938703,37.84276414615863,62.140574716289684,50.52883706963976,51.25771172526501,36.09133928203014,14.525982333400128,-1.7314948595175688,0.25088512635393706,-19.35764441281442,-6.817934568011744,-2.9663468182569837,-1.2987682270998846,19.933496094269998,9.568739314394664,17.10260016633741
Kansas,4.141006694050203,10.81056093222726,-4.8224909142557495,-2.002082792347393,-3.5951422134571303,-2.2018662698374785,11.057366972772156,10.27019634533201,22.295848359835723,20.238979996947993,3.065045621894243,-7.685819595467271,-30.675803585487433,-27.218832925105694,-18.288297110502686,-7.635426594299808,15.334051366987229,-0.2576191460086963,4.4318953471912375,-3.511329429087897,-12.03913283344327,-0.559963814732099,-16.399894117986786,-18.77539352391844,-34.06879163251703,-42.543552636288176,-49.34969851856528,-56.48159772767646,-33.729764246958446,-15.123828719690238,0.4459761942010066,34.788156485005864,45.45144941545904,24.63065996739613,30.104053390890346,28.015079691564885,3.481983712022687,13.227117120821868,44.78361858583448,46.72491871234256,62.104564752952264,57.35081075133982,47.891683708421276,48.981948040235274,42.856186741646674,36.547687879087434,35.00674901724107,26.466467721021374,17.086773820982483,25.74999812517655,-3.421282550009922,-13.030858812327537,-12.79654279049201,-23.998520245713433,-30.501808560716192,-27.91715415627104,-29.555416441358854,-23.568800976384495,-6.047304484817538,-2.459669355995552,-8.68331853867543,-16.134146395625358,-25.67417607397972,-26.41956039673933,-25.654990366659764,-15.393803534343476,12.99685137185283,33.39265559003587,61.65413904893955,47.81238097556225,39.35962060255401,13.350705480814348,-0.6707276115892882,11.715787107439745,-5.666791166359472,2.8484345026169415,7.0721867195258605,-1.21176974208541,8.56614344431041
Kentucky,-3.29534078456969,-9.203221647867027,-18.364048637977525,-18.80016765805152,-16.699365681152887,-13.048610232521938,-0.36482851677083633,7.937183802285448,19.032216251818756,20.04608576545259,12.06641172555179,1.6569633982601715,-0.6591152821893537,3.3494388020436654,5.551584117802678,10.434119522149816,3.486018902376787,-8.643616107343876,-16.87015197314072,-6.754583575329405,-7.2414941130178585,-0.11809058556095861,14.075702450213576,0.5082840678660052,2.713021549770568,-13.95476000178539,-18.13283996233021,-23.51568094523592,-19.383133159932058,1.3740850202754138,-12.5425676121588,-6.87854875277,-15.697026410455091,-8.835559423358855,9.90466329638048,23.909030351133662,39.74698357724081,23.99095897617854,51.3512605880597,58.89380505414672,79.00983269729373,95.41757950723576,103.8228640082249,89.68231611045587,61.08103344562852,45.46637135098882,-3.531625057808776,-19.71840439543787,-31.894683365459926,-38.34041032344657,-47.827839771518256,-52.22015221391976,-46.78838324044298,-41.19865171561931,-28.2170309849208,-15.418068333014359,-17.241484107486237,-17.95850552553471,-2.01983479094452,9.85155484276201,21.14807341884769,26.001027003589925,31.2664937724352,26.151462119595138,25.587182315798394,21.530721204071874,8.515689802636341,7.002759499738969,4.6491659346637775,10.092224504879404,10.550993870677571,13.490391351247355,8.869772168696786,2.481054845008198,2.4845300340892713,-9.566400009061436,-5.644953204285356,-0.07283244354865887,10.658986704985066
Louisiana,21.27124082058899,21.853495285655768,8.447076517781573,9.763919392140005,16.40499026106937,10.702341877977165,18.096491554685247,7.691469773984645,3.080866651178982,8.40936029796116,-7.812286109051233,-11.534453858075638,-10.8377314720596,-13.712985674616093,-22.845360879504867,-19.39677239330795,-29.478995666791313,-34.90912432110479,-24.82250809200165,-17.788153552983864,15.236990322966177,25.672040127073785,24.05431305464226,8.3847115561135,11.335903511535383,10.721210338218732,-7.223636756445153,-5.527225875843059,-48.36954425818824,-47.6993984353757,-27.584529938694708,-19.62089128669677,25.634631530349438,18.233011556506096,14.750810207570586,30.305754033578967,34.19154619439246,35.766081314537104,55.742685003008695,36.40434208772814,36.411155518658575,63.67815304058014,35.24066268145924,55.98604161947485,43.974929682407236,28.621889116682986,33.75972555012635,9.46541710280442,10.736268664729332,3.279668571238789,2.7759682926637486,-3.7522236993139035,-5.549761635317172,0.39090772066835316,-24.33425932034794,-17.728919745123427,-3.817884698812076,-17.02774428876222,-26.324381565696402,-35.60683491953162,-79.97394451019007,-84.26706138692903,-41.50094224767492,-38.8162323948658,38.33336823676382,101.44558430597603,-16.238331019299903,14.86403669145101,43.02982132911989,57.82209732502257,25.560771500654006,-14.139902620546327,44.40674036204921,64.05098609730689,60.2259032453104,102.34619352964629,8.458466911020137,-40.473742691886414,-20.751243296958137
Maine,-26.169877464041875,-14.974892073251949,0.29206600770651564,39.564645224629,18.041117012432746,3.237918937311675,34.79071315787446,17.746043633553697,12.76745725031539,21.431588499419878,7.33035724569755,-12.913685831818816,0.4949447564273139,-5.387376817734446,30.279899931128266,61.87825754169701,69.1366361259026,74.84571111043387,3.0492659574359897,-12.931529231632169,-35.0132720307197,-42.72881523154797,-37.137546352789805,-33.89707931084571,-25.501640720549556,-25.481965272910166,-22.001742547861088,-14.288383119442546,-11.591388696833823,3.0355550548435275,16.94984438226161,11.055393977353951,21.141865140902325,19.88888096028899,18.93712936721442,31.53404253330455,23.84756488038247,19.557823986331947,17.963508275937766,12.377906991814227,27.265223374304487,33.50144619911967,33.92606450211722,32.807665633333635,-0.12822267880327853,-5.172519947422116,-18.542444818103917,-25.141920603638386,-7.206933710068676,-6.971897143638239,12.760116628053938,13.49718326653589,3.8375786953686464,-4.873260036124907,-23.07448135311702,-19.098061840513893,-14.394521158998147,5.026011592886884,20.46084192511049,21.501924603735425,30.6154825616538,14.553697778306834,16.994628585281703,18.637664593546774,6.628767371454469,7.976438018679427,7.905297506075236,-3.1946409497002572,-13.124668462159883,-20.754922334275186,-27.113554587085233,-20.35857268453777,-8.6042611312984,-0.2874336714449789,4.69204548885194,5.641968080434775,-0.600050888173054,-5.277599948266146,-8.279506732605086
Maryland,30.66122730105114,23.168537260303033,-16.155100322682813,-30.04339908986332,-32.218905721980164,-34.705895959195814,0.7308158923822871,26.983071272810317,7.529760898537187,7.8558705992136515,8.232573819216174,-5.056392229414668,22.8537505803164,29.112917609492982,5.023957779995108,3.526339277642656,-15.555049632079648,-12.341152998815012,3.080092568615537,9.867128616426807,61.96855777913422,59.59974341442077,13.292766849513098,8.224099875986022,-47.81314919013198,-53.775319578684886,-30.168998538739118,-22.756276843845708,23.697469311712783,24.7279562893914,3.3866875651975215,-8.30861082838812,-13.487284688446202,10.230986287042676,15.433949838203231,51.540308885644514,111.6032927871617,85.2169236664346,90.07220188716467,48.173380478646465,-1.2277212412214917,3.401347660015033,-6.485066021344613,-5.188260042148531,-1.7430258621086592,-13.717665531409928,-10.255832758998501,-14.980056752318935,-17.815539043692358,-9.109863779745469,-9.520123805772087,3.966144893966887,22.519048971760107,8.702756328925839,0.8810676843608374,-17.075323476596026,1.1174806700912692,8.580207128524982,17.9822212244889,35.71663170358168,-17.97429616765764,-15.985721275657799,-15.032761042809053,-18.287154887467626,8.480963352192354,10.38719607238974,10.650251044919537,23.80465843523886,16.271062875615623,9.788708634545268,6.389773183042813,-7.427121201233719,-6.6896834821320805,-4.007631385798356,1.3854426364163352,3.882811313392567,8.937252054918511,9.860073810449133,1.6399411377632196
Massachusetts,15.301976514656419,15.089749543841153,9.964410346312516,-3.858492127963517,1.2737839624085816,-2.8333995041387348,-3.819057688791922,-1.128885631704399,-3.0447481647838806,12.30907769073159,9.737975887959783,16.07368138067877,12.599113341287532,-5.760850581395059,-4.02068406424704,-12.136396236117482,-8.89578549968928,-1.9129634608686292,-4.0583626324588495,-2.7630719093739646,-4.696002813091439,-7.733549077045662,-10.370970221679343,-11.245422239451088,-26.195555536942745,-31.084343797070446,-34.183601817250405,-26.83756765197478,1.2582281207184343,27.161595309907803,42.8306048208029,34.224609009181975,17.016666379785978,-1.6363026706289812,7.4638667044889155,4.637169533692099,3.6420642558338012,11.828622855076286,-0.5021609297065952,0.2338724171136806,25.165170780966456,26.167754764908334,34.42493121892001,44.519896616957205,10.345059907043405,13.025986959649655,10.445264006935057,4.638012579727687,6.592168406590012,4.334843862176828,-0.25423353896513623,-1.9091428824329928,0.7444446686060856,-15.819468333242408,-18.798141627894047,-22.428358425581017,-16.406783575042006,-6.977234263389967,1.2972744310253563,9.868505908433667,3.1022840406081373,5.2299207116941675,3.220008473881259,2.4269561425229664,-4.026745592925554,-5.5629527841627615,0.5732962662095417,-4.377454181231277,2.945239752441871,7.614147257247496,-7.1262977300333095,-1.0983267392216558,-1.7594310203916257,5.41011003368042,14.472499020702475,8.973453222130892,7.569841258470309,-7.368367472726295,-2.461780837218158
Michigan,-2.7441594650544823,0.20813354687690688,-5.263547912901805,-4.44074482594092,6.138181596151754,2.9607023592189687,19.2847794554145,17.931697300643844,1.006548597730632,2.260518442790071,-4.689848215525403,-2.814164364415099,3.906038115115141,2.8296516994715883,1.9252109859570026,-0.08417568773046503,-4.691658909578816,-2.374087706620927,-5.6977082145958295,-4.683282370153368,-2.522629548424776,-7.737223859070992,-8.028164075352613,-14.230358369831949,-13.017331030548704,-14.061456765072212,-11.715271166873116,-2.45398068119283,-1.937790163203482,-0.3964202910410576,-4.130061097034773,-12.66740388158708,-14.561845737504564,-13.225212664039576,-12.93837661864113,-2.4880393104578924,-4.166816616459242,-2.1128559806216645,-9.434625882858166,0.039529146213700635,4.394851233167657,-14.704907103035621,15.166352907259025,-4.762802843807312,-10.09589912573362,12.392307454690881,-9.11219726546597,-7.448572607569693,-6.031172302344937,-6.7893802931735,-12.739243740719125,-37.70847451498891,-48.3618914162368,-53.34202280557354,-57.7627341284372,-39.222373384930684,-25.50094595236212,-15.529129118848642,-2.004265135378665,-11.43024936675033,-16.937809269315455,-7.680233749738627,1.5023487520627186,11.938326726364513,36.605839134314635,13.92409666512506,12.784385929381937,8.13546909432921,2.120096203333279,11.097469073005925,5.958604802053619,9.756566154948354,-3.8988082317349266,-2.3915117447315137,-5.412634626224133,-3.178485021135777,5.370959453308552,-2.7355119493364914,16.414354190087046
Minnesota,1.6547968961748305,1.7644090034663193,2.680382808260974,5.8928007548013355,3.0173782786892556,-1.4159104875611708,-3.1884921207102694,-2.882550677184271,4.492088593568928,9.295612300601814,1.8338389044273402,3.392596897074543,2.9591055898728067,-7.218954763035413,5.5972278540619325,4.396551596533282,-3.171403428025468,9.569570272781226,0.18306078451693808,4.932308981798266,2.484775849116036,-8.218352554621632,-11.739436466633592,-24.803675967202363,-28.21372070958069,-26.675957835797682,-28.500760163810767,-17.440533923478053,-12.492739048595185,-5.443977202974997,8.763471252526324,3.3008386900325966,16.910176363229162,10.37571979413422,5.1950421585491835,16.88204248616502,16.364531716243782,31.542743257496024,42.28727746725017,39.74152865124251,29.610760451885838,21.160321447513027,10.564297492032475,4.567791951506782,11.656901262541819,8.480171171654327,7.764433052451299,3.029002940152623,-9.948931905176709,-19.524764892446075,-15.243775995319586,-16.29233460241667,-24.46703220718814,-19.019103808897363,-26.340637096733353,-27.50927939764211,-15.796290864039705,-13.317893546368738,-8.260468749282683,7.450222966749117,23.829269405468324,33.02483764186566,36.452651274921514,20.12398895000262,5.601558233923547,-1.98904588221493,3.1584532390417217,8.449327252251686,13.599654416348539,16.36329181315765,12.873267640709612,11.750331419994911,12.010352463535575,13.971708225134302,6.708133330309324,8.258994672011706,5.922729874315824,4.370122534383065,10.730947124667647
Mississippi,20.583869009332155,39.40807109465768,23.516101492627467,27.473141433502363,26.173852104331097,7.187974645823292,17.847416822133955,5.124003459537413,2.0859156575415936,10.707332150130597,-23.754030897480387,-20.134794206135066,-20.465607520901063,-31.683518915004367,11.851674668420658,-2.563292748493843,-1.6151707933261255,19.33434987963431,-9.626923730559906,20.81701803039582,22.516550937200964,12.05223772280431,14.19084934474342,-5.932196865976131,-26.92723553014289,-47.181632780491505,-28.02406380380512,-16.329392710578823,9.735407839869982,55.343785026294256,7.145230906757708,-11.220248355747078,3.30733975883215,-14.455338194735813,-2.447002602815322,12.10450129095145,-4.84273095993421,12.124671859847606,13.023474372422541,-1.1590932191450192,-12.458588479980191,1.7163488421016906,7.272082099616313,22.450293090374064,40.85497696241079,20.26985089555131,13.557584147450175,10.717428960522154,4.255658025768776,4.317748397541082,0.3193657667350582,-6.658048329460901,-5.065510279774381,-11.796498103041591,-16.253407493393336,-16.04362620684909,-16.857799292324852,-9.506950599645974,-3.9059297665593338,1.9953174808189118,1.7620637195240092,4.113879874491642,7.513793154079473,5.2809346179421,8.4305157052134,13.203908742239845,10.692242896392461,10.24393200048546,8.857646133590377,-8.41928108576692,3.5340834530183414,13.753782857288051,24.22540996919837,43.17561485398764,24.873662387691876,13.862953570283496,-0.7634944951488755,-3.259623105837226,0.9429271886294431
Missouri,21.658916514032374,27.067850789011644,15.608842996807496,9.537886775966484,2.0352565944152614,-3.7591952766690535,-6.07543870253649,-8.832235887275939,-4.774747981623655,-6.777273782488819,-14.640303975412184,-22.55501099194198,-24.287212699784256,-21.42800729574891,-7.394005076080071,-3.104332668904056,-8.940188008332346,-13.87853469174897,-23.420840631944163,-9.72091889929326,-11.19737075217517,-3.9900699433045297,-8.588855908296415,-23.378137248004954,-5.260231470934368,5.666587128875813,17.93385207717499,26.962568849788603,3.435950893275409,-16.720255837024077,-33.258545654188346,-27.605355733178854,-37.50327014031729,-31.265773340042113,6.88947684571741,-4.957588078463559,28.613103613570345,24.930190958186948,-5.83190653309089,12.624842174768727,0.014334690058845145,8.378597837531569,51.65664824747588,45.53993227147611,53.471564876230374,43.43297934241323,10.502794578930146,-4.15599510650551,-1.9098545635043798,0.7270495294219884,-5.052106703132546,-1.5622239303273515,-15.20500298890289,-18.790424793218058,-28.177675729228284,-30.01087185400938,-20.033786383004987,-40.74395100284761,-26.3799022057643,-19.16705157380138,-28.936750743771388,39.65205989002795,52.01645139508457,34.26428887653156,59.778551768502396,-0.39692210873873657,-9.172238171550092,2.8869131714798506,5.221859994306817,30.926451124879623,23.523831267453655,22.921818719456017,11.447892968783863,-0.8693003266943321,-6.842035417978434,-9.474945926036026,1.7865499129402809,3.0149710579116675,18.56764060398714
Montana,-18.93844708627667,-9.836289620664429,6.899194261352397,10.138478967734024,36.02698606866815,23.05302404793039,3.86730190720349,7.899839353632733,-4.588634022841501,1.5343697432618724,10.36922062832699,6.566557454033714,9.2844056277878,6.657640202235704,-1.8198398889206786,-1.9783928141029652,-2.148455027787825,-2.3126921658028614,-1.8396715830028494,-4.182655165574442,-3.2613914839469773,6.132511301645671,9.250014315519433,10.904293373363204,1.4608323828416203,-9.373029411821237,-35.58639463743484,-38.71971698995143,-34.58070495189883,-42.91049829547141,-38.03962185783668,-35.8877751316254,-27.184141893280305,-0.44323380585944167,54.28474576710526,74.342409233069,59.63130996525257,34.40125518420999,39.74289055234991,36.67675282950838,60.483940319172326,60.39076554922108,51.32713664143766,54.68513253627606,35.3164959785028,42.36639487727789,13.56331859317008,1.8639278400799326,-10.836326544005225,-17.575531951648962,-12.939417672561188,-9.975123477041704,6.678893725924427,11.878809953127796,0.7480146718585226,-17.247783725383297,-41.880399382051735,-42.58408172134213,-44.165712219922845,-26.154661591741114,-2.590243641967314,3.0459661274292724,30.14580889993778,26.160634556432267,40.46243235007566,22.55924727602934,3.9434790135930258,-0.49749137072302735,-6.54089244676764,16.587468315820736,27.48907899308585,17.41252594741208,2.154089970632816,-14.574150682306172,-13.851858738191556,-6.697575518363676,16.092804843877207,24.84835618779942,23.993868789543654
Nebraska,4.101499143355391,4.839505106840846,-1.1200085008697533,5.036413047667746,9.105280654084957,5.709218078312037,5.877299997834503,-0.30242579396454633,-0.201008465325857,5.1941633494320385,6.848961482351114,4.206489247400491,1.319768228949505,-5.602944598192745,-10.971499211731775,-7.353601675265439,-11.58784344837443,-5.999921153292347,-0.03559354798406057,-0.38993580607044204,10.84603321484507,5.334589951062693,-3.864777788433407,-11.891540279605833,-21.093656532094617,-26.93549250782506,-23.86070248259721,-21.50940860730967,-24.255297494929597,-4.676834273303634,0.44787900315712986,14.797687589364713,48.07729336408813,31.986563007220674,49.427160985525,45.01128511984157,30.515916899543377,33.60406559642583,14.569000118870939,17.529540805369688,23.72401470542049,20.459168448443158,28.031644557111075,19.355975760770466,-8.307978535882123,-9.989755367230638,-21.128381846250992,-23.33836986009568,-4.35712407446269,-2.2509497656147257,5.5907016673328105,4.138862583007815,-2.0770683336202915,-12.57890174488593,-16.22713592500841,-21.57238317119129,-31.963322683881245,-20.202142505149062,-22.421834772235638,-22.676717786291682,-10.526940105603911,-17.726191898626258,-8.619332845091066,20.050519549927,31.915758179705804,44.95469041672537,57.230551023054275,32.34826448057755,32.64372902974764,23.818728537188626,16.080555619185795,22.860727316967026,8.399449434648233,12.91928923024656,9.122946932145135,9.428660604480072,18.673215004322472,13.562682190711856,11.725779581061861
Nevada,N/A,N/A,N/A,N/A,N/A,N/A,N/A,N/A,N/A,N/A,N/A,N/A,N/A,N/A,N/A,N/A,N/A,N/A,N/A,N/A,N/A,N/A,N/A,N/A,N/A,N/A,N/A,N/A,N/A,N/A,N/A,N/A,N/A,N/A,N/A,N/A,N/A,N/A,N/A,N/A,N/A,N/A,N/A,N/A,N/A,N/A,N/A,N/A,N/A,N/A,N/A,N/A,N/A,N/A,N/A,N/A,N/A,N/A,N/A,N/A,N/A,N/A,N/A,N/A,N/A,N/A,N/A,N/A,N/A,N/A,N/A,N/A,N/A,N/A,N/A,N/A,N/A,N/A,N/A
New Hampshire,12.360423826149967,13.67820709505613,4.902019423255823,4.019695608473355,5.70414312297369,13.799371422226766,-9.043176373225116,-4.623962790789402,-1.813344764487839,-5.893401773144698,38.53207052838009,27.95302372816486,26.94798055185947,24.63499664845166,5.70643762252479,6.531478530942486,6.049956876879236,10.746488064768192,19.80851984184511,28.07989974037853,36.68792293871873,20.929196877821013,9.161773946513293,4.439580453746729,-6.283004789245199,3.7772478405532874,4.6989447451020325,3.171027811918887,7.08422255261467,-1.63015727222653,2.4627655197587415,2.8527113546855944,0.535756901892093,3.5563673301730594,0.7077871457991667,2.0296158287058486,4.917749456760929,10.804220068029961,8.315832789133317,17.665001208057706,21.48831622958582,16.276588789547578,20.777141013798044,6.243777610645164,-0.25949681271610087,4.216313521538312,3.5522034079923963,4.186612543283885,9.197261640217402,1.5535534669001172,-2.2056711527576307,-2.1777585201931116,-13.46723858914675,-15.133306490336293,-20.552057556004684,-18.753662409781665,-12.485805059960905,-9.924385141131657,-0.06932733699628926,6.684678186524624,10.23627403622241,11.33449621697907,1.798063684087679,-9.179361261610856,-12.323565299618162,-9.68730438658085,-2.314366573957117,2.191868977755583,4.954907074040848,3.6394065541691125,4.605405008716866,7.291110565483297,3.585801060664451,2.6653666770272717,-3.513511528172719,-7.348970862603776,-5.693989927837829,-3.7723002654515643,5.358543940235734
New Jersey,1.7281871522512753,-2.7442995490127773,9.009059565371414,9.788816251518504,5.424306423834749,17.951847439180547,5.43486954968556,1.4561282959534507,-0.29363018578794003,-5.7088059954783406,-7.322833235631308,-7.130056704635171,0.49371767541745376,3.772121646049046,11.217704343291285,14.870754378044884,5.285126310974341,-3.4764872350884053,-1.8969162796182684,-1.5292046269724842,-5.727046836630003,3.2024175179523855,-6.7161689295344305,-14.785571397188138,-13.23586794142673,-15.35191457019159,-16.751545463520607,-2.08943225990567,25.58117691806439,32.96143660032832,112.95188654686328,99.22600993737333,64.84929339997448,55.57774479714641,-8.246132803447596,-11.592009986154753,-16.466249355663418,-17.56773356471416,-3.9976885511576055,0.484126224147159,11.931511082780583,16.320257140389014,23.12350207655483,20.210922689103768,8.535642642567067,7.28662469288317,-1.08319768402303,-1.012272099467617,6.7481946797205525,4.04797350680748,-5.788935054759099,-6.860359551297486,-16.8099674603008,-24.713126701687855,-11.256424487335991,-14.358939195030796,-13.615109274932063,3.579925330283111,-19.855157114476107,-17.979098203981184,-9.089834277882758,-17.89965251592083,5.791963346065159,7.298901552018353,-0.0349404788348924,7.00443502785589,-15.14850709411487,-13.05166825054622,-12.419387825930311,-19.094328966659386,16.325332735755307,12.411707744950256,16.6448276992388,29.422032173995206,-10.714745794899112,-5.584468733976864,-2.58705958607676,-7.898777570975622,13.803889483617606
New Mexico,29.17841608433497,45.308107918263325,63.593894383549035,13.775238529996065,5.674495347976185,-6.176948200584989,-16.59106045920896,-2.5543745565625446,0.4136245844590103,9.214066443894126,26.27403340893743,26.557624853653255,23.15163783768572,13.640435035214038,-1.7706381684944164,-4.600747805489715,-3.6804070111939966,-3.593901451022092,-10.44020011797821,-2.587127011548202,-0.5840693248256279,5.80341147787547,10.821464668788847,-11.18605669867127,-18.21481328499966,-33.78463871744095,-35.34406035015689,-5.328446569375782,-4.194000181377349,-18.750338581966584,-9.098310938139267,-33.24764502146043,-26.005247603760246,7.793116498844907,17.614171917468088,12.436817840850118,36.70299105118096,64.63684479691094,46.43794694401077,92.67152982174527,62.82594784509067,42.000919979711846,59.40823188569231,64.20918348749967,54.57013730931036,43.248215999363666,28.70035272465271,2.7818400886756303,-1.757151401756095,-8.35188807124854,-25.646043428913075,-16.99815067748051,-19.662208268111232,-29.769325689968586,-30.112111559478024,-61.44372477111282,-76.12757234042114,-81.46337279644851,-76.79026643052484,-12.400134559685688,118.58801790758338,256.6522883808526,293.8347627064143,75.63606279942688,1.9644519233540763,12.820569309574484,13.683617749673518,17.182785338196084,32.60288435271178,16.922647582175735,-5.478478978728315,-5.795793972846885,4.77127167709857,-10.423899893174042,-23.559424569783243,-16.30056698925553,-23.959295590087287,-5.561835673092981,19.81818438258808
New York,-9.57093866508923,-5.610867653524462,5.224334033025388,1.3356474480246885,1.3806478052029185,8.194871806437215,2.005689879376955,-1.6712916891698915,0.686727962121636,0.7678141276663732,-0.21156800892858466,3.740498209520847,-1.1881047021894293,-9.130914168383418,-7.173503933525606,-9.768953926751731,-8.417499550879578,-6.47624954703265,-2.9209579348959887,5.457426058374659,13.978111766259648,11.690829485473712,6.469184405681908,-11.903372395263572,-28.490737332456284,-30.99408364462965,-37.44152012318539,-26.30847411931284,-18.638625327790766,-9.37324179303271,-2.7948995078779006,-4.885394327566264,-1.7612178429553333,-4.050979167101568,12.523441058994027,16.836720144515176,24.085358811202212,32.23713805896575,38.64234828749708,37.725800256244455,39.018045803121254,39.53482361893669,19.487491066993897,19.48414658000429,32.94652045175854,30.955658594621347,27.1495441420333,25.44727657036151,-5.179165502539558,-10.049885093876977,-13.917710778095415,-17.33517324950324,-5.583666114816663,-14.27699349645245,-4.478538680818104,-7.6090040656547036,-18.27175291730572,-12.375000816708297,-19.628965636929156,-17.99525182079623,-1.7045788636813834,1.3725864822278142,15.882362818334544,16.130507621089958,6.868143184442639,10.029771085835572,-2.574710436505622,4.36844084301432,5.610453406451545,5.946604715613737,13.40968258000049,7.438688978219762,-0.28445014178092953,-2.5884792210691896,1.392875704298657,-0.6566488720611817,2.5818410448778546,3.5187857090774677,-13.670212134440943
North Carolina,8.872041209401239,12.447966989650435,1.04195248673072,-3.5697516058121166,0.052771685343178665,-7.1094787770028205,1.7183967711140058,2.42737541545241,4.904860438741944,8.71622746507515,-2.9074368644021487,2.866829980916298,0.7541371098824028,3.8166424483871015,14.358566974845546,7.724697327430381,10.06904836290332,15.348190564064643,3.200905845880387,-6.056104861600142,-20.946604977305856,-37.531653725876744,-41.689161111050325,-42.29350916271545,-25.60695008652747,-10.520671801378244,-8.966475149863259,13.38710269709637,6.7364838438742805,3.4326861059495775,31.474727182455737,10.615996699429441,0.5718203802946447,5.004764629953227,-9.011674239549668,6.234255437669779,16.52799257103012,22.360336766128093,47.40102541717818,31.833373786273466,35.55208131276362,23.018090190555306,-0.8639451799418845,3.061698610118876,0.2560549956555702,7.955784262831439,16.703097287045114,13.792265160558886,-5.253000743785419,-22.287983342040718,-25.817606422622276,-32.124448905294784,-31.152839425854467,-23.07615908005845,-26.146566401911585,-18.9713968708304,30.191099631894158,35.227033039924336,42.23687352739919,42.93450075826237,-16.30718034920035,-21.182614397731918,-17.540091236234495,-16.063306034683347,-1.3581882022610758,8.146504160409036,8.704393092893984,6.8350213560689514,7.127684449945764,4.310912135415457,3.64055394289943,7.574361012531054,11.73461046587024,10.205001815694894,4.143168000147501,-5.8797417091566775,-6.118127096365698,-7.320888812806567,-2.8295495772567696
North Dakota,20.356159011443857,0.21425223377464506,4.345688243378529,13.24542550168124,1.1219489865006385,7.057002405089979,-1.3087518548617516,-5.06329543125551,-6.128940313968506,-4.589133198176453,-0.4366904225010877,4.816901169203509,28.004538612939907,24.988868911552125,21.63859148177538,5.546311693151512,-17.54666234040819,-14.892699489523675,-19.4388863057464,-15.345411506300147,-27.205830770809364,-30.36616391867711,-22.147486573117746,-23.82789360894588,-7.926406267179541,-0.8808768653278527,-21.850526244226316,-9.591965095295414,-4.74248896217641,-8.44534997893554,9.608757445448155,-11.170519214833915,-4.106041045938293,-5.497893572498148,-10.963110597433753,1.698486093873898,15.386788078088523,11.49203869953177,44.636210954263774,49.19664705624168,40.28949290378346,57.476249139774815,52.037858163805204,62.60066374102009,35.35380828375116,28.836750666345417,11.369081570116059,-3.8127975589821963,13.674598270230112,12.093711371483643,13.270902227477595,24.024687164447602,1.9410445646781131,-3.657074565676182,-20.15110380311645,-36.32274235259754,-43.70112618395304,-41.49776507896001,-32.2165737059291,-9.94828841428671,42.852912335367215,43.219163489765954,75.90420626104192,55.96739865793477,16.847445058766443,22.67133013478258,31.145491678190034,39.56301708498651,40.233246626831395,37.32985461311467,2.60508226873677,0.6005736086872004,9.044178010014443,7.115971125812805,9.799598096323274,8.448078680033035,-13.153834722850277,-16.79282167569836,-25.993386644547613
Ohio,0.4615599239061809,4.460540090934428,19.05832620458094,17.535354328356657,13.545460167520556,10.747333763191465,-15.230901672593333,-13.512815201030504,-16.373383001693654,-10.766484064835725,2.3665739366475305,2.467905040403983,-3.3110682581006974,22.233878862535285,84.92533049353288,82.98786508198755,109.48614976338146,46.84195494123888,-17.836544011241052,-18.614910176218277,-21.616401404946785,-41.78600607646935,-47.62610181544686,-47.0418508662574,-53.40641878888046,-23.11316684722401,13.235518690406808,27.128822351029612,72.3313146730097,36.95409950391263,2.3637896614993665,10.845703374081614,8.790370679555103,10.792841306460407,30.783576688673932,13.696096136855134,1.5445655709674444,13.632373039558814,21.623081756209583,9.438495974838801,-1.3212156458031488,-11.064326775733946,-19.91607082109133,-12.618986618381003,-4.2204214211474005,4.953803947419981,15.139382810199912,-13.659999457770699,-38.26197459697635,-23.330261322929886,-29.211203790888195,-9.531454421450315,8.314299245749023,-34.959048117629806,-46.02558261841547,-49.20338043785776,-45.24230976606899,-68.5088773865401,-73.12705756915177,-70.43349274747922,-58.34725395088506,6.580414100852375,62.528682520966086,54.77479019344897,21.495936651608538,-19.8364266952953,-51.90886932134797,-29.64096597917419,-35.6514546173222,18.87739545969779,120.51862882209909,27.315934883197368,15.64751236935672,-76.97619877415903,-100.08293098630064,-97.8699975830013,-103.61847703508784,-88.72620166210949,-1036.203640712054
Oklahoma,7.680202254727499,2.0133446426997392,-0.23480200907623391,-6.002381445999909,-9.70770645944764,-4.537167729226037,6.28573757632663,8.235391230364659,13.603578752661056,25.509965780846866,16.598023868117878,14.990177390585208,10.400213600340551,0.21879458181376515,-4.383473424446775,-6.729298083896605,-6.867844012505635,-12.082906269618436,-8.757698192326666,-4.5768471790469825,-14.141261971973329,-10.913339510880883,-19.864816748178598,-19.94105129889629,-10.270319982653206,-1.4406223969082166,2.4748893001701315,-8.075640112909024,-14.8112996220649,-45.806630137240866,-40.58660387592299,-37.099349292228844,-31.134063216565277,22.46283095900964,24.04797376122322,34.24508785151932,61.68814428283675,28.83745614231411,40.1297394615122,50.564737465633,29.534532938168233,57.51144112352588,68.9298652278362,65.12585354752795,77.6714822792752,95.06434585015056,59.747436171568445,42.28819690456269,16.28034654604491,-32.684206771142705,-37.97683875076377,-35.79356677221886,-29.954192633272626,-2.531842824865296,-5.852221903751411,-20.67003852354549,-27.291749025980728,-45.24967617845034,-36.843832965023225,-20.686778033685023,-14.84722832015748,40.85097522470677,58.06745969393676,48.40467899882879,63.6678444683522,26.907124460477444,21.71622218230267,35.44458198408327,28.86125642524665,36.84943293983011,29.454934292968865,8.01038939586034,-7.5702678980336975,-19.84279841184978,-33.25935396583138,-31.726148411711446,-27.717213480631735,-16.656569154035946,-2.723297808060622
Oregon,8.79631541142965,3.9333116628741887,-6.62483361495599,-7.283061641942609,0.6649827212323801,5.982876452107801,24.80843332506354,16.59809311339042,-0.6023282940606985,-10.762799306052042,-28.816510468709822,-27.33799751566422,-20.83808353390497,-11.086358996669896,13.916685338491972,22.48076173780933,29.099903562608564,29.514204463784555,14.60909574025738,16.008684248439224,5.695493606151212,5.7291928228044515,-5.430051877048924,-23.025269606876844,-31.524829991090193,-40.69817454251977,-48.17558400387937,-40.32866459160317,-27.935811873153643,-19.858600801488087,12.315609908899129,25.689766330631887,43.73705722493825,44.78522201603076,38.528165585969965,26.431411652639326,-6.879340998895883,-3.790309935856954,-2.1473969192922397,3.936247740208787,40.515486513225206,40.465134918432895,30.8544287475566,23.18653380921077,-4.108780776757193,-12.279725653698542,-10.097269654036339,-13.91427574350144,2.9180952327515213,20.536269368593963,13.542008384385928,10.760690265790947,-5.417669433850978,-31.44885108347556,-46.43622533078198,-48.42900279235024,-47.356038489941085,-30.398988871295856,24.23846378213474,54.281462151356806,86.84084277680432,89.92094933792518,41.82870238419479,22.09140774198978,1.4804007368366023,-8.91890271713783,-10.23791921433754,-6.367478840291536,3.5364633625405166,12.210207841468586,4.184726751881965,6.330013292444036,-6.023641821335475,-15.10683736491062,5.97889559950071,10.313951572867436,26.031737099842573,39.68662163161444,25.128187478168172
Pennsylvania,-0.28646524935583056,-11.831064501987646,-22.72339622268274,-19.984703429705426,-15.604476297313722,-7.049912368696674,4.486169311820222,-0.9049463869447322,-2.3838190496203513,-2.111767489907119,-2.57980971758233,-0.8964642828869416,-0.544866710621152,-7.553967487115807,-8.33878705112382,-5.912356513740788,-3.539969373292251,7.86682194227502,13.510974925644426,10.894670918327991,1.8938300264723706,-5.720142725951931,-20.993978048105884,-24.050465125637423,-20.39992456996111,-21.61089229486243,-15.160549294322392,-11.077039575136682,-6.877843961965397,-2.5110265338961844,-2.885035983732049,-4.247535914912783,-0.08862829043298293,3.081576040921346,20.182802919561514,25.119232441113226,21.787611919654807,19.83623915495659,13.094273461635227,14.714281536830272,14.190856602284793,15.491959777876573,19.60726405889808,16.97082295110732,15.116449718451383,15.868396163355685,5.373549105062342,2.5229739435741223,-1.4260157508743,-3.77319416825166,-7.6293651079505365,-10.088341345704578,-11.474441142007358,-20.280422295361436,-21.583231027297455,-20.275743100314074,-19.334787929032437,-12.37006893733102,-6.081806254809777,-3.203753088215353,4.569490060840805,5.891646250857793,17.19955005242129,16.457194149337873,3.2350465894623697,4.9914149219245525,-9.5341246939717,-9.308971955141182,8.766605700981254,8.852209783073341,18.293891076669187,16.889787101004718,7.074311934037722,7.954605113885024,2.572939557856075,8.514985844264597,8.902748626828188,7.454423813158035,8.439943179932206
Rhode Island,-5.197011208810577,-14.723862742457525,2.9763862866900332,16.960960440432736,15.324509143222626,22.09582900353761,-0.31117610986632666,-12.906234533269537,-5.78551805719285,-9.633607981169648,-22.611288638166936,-19.07317916496643,-26.64734877804949,-30.413332737634178,-1.9855381508491647,-2.0739152165643,2.6836073027602625,22.741683708193708,-5.847531125420855,21.759750893298648,16.924084190595604,7.348377006091722,11.358299298159812,-53.19214160380814,-37.7121464294,-56.62380078801751,-64.86670315560596,1.1017857086862515,-18.587856904722585,52.276881053166605,134.57951395585567,59.0599920957058,63.46091158659625,24.51311299970367,2.1852698198509426,1.8190807130272368,20.35377859624622,44.80646184621283,55.75039815066629,61.11232293192154,30.758889917180753,35.7046293499615,38.53832786813442,34.699534573817594,26.566918374801773,-0.2564618879241374,8.666635814996257,-6.03013384892336,7.949541703613597,11.483549317107757,-22.328471656361575,-13.247588943883827,-19.83133358421053,-34.59503437646328,-25.854432668013967,-31.69937388060508,-28.02497496691487,-3.008867235533279,10.355094150029556,36.29208403495001,26.444658369389845,18.792087950519065,6.033965531738399,-13.77775692843656,-9.973951864137067,-17.07341472281377,0.8522552685554244,10.229181062442608,23.577482324197522,22.34286573345776,4.332466340742058,0.6858646559356061,-25.297310977727527,-16.763844560800198,-5.913351760529081,-8.050102453469869,16.515164324486246,29.918449214296906,26.603498414557357
South Carolina,6.063171491841335,1.8691767669000825,-2.238703800357958,-6.490054297786505,-5.505895391375424,-9.82117532751191,-7.393899514553981,-11.08346597868617,-10.241909198808258,-1.9844903729711605,-12.019373114857697,-8.43453492797837,-11.053765332102355,0.017745331640647448,6.537853353805259,5.932734298046683,23.22634507912354,-6.581526203379901,-4.451204207382233,-17.13184122948451,-28.42225233657136,-14.527809036968673,-18.72074895734369,4.550779331925672,5.869049269560365,-18.423129582623705,11.479353786884152,-8.573125081389046,-22.418644440609196,9.53729906667076,-22.006430047682652,-14.176738138536042,17.551516550689833,14.264131870985306,11.397901185597673,9.145485494409654,5.773778091944721,1.913700013182884,17.666923444146285,33.32688241511155,17.686323317122525,15.875112066485054,27.543062376994353,12.892645867919365,18.314605761584097,20.62438943572516,-4.502409993844079,-7.14371333507439,-1.1372794738868774,-15.749981203498578,-5.406577687507719,-7.471392247702116,-32.02896770145434,-12.386797295684481,-28.19402986992626,-17.009016474589945,-16.316246145371686,-47.534569704672094,-42.95968930610978,-47.56931549090035,-13.096471162466377,43.09097935531132,59.66367720290453,68.94240581555098,41.61792967638196,2.298622713630989,6.379788925123838,22.031981247095906,15.610012893908943,53.714357520851244,66.66575212776588,35.04912020638919,28.55952755574322,12.2053129721414,-8.962409317658521,-2.6906485693771796,-10.78208591686044,-13.209396632985069,14.356261083119861
South Dakota,-12.236353021812167,4.9005526154081736,-7.505166313207429,-12.408365584307706,-5.339704987206045,-14.799023517407694,-5.392030231862041,37.69239849842138,35.558599579474745,47.17820012797841,35.76198054230906,-22.687477544738087,-19.174751165788724,-25.34533009075352,-3.900987539408201,22.59033950055064,24.168182261233888,16.72546644171001,-12.479997232808621,-12.744594235525389,-14.505744464708734,-11.24386128018132,-24.500790835321816,-24.4956661009812,-30.21502761981042,-28.35793948799935,14.736111464573101,15.167211538504805,22.259238781721585,15.957606379464679,2.5537027255130575,4.793764444758125,9.641717308887545,20.666347162264216,6.970713903828083,2.2319563355883707,-0.4895184462972946,-2.936325741032595,1.1721459511611982,7.343140886662115,2.9649762661954426,0.6779948271707081,21.556678466301232,24.48351568761932,39.24039916978704,45.681168999659704,22.775997416376466,8.280244729120081,4.0151358733500215,2.0433093237442534,-13.391187594758907,-5.2751996969680395,-22.39611656714236,-28.72718283773541,-32.25157437919995,-37.39508475109435,-33.52992320288951,-39.676878932248975,-35.99236273982546,-45.370685852691,-54.412320538155335,-52.22564237225081,-52.744661858369,54.130383989632946,118.30638123637931,190.0713721020247,283.55373755180193,0.9649329826211891,-3.8840582011396516,-34.38223440182103,-38.42106674119863,-23.15478099103347,-22.641403101727313,-1.3757951620751268,-33.410385938516185,-23.03779924871204,-28.438225465789486,-88.86754917542778,-80.7944581122374
Tennessee,18.538193322965803,8.303260691760189,5.05819296314725,3.8921717267015863,-2.461143579704791,-5.042361564751111,-12.510937479557228,-5.689921768183372,2.7438463449235853,14.439561317408693,24.565400643262745,9.855870097579613,5.5513414317126495,-5.683016025108759,-7.400976407188129,-0.7203149109604868,-7.886445702152768,-0.26754356691394493,4.256240077593607,-0.7929117605740875,-4.319711831042883,-6.39293508301492,5.8428048375982655,2.5027750802514537,-0.6190020421447087,-2.560239375769596,-26.625954008647163,-14.844799881570795,-7.255390072925945,-4.755898716701901,19.038672864180647,10.446614496222578,17.035121934459283,17.19783316043888,10.724467259418894,7.592280413545094,14.216336841669227,16.587650452069937,12.893419448245197,23.26247184416597,13.291494524227735,5.0349857178589446,10.871722400905089,3.1741285750240653,10.007788470954514,24.437964661508733,17.811076538653108,20.394625641932844,3.6435066451598974,-7.645355592631314,-13.584612973571758,-21.65693425553382,-17.11513908891743,-16.7001375027011,-19.48307120843411,-11.163270827820433,-7.456512249143852,-6.701932353284497,9.06635221661546,11.736846972326935,22.376643791515928,22.481473950175864,16.054301224399815,7.8571144015982695,-0.9687795422162033,7.952665847284444,11.697328905633956,16.92844412022461,13.445714005380879,7.210058674115027,3.3998298357496703,2.054154882289502,-1.4283609099070744,-6.81407606363215,-10.227214821069344,-9.26402444857184,-7.037068611973455,9.514848586418644,18.550974810300318
Texas,N/A,N/A,N/A,N/A,N/A,N/A,N/A,N/A,N/A,N/A,N/A,N/A,N/A,N/A,N/A,N/A,N/A,N/A,N/A,N/A,N/A,N/A,N/A,N/A,N/A,N/A,N/A,N/A,N/A,N/A,N/A,N/A,N/A,N/A,N/A,N/A,N/A,N/A,N/A,N/A,N/A,N/A,N/A,N/A,N/A,N/A,N/A,N/A,N/A,N/A,N/A,N/A,N/A,N/A,N/A,N/A,N/A,N/A,N/A,N/A,N/A,N/A,N/A,N/A,N/A,N/A,N/A,N/A,N/A,N/A,N/A,N/A,N/A,N/A,N/A,N/A,N/A,N/A,N/A
Utah,56.59507511167268,10.983193062787521,5.517890438180828,2.453884441643018,-6.083046191327824,1.674098775594246,1.3436347366764592,-3.0718749269092975,-8.223910364302798,-8.572681914213929,5.328833827754044,3.314189915809678,15.439414365406396,16.143925740005585,1.2908727623956517,3.8569836631553023,-10.508859896179919,-11.220835007458282,-14.758057905258646,-12.09497685574761,-2.76234592605355,-2.2293054361245686,-8.727300363941225,-22.926113445953696,-34.524423795498684,-35.459300031152516,-33.20466707455513,-18.151970306981003,4.198405076002134,4.849352199191151,30.585648898489083,19.24088893996955,16.731085073997527,20.214343458101286,-4.886840112054907,4.329599562100816,-0.14920196006293127,3.244115242804066,25.438678469035857,29.85073245912173,48.58675222596485,52.064356781345964,79.97699528416166,75.85204454316599,56.98887225257818,48.38229786777256,11.62282253939402,-0.6753869218490247,-1.4702014208463783,-9.88956722345522,-4.482565892328791,2.818202378711196,-13.044917456148674,-11.499295945266788,-38.619184181298664,-59.14831923881266,-42.6457142292049,-35.44382944127648,-0.5144936665758962,70.99371744342778,15.782633119070566,6.17787868018562,-1.9498420183017124,-22.397912412773273,-5.245200251562967,4.783021604392726,2.1090076418666923,12.647245077223568,24.598577390605357,21.116765915322492,25.53431884966615,16.5901081503371,0.589656040781897,-6.028836449381907,-8.581140125761086,5.587948953353322,11.030513064536226,12.863904687906516,82.5564731555523
Vermont,3.9387974651305577,-10.801835724207951,-8.799885474503908,-0.5600973263712571,-6.989081925311987,-2.822302406037575,-4.87184330098207,-4.748768279764039,-0.22560648371971437,2.5234520447691673,2.784067745575165,0.6169329568493996,-3.6535992224009375,-5.845934069149323,-8.131396496986214,-10.420922087359772,-8.619355160260904,-6.958054469828976,1.5440554947220235,6.056448243688864,12.783714524971682,3.789362491601943,-3.210264052667913,-9.376576191979305,-18.728227774386664,-15.423811427808479,-21.37023731225178,-19.813683382255082,-25.51754167784474,-4.5251893657925475,11.259872491152162,25.468890023468344,60.893554468871436,39.350993424365626,47.92801283615339,45.467091693991144,27.997473526524868,25.9695172195351,9.73519721928222,4.087061911096446,8.334171509823378,8.996503319427816,18.272865982703586,9.942962035597972,11.010047128454513,8.174711055394141,-5.818944277975382,8.413391247006663,1.8027832569391413,-6.401760820651154,-1.232240199104862,-9.619383044984087,-14.691587705454042,0.5712166201853183,1.0731454365611388,-5.252430019585917,9.558823710251168,-8.083524100865349,-3.315244949699017,20.011112447025543,19.656787619422794,26.46862269431066,21.207757145162752,-2.586556434210099,-14.066867852578213,-10.722154542014568,-10.329651460309835,-5.3251413831358345,11.538400326541758,12.556535205901726,6.584218259152168,6.756487121052112,-14.292757940603112,-13.077488363399523,-0.7681658577129302,5.773140166620816,26.92143825518172,24.242530605202482,5.091889346891363
Virginia,3.4112277283141217,-3.8938896439723503,5.750041831569163,1.6891998293778547,10.114101129272338,13.427462928059326,14.339324720452687,8.787401518355091,11.814482918330748,17.23380818606443,3.134437627850026,2.939283624447947,1.6163981417271445,-6.07078065541551,-6.199259851155774,4.460099812483334,1.691112842803962,4.1101077365993985,27.14132066232174,12.812169008062074,0.4205027464048715,-2.2119402826162498,-35.33079909522358,-43.27394280758976,-32.15708159141168,-39.89478648555447,-26.334103963736027,-8.255901518965283,-11.206618128018757,11.91663813060691,14.950456867221277,16.403861477044096,10.755133874485562,12.562525184280368,25.52272086173054,18.988098397137957,44.86708174778135,42.51358274381724,39.40765176176773,22.705000125794015,54.26099497448062,42.11112006838501,37.54658405095669,89.4922937192338,45.93486639021423,48.950524136422004,45.22638290166193,14.127844991654865,-40.97852341643453,-41.013962943462204,-41.09330436404449,-42.705778063641574,-8.474871871616429,-18.094085194493587,-20.47272676515837,-16.97156997255078,1.0411448789498499,8.599297367139204,23.463730967863754,25.67204413077765,5.836223377947873,17.090912963599365,-1.0065047267447254,-0.08792288096188484,-0.886806620299665,-5.046452882603418,2.2166374371853395,-1.8437398119918,9.321493974079262,-5.045999051388747,-9.383418112619553,-2.360550504016209,-22.32411469294998,-6.637276954316058,-5.6680507994327165,-6.958636436804812,13.550679050830619,7.920945700505647,9.764095939312655
Washington,N/A,N/A,N/A,N/A,N/A,N/A,N/A,N/A,N/A,N/A,N/A,N/A,N/A,N/A,N/A,N/A,N/A,N/A,N/A,N/A,N/A,N/A,N/A,N/A,N/A,N/A,N/A,N/A,N/A,N/A,N/A,N/A,N/A,N/A,N/A,N/A,N/A,N/A,N/A,N/A,N/A,N/A,N/A,N/A,N/A,N/A,N/A,N/A,N/A,N/A,N/A,N/A,N/A,N/A,N/A,N/A,N/A,N/A,N/A,N/A,N/A,N/A,N/A,N/A,N/A,N/A,N/A,N/A,N/A,N/A,N/A,N/A,N/A,N/A,N/A,N/A,N/A,N/A,N/A
West Virginia,5.392935278356184,11.599646828069915,7.408356206916898,-1.183515567565747,-10.274539066968657,-10.9330384509673,-8.982954672769301,-5.644537437981943,0.23941492417868118,-0.7683245917802829,-13.818896049057336,-14.008341692766644,0.8017153804467221,-3.2364606266077818,17.44094932161747,12.758005466399883,-11.461248503994558,-5.204020984047075,-19.856966913564005,-18.36449009271907,-4.122259820604478,-7.085515174107577,-4.563086285616976,-3.489423233851862,-4.100843799960191,-11.84197926541163,1.436488576763533,1.250522811669175,-10.484887834737652,-2.755124856581426,-19.7992490376585,-20.065383421157215,-14.839186874737456,-19.471817581189963,-1.8287655754673788,5.573159370639556,19.98735517471291,46.687069886775575,49.946434268456144,45.273279447854314,71.38183409242764,73.29656001490315,82.65863324646989,92.85515868938685,46.27870046861269,17.59667690702132,-1.3057174055761966,-3.779442895227668,-10.392910701514914,4.4698829130762885,-3.400968402927973,-17.931158528517965,-11.359653220411353,-31.338284065507516,-23.246385227861516,-16.049661504287005,-16.14691907148437,-8.815273302956268,-13.630808446047407,-13.582009359314023,-6.713336491127488,10.551368275597618,15.3822923364288,9.683303780444938,-19.65866815534207,-45.6061301765626,-56.51926376179107,-55.57179929270355,-33.96834243205557,0.14674491247832078,22.960967524650606,24.160249101402975,2.788549081598436,-9.463372240185642,-17.05250169005165,-15.920388827357659,-11.20699793017413,-8.889805897431158,-8.09898536442878
Wisconsin,-2.7157051992627363,-6.3481797746474955,-6.323299707101482,1.0565063147524931,8.598280289517888,20.945106978880805,27.15322593607374,10.730597533597653,-6.235942640896367,-13.249290082299165,-15.228298285551162,-7.855452612121813,-2.336804069475007,-0.5550131562511904,-2.049554988047704,-4.481947948326205,-0.5702552680774883,-2.3554575362044363,-4.943023983775189,-9.397483545999185,-7.790351217536406,-13.3684304874369,-17.788154048489474,-14.224664342890957,-24.030754241699594,-15.73691214431488,-12.203161325759213,-8.540394262915084,4.715813294319489,10.965980275580675,19.949690331297795,20.055883076256816,32.996020438815016,21.57250014165834,22.321746888891138,23.732652758584273,10.56066017518267,15.078446002290114,11.466311849307,12.288818146619672,5.157734259446099,0.1861490870582708,-0.4650662076129859,-3.299201780859267,7.945916019648052,14.093175174063024,11.282063429594286,3.935657851754784,-0.9122948347794532,-12.728757519711072,-9.818606629127116,-10.365208103516279,-20.08694594487801,-22.264558151353807,-25.544661321404387,-18.907005046722063,-10.046324591025849,17.82555993083055,29.3276266454273,30.965845439603978,30.280655160323818,10.542772639075336,-2.1382464524272304,-5.081047571269766,-5.654741888292093,-4.5443554227638305,6.75861902485817,2.4245517532800402,5.532908541586082,8.59206232984908,0.61162298301091,8.733443582189123,9.75139901828211,1.8113548551100214,1.17113593794852,-3.8496820065151596,-9.987862210458536,-2.9444523764073613,4.475008919867466
Wyoming,N/A,N/A,N/A,N/A,N/A,N/A,N/A,N/A,N/A,N/A,N/A,N/A,N/A,N/A,N/A,N/A,N/A,N/A,N/A,N/A,N/A,N/A,N/A,N/A,N/A,N/A,N/A,N/A,N/A,N/A,N/A,N/A,N/A,N/A,N/A,N/A,N/A,N/A,N/A,N/A,N/A,N/A,N/A,N/A,N/A,N/A,N/A,N/A,N/A,N/A,N/A,N/A,N/A,N/A,N/A,N/A,N/A,N/A,N/A,N/A,N/A,N/A,N/A,N/A,N/A,N/A,N/A,N/A,N/A,N/A,N/A,N/A,N/A,N/A,N/A,N/A,N/A,N/A,N/A
