state,1992-03,1992-06,1992-09,1992-12,1993-03,1993-06,1993-09,1993-12,1994-03,1994-06,1994-09,1994-12,1995-03,1995-06,1995-09,1995-12,1996-03,1996-06,1996-09,1996-12,1997-03,1997-06,1997-09,1997-12,1998-03,1998-06,1998-09,1998-12,1999-03,1999-06,1999-09,1999-12,2000-03,2000-06,2000-09,2000-12,2001-03,2001-06,2001-09,2001-12,2002-03,2002-06,2002-09,2002-12,2003-03,2003-06,2003-09,2003-12,2004-03,2004-06,2004-09,2004-12,2005-03,2005-06,2005-09,2005-12,2006-03,2006-06,2006-09,2006-12,2007-03,2007-06,2007-09,2007-12,2008-03,2008-06,2008-09,2008-12,2009-03,2009-06,2009-09,2009-12,2010-03,2010-06,2010-09,2010-12,2011-03,2011-06,2011-09,2011-12,2012-03,2012-06,2012-09,2012-12,2013-03,2013-06,2013-09,2013-12,2014-03,2014-06,2014-09,2014-12,2015-03,2015-06,2015-09
US Average,2.280000000000001,2.1597840215978366,2.8548612497504484,2.770357178193343,1.5936644505279578,2.7307428795145268,2.620341614906821,2.7726966400308033,3.6762583004523215,3.506097560975616,3.395120105920185,2.932084309133485,2.664067576348269,2.3379970544919053,2.6250800329278374,2.7120495085547907,2.9656419529837263,3.13005936319481,2.8609625668449143,2.844231791600207,2.5641025641025657,2.729809872667024,2.8247118967160603,3.342810373050754,3.9554794520547985,4.5334918074539345,5.123451588438526,5.694039182992912,5.962773842859492,6.0505157150978786,6.30060120240482,6.215491402429402,6.4899735737602935,6.700873028028793,6.749113943141534,6.97311748106343,7.087073936209041,6.997775066389147,6.9440519920881485,6.733772995487669,6.556706652126502,6.815132814596186,7.206552612457908,7.674796747967487,7.758730970960724,7.510675709620685,7.57239679605668,7.864693446088783,8.35757108090462,9.304906542056079,9.966206541039009,10.175281402251226,10.435497124075585,10.564847966654204,10.58909318193655,10.231777981091794,9.196428571428568,7.172547124214598,4.676902788244163,3.0294646562456737,2.1213773053511473,1.1499954902137561,-0.28796400449943144,-2.5017901897601162,-5.36897824829856,-7.74889651790093,-8.880465682956547,-10.025246729400966,-8.254207013255618,-7.036875936397468,-5.184965086911305,-2.3519208203663005,-2.925504662362951,-1.9495710943592413,-3.1494829207145103,-4.080459770114944,-5.2356573600042156,-5.48250265111347,-3.4190799762713713,-2.249577863718065,0.5458089668615926,3.107820038146539,3.7913898040091527,5.271369664549192,6.846507505677718,7.252448313384104,8.010544437271367,7.558755028583529,6.7033024003318,5.468472581545174,4.776610051302487,5.063976377952766,5.247303469050633,5.6081958539752765,5.6997528047157155
Alabama,4.329999999999998,2.9638411381149967,4.138066287507353,5.0238535682991055,4.457011406115217,5.200537324889658,4.915254237288134,4.533234448873644,4.643053771334191,5.654870485224373,4.433674385209117,4.185881518268888,3.8056822167660376,2.7710635359115967,3.7899621863183195,3.4218590398365647,3.6915019428957634,4.594708105837882,3.5604868758797688,4.049382716049385,3.959266802443991,2.441374879537429,3.286159750539709,2.396772662553383,2.4371130789123105,3.5512699905926635,3.429323424678748,4.6040942448822,4.199816401468795,3.8912862442274108,3.3455579672180216,3.101691160180206,3.487262315542177,3.2427311812286073,3.0055040556199137,2.2706109877515845,2.255959137343912,2.6821005081874527,2.875623989313087,3.214735957417007,3.1497155543222015,2.9144899642562616,3.000273373428113,4.003528533622857,3.719397363465161,4.121025915041402,5.2816667772543155,3.8298427611404553,4.0075222099733985,4.439027519404719,4.915863112119501,5.85019479703406,7.076501028742454,7.057306062281192,6.914158707274579,8.53665776194718,9.153371375334807,9.552495697073997,8.821215866951352,7.5425258436799165,5.910594260108814,5.226499083529729,3.6658405617513394,2.24799104872342,0.5540445250327362,-1.6274324391579207,-3.1576850283892837,-4.287703939514527,-3.070526948507311,-2.8635029849236044,-3.970376465747788,1.070574784325955,-4.542400909513717,-5.2291666666666625,-3.106255355612688,-9.64109419991773,-6.55586834127327,-5.830951857551117,-4.47158965288524,-1.8039037159278368,1.9871386362319554,4.341990078786109,1.8631024706358843,4.033379694019476,2.4312656214496715,1.9911628167123454,5.186026696961088,3.286541889483053,3.748890860692114,2.358102550041136,2.2734636569823845,4.832272678243991,2.4748770579431234,5.384409322260907,4.123765774328107
Alaska,2.200000000000003,3.254792332268376,2.8882294757665696,2.008228840125389,2.5831702544031314,2.871784954554244,3.191693905018273,6.146163449534242,5.475009538344138,4.00413572704202,4.2574995341904165,0.633312222925905,3.3459938506058986,4.518752824220515,4.530426235367713,5.753843387575286,5.302765138256914,3.8132295719844325,2.8209950418874996,4.786193998129737,2.3599800565065676,3.015159087123109,3.5666777519121986,1.906539023202981,2.0620230556908523,3.5818240620957362,3.6686200529822535,4.147758936390409,4.836143811644935,3.5048005620170013,3.275514945020922,0.23696682464455152,1.2898330804248774,2.1342383107089082,2.369348429181972,4.514603828262043,5.183520599250927,5.4714612715055715,6.33560389657951,8.303538854432684,6.245549067084469,6.293755250630081,7.37016117922578,5.787239776325543,7.366445472216643,7.086873476914963,5.549140364382862,8.90969303273467,9.551754276438995,8.850482809520873,11.304929192244572,9.759663177591953,10.14930476407568,11.44762120013562,11.412657674875774,10.884389984017053,9.80392156862746,9.52139525451227,6.753908738910945,5.352423965790619,5.041462495288347,4.684751411906294,2.947523070566084,1.2632827108131444,-1.7986902305553023,-1.3177677544883657,-1.45832404227801,1.0853900198162478,3.3024254327867304,-3.2398279261516354,-2.9733888486604005,-3.7870349743818226,-4.9124513618676975,1.796878618070669,3.9180931946452757,1.5327622134753427,4.580330155777723,1.5467904098994611,0.5924861977647209,1.4320897564535322,-3.005780346820818,0.7257739348595513,1.4546428093346977,2.6483812949640226,5.7394333914000235,3.1090157007516703,1.7372564542375815,1.8704279644312105,0.16040926038325004,0.6513674402553788,3.1212173612311944,4.342965256277948,6.228628316668825,5.567222388891261,2.51110924792488
Arizona,2.1500000000000057,1.056408212078934,3.3722568955103625,1.6863905325443727,1.8991678903573153,3.75739644970413,3.827052293309969,5.334109203762972,5.5624939955807395,6.719893546240859,6.6873006940536435,6.64763833901114,6.78012377138697,5.388314926968291,5.846153846153851,4.756971423638094,5.054120855706134,5.180427617679367,4.310631229235878,3.947585297511119,3.350640921629073,3.503133536879319,3.4477267298351655,4.003805597399518,3.924954863019064,4.704238472286914,5.372536945812822,5.602988260405545,6.359996978623776,5.73102016607356,6.011687363038706,6.171948314444533,6.114622541012701,6.079517565388112,5.333149590022745,5.853957030187643,5.735510641145779,6.101269169751448,6.240596585333939,6.4230201040529264,5.702892588138483,5.663198554607192,6.200357120866937,6.481984428752495,7.68862275449102,7.877358490566046,8.27922077922078,9.374822875928125,10.798487544483978,12.500000000000004,15.795673591775541,18.816396331035914,22.90474756599419,30.491182043433884,33.843521686858416,32.67620376831821,28.758677011024897,18.824230239398343,8.692347555709112,5.53911900065747,1.2558272286176504,-1.7389942033526413,-2.4856171132513247,-9.201059025073983,-13.191769237996805,-16.57525510204082,-20.949183480556734,-22.66817604884909,-21.907132806580805,-22.536503325433838,-17.70987959755897,-12.447322894024754,-11.513051513051508,-7.717359123655376,-10.121761787843859,-13.11242843390586,-12.410588419568741,-13.014650839482409,-8.619055583430901,-2.2508601084611426,3.71959942775394,13.068600934349636,18.21121347080715,19.429696355067705,17.942528735632184,18.043927367619876,14.915359207266727,15.564435564435577,13.765714842607931,8.253120250541158,6.5166621755142335,4.244467496542182,5.799460316100567,6.858115294618155,8.331576506303504
Arkansas,2.9200000000000017,3.3492822966507316,3.2305722446567526,2.6806526806526856,4.518072289156618,5.468749999999988,6.344814426104371,5.590238365493754,7.241796039788051,6.328303612254231,4.82684371074826,7.05007614440563,3.3807212205270507,4.145523350821371,5.229373502225265,3.3556485355648578,4.385376488344784,3.641919233627877,1.8462789751931645,2.169864788276247,2.3536026990119745,1.8406374501992049,2.515572592237666,2.4328393692051615,1.8913828284413834,1.2988029105703753,3.1159928332164832,2.754138944762496,3.296618655164446,4.37166911253572,2.8254136133565075,3.418159915675366,2.5128625754977074,3.3893287944942,2.93145250165306,2.955736750145584,4.138783823101541,2.7557082528093866,3.8258386866524012,3.380002828454251,3.136131871202074,4.499860685427701,3.8911040835968627,4.466484268125856,5.018285249898414,4.566057858952136,5.915828480677606,5.80763438748118,6.538982395047407,6.782686300758581,6.266400099962515,7.178217821782175,6.50081714181949,6.35185959047222,6.849315068493154,7.240184757505785,6.666666666666678,6.595565534661802,5.430835259161442,4.032518574351233,2.69607843137255,2.659294365455494,1.8214080684724077,0.6831237385499258,-1.2140707689114887,-2.9802513464991036,-3.300871348026652,-4.415317399126191,-3.1197478991596626,-2.52722850798349,-2.2103254531962198,1.973542697354263,-3.3503198525425604,-0.5207203297895465,-3.647894194807316,-7.224595264462367,-0.005609154139550653,-5.163576881134133,-0.8325832583258268,2.5237310293866866,0.45436697144780513,5.295233714712803,3.375312003630581,1.0921993679658473,5.288139379048469,2.216883258709186,3.6053339186742153,2.1937040693210488,0.42959427207637346,1.8856837606837613,1.8908898305084707,6.434474616292802,0.7868610054921739,2.8102553347664307,3.5816395487861863
California,-0.9599999999999936,-1.6325707951224473,-1.851289833080423,-3.708929651279976,-5.4018578352181015,-5.163405388792138,-6.48319934034219,-5.86141930081642,-5.17664638702102,-4.774765042670399,-3.4167309599911917,-3.535690460306863,-2.904097253489417,-2.9154849688031845,-2.4534976606185,-1.9594283079760288,-1.4143287734755376,-1.1568123393316136,-0.9007955077211163,0.1763461086291929,-0.2822201317027388,1.9860503605627053,3.140125132806057,4.365684778781849,7.252358490566045,8.566129593137823,9.568501774064323,10.277746542224204,10.610225398570632,9.908178518043991,10.038650370834638,10.472111756908342,11.08349900596422,11.861278414610462,12.910575280045562,14.269891083625616,14.586129753915,14.207555362570545,12.947704725071468,11.470113085621973,11.36274892620069,13.139685195042203,15.855292541313073,17.166666666666668,17.713884992987392,16.82236709456281,16.261886404523263,18.55402313068217,20.10604074824258,23.081348521458985,26.10113290964356,25.223016328446967,25.281484053370367,24.011405066841174,21.526864755894472,18.326112314614225,13.674875287037766,7.485582903019115,0.6707536963577402,-3.5066718304404394,-4.788938422959042,-6.434758214398436,-9.532167932368537,-14.379538074214615,-21.63368328638842,-27.145641256277642,-28.03009305088102,-26.872922526208132,-22.807263221770988,-16.009053963681247,-8.692781690140835,-2.016317016317021,1.6689847009735688,2.302933790653513,-1.5124126295493006,-4.78172951112168,-7.065960863617436,-8.214093276656888,-6.6381156316916465,-4.334790755777638,-0.5823999999999978,4.65723044811166,6.985583224115333,11.85688169234787,15.997167503540616,18.641321283889077,21.726081097635674,19.017044127947706,15.7389422276486,11.262870350914056,8.423489156141503,7.851888180480623,7.782306401342598,7.667610953729924,7.397781593725343
Colorado,5.390000000000001,7.7822177822177885,8.542614198141191,10.210618266524309,9.820666097352685,10.668273241264254,12.725450901803606,12.637604579480413,14.100570243649566,13.726968174204343,11.741414141414143,9.663799843627823,7.557170982886559,5.803078282642312,5.720277697425511,5.767859689148726,5.70261898056885,5.846732094382966,5.020863260140914,5.1769464105156775,4.802184627680837,4.73466166896825,4.99576629974597,4.8131769531500295,5.5862726406101,5.94587806868839,6.482630272952865,7.521095756389881,8.179848320693393,9.357591560981387,11.034080978735798,10.685850773430387,11.43938129416347,11.434455102151409,11.034157091138045,11.658017777321069,11.718008887113685,10.402178670427475,8.132501653907951,6.152217927480216,4.683589560243126,3.4270108360496874,3.828169383385042,4.061727859898568,2.774931693989071,2.8151618398637073,2.2601961362010203,2.103640756477552,2.791393204286782,4.071910857048181,4.47398748765229,4.096120109338661,5.103855168512069,4.5175927400095395,4.63696174605051,6.204193611601023,4.679149525164373,4.021478350279905,3.2906626506023913,2.487268433094697,2.1082788510982184,1.6071755445725953,1.020631333381939,-1.3682846031974691,-2.8381294964028725,-2.950925992649707,-4.102619614635204,-5.308119158878512,-2.091740402058433,-1.5927232225728682,-0.08654099409262196,2.1936926517079183,0.8961657717613267,-0.935637214215656,-2.944942381562097,-1.275134870034329,-4.366075778585608,-3.3437428593190544,-0.0038801800403723994,-2.1743284038365998,1.1521279097107915,5.449172576832145,6.154204338209621,9.546875,10.247171858050514,9.318835706012031,9.862192491866805,9.310369419483672,9.994026074428083,8.732952797621087,7.499584095824309,8.116131136845537,11.475671703779437,11.020998365396705,12.655916308149445
Connecticut,-2.6400000000000006,-2.7242118151209076,-2.1610389610389595,-0.49055422189750425,-4.889071487263768,-3.8074260541220992,-2.909631517468403,-4.12208936438012,-1.1123110151187918,0.15265510849416702,0.40468117685660104,0.06563833278634972,-0.7644425030031546,-1.5677735438214455,-1.0893246187363834,-0.7434131409205122,0.4181798173214432,1.1281937838734766,0.16519823788546883,-0.011014428901867072,0.07671232876711581,0.6999890626708808,1.7262231995601902,2.8310200484688184,3.0332895313184522,3.8231780167264153,5.44747081712063,6.7595072308516375,8.396216388564131,8.609687205774652,8.517835178351786,8.549066827212533,8.72634572016865,9.487574648429984,8.954378010767913,9.049731928267695,9.216340517630082,9.087710037828801,10.680537494581714,10.477239976265164,10.048716043266454,10.967741935483867,10.824782642750847,12.437658252129195,12.52250900360144,10.87209302325582,10.495441373948685,9.34898321277468,9.515236380609462,11.1628211851075,12.121018293462958,11.838492261607588,11.927666829030688,10.867386048705706,9.27035198813395,8.90575302717481,7.550454224011312,5.323901712583763,1.9891406494726962,0.39452784751755404,0.6625866167619251,-0.5201232136544973,0.8088047094957832,-0.637950392977442,-3.8790071349613098,-4.370558375634525,-6.139237292438939,-6.646463608814011,-5.546262415054894,-6.157439354530492,-5.150400346245407,-4.115543328748275,-4.516021915988708,-2.86780926522993,-3.308236367784613,-3.815917828656685,-3.4138990320524054,-2.48660610295831,-3.3506370929683853,-2.4102135783319363,-2.994479116658654,-3.613018811585538,-0.5126953125000021,-0.5073969922973545,0.5258274048870982,2.075588599752165,1.797546012269943,1.5975422427035295,2.5415384615384586,0.41274658573596773,-0.39775809076116225,1.1188388267311729,1.1642561363499957,1.4568095266880232,1.1012282930961415
Delaware,0.7099999999999937,0.04002001000499454,-0.22063985558118432,0.029853716787741208,-1.6185085890179678,-0.3200320032003132,-0.3618454115991552,-2.079188221249492,-1.9378280177634253,0.5016554630279924,0.5750025219408932,1.5239256324291373,2.974475092630713,-0.6588799041629196,-0.4012036108325032,-0.4603222255578985,-0.17991004497750387,0.2512310320570797,1.1278952668680813,0.9952749572735446,0.580754981475917,1.2730553327987129,1.3941445927106069,0.8560621142743375,2.5783972125435572,2.6724735227160274,3.7320762129247806,4.697986577181214,4.473990683229813,6.025257881037308,5.415640977087671,6.55165912518854,6.762656758012077,5.882887797781414,6.403808155200283,7.626293904273205,8.26590098320717,8.364104765993986,7.9007343631299065,8.29428688861488,7.554448284175846,9.327205008320796,11.25713838692013,10.103233642022166,10.662781140252545,10.24209915917657,9.119673744902263,10.692864529472589,12.478055367994612,11.979748832927871,15.799987112571692,14.991280518186342,13.567054868531633,15.882801949386419,12.60920371709977,13.280615284623307,13.812242308912145,8.96331576813944,8.212679745021498,6.263447286636382,1.4769402257210564,2.0088351546152023,1.0639755239965223,-2.722159730033751,-2.44404778250721,-4.667912658977986,-7.328754744261702,-8.283996299722478,-4.7337555711939965,-1.9126858891598528,-5.2023403217942406,-4.402642594180236,-5.441741357234321,-8.467800906742069,-4.587769377153739,-0.6594218189491453,-5.525753866986087,-7.312526629740089,-7.234111368659366,-6.499920344113434,-6.179713340683576,-1.0113198873757345,3.655064210587479,2.2491054694155777,6.416358187907642,6.501422186103204,3.4308779011099926,1.3386657779258995,0.1490806692065495,1.3789720390254545,0.40108401084011336,0.6467879850909926,5.551880030874404,2.134408602150537,3.5143597495141385
District of Columbia,-0.10999999999999942,-0.9412235906678659,3.1992593354593146,0.22139478715910121,-6.8174992491740944,-1.7183867380976474,-3.5187400318979134,-7.119188673561607,2.44950580146111,0.13370358942712687,0.6922202706891079,-0.05405405405405099,-3.2718120805369177,-9.110517666392774,-7.192694438744092,2.0335316387236295,1.7779705117085869,6.644818623573297,2.1779988944168034,4.0390119792218835,-5.038346825734971,1.4835223058175175,-0.703310971651164,-2.8428775219074853,9.108244531688154,4.218440012530027,14.176746213359493,13.560566334556903,11.22648298550427,10.610159302675086,11.538461538461542,9.650905060953088,17.848229965800908,16.403985507246365,13.271155985282784,13.526488671776288,11.215686274509814,14.232355458719182,17.155159389635905,19.55634691000817,19.090267983074746,21.232970027247948,18.10561609388096,19.962767607818794,12.180967608219335,16.67134910378153,18.316318174373542,14.499275812124976,28.74788851351352,20.713735311115403,17.068106312292365,26.496498757623677,17.011070110701098,25.74905246359465,28.678412360569162,15.90357142857142,14.436385297312446,2.455661664392909,2.6893742150886673,3.5651557637198565,4.106065709299129,6.698046016164493,2.4548844146159636,0.5682832490330164,-1.8411764705882325,-6.724518226143491,-5.671363689297781,-4.517617821957924,-7.236171870318222,-1.3628302062914204,-3.043209876543214,0.7281402986924354,7.803869634032115,-0.9558058105422457,5.650346979053925,-0.784398166661526,-4.617228464419483,9.542009045162105,-0.3675916719394891,8.194332485893224,10.865741031601443,3.4075710879804695,11.189403332627695,8.017881193225767,10.466664777717959,12.66940336276219,14.714281828813872,9.09669717469161,16.072024008002657,10.166699940107794,3.3596509946179234,13.235580196478944,-0.7822685788787405,6.372038236759842,15.419553149515993
Florida,1.3100000000000023,0.5881766523776327,1.9705911773532048,1.9514137793707766,1.2239660448129452,2.874132804757177,2.285658230331566,2.8027343749999907,3.4422233057045357,2.6493256262042393,3.184041430900554,2.878312909660873,2.6206636500754157,2.4026278742374494,2.500232363602563,2.003693444136659,1.9750137791659061,2.6487031436165345,1.994922016684805,1.8919163573820978,2.5493198810917916,1.9375000000000013,1.9647937411095249,3.1272210376687952,3.3028812368236036,4.107909258123849,4.769378324178219,4.617505168849069,4.693877551020417,5.3171798754837685,5.534287616511324,6.208827404479572,6.757634827810261,6.846141556159124,7.712325526378047,8.450922623662589,9.091600730371264,9.988785046728982,10.820704297532762,11.088075493279948,11.095613362159165,11.576371422744865,11.369491973310437,11.866915502928133,12.623979912115496,12.410137687340079,12.895954442994412,13.772076166369441,14.642439105958424,16.89339331201562,19.47772173182009,20.99408403701268,23.726176584986376,25.741839762611267,26.795373587228994,25.441932383300607,21.13722099968563,14.627581120943958,7.821170921198672,3.621281273944766,0.06487819119604421,-2.22922765142986,-6.739151413774243,-10.484182098765435,-16.49106882354848,-22.178719484108704,-24.40328366445917,-26.566821104047694,-24.037267080745345,-19.35483870967742,-14.609663731350086,-8.95529687958525,-5.682747342600165,-5.079947575360419,-5.802831952978901,-6.999731399409079,-9.774599046380576,-8.334253838506573,-4.112541834477282,-2.1083641404805946,4.227720393946668,7.266373440983312,7.720066256507343,9.116657815542567,10.296151186909428,11.076784811548615,11.620627162392221,12.67575167640062,10.343206393982125,8.566371681415928,7.82287822878229,8.02937224035323,8.815035743028929,9.97717639387024,10.02509696554871
Georgia,1.7900000000000063,1.0620178338843826,2.983580296355631,2.144133412745693,1.7094017094017044,3.4598988797462025,2.002722146607041,2.7696793002915396,3.042596348884387,3.3537753928708316,3.869614944719789,3.9905437352245854,3.8807649043869388,3.9032078620433843,4.101670031198384,4.428480494680372,4.944955784154489,4.720264120638892,4.460114587924197,3.6485545106234736,3.9638865004299224,3.902522154055895,4.084043540629474,4.981937326724349,4.92101563146142,5.658520583893723,6.088366436967993,6.498079385403345,6.976194229859694,6.907792610990379,7.443068928625997,7.221220318605338,6.720212217227915,7.151154348773046,6.237553342816509,6.335412432546074,6.158944969964778,5.684666982857908,5.389301733949242,4.850721676662502,5.027642276422758,3.8402359276830422,4.154491170118169,4.620026400150854,4.149120634134269,4.155090448848546,3.909490119541349,2.7937995674116833,2.7589487453918338,3.562537048014238,3.803486529318536,4.564848909930448,5.074644138409912,5.580676549710949,5.937234944868533,6.936836221352709,6.602786497053807,5.909140192995775,4.814518281291705,4.401233599916359,3.543754520095043,3.393734643734641,1.303661455415798,-1.0814599709607953,-3.2478547196168384,-6.054755185900301,-6.7812798471824305,-10.608898112061539,-7.961635641726394,-9.016652613827986,-5.624460742018986,-2.9783137987656523,-7.65308980895288,-3.434694468578052,-9.30232558139535,-10.253866355412894,-8.038585209003214,-11.468330134357009,-6.5583065583065565,-2.0158668227337717,-2.2034569204380543,4.41056910569107,5.960086299892128,6.298115211043258,11.359956826767407,9.798196093699302,10.937897683889028,10.55128925516639,11.212745335594857,8.38602919449205,6.377975336965876,7.29654938724799,4.80963015414782,7.5736095965103525,7.99051059470534
Hawaii,2.8599999999999994,0.24529844644316728,2.5185631145896097,3.731873035189136,-1.1471903558234422,5.373164763458398,-2.80904375061173,-1.7010460455567593,-2.7439024390243962,-3.07692307692307,0.5639476334340406,-1.9194430631526531,0.6471837395085455,-4.7419387042028545,-4.275986380933302,-3.5388359359156447,-9.18316085602331,-1.7606371829805143,-5.96296683753531,-5.865657521286659,-7.9101670538776485,-11.595903563046715,-7.0975636889531595,-8.129536571747629,1.0932244113407146,2.606492096054056,-0.9938929469524587,0.7171508447793892,1.0576351752822348,-2.9048571092555555,0.6531204644412094,3.4274680183441992,5.950141110065837,8.15164728682171,7.894736842105273,8.308051341890303,6.870144284128759,10.12431403292641,11.270742844414734,9.760827407886234,6.656973725205105,9.88508085019831,11.490341307176463,12.014134275618384,14.9172346640701,10.911614993058775,16.410808869736947,20.942867157378203,20.810032197932568,28.054072096128174,27.269221870903078,23.083611070859284,26.10464300743442,26.423823797732293,23.771435496576373,20.420296680009418,19.560622914349267,9.324261635998147,2.844413982179576,4.678105294031379,1.1024794157324298,1.1786892975011787,1.7517970200409418,-2.1107686560194185,-3.8603110334038906,-3.4995340167753923,-7.5181286549707576,-3.439557294151325,-5.920076573342894,-11.999613694528946,-6.151355726426546,-10.073612963786367,-8.490182114152011,-1.8492098331870086,-6.026304441569645,-2.8128777057466237,-10.823280893879593,-4.10912953541678,-0.7628771366295816,-4.279253815715089,7.480364044383495,7.579291044776119,4.826310617883372,11.468729699403523,13.04373042570468,4.552352048558409,10.333039258932498,7.327152317880802,9.681391411420657,3.063445987974303,7.946026986506751,6.190147102379303,1.4781551127327142,10.310315344766886,2.402777777777777
Idaho,7.1200000000000045,8.487194758785002,8.371548443750608,8.152999240698561,8.905899925317392,8.024521914173297,10.813000810299817,9.126810004387883,8.229041659523409,9.766220565813994,7.101072473188166,6.682750301568157,6.431173768414375,4.074388455899376,2.973752086178134,2.954922357907445,1.9050453936597724,1.9203677615481598,1.6354795933402082,1.9988285254063476,1.584635606835122,1.6077404335806629,2.109307045520438,1.5361424161940898,2.4441089785062013,2.6634209207417476,2.264499183644493,2.276422764227642,2.5612237737702657,2.838412720552355,2.7627377481604816,3.6980714730075506,3.3524904214559426,2.6651295266512802,1.9184004323155928,3.1995733902146264,3.29670329670329,3.857586366338598,4.798515376458119,2.6546957757395773,2.1789284798769586,3.021051962093748,3.117885150518598,3.9703013905492996,5.299799297541387,4.247437955303139,5.826433609322294,5.712902444928587,6.075406516171313,9.125903115006512,10.391190959142264,10.93427982596748,13.347184008085804,12.590220871547178,14.295464090718196,18.28362060068119,17.313979986128995,18.875018074902393,15.042947039639888,12.595436499280124,10.155821122418821,6.828042006244184,4.76722829992812,1.2244265344079452,0.05750210841063301,-4.903784112043122,-6.699695121951215,-9.749655489205328,-8.823416727328455,-7.008581121532628,-8.340821828281998,-7.350383848666079,-12.076645096226567,-12.056311429675095,-11.327985739750453,-12.145211499725326,-13.41999617663927,-12.396290873596879,-6.875062820383948,-4.1060913970090125,4.675425038639876,9.927576601671305,8.926065839179703,12.237135249687556,12.065601434372196,8.55463206973444,9.017043202536657,7.024933430162184,6.347936567690937,6.1437908496732145,3.699327395019094,5.256491450284993,4.261061946902653,6.571076706544686,8.1470768691384
Illinois,3.3400000000000034,3.996013951170907,3.617673223287533,4.291300097751711,3.9481323785562203,3.842468378689158,4.979490603834779,3.739806917236863,5.045615341649602,5.185937067454083,4.270786006360748,4.41814239248282,2.951081176887627,3.0879901745767264,3.241830065359476,2.98520377260535,3.512094344495135,3.1571781125010587,2.6166962100109687,2.881868593513701,2.0457380457380405,1.8231314964527372,2.0811055359052406,1.8211514904042498,2.4284899356205725,2.381916875962082,2.965350523771158,4.074430542187988,4.471318322857829,5.199018754451209,5.58772890906244,5.448520345252791,5.726905795445899,6.153151797803526,6.433442039727251,6.467879850909883,7.030180796657776,7.00113378684807,6.817548746518101,6.72020867655134,6.50111043811831,6.576158940397356,6.6040811004628885,7.139641088312853,6.9510268562401265,7.077611383831471,7.100048923679052,7.300234135798761,7.1137370753323435,6.946378830083565,7.1832353109119005,6.479046606613335,6.872965966131616,6.880460144337733,6.829684087155714,7.035888812989326,6.895483870967749,6.224298116464431,4.632723283299253,3.1860579283259742,3.597122302158268,1.2426516273956998,-0.12391573729863259,-0.9610352538179792,-4.44164802386279,-5.117311051314735,-6.56613857606413,-7.6716145458039104,-8.101253475101212,-7.9556196825712755,-5.474974463738508,-5.015608740894894,-3.916781657998087,-2.5351351351351337,-4.700669980548961,-4.239702015775641,-5.612019443216967,-7.22089734346404,-4.983558226556294,-5.514243221599352,-2.820692883895127,-0.41843505290213917,-0.08950414702548223,0.6598861847681338,2.0474527279296675,3.7757368389459103,3.8521261347348235,6.266915258314781,4.242889177386992,3.4648310967144895,3.766749094254996,3.0788386439526843,4.0362298330031114,3.488567115782417,3.519175349146528
Indiana,2.1200000000000045,3.870062161620212,4.36559354131366,4.3774703557312185,4.63180571876223,4.382239382239388,4.564989017285838,5.3109911956830445,5.231633130556859,4.873312372850005,4.557493835053438,4.099244875943907,5.078263963002497,4.170708050436473,4.821802935010479,4.335060449050083,3.4617012272534815,4.7655324191637005,4.175000000000004,4.279092865419634,3.18226439790576,2.8116668013250417,2.391808655307571,2.460512739106285,3.0841195591849795,3.2062868369351767,3.2734374999999982,4.097916182508321,3.9532379633902366,3.5406990025127363,4.243891368484768,2.8724512576276333,4.032258064516141,3.7358435063980093,3.2365747460086935,2.9947916666666567,2.339805134769925,2.5804622146604186,1.9893153381133226,3.4906588003933128,2.7658095899930437,2.536281962681421,2.798263147012201,1.5066168985408883,2.4479307546659483,2.5746444699063105,2.9098223265169314,3.6036638363308247,2.5874587458745792,3.7124646823050176,3.622385823180665,3.271812080536908,3.796165229700171,2.7496198682209854,2.4520591009116486,3.624320439917523,2.6841061244731046,2.762362806757917,2.7308990487879825,1.1578122173309942,2.022336251131901,1.5960638425537002,1.1051373954599728,-1.0014903129657269,-1.8639053254437905,-3.6971415072052864,-3.5155096011816775,-4.5342325525380875,-3.702140488393118,-2.0421930577701537,-3.1720759338640576,0.7127538791472156,-1.0894746728445364,-1.0079509171727197,-0.11383759170250875,-1.9101897663931753,-1.6205608659872144,-1.1194029850746332,-0.5065214638470378,1.0726599412591027,0.8751045621259982,1.6565398145187105,0.8209240168003186,1.4150347441566522,3.973974612489628,3.2087580218950515,5.232594836836452,4.428802790581795,3.233128834355835,3.6454523287003284,2.9570537428023074,2.9108261258574384,4.207523622749144,3.923067874367714,3.8450334983978993
Iowa,3.8199999999999927,5.338890542820294,5.6957035869136785,5.636133553976435,6.896551724137942,5.972680169571351,7.001678165206032,8.57906376704755,7.307622995134258,6.702818028269185,6.2211379280299735,4.09063905626751,3.913006969518848,4.690494043155874,4.593552620785832,4.973501834488377,5.4060606060606045,4.551965621518382,3.944788644027909,3.5184466019417484,2.936215884697955,3.227279646826008,2.829334540516071,3.496398559423767,4.148357786549484,4.276655360566275,4.915987966835438,6.11135276207047,4.884153318077792,5.5013435157686335,5.196167564165311,4.071872651499629,4.970341583145852,4.028150134048271,4.520675442095474,3.453029606774759,3.669784359573919,3.666000902003735,3.0594072001017696,3.839076083507826,3.226614873754763,3.480422622747044,3.906683947417153,3.990466878513812,4.266812333090557,3.7057057057056983,3.825136612021856,3.4436152083210994,3.6148786308865524,4.488330341113106,4.06750572082379,5.197977617451574,4.14044943820225,4.83316705465026,3.864548403056457,3.1860892104978973,4.423585261908609,3.0929470233689456,3.6519530009526866,2.7370734770776584,2.495221366947364,1.8770193343248354,2.124183006535946,1.1053945290611722,0.05544354838708933,-0.7148250692172242,-2.0649999999999977,-0.796049979846828,-1.838698302352515,-1.5007858845003192,0.19911165568999148,-0.6703910614525105,0.14369290772861168,0.957430380398407,-2.532355039233669,-0.5828816852438975,-3.043968432919954,-2.421863050017845,0.7214177426943361,-0.7457313310018456,4.032769556025382,2.2625143693175946,2.221414854414284,3.098606145396129,1.6257684296093016,4.026365540851257,3.965473470423967,4.091069005377703,4.224366345048237,2.426445306743945,3.037702676303965,2.438317802134123,2.729278587874136,3.5534455474032494,3.2704521755616676
Kansas,1.2800000000000011,2.02274328268088,4.092149136101846,3.3611774065234643,3.564375987361769,4.8727559676464764,5.096097845078626,5.974600731191079,6.8738678615692566,7.533860045146732,6.372956497644783,5.456196096232402,5.504014272970563,4.6094638327648,5.122861856386204,5.828168044077144,4.701107635072295,4.941471571906364,4.526307095068971,3.115594240624744,2.955665024630539,3.123257110987174,3.79296720663769,5.104133796150193,6.314220723193974,5.130186201035298,5.1161020175104674,6.747729490355033,6.330234617087216,6.7759241566840585,6.127326718331287,3.318801856279004,3.8232028864834797,3.9851331819120523,4.299460861257088,4.614128215598204,3.682416627681609,4.434736563410105,4.161486619119273,5.197762164975286,4.62807786515406,3.6886804411205434,3.7188265594572627,3.234184651536695,3.9551503203548646,3.2273838630806857,4.330446369087261,3.8157421828201774,4.089131207775262,5.388441496920887,3.796586555207257,4.177485430731065,3.79184695969029,3.5397235644454494,3.9988814317673245,3.9711991138188796,5.030170049369165,3.8799652702409406,4.377520838935206,3.9953121670573197,2.9247401681725567,3.729822911769308,2.627646967901486,1.5828296281118754,0.24864261429949208,-0.8460492521528966,-2.419800190772626,-2.0372144622056334,-0.9769184045353344,-2.2093554776778888,-0.09775171065493529,0.6074020692850046,-2.9238869294075545,0.8777396904539304,-2.2401895148830953,-3.555896648759268,-3.248907377178657,-4.510116871749982,-1.7067902860454138,-1.0663129973474752,2.416458038532708,1.5905537283657674,2.470657591510791,3.174432945466238,0.6483154426612812,3.354208682730083,2.730125523012552,2.1100774388025583,6.499472016895461,4.205607476635512,3.0444964871194475,4.14312617702449,2.900203262108965,2.5476765387079223,4.426877470355735
Kentucky,3.200000000000003,3.0200338881690434,5.267883867105658,5.052093571849814,4.244186046511624,5.959752321981421,4.738887309259786,4.434880239520967,6.2186279977691,5.3780131482834195,5.818477965794944,5.626231858089949,3.999299903736771,4.297721168009712,3.856678638618099,4.75826972010178,4.0306294177044695,4.062474038381657,4.520378756689992,3.667719213019178,4.845102321443023,3.991697269679056,3.544981881203718,3.1552639800062643,2.5613331276037594,3.892215568862292,3.7735849056603836,4.890975166565702,5.619076275011283,4.913914135816136,5.542521994134899,4.843366536740298,5.1349618973007685,4.50063389209749,3.917754931925525,3.800344234079181,2.879013683782685,3.3564736806631994,3.395721925133698,3.6147774756251168,3.3186277737538634,3.560482556243892,2.980346521851555,3.687107924721541,4.129755911031795,4.143315912096206,5.260844999686105,4.290653167057672,5.532774343595092,4.53473607836024,4.174867298860858,4.948795359024439,3.5434669141100645,4.47105095725607,4.700291979160708,4.061142760448991,5.276128598633369,3.9198316908426443,3.226159230096241,2.894465824705948,1.6705682060012697,2.7277570591369233,1.5043966521877334,1.0483063793920773,-0.2668759811616907,-0.8712789129758359,-0.5218661935079846,-2.0383693045563533,-1.0703604596253695,-1.496285445223389,-1.2538033784492786,0.1170773242509706,-0.5993105277114951,-1.0303802846823866,-0.8393986080858441,-0.09036304682931351,-1.590011738341687,-1.9319523451754825,-1.73586927404233,-2.6494998935943914,0.8620689655172433,2.823683922512858,1.8428657107027946,3.1096294677013874,1.8222867279470982,2.0010643959552903,4.44349269232829,2.9204431017119945,2.68715024812586,2.775748721694664,1.747911220462349,3.604902667627974,4.925196647987256,3.934409584729414,3.874055415617127
Louisiana,5.680000000000007,5.030891438658425,4.634994206257239,5.977165883143039,5.649129447388341,5.350140056022413,6.496862310815805,6.988955277928674,7.630989699955213,7.879110165736064,6.819757365684567,3.4015907937045147,3.0623283681451214,4.042063752875453,4.039912387442204,6.260229132569552,6.612838110617682,5.030006317119386,4.358674463937624,4.428186368887178,3.7488639806119486,3.6162694534245565,3.7358039450089655,3.5840707964601872,3.963792977589589,4.38978377593964,5.315471045808121,5.467748825288322,4.2479988765622885,4.295544588864953,3.823006428669131,2.781152963412991,3.8930423654610364,4.091969343552139,3.188195771029579,3.0802574543543924,3.05996758508914,2.727447339778469,3.6514522821576754,4.9251353934374125,3.415738818645032,4.325334995325646,4.175648210876394,4.123147923245076,5.991484184914838,4.731465439990452,5.503990540939995,5.639470461305177,5.182209469153515,6.719525412127089,6.214277709290599,6.006403886496646,6.2418158009602775,6.2376396386765665,6.562912160379845,10.853036142068536,12.222678718159415,12.009458643590262,12.23822961532749,8.061636756553602,6.617243272926954,5.408076180209313,4.058047726169992,2.2911051212937927,0.3648381835350772,-0.9460092896407717,-2.5391038955533927,-2.9198010965191914,-1.8389428217080832,-1.2647881264788117,-1.3308977035490492,0.22765081866737163,-0.30497102775235857,-0.5751383381987684,0.678832760292688,-1.4720013977461364,-2.6351439933575147,-2.4409483325299064,-2.329246935201398,-0.8644766591301984,0.27827648114900183,1.9135747012846962,2.9989241527703054,3.371791431893387,6.454211798406597,4.976198871650208,3.681942812377586,4.875410970756191,2.2325933400605456,2.762732501994379,3.970952440918444,2.6234376933547767,4.0057577626979155,4.54749744637385,4.416811336751584
Maine,1.9300000000000068,-1.5424164524421615,-0.4365079365079343,0.2676181980374626,-6.926321985676447,0.512151034344251,-2.9693104822638543,-3.1929616449189306,3.626014546221142,-1.598561294834657,-0.02053809817210518,-0.9905034208107965,-1.179941002949849,-0.18275967103258464,1.50986031224322,1.3923267326732762,4.868759650025723,2.3700539110975467,3.4807244763735685,2.8989929813854074,-0.25520219866508725,1.8879173290938054,0.4889019262735895,4.675761170423097,5.402479826805742,5.344255900136522,6.120463170185858,6.563414864482012,6.143217253291008,7.655989631549723,9.086741243352279,7.302375044310523,7.582021285953035,9.321523776764975,9.03589140119358,9.87776676577469,12.149456299566662,10.249351057972156,11.717545482577851,10.688514732411305,11.241525114821037,12.014840182648404,11.723709632900919,12.583186201276655,11.455534438691913,10.687898089171975,9.221172256191716,12.521865009952363,9.337331686952428,11.641155483945212,12.78556887581994,9.396944518895738,12.670072600161337,10.401525694551832,9.245424918525947,7.810662485299881,5.121473915326246,2.5958261356739354,0.7756207260544432,-0.24543223343333354,-0.12259353432619426,0.6097838452787273,-0.20949084616085617,0.683433570256971,-1.0819657225985342,-2.446967298385271,-1.7661555312157744,-6.97348176305548,-2.775862861344727,-1.9426928783382778,-4.441347270615564,-0.17025830617307697,-2.793665800047282,-5.361955648021184,-0.6854975934658937,-1.617776045219761,-3.3164753938922353,-1.3889582812890338,-1.7524965733307287,-0.38137691926696893,-0.7443919122824615,0.2735978112175062,-2.9197807673143927,-0.31820215780837585,3.613053613053611,3.3904299934313618,5.106754259905558,1.461419522170671,1.115078006553529,0.9480989150620652,3.2423458176668856,2.521875921738287,1.6058041112454624,6.264523625096823,1.7830960601617472
Maryland,2.930000000000007,0.3294399520814598,2.5070196550340955,1.1381631037212898,-1.6516078888565073,0.8258706467661674,-0.1760907845822663,-0.18592817301105563,0.8693075175343232,1.5296555807756806,-0.20580164641317908,-0.44117647058823806,-0.5582215258054972,-1.9926127527216146,0.34371010507709765,0.5022156573116742,0.9158952137088758,1.477734801150446,0.20551967116852,0.12737605330197477,0.33180443056504677,-0.03909304143861615,0.29299736302373003,1.5950680105685444,1.6729890088512778,2.678920610089944,2.794819359236542,3.1882103640916997,4.534583373194293,5.237097695677014,5.788177339901477,6.291421637263148,5.3628626338427745,6.985161056822293,7.790812214560762,7.315359620620003,9.050638408755322,9.260825439783495,10.085569494059971,11.783960720130926,11.923536439665483,12.531929715922283,13.998943475964087,15.183016105417286,13.74893253629376,14.444903012794057,14.669667681715874,14.255751874920557,17.48623623623623,17.850703209520386,18.993187853596584,19.714079101073594,20.017040310985678,21.210730314157473,20.46380749078207,18.577203661539883,15.728991037359123,11.583287751924939,6.173983084977842,4.6083310474548345,3.5770425181152636,1.4253393665158482,0.5082881310928316,-1.951676343884615,-7.258661533905839,-11.409770243140763,-11.608861380533652,-15.003438526782306,-10.668529235681508,-7.608376348147214,-6.588104692370098,-4.117409088865913,-4.450004467875963,-3.1386264534883703,-5.13758113173051,-2.419014579719655,-5.246422893481729,-5.899179366940217,-2.404355786836263,-2.7191928897429722,-1.8061587050927739,3.881995315692441,2.014317452480861,3.6594399723443116,7.769625087948542,4.125491701045761,7.060930165029281,6.069556931872311,4.168998321208728,3.9528241039343888,0.6012114637012985,0.34135824649659513,0.8863819500402983,0.7888672221237375,3.077960008986742
Massachusetts,-1.3700000000000045,-2.205206738131696,-0.5573905862923122,-0.8016443987667021,-3.6601439724221834,0.42801962626578616,0.269877517126833,-0.12432656444259257,2.167964639023366,1.1642411642411543,0.9627329192546654,1.773858921161819,1.483312731767612,1.4899301274147174,1.948118527632529,1.9060238507797416,2.821762078765734,3.695454085248563,3.9625867444433243,4.690938187637525,3.632773938795663,4.579183753173206,4.827319338299308,5.703640011464602,7.68717851019241,8.225189057977781,9.736064968623106,9.869848156182213,10.597080937638218,11.11111111111112,11.697922798755359,12.479434024350104,12.964888426777579,14.021739130434781,13.815690408071072,14.949169896877057,15.632965165675433,14.714694266648499,14.778064430773306,13.304065661385778,12.196914033798688,12.714429868819366,13.58423145640022,13.93194070080861,12.906570617769034,11.406603823266115,9.422569514917797,10.28636206811573,10.285659045869787,10.304892460411242,10.827730118247157,8.920271719699683,8.730332646710794,7.906578101564181,5.903765690376575,3.819957328081406,1.4833326615341234,-1.73153296266879,-3.318715183121965,-4.398687902620241,-4.821861222544391,-3.1037827352085383,-3.301867516652369,-3.5551880942538214,-3.5554813671076166,-6.464798131464798,-6.5756666525799785,-5.85940848692671,-3.664921465968598,-2.59520199768126,-1.6782014746460305,-0.824113281427857,-2.2053539346029454,-0.7736678264054192,-0.9155318365844723,-0.987053530437979,-2.856749184770128,-2.149942329873124,-1.70868737521475,-2.397180878193531,-0.5153420642050038,-0.41020321561601425,0.8691955217535092,2.693586698337286,4.462503564299978,5.468232174983435,5.587036950311434,6.282092797335437,3.8897229425412903,5.265520491987247,5.304710369910396,4.004352557127308,5.916097390085825,4.034115138592754,3.2179260382444674
Michigan,3.8100000000000023,3.0937035200793304,3.4717427754216352,3.743524582152281,1.7917349002986218,3.058574588823706,3.0597655132971195,3.099679668362546,4.816882748178294,4.759682687820806,5.392156862745097,5.811934570044777,6.536655832430475,7.305122494432075,7.898200965335674,8.334053027031688,8.550847457627121,8.393524283935243,8.092720618137458,7.692920918367352,7.112186743695827,6.671262254901967,6.05718585402557,6.070027389147967,5.954810495626834,6.117613269189331,6.647747428166021,6.762509595924349,7.009699387769139,6.9896474727654185,6.832091538052162,6.8374950973983575,6.9362303934173255,7.083227928155823,6.924466031508814,6.2836514929026,5.801021941689213,5.0318922749822885,4.92108788072913,4.69748431293535,4.380681818181823,4.2903733693207355,3.646758436944934,3.8983889591466454,3.668825866855359,3.1002318434248126,3.641621592673921,3.20173581710414,3.328957731688109,3.4881288568141344,2.8884410685681825,2.943438798010363,2.495045479953248,2.0263782909697405,1.5668943350743294,0.28891656288917184,-1.3981160138819997,-2.149578999504707,-3.2683939873417787,-4.346098445338499,-4.268905872888178,-5.2996558007693855,-7.447732965291618,-9.097517914632885,-10.44697725720888,-12.427174087337644,-11.874516734784049,-12.44716097338055,-6.328445747800582,-6.05468750000001,-5.471296064176478,-3.203497096626865,-8.490388829753929,-4.814189189189187,-3.8851687330106826,-2.4939336748449827,-3.0721861101608,-4.92799126339499,-2.5177622956473793,-1.2304714502972496,1.4683043907948699,6.48287744992462,6.630342485140112,7.558790593505048,10.205927368860433,9.958198489751895,10.690822217798138,8.875585632483073,8.66738210971529,6.983873934637308,6.714628297362103,8.181926846760696,7.005925409550367,7.169876203576353,5.8988764044943816
Minnesota,1.3299999999999983,3.5041523192222077,4.314081241810302,4.1774675972083735,4.253429389124644,4.8434442270058735,4.734756981350861,4.909560723514221,5.4335478985232815,4.937004199720011,3.9856075283697696,4.168947272395542,2.7293948644280897,3.014941302027749,4.409546624079508,4.43121113932919,5.226359028141936,5.395838729172063,4.376274643099925,4.545073375262056,4.377076411960129,3.5222804718217535,4.200928112024747,3.52129622202615,4.336754993236256,5.530938439626531,6.625517618563953,8.422439175577253,8.709579011592425,10.279673089900284,10.273320143621316,10.16222396912742,11.589729198821392,11.068806091922763,11.389461093760373,11.942912747324032,11.517666289450517,11.679725759059735,11.56714191970412,10.251506722299489,9.538843161574032,9.268800701600524,9.100630948561642,9.455978975032856,9.526505404014406,8.587910709806874,7.959223681631057,8.379754129850166,7.7345989380198334,7.45599852173512,7.5631015071726875,6.601976161992115,5.953679068347354,5.906882765143364,5.495062041023048,5.257907643709217,4.425325209945662,2.902374670184699,0.7481196991518662,-0.9082293476544036,-0.1695115701501866,-0.9546351084812573,-1.8901639995234956,-3.8694508647485484,-6.3299636708260945,-8.192607933726311,-8.074634718905568,-9.269162210338676,-6.066354706799888,-5.006290399548823,-5.442057062345902,-1.8732580984145812,-4.824522035723903,-2.8953737954971017,-2.9614453343266836,-3.552637705452355,-6.1253359739708495,-7.4871843107745795,-4.8272552783109415,-3.7848797914453876,0.26120152702430266,3.309440292816832,4.603206614903698,5.408931259407928,8.792585170340688,7.666568251156389,8.391574685496698,7.7875095201827795,5.774810039143445,5.89579524680072,3.2017075773746075,3.6521815933580686,3.4568331229047837,4.333189469141139,5.037056187521543
Mississippi,3.3900000000000006,4.658197217180874,4.841149773071101,3.3868092691622116,1.6539317148660353,2.292870905587678,4.088504088504089,5.028735632183907,6.0228353948620486,6.715012243360327,5.665434380776336,5.517555859553121,4.585838643094318,3.9361044921013097,3.9359748097612175,4.001728608470177,3.2950060065213567,3.158699159378449,4.333922410165788,3.6067481093659133,4.170127928227289,4.132027327352054,2.2019680593644053,2.406352771316275,3.5566188197767206,3.588649118646752,4.009154762844289,5.200908592464949,4.7435699984598765,4.6318199160625655,4.97002807496776,2.866502866502862,2.27907660638141,3.070303383897322,3.0865982362295865,3.2281412854661324,3.018976423231734,2.2854312601712232,2.384124535446306,3.3585752348899116,3.223555679598106,2.019922523519637,2.595712622423136,3.3851163421748924,3.60281195079087,4.27854624355845,3.230974632843775,1.7782152230971178,2.792457754289816,4.135509460953257,4.6236420072426325,4.628972986912499,5.64265312599174,4.989072744302205,6.749490079732998,9.587774970731408,8.922134102379232,9.96193648150351,8.881940825661514,7.540061849873488,8.72083402283634,4.705500567905251,2.3717096516883696,1.1920945310049154,-2.237442922374427,-1.0641045508549007,-3.9582359357955452,-4.2626847163377075,-6.528621101250705,-5.529159922727512,-1.5739088106441652,-3.9451670354579327,-2.5873077563711204,-2.818613905161929,-3.286075392900313,-3.17451399033598,-2.4223425477343974,-2.536396724294818,-2.6306818181818157,2.6867057389891458,0.9813084112149574,0.9919477185202573,2.240765594911597,-0.07911392405064126,3.6904211013419688,4.5759186503350975,1.5067633125963051,1.6683633073181863,0.9483431886645192,-0.10497237569060648,2.9125667697497932,2.4698225510374354,3.5587975243147643,3.4898512250428637,3.097852811014581
Missouri,2.5799999999999983,2.5500547863333023,2.8219395866454726,2.050024521824427,1.5012673035679531,3.040310830500238,3.7205257054503225,4.671280276816608,6.146753745678056,5.505279034690803,5.40389453088605,4.52708907254361,4.325009048136085,3.8330950679056395,4.3578184389640295,4.673636124044635,4.128360797918478,4.77583684708718,3.9979671353549033,4.045321023919424,4.272863568215888,2.989487516425756,2.875061084867243,3.137855932886989,3.1791676651489653,4.322169059011154,4.963977515636142,5.318316909119347,5.976619958194627,5.847729704938088,5.770101071051423,5.109163819991085,4.916356198407494,5.813533617390056,5.262782571489713,6.181998021760633,5.584180476256776,5.692055692055694,6.2732877176343,5.549271408610023,5.644948562384597,4.791424512462862,4.679033594696247,5.12513395952846,5.63046192259676,5.262509243283209,5.67565921685646,5.798752698488856,5.844462829452792,6.070717714553334,5.560998098311535,5.741653913733489,5.069510356763991,5.850212484132675,6.086909051206466,5.901586620926238,6.488123704766463,4.6352781688305,4.183605207636492,2.910360884749709,2.340319361277444,1.8287821407215403,1.1755408475748272,-0.7574267165059965,-3.671558827831684,-3.5331539026180567,-5.413981644210117,-4.822083457230642,-2.6068029965580104,-3.226297367219594,-2.374193548387094,-0.9841187190835796,-3.0559742217140458,-1.352413901556855,-2.5112344699973566,-5.8214135464871655,-5.371790060580073,-6.966363781284864,-3.4598698481561794,-0.9771623206209168,1.682624213925556,3.0957276673520604,1.589709021458254,3.6539979700011225,3.069979942054836,3.8171745152354495,4.970970417473049,3.5415079969535523,4.000216227904199,3.1645231869363397,2.744416350611045,3.9405243524404976,3.5292894641093717,4.546865301055256,4.885926685465266
Montana,11.769999999999996,9.096159399364716,10.506973237843942,10.045703839122481,11.353672720765857,13.313922710428802,11.801824848639907,12.783453775230502,10.782580748834969,12.683952347582334,8.77888795667759,7.895124466048017,7.484769364664921,3.1785516860143685,7.1238255504136845,4.498293515358364,4.237516869095818,5.062952049290117,3.855216651394153,3.3313737017440683,4.660797514241337,2.2565017848036666,0.686960357975675,2.29470889436753,1.0885700148441309,2.044632838798156,2.8292438657987047,2.5892967494747237,1.7621145374449314,3.359804520464264,4.6688580472364185,3.668453707607978,4.593554593554602,3.912529550827426,3.71619656877,4.21847762928531,7.076339388365143,5.613695825275853,4.3344174049568185,6.233273862622646,4.278735169377784,5.347622381388339,7.755145912828509,7.342290332738538,6.996499176276773,9.308864124322671,9.261845386533663,9.118466728597275,8.949622287446466,9.760089790955421,9.99680467430502,10.041222331750156,11.579737667270237,11.772475500639112,11.134166078764997,12.431287918889206,12.934890164258848,10.92135859413717,11.512322628827478,9.966681153121824,7.738408158973835,7.663756959241169,5.106653718648495,5.012514820181804,3.3440681825574874,-0.15002553626148188,-0.7168344590289283,-5.5165276296807475,-3.2453020239856474,-3.804226207602052,-3.385425023264773,-0.8198625817373023,-3.367167675190326,-2.246518892692183,-3.550551348478809,-6.0575635876840765,-5.952260714405936,-2.505524392316847,-2.6068390784806614,1.856074100463141,2.68480400930732,1.251830671594962,4.037903967187616,6.187261725717882,8.09482307826389,6.929090470778664,5.920337139749869,5.1086956521739095,2.9831973425355565,4.55731263486746,5.72097798883398,3.8638713923098567,4.399974946761873,3.7764908822079812,4.2034659625481705
Nebraska,6.310000000000001,5.590675622283693,7.079558881449387,8.254278728606355,5.766155582729748,6.9036482694106605,6.970114942528734,8.564459300749846,7.025969405905378,5.8627931396569855,6.086134273188342,3.2703669801115027,4.537144756523179,5.918333608860954,4.724090430273084,5.253827558420637,4.984101748807628,4.697986577181217,5.199628597957288,4.960955443270548,5.201786931172866,5.187835420393566,4.3909973521624,5.237053245805987,6.110551317115308,4.230442176870747,4.2908476009300385,6.709176601053511,4.598792647358069,5.710789312665718,5.76273476557222,2.1174330995063593,2.8273134038000034,3.0805839603832994,3.1044394762056755,3.4728406055209313,2.648672510563169,3.050910905914641,2.955207236230723,2.5571674452913675,3.680039319284868,2.996912272204406,3.4119629317607334,4.171661472069053,4.378999762977018,4.197037385375022,3.9511201629327855,3.803222094361326,3.7524836786829323,3.2494640640866637,4.780564263322896,4.761376863810212,4.229590720070047,3.808326958802316,2.8688962495993184,2.8359788359788434,2.4253241639981127,3.8580977946207606,2.9083354972734323,1.7287507717637298,2.152631848700727,1.5153050881816386,0.292707544789293,-0.20736394901881275,-2.0169585068486326,-3.5345214916878898,-3.6129421828611576,-2.9040596016420808,-2.201853653540879,-0.08797805723748253,1.5400678673975403,1.8425722935588271,0.20943504895543077,0.39883973894126706,-1.2699228791773773,-3.695351340269595,-1.2330842781754456,-2.4144869215291784,-0.515544446180289,1.6711016498137234,2.4281860022218713,3.3888448321437994,2.5858458961474025,4.606365159128984,5.231897531246769,4.147064839435459,4.745382181855297,4.6186949559647665,3.2147239263803735,3.5793194874061083,4.905494933749022,3.8408188644951458,4.075130765572988,6.228668941979516,5.428372416995588
Nevada,3.1099999999999994,1.3202640528105551,3.398640543782478,2.5118203309692646,1.028028319270684,3.7413622902270545,1.9044856921887072,2.0947439223599567,3.46548910434866,3.187743838614515,3.8895740442083375,3.6329411764705872,2.7834477639636295,3.8823312430837404,3.305634188658561,3.1332304059576814,3.159415056869471,1.8553040390590227,1.706001944665435,1.7083480098626258,1.9338466923346114,1.7692173609900657,2.5899530679645437,1.974025974025975,0.10301313417461118,1.353087265564784,0.6692646560487903,1.9612837493632216,3.6960809536060393,2.095479509928183,3.0716149120592493,2.9810975102006814,2.795236520013228,4.303566994951588,2.963749183540166,3.7357483625778203,5.615446500402256,6.1096564310084815,7.564824359685994,7.7948398160417804,7.274527726995743,6.789800343976679,8.072244747511972,8.634029937088727,9.401405950436683,10.573489251452974,12.578444747612549,16.920721560274256,21.717401181281243,30.40339433854727,33.96146388754242,31.574153145459725,28.774062816616013,24.32012432012433,17.404676828440902,17.216909696681217,14.091680814940567,6.4453125,3.9989212929074993,-1.1960132890365274,-3.8291231126596816,-4.267889908256879,-7.412483793295052,-11.93678547410895,-17.401970034343513,-23.88162686395523,-26.666399935984643,-32.005430401764876,-30.444119528465695,-27.934733343405348,-26.209831414698016,-15.879453422349796,-12.908099586152519,-8.266946191474482,-5.182994454713487,-7.14285714285714,-9.73751697088551,-12.645692085015622,-11.66562694946975,-11.159038261842,-5.373109384139723,4.604517310543299,10.955155367231635,17.478870706707426,22.12998940303781,22.55106294289287,23.26358501074072,23.71039338741772,19.73246565437454,14.489795918367355,11.4180597689279,9.267508042563733,10.930611751917382,11.633986928104564,12.402966052601087
New Hampshire,-3.989999999999995,-4.340348037231896,-4.14784394250514,-2.2648992798246548,-4.207895010936367,-2.0200951877313558,-0.6105398457583474,-0.715506193934218,3.0227248015657295,0.8311744386873878,0.8298308007328333,1.452081316553721,-1.8997361477572532,1.6807622310245236,2.3941855493800714,1.7069550466497176,3.7547068316299033,2.074120867551062,3.5908141962421687,2.5226727822370347,4.023226876814595,5.0541516245487275,3.426037887948414,6.436197254702606,6.150318979266349,6.872852233676976,8.807482462977404,8.57852502865876,9.18396093529909,10.877354157096926,9.67048710601719,10.812950906211514,12.746194203147853,12.121965365813237,13.945133899412147,16.506550218340614,14.585399343962166,14.654153118533856,15.20492977930639,11.850892735450447,11.79681778842953,12.072188204962933,13.017788282124645,12.910497776153049,13.166200202465303,11.881757533931445,9.27852071982829,10.54392402331104,10.434645337823623,9.83345327439087,9.457621997280558,9.533339841843196,9.15805022156573,8.686291945523472,8.9394985047159,6.176745844288967,3.4615216727050537,1.9377341428755974,-1.076949066644147,-3.2696747114375624,-1.7129356172474903,-1.972711527900979,-2.433505528753784,-3.093812375249499,-5.447287087912087,-7.364474704817721,-8.182733120378064,-8.579232525858606,-4.834975257638355,-4.7820626133879145,-4.984987847304965,-0.9403928099133015,-6.163534013929977,-4.108652108065854,-0.2056477905401999,-3.288009888751548,-3.86375190645653,-3.652944772773582,-4.513470044230005,-2.1830265848670662,-0.7879428873611742,0.04759134895033313,-0.6316454363617163,-0.8101186431819429,3.1341612920419997,4.386892177589858,4.883991948299608,4.405100642849607,5.090702361879164,3.184810126582274,3.7020202020202087,4.703744826890089,3.594964099537721,3.523234702389719,5.449763794866799
New Jersey,1.2099999999999937,1.179673321234107,1.5987048467064642,1.7557941205979735,-0.7015117083292104,0.8570004982561031,0.7668558908475354,0.5324393610727588,1.8905472636815979,0.8003161742910803,1.047637873097438,-0.4315417810906216,-0.7617187500000011,-0.6077239756910315,-0.09780907668231056,0.23640661938535176,0.26569572918716394,1.3116370808678484,0.3035049931466637,0.972877358490561,0.9421925606045675,0.9636912294363815,1.4543679843826207,2.734793187347934,3.9474963539134684,4.2903972232934855,5.291514335193381,4.708222811671087,5.331587316434387,6.351113987242307,7.711988304093566,8.504478422147837,9.448539206109583,9.72705146036161,9.577536477774002,11.198198949387148,11.359026369168356,11.059177691515483,12.611287450646453,12.125074985002989,12.262295081967222,14.316285041729076,14.59507768458682,15.74266033571858,14.855919003115256,14.45151628603519,13.366128741976125,12.9427399318195,14.205797592812349,14.224184930760005,14.7272053765148,14.866731467744412,14.764237296521681,14.347763829888791,14.53413284132841,12.969313677459585,10.916145721060571,8.335768251450528,3.906407313438842,1.316775083776859,0.26820072297586106,-0.8630654234414769,-1.736366807488078,-1.9261449861862394,-4.206078461777007,-6.222308589195499,-6.760541158837224,-7.947151245833996,-6.486989599773381,-6.635169298354674,-5.465544227759207,-4.439463816214811,-3.215336679937687,-2.1040482954545494,-2.3627332527856093,-1.7139506562626905,-5.079365079365085,-5.695111997823525,-4.720656308721762,-5.690422651553397,-3.8485091148900032,-1.2020386575632274,-1.4238299100485736,-0.009731886526194253,1.1855771115030314,2.4625267665952904,3.181574196066941,2.9636478660762093,3.1035150576159567,2.987555808872433,2.180184440766145,3.0626713299933783,3.2073256633012504,0.3505050039201175,2.19846338979913
New Mexico,6.170000000000002,5.131513647642682,7.208192483595148,6.676356589147288,5.218046529151354,8.610271903323268,9.208939998145235,9.23789626669089,11.950586339629405,10.031293463143246,10.614809782608683,10.593713620488936,6.668798976491288,6.920524569442255,5.251036388760943,2.5789473684210575,2.6761619190404744,2.357026747450863,0.7731582786287399,1.011507732903317,1.445572023070738,1.0467046849057884,0.2967573827446414,0.6313039692330052,0.26628283555236026,0.07143877696815455,2.1144547881936977,3.280934525526379,3.3304622451909385,2.1202170188463727,1.8162544169611259,1.8711163862319395,0.9447068630174945,1.4680181754631207,1.138335531338943,-0.3563840723733879,2.319020093586571,2.8660006889424707,3.335392217418149,3.6866359447004706,2.6834353352612883,4.406938584153764,4.834960483496049,6.6401326699834105,6.268011527377516,5.709153890563863,6.411149825783975,6.568798208509581,7.513097072419105,8.240791310152323,8.537238792641546,8.609619425636236,10.416188947489118,11.6499411335987,13.542866545993087,15.214704143601873,14.69809459529618,14.602058749686158,12.777777777777771,10.910532698945804,9.206952743074417,6.572317399114929,3.4868280145641526,0.7948858140219481,-0.11605736549780367,-2.6312543682933756,-3.133407839728463,-3.630142702161391,-7.17901900572661,-4.817801798758613,-5.760191436629356,-3.7235885001731877,-1.4350858369098747,-5.3233963268565345,-4.216922100299258,-6.044252563410697,-6.7718964031387525,-5.739855683628526,-4.033327021397468,-3.8866551790158796,-2.2282767344555725,1.6801709996520475,0.5771507498026773,0.747011952191235,2.473128980891719,1.564409679784888,2.3002599440875113,3.697478991596633,1.8841353858107102,1.9687123947051761,1.2417297919263472,2.6694632472113615,1.2725799532910669,2.9503398791540785,5.332196808258758
New York,1.0,1.0825576689599283,1.3341419041843616,2.106530243755651,-1.0396039603960368,0.9908918026223692,-0.07979253939756463,-1.699577561646531,-0.3501750875437804,-1.4073339940535199,-1.1279696546216906,-1.698980611633023,-1.0843373493975887,-0.8242862887012539,-0.24230186774355872,-0.264335095567309,1.1571254567600493,0.152037299817561,0.19228822993623895,0.8664627930683064,-0.24081878386513636,1.5889080052626186,1.575757575757578,2.2637695805962554,2.715751357875682,3.596333931061964,5.37987271280827,6.413677240834084,7.1484528006267105,7.664198480623136,8.058884589978302,8.673848439821684,9.532078230670802,9.047874240800295,9.379093528949433,9.912835412749965,9.595327492699207,10.328446228192306,10.387225548902189,10.348312859586379,11.229539398553484,11.707498144023765,12.23781281643282,11.829775241316137,13.141683778234098,11.31122482886955,11.257894058512694,12.26688508064516,10.816696914700541,12.13206758612454,10.894874022589054,10.791851394578815,10.066601157331585,8.561844417230171,10.153556878721401,8.058960591632067,7.092550342227945,6.6457403501888335,2.460881934566144,1.6734636478694946,0.5233419785105706,0.7312362030905093,1.0458605210791756,0.3734439834024907,-0.23036166781847497,-1.9266767109528369,-1.8868788642088412,-3.711359147489786,-3.4079889171092232,-3.877845537917235,-3.6642860477057346,-1.2879835901349943,-1.3720896878137288,-0.23246803564509386,-0.7946506444422843,-0.768375779249023,-2.6078526417838215,-2.3349514563106806,-2.1588355963661305,-3.204441414239803,-0.5474815847103296,-0.23858044634424663,0.15475239616613534,0.9458643590259587,1.481333199879896,1.594340092671012,2.581867118576487,3.3742025518341356,2.184633593056518,2.6433230346721666,1.7929157961226363,2.1985439467720953,2.866657014622845,2.3650262780697506,3.5417661097851965
North Carolina,2.1200000000000045,2.0575309628445884,3.625801282051272,3.16393118449674,1.8899334116725348,3.611274221961242,3.189638507635813,3.479010925819432,5.151369533877943,5.006139605176156,5.732484076433112,5.825692321941286,5.575358742345315,4.551587658540975,4.2434443656980925,4.148433397514436,4.648948143017912,4.869654994407637,5.048015636950792,4.495798319327726,4.161151555261418,4.7009598818606975,3.745651646306941,4.44712505026136,3.8837264712890276,3.6201222378937503,4.249844042420452,4.072990452725587,4.365443425076436,4.552329098608576,4.315954820854222,4.46104904934527,3.875173979928226,3.8116591928251196,4.151728094077148,3.7181303116147313,4.3300423131170565,3.5741656796488503,2.9191049913941542,2.458176852167991,2.3793429768825267,2.596528992331504,3.0905077262693186,3.5388203932022675,3.446454509441436,3.409388932598996,2.971903186035938,3.070288362512861,3.14015828440132,4.710880040578244,4.940449933833262,5.845250733778813,6.949257425742586,6.04299122010293,7.289977781781053,7.970971738745643,8.181449979748878,8.199623137098163,8.154698606369298,7.857923497267757,6.808578916403696,5.783946382394838,4.926516249223754,2.153207011855305,0.7561342013019626,0.8580693439760534,-2.318011442099028,-4.141248822099883,-1.2573927737190005,-3.9867438294504494,-2.953650408966977,-1.8884519867549698,-6.32675659351721,-4.409870691875741,-5.650070235679732,-3.2484311554078977,-5.593466229649145,-5.7289140393425075,-2.8673835125447966,-3.744481386602717,-0.022766078542966445,0.8232334781614602,1.0218563724098682,0.8380520951302481,4.537174086303085,4.791335903833062,5.428491149199228,6.693620844564234,2.7991068997440585,4.745414209187819,3.2141143862267323,3.173684210526316,6.27748053186417,4.819712780245885,6.780623838050002
North Dakota,2.010000000000005,3.106582758965138,4.673748103186651,4.76758045292014,5.175963140868543,5.832203061422201,8.553203827196283,8.352294273795982,7.437785441327234,7.689491028927138,5.546652421652425,4.602327412722015,6.1074000173505745,4.369262155729344,1.3074652045550377,3.0614805520702606,1.0792249202845172,1.0506597165662095,5.037468776019994,2.6215404593783007,2.6207231254549943,2.8290481179979086,3.043995243757434,2.728566909205939,2.3173327027666097,3.6682865652923597,3.184860373874903,4.665486180614368,4.437254448809791,3.4779978829578275,1.9756952210542054,0.6031629275469081,3.267684590986212,1.943591991816452,3.063313349904955,1.3599473568764973,2.7857142857142896,3.0103211009174227,1.5818968574874015,6.412753372285953,2.6337734537873465,4.856665738936814,7.23463687150839,6.717733188720171,7.739183424741017,6.429993364299932,6.2386038030737065,4.9545829892650595,5.134489693313215,7.04532701539997,7.288218707858291,7.625733825576483,8.817024329009506,7.350457219407073,7.347311889390381,8.30006185682955,5.4603383871676545,7.888882860398237,6.828463462664332,4.937951087803101,6.787165329721848,4.123711340206195,4.478876046233564,3.1172686788718513,3.1120433149602436,2.2168558319246436,1.7500357636736388,2.5623800383877176,0.6528217985713723,2.7121527121527165,1.2137969819102088,1.1088238046224406,5.931287305541183,0.6900358818658571,1.1436773625966563,4.136782194252926,0.159723146545993,4.253472222222223,5.896355978758467,4.296822928238163,5.798449612403102,7.971427319339146,8.840567179664543,9.232276755282886,9.190252888963329,7.151554509294587,7.486992095960597,5.569640001560136,7.465777062003899,7.473484848484856,7.682359027418528,8.92599844829496,6.247769927924067,6.28414337574454,4.687553618612939
Ohio,4.290000000000006,4.235855622949195,4.923867905873052,4.929095354523234,3.682040464090506,4.416674616045021,4.673954014323401,4.902600428744516,5.225191898640531,5.326146537547975,4.735325891249555,4.424700133274103,4.737212163824926,3.7991152745251062,4.246175004297746,4.407385348421673,4.296383317949152,4.972006350798031,4.337071240105545,3.903512346182061,3.2343712285783215,2.8180226078649833,2.947684526631898,2.8156862745098064,3.382433169667215,3.4221121090120903,3.515774928993616,4.302387672591339,4.485488126649067,4.761191795178908,5.005561735261402,4.52717033569809,4.06926406926408,4.151779334000287,3.89830508474577,3.7923313741953657,3.7922906267332213,3.663807890222987,3.4257748776508916,3.458271538357823,3.840758800347338,3.1901515652922057,3.588328075709785,3.8509154883690604,3.3384793516016966,3.9830671541273865,3.7178023093515957,3.588907014681892,3.660130718954245,3.3987169997532636,3.3704428676290794,3.0890369473046606,3.098540803458834,3.2034838632703004,2.5622817918219916,2.749706227967102,2.2773603587861824,1.3815028901734026,0.7442880221555622,-0.2801921317474892,-0.5808656036446366,-1.1289127088203375,-1.6264818738903861,-2.534548999369223,-4.48504983388705,-4.99971166599388,-5.612155789718818,-6.6305818673883685,-5.4752623688155895,-4.243049654000248,-2.5226669956208,-0.1512287334593451,0.45045045045045545,-1.248811410459587,-3.6319919007845995,-3.8558626782784384,-6.511716036127077,-4.904352291693423,-2.1799080761654768,-1.785362651788644,1.3849479800026907,2.922910760091814,3.0809504631494185,2.8470226558845093,3.618311454654499,3.4498589886534994,4.030735169629484,4.8346221326922,5.350482315112536,4.463323400748127,4.16875312969454,4.692245707555936,3.705286289830297,4.139102992049519,3.89376276889798
Oklahoma,2.6700000000000017,2.1548284118116627,2.1278701504354625,2.8352037802717023,3.0486023181065502,4.951171874999993,5.572245372613625,5.925713191652319,5.850661625708883,5.480599236996372,4.185790343308246,3.9945774966109235,2.7145280828645473,2.1347918136908977,3.3920704845814926,2.8156774137481615,3.6338346518299507,4.042148903092064,3.3404345973583314,2.9245203279519854,2.98632665044879,2.6896895234932834,2.581017564113144,2.9399687936273287,3.404740571800934,4.0905416329830135,4.29260450160772,5.719984044674923,5.655769988184319,4.815159987573795,5.796207800215802,4.21823121038334,4.3241631253261845,4.505038529934784,3.664578172810725,4.337122583447962,3.666118773672547,4.041406693136711,4.167545154262426,3.435114503816806,4.156900592858128,3.366498568897368,3.1844555390635536,4.287151962428705,3.2497187107022283,3.916139240506328,4.210801621550933,3.486875965002584,4.442307692307697,4.434716406547398,3.011670222110686,4.4821583986074724,3.9035168477260083,4.507624081161525,6.584236813253747,5.819003986434225,6.804891015417337,6.237284194617212,5.1088633636207765,4.784931121731807,5.718710248326975,3.5729919019479106,5.382482466155605,4.523502897617503,1.3549568401778724,2.218817687146715,-0.6552133312696745,-3.095641460033883,-0.7587488386497362,0.2739159646493365,0.6283755712505235,2.3468955287137145,0.5617100951786467,-0.32470879290795995,-0.40253909273881466,-0.3209275842434932,-4.323765192655798,-1.0393505351879575,-2.69444012643143,-0.020771667445600064,2.9839450781123205,1.128644581460966,4.632834549230533,2.9657715680673182,5.784473255997066,5.151389893562055,4.0612753829711385,2.290153349475379,2.540564680196499,1.7001621541939012,3.4234851078397806,5.63665055725417,5.96177111057343,6.638643281635025,4.776091171324535
Oregon,8.36,8.09458398744113,8.58712413261372,9.292833412434748,7.881136950904398,8.577652718525917,8.795597763379778,9.770713913496614,10.230966638152275,11.126901855876945,10.833741230217015,10.087823403750287,10.360080707744835,8.275031971714435,7.861033416752523,6.820468592784253,6.455242247380618,7.3716389911762565,6.953732769209771,7.286550494516593,7.2792126296320845,5.713731072861403,5.365915906335735,4.226765332998859,1.9826365371590413,3.752218889637017,3.3728957248395433,3.507821901323714,4.805892652297294,3.752212389380539,3.380001171577518,3.22618147997443,3.6810876202546154,2.4849311952689503,2.889845874886686,3.8630476405000476,3.8004222691410177,4.899295344837159,5.386055733010243,4.84168293211885,4.929879027941339,5.294615465989628,5.654264214046819,6.040233748771788,6.570422894454928,7.10805244386397,6.800870511425463,8.13947817605462,8.850701258915326,9.201763436825816,11.739915713425644,12.667989537295934,13.667546174142487,15.744717402508158,17.90036472148542,19.088980506744573,19.2393995666976,18.107606679035253,14.3143389461103,10.45307878461953,9.564907043898648,6.751492302858941,3.3211353362649563,1.3876209603797707,-3.144896206580001,-5.344477471379388,-6.949611595583209,-9.220241311003068,-8.411043507506037,-10.68619220843827,-9.43577277379734,-7.376181974475965,-8.442382160502076,-3.9232750818074154,-7.678180405453136,-8.781010173121532,-9.191672439566844,-11.467806804594371,-5.363427697016061,-3.1070240657405583,-0.6424154822131191,2.8198412048784425,5.4733608214083675,6.251766891482557,10.963388022306622,13.155276041873973,10.692932699678053,12.372192025542596,9.58519975235808,7.506683551428181,7.239803337719003,6.923961574888388,6.998770396464058,8.399319416268574,10.060375165466686
Pennsylvania,1.8400000000000034,2.2989659672723683,2.0522574832315517,1.5668385561285187,0.5695208169677909,1.1776251226692724,1.3144987247400466,1.718414372192936,2.0894356570982238,1.5421920465567445,1.9558481797056506,0.489537339220571,-0.5068859984697792,0.16238418187028533,-0.3988603988604005,0.3534243958353277,1.2880899740459517,0.8392141903490324,1.29672006102212,0.9328003045878583,1.3571225206415416,0.8416871571779844,0.6400602409638619,1.5560165975103653,1.1423220973782762,2.3164212698114968,2.431724653946871,3.101495032036404,3.7307905943343838,3.528872593950512,4.43754565376187,3.854814014230389,4.310575635876839,4.842850818946435,4.485049833887052,5.18602029312289,5.60403832991103,6.029386927883803,6.7776755083256575,6.785390386676564,7.129547111723229,7.343102899012423,7.789358200767975,9.249536751080905,8.976782878318087,9.177919572636894,9.6401308615049,8.374558303886921,9.3615544760583,10.417940876656463,10.616006896094417,12.207368764264753,10.984199505044739,10.813638601674066,11.413499580386057,10.286511303539267,10.766152086906795,8.12552068869758,5.810825352415788,4.5159930442114105,3.2467867650854387,3.6316005753030582,1.9220990542052279,1.2655036805485484,-0.24497550244975955,-2.3791821561338344,-2.6342047495509884,-4.406273338312171,-4.585776574951137,-3.73698908352373,-2.966796474687432,-0.5572916666666632,0.21010610358231205,-0.6487683949575346,-1.7795849395363599,-2.1892840307966304,-4.020337561589258,-2.341261414313031,-1.2526881720430174,-2.4631860776439063,0.24575391840969285,-0.0815438977983024,0.06533456743072062,2.366181718363987,2.424275441272602,3.416757344940153,4.65748952608956,3.3411991848117504,2.547736822509452,2.835648148148141,2.0483493631401077,2.190046188177902,2.8060165975103715,2.2202895585000273,2.638952570176783
Rhode Island,-3.8100000000000023,-3.1653349723417366,-0.9288248799832878,-0.3326057582371824,-2.786152406695075,-1.2800169258436558,-2.1489518592647276,-3.754301804150583,-0.8982996470965707,0.2357479639948704,-0.03229626439875244,-0.9318452703434819,-0.021581957483539464,-1.6570451143895781,-1.5399526168425508,0.6781144044624197,-1.5110631408526773,-0.7826937710620707,0.32811987312697927,-1.846822379141774,0.31780821917808905,0.36156458858332235,-0.4687670336858245,2.401770890979526,2.2066856019226524,4.006550218340613,5.432639649507128,5.4798962386511105,6.61607524583155,5.31122074105175,8.20693953874921,9.181268572599645,8.080200501253135,12.698096282268509,12.000768049155146,12.745190051618957,14.284389203227892,13.186521623772895,13.989370821189775,15.275118621493377,17.457998539079625,18.39349898421629,19.920288765227863,19.64904679376084,18.93311221669431,18.677402323125648,16.00300997052738,16.555012372502873,17.168254706019045,15.693471249026805,17.946916049516183,14.887116818558411,14.979917687310959,12.199577004422226,8.643842522572076,6.521837111822237,3.0188028290495086,2.2148916116870945,-0.5863741826618919,-0.6177540831006212,-4.089919624916268,-4.631376000670611,-4.710175676822539,-5.6837534059945485,-6.1193313255641435,-7.9458556737276895,-10.54506590666192,-11.46120164311832,-6.22530103677531,-8.617397116394542,-3.4697331740342485,-2.3962475782604207,-7.892910262766479,-2.878637479755494,-3.7233768242999323,-3.672168825741747,-1.9593067068575813,-4.583109198493819,-6.545610370132304,-5.330513529635044,-3.250247062699016,-1.1331604464990364,-0.3610935977531928,1.4205521823805645,-1.3676086709794555,2.588812225580197,5.5740911182696715,2.016265672653334,7.709567918992007,4.235451058862767,3.0458235710782997,5.425455350716941,2.4571337001228537,3.039513677811544,4.0609137055837605
South Carolina,2.780000000000001,2.5394306120424583,2.8715216104203636,3.375858684985277,2.4323798404358823,2.1379510496275453,2.8297362110311775,2.591608126067961,3.5239361702127603,4.565258571699193,3.0223880597014876,3.0535763856759615,3.7159372419488133,3.0615942028985463,3.8844621513944277,2.7386190176887824,3.40587402689313,3.8583230796273513,3.477730323367903,6.572277573850722,4.508512276499269,3.6219006516036227,3.9336253369272254,2.6406429391504007,3.5363457760314403,4.687627603103303,5.2597455223275755,5.289229785874085,5.360531309297902,5.967704189094317,6.059439482599326,5.55471239945363,5.515533543448915,5.315076560659598,4.5154264972776765,4.219985621854784,4.423582959960172,3.355235565497002,3.507675210113226,3.2696419948955016,3.704964925423958,3.0907615311781367,3.160649577237941,3.9810299913165315,2.213173967294921,3.516368168995595,3.6492551876666974,3.0127834521744887,5.088666152659995,4.505988972685223,5.968369524287681,6.5228236467946985,5.88163365125948,6.973923590054579,6.686408054486225,8.734340241189566,8.644185240789929,8.520408163265307,7.05007216609305,6.223753634112201,5.384002125963325,4.9887687405317775,4.547811657332509,1.4951849974657823,1.9265684890054435,-0.8408796895213443,-2.8173205694162027,-5.058676654182269,-4.037605145967341,-3.888805258668272,-2.470269994385752,-0.9467704607616302,-4.161080746622663,-4.891928578886919,-6.80831022031503,-4.502973661852161,-8.064776456663264,-6.41159356644891,-3.3636567834681093,-2.252001779359437,0.6086142322097332,3.431286292451167,1.935033993840423,0.4152682177598374,4.775476966030717,3.8505160485425836,7.251168623874131,5.970994788125986,5.196247154832628,4.057227106427132,3.7525247156372927,5.810969742328667,7.2879835347511746,8.228379513014279,4.959016393442626
South Dakota,7.430000000000008,3.884063628379042,6.314870501503532,8.639203436157759,5.2964721213813615,8.745890089243778,7.189781021897819,8.104951028843557,8.407001414427148,7.351416724257076,6.477698331630916,6.682736264649648,2.6747125499469964,4.812102679649154,3.3975537612918694,3.015192832099731,6.290207290922099,2.548944337811895,6.20844286376991,3.9555286643472924,2.181872524844943,4.694167852062597,3.071995341049719,3.2739177882866497,6.559414990859231,3.7113844393592657,2.528427148809933,2.7897146882705237,3.472412846555039,4.012962835275456,4.732382723703248,5.565074360907412,3.415572357076539,5.004971826317542,5.72875559063405,4.278387327144065,4.162124030013455,3.857323232323223,3.651632970451014,5.628190760801887,3.8295776382218936,5.112151237006867,3.0308486376185226,3.2182011080985546,4.239800759013287,3.221142724959532,6.570746199102931,5.293513019643662,5.961658797428761,5.636170093562665,5.7392730254167805,5.298551982211622,6.388575723412239,7.011402810925484,4.337037994313784,7.864647713226211,5.116818892869766,4.966050453486634,5.583630598493861,2.9651912333476482,4.421295185060731,3.168232683318385,2.9374501431185727,3.1673158968651514,2.7721588819418908,2.132723112128145,1.7231161963805448,-0.5843484514766086,-0.4741668530530093,0.19268686144470643,-1.066547165583686,0.913324591942854,0.04494584026248115,-1.4356634912115962,-0.79720976581964,-2.7734217482862125,-1.7116671907992282,-1.1434794445956902,0.5981462033697102,3.0414746543778777,1.1929792485601907,3.621591847975758,3.2271241830065427,2.6610017889087736,5.271240796783964,3.2735326688815,4.911401310293272,5.380091483336961,5.187505363425729,6.622630179291425,3.063704945515508,4.696155436130627,2.45563940444625,2.6792179580014466,5.046561750233824
Tennessee,2.5999999999999943,1.9365142743062465,3.7590986140193396,2.9405979543666354,2.1247563352826577,4.484919702311005,3.8535460311358745,4.824687111875415,6.337087230387479,5.87628865979381,6.042379938928474,5.37732409770325,5.896607431340866,5.275736921306549,5.270506108202449,6.244594360837223,4.94957199762692,5.414949970570921,5.4791114058355435,4.298274177792251,4.578858111927644,4.291297758634438,3.0098231827112083,3.0752419606618777,3.1583011583011613,3.5717017208412907,4.279829111992664,4.581250946539461,4.656037128527584,3.8251366120218635,4.016387446045804,4.127145029324443,3.2544167083899658,3.7695590327169355,3.087635391756918,2.3016480077880552,2.736215018010521,2.042494859492796,2.046803575083578,3.0519303969548726,2.7981929741757168,2.854648038688877,3.6905796616968716,2.631752522920639,3.4697625606716462,4.042316985567817,3.778451221871162,4.9807197943444725,4.354992076069734,4.958573939241781,5.691208449829156,5.203550658096113,6.821771352205072,6.4166965673962375,6.648639115866188,8.018620890311318,7.893090702303097,8.322562517561115,7.424760224892514,6.561439422507141,5.6712169925683975,5.218925088192573,4.263943763148444,2.285020979728027,0.3242056960446792,-2.19899418203332,-3.6318897637795255,-5.095635842435626,-4.3154022074177085,-4.310344827586212,-3.1610662853641087,-1.6404541193625692,-3.4136963524888397,-1.7596543912333402,-3.5701102146284773,-4.161592629851228,-3.975469363602123,-4.670992652973673,-0.158591272011386,-0.19888403955581746,0.661064425770312,3.049054905490558,0.8654214821712289,3.592582341544412,6.194345503116649,5.742985042035147,6.326364376866687,6.647429731751645,5.560505214611386,4.914816726897269,5.418794688457602,3.8881651468082925,6.1165723364114895,5.683495718925308,5.343733346252605
Texas,1.8100000000000023,1.489851014898505,2.516728253270758,3.7645174209050913,2.1412434927806623,3.4778325123152722,3.4583536288358467,3.685835584716319,4.4138859505721735,3.99885746929449,3.2391713747645925,2.4474222966685373,1.9708970344446495,1.8676187860477818,2.1798613644655243,2.4797892633299936,2.5108381502890182,2.4175429136335023,2.3832901901276458,1.8702357737989839,1.6828193832599088,2.167427167427179,2.048823016564947,3.0366309927782082,4.34970973052596,4.526324830370176,5.766766339171295,5.987164330349605,5.770987295524361,6.491372226787175,6.179321486268168,6.804238706079202,7.159679698539806,6.959876543209885,7.295549638645876,6.728832525177158,6.146520146520137,5.677391429808112,4.729154849688044,3.963094988467195,3.443991993926433,3.420028670899031,3.1074402545528423,3.260723409977137,2.9690419001868276,2.3432343234323505,2.3900196979645347,2.2071749462855563,2.5853690144495434,3.0119316349564573,3.276901372322697,3.567333418269858,4.023496715512889,4.551715502128731,5.302701024526539,6.058555787919789,6.460622988645342,6.2937900473082165,6.356506869508816,6.466392159137044,6.308104716819695,5.9830985915492985,4.989743305427732,3.8402876130297323,1.88851333226032,0.7335743142674864,0.5755927549242242,-1.3061952473377796,-0.9372860828813655,-0.7071240105540915,-1.0868423816024475,0.744126714149041,0.8292138414925863,0.7493622448979574,0.15393598386327326,-2.1842355175688435,-2.3670198745321365,-1.957060716358063,-1.45219419122324,1.0625674217907222,2.6673866090712735,3.793177660604747,5.684629450360328,6.697977264236528,6.353213421689288,7.044735887201288,6.8444353976896934,7.40796318527411,8.35723469488676,6.707021791767552,7.4252238521623175,6.766637172262843,6.909456005841541,8.259587020648976,7.5371314564398135
Utah,6.109999999999999,8.00278357689631,7.8962875662934655,9.998071731585041,10.979172556780705,12.205449189985277,16.30256690333151,17.004119554737493,17.212975543478258,18.457752255947497,16.240118963763024,13.701400853996548,12.613200028979204,8.621883656509686,8.4163748990035,7.965476347344843,8.170355120946981,8.708957602805226,7.663644267792822,6.993348385915669,4.377304627096476,4.2578147909213655,3.3283341024457664,2.6464381452118784,3.8461538461538463,3.673285706249649,2.701948305699773,3.8839806634439125,2.9519890260630977,2.349430276722726,2.799369462412353,2.0378690629011564,2.185151628204442,2.003923023909241,2.6914128595600695,1.7927347067148856,2.190580503833525,2.240008315576115,1.2048813140415033,1.7972089190998555,1.4188740876843777,1.0980073200487985,1.607733401170184,2.524281667341148,1.6707765084796904,2.9666130329847173,3.455009764158032,2.2154240884196033,4.385487303865755,4.790506885438032,5.851604472193976,8.008302761150803,8.558964389017977,9.748823337527373,12.217649748513946,14.516201117318445,16.10902419847995,17.213706424355664,16.966832369000088,17.14865550481989,16.522458806711317,15.551530519833365,11.68745210060615,5.446913415731074,1.5755149480209192,-3.7212364411561865,-7.080253267209378,-9.367496524706173,-10.889326806941705,-12.2594510110384,-10.942902218790916,-7.871161153135561,-8.150235411613647,-4.7984858606101115,-5.325845237646525,-5.459911460895231,-7.393887616014909,-7.893813589053901,-4.777450433951748,-4.362442968062117,3.107309095483707,6.923988488234293,7.6176937871059325,11.156678942082356,10.696274605498623,11.039423685877132,11.402486402486414,8.798283261802577,7.664045852009704,5.18304637650163,3.396687009590239,4.491504896363202,5.518018018018004,5.730843528654226,7.3290836115889295
Vermont,-0.37999999999999545,1.2502520669489763,1.3922764227642177,3.6595310907237546,1.6964464966874098,-0.029874526986657175,0.6214292873609347,0.08850427770675919,0.572500246767346,1.6435899990038905,2.1217252714413743,-1.6407938691294965,-2.31622337815291,-0.3430027440219605,-1.0534529847834553,-2.3174508041154662,6.4302220436049495,0.7965384993608047,-0.00985804416402889,5.143675222415366,-3.511753044463337,-1.6097560975609813,1.2422360248447113,0.2917720287881846,2.9351335485764607,5.086762518591978,3.1940792676989007,4.703258339798288,2.2906567816747563,5.2462728816757895,7.879588562800787,6.196165601555985,9.914514030849286,7.530930607853676,7.627711686494064,10.265131693703132,8.479161383041665,11.355677838919464,9.135240572171647,8.510638297872333,10.34912718204489,7.0455226115603455,9.21209413166518,8.70325825497485,7.203389830508487,7.141358326921737,8.421411524036818,9.40119358948569,11.067193675889316,15.837576707141917,13.937106918238992,14.967821023597908,14.30604982206406,11.412308385933272,12.695959372930007,10.262835208188942,7.746990452469908,7.5674035105468205,4.310344827586213,4.994681365438551,3.751504936190701,1.9468610392663936,2.29151014274981,-0.7091871977895428,1.0118826587448975,-2.384796346694953,-4.232464193903782,-2.2216038217151435,-4.723830530282144,0.30242888195822054,1.5914102195379125,-1.9637605540271257,-0.19291984180573246,-3.5286912277395555,-4.581485326035675,-2.4095219663247622,-0.8939789310911347,-2.2464228158421755,-0.4796518815210399,3.108577094695097,0.6875030474425845,2.163161312884055,2.5439729702871934,-2.2887916526422036,1.6174334140435853,2.743276283618589,2.2046709952514836,5.718222528418879,-2.735417460922612,3.055542334967392,0.7301000331863613,-1.9038309360890022,3.9735423811857005,1.163811019258306,3.8170094601590874
Virginia,1.5499999999999972,0.703871292106589,2.1609613248510557,1.2170790103750988,-0.28557360905956874,1.697453819271082,0.8500543639418795,0.9264734870885196,1.6689709658305332,1.8753068237604427,2.430657649710873,2.7929687499999996,2.1078193297717354,1.4745566692367011,1.3395847287340843,0.57001710051301,1.7218417047184191,1.8425301548105213,1.8317439335284655,2.144341583223121,2.0948283924062423,1.8651496782616805,1.7153453871117372,2.774438176269306,1.7953650270220698,2.993683054106011,3.172288058340934,3.4464141096013665,5.6150454422748215,4.888888888888889,5.8225834953171836,6.036882393876142,5.5124818948623995,7.347457627118646,7.756533355598235,7.817883511074653,8.947028423772597,8.881345227757153,9.406477607314416,9.244464734078981,8.664393714793972,9.273491879350363,9.050991501416432,9.750661652040673,10.183479980901696,10.059053811956735,10.878036108585531,12.177941363117144,12.479881143989104,13.37191776692591,14.818719615767595,15.387226339310962,16.351128233351684,16.52220154214304,15.96184257511605,15.110065205667498,13.594437349226625,10.916392844103681,7.1441140242829535,5.762596362707101,3.8184468040807773,2.4934167215273217,1.2933158154048308,-3.2538659793814375,-5.182095299213857,-8.522681653954232,-9.569940415872892,-10.5935730935731,-8.769035532994932,-5.50313775398253,-3.469296279695196,2.0205782392103933,-1.4095609032317857,-0.42260716110157664,-2.595653789004459,-5.024414730981605,-3.9129003433193783,-4.551814196436895,-1.4349048958383082,-1.1627906976744262,1.5417747540502207,2.384442489983385,2.4037531437415356,4.462809917355375,4.261062373469586,5.607521236995323,4.722996268832948,2.9830603127326865,3.5228848821081717,1.5951918297257,1.7228160375231234,3.981201138777171,2.817970703822795,2.281825460368293,3.081356683662154
Washington,3.9000000000000057,3.679825431462019,5.6184236648798995,4.436893203883488,4.3599615014436965,5.022481584234191,4.887218045112771,5.43831923398718,6.160656644839982,6.604117325560212,5.681003584229394,4.752248280726504,4.439232038919294,1.6320601555156768,1.305748685772432,1.1951855904385167,0.607220096489772,2.3541281318311733,2.5527284901238674,2.3704566248024572,2.8606862339809784,3.474618038442586,4.929405043662769,5.606109847253812,6.446427136082317,7.6049853139636525,6.688963210702337,7.408832128019714,6.750736238012534,6.123201770564354,5.963403076474454,5.959458491512064,6.033811982740327,4.893986791797005,5.063639490884082,4.58324883390793,4.776517678452299,5.016899728278893,5.291074585816243,4.776678947708607,4.864383038329293,5.256847153855852,4.558741215249713,5.9161011721159795,5.464480874316941,5.653816176029743,6.953366642874135,7.292212708952188,9.142199194012681,10.912495743956413,11.456537456203767,12.887465392758255,12.933853782044508,14.648247633665912,17.199740531909587,16.87905746573697,17.53386268099019,15.878257765083903,12.985354223433243,11.495577041760953,10.5309171832777,7.4327967341908465,5.791694928027736,2.7934610133215223,-1.804846480189826,-3.7819042156581424,-6.749777382012463,-9.663986214819076,-8.278412419449332,-9.89903505830633,-9.621848739495798,-5.9489747257987595,-6.259231168416422,-4.106020509427723,-4.234816787118047,-6.570329995352171,-8.210194608865988,-9.978008710275532,-8.645571296173706,-7.484623733719252,-4.333101368591976,1.120850696939217,3.6763285024154655,8.99936452070196,9.490325396440518,9.21320638529676,11.08056474535202,6.753968965826533,7.197271680396847,7.061068702290077,5.058937035949496,7.410519240463794,7.9370325992645565,8.791119753686605,9.399081653024565
West Virginia,3.170000000000002,7.197197197197195,5.554447546868761,4.135993800852393,4.6040515653775325,4.155383322439072,7.2744449692961775,5.394846990977581,8.107857672349889,5.271651425497574,5.77719066490533,7.21913335098402,5.948401474243592,4.138988247317322,2.572641745067025,3.6463906494361735,2.2894587816519687,3.361138370951913,4.001623376623371,0.44472681067344527,0.28472002530844626,2.9353588100324344,0.9755716850074144,3.0360531309297825,3.2492113564668696,2.2059953881629553,2.055959189982993,3.054020871700444,3.0858539566147423,1.143114988343243,3.1960012117540133,2.2040208488458517,1.0151155898043898,2.7660049074280604,1.7539997064435746,0.7139734809850052,3.183451918139789,0.11576586354098588,1.6444284168770293,2.821180555555539,3.191867491291682,5.362434053624331,4.108422621159435,5.058393133530341,3.82336731882062,5.432471362919278,5.077699018538706,4.533583338913803,6.1707915864906,5.191594561186643,7.614970487124609,9.91031390134529,6.480844947190804,8.336941060053181,7.648725212464588,5.373899865943929,7.671088155886838,5.383341896443459,4.591265397536404,3.523424968195146,4.666121559007905,2.9902491874322914,3.693790149892921,3.0775806796323955,-0.3541482214467884,1.7410056806227658,-2.472896231285489,-1.3943603566245066,-2.7334970992526095,-1.7577418187458023,-1.3657297125615289,-1.6874310045734005,-0.5803331542181538,-0.8577593011629719,1.9320560296248561,0.6576836701956955,0.42698086693330023,-3.519108280254774,-2.358763755067666,-1.5139442231075666,2.7608847747699237,3.867524894096936,2.210838500943663,7.12513484358145,0.6127579344296722,3.1514830508474514,3.249802163017671,-1.480288001611211,6.813804591119657,4.5288831835686745,5.513259414439728,5.340624520876996,-3.2456140350877174,3.2470403301075867,-0.08232445520580509
Wisconsin,5.359999999999999,6.757692688235889,6.277372262773725,7.483846079660532,7.849278663629457,7.12696941612604,8.287545787545785,8.326603858232392,8.474874592977216,8.33117051648066,6.756871035940799,5.972003644495977,4.713613499918861,4.064845871266574,4.586501901140689,4.2832577770830005,4.121794375145265,4.543012815593575,3.574945088237521,3.1254684455104305,3.363345487015411,2.5178007780958724,3.5539305301645436,3.3650701359110364,3.34749118134044,4.1028211370471075,4.011016171174337,4.928983265363515,5.126776260796869,5.701905220441585,5.438251069319044,5.575286470548832,6.394116087993643,5.765226444560115,6.065679330328388,5.814027292922879,5.405742043968368,5.580164882490477,5.384895580378828,5.788494991302265,5.187592319054653,5.203659460404393,6.100581830750621,5.8630074846903915,6.482053586474184,6.40855212141355,5.880117276577253,6.711301553294055,6.920926306905104,6.881474155431783,7.430388185221276,6.87145510214325,5.382603976515861,6.375103491939791,5.465393794749398,4.743565658463283,5.355805243445691,3.3971248054207566,2.453043675039609,1.676979643081329,0.9331674369001042,0.9165781083953211,0.1192737553562671,-0.8996295642970507,-1.3251739015585062,-2.970470799877149,-3.5563007412636667,-3.982734069063719,-1.9809931736046036,-3.0161888396490855,-3.289413487052807,-2.6417018121147597,-5.5942464381628625,-3.5436191541940576,-2.942428686314395,-1.9469700575998494,-4.435872709739642,-4.59225600618746,-3.5044109762635856,-3.7139528109525086,-0.0504540867810264,0.29386431575213257,0.5909687847257379,0.19159985882115435,1.7920242301867801,3.829249810558228,4.283203615365303,5.057621659705089,3.7044383833374654,2.8560307497688924,2.6097842835130907,3.5255796129526797,4.853672532517217,4.276253547776722,3.998122946973257
Wyoming,6.920000000000001,4.597478176527652,4.5275779376498795,7.0742607207378505,5.087916199027307,6.630192878338271,9.149307148756538,9.102211171299174,13.314346742613022,11.79232976780591,11.022364217252408,9.311411362526464,7.555765001570849,8.572539867755722,5.91442635365392,7.088607594936695,5.7543449685993835,4.177115425951144,4.4759044759044695,1.307189542483657,1.2912581135202352,2.854195323246221,2.361073090610449,3.3905284831846245,3.9266480332674285,2.407221664994981,3.4365180183191915,2.8146574614976165,2.4926205313217524,2.0959843290891333,3.160752375412052,3.899793388429747,3.910400000000009,5.544896392939362,2.7130325814536422,5.226199353716148,3.9233801428923227,3.962915833484816,6.399072774964912,6.06508002126025,8.907722396728502,9.214897709389755,8.393532851737195,7.778396436525611,5.028297779712674,7.017824741167685,8.923093197926587,7.439169292762311,11.559585492227981,9.00613374557423,8.823386587675417,9.86199932682598,9.10315359249454,10.137700718239625,11.378848728246318,12.95518207282913,13.554127112511177,13.1048805815161,11.197916666666675,13.100588964662121,10.560449859418936,10.488431876606684,9.818050801657359,3.46705950871904,2.8787467787874705,-0.23266635644485426,-1.6666666666666614,0.08608986457401771,-5.3294222339408766,-3.0083955223880694,-3.8202322167356346,-5.87885003473715,-1.4935245787494849,-3.0982722495105217,-4.200922746036687,-2.09841827768015,-1.2334334688107473,0.04608131579880027,2.179895712630352,-0.21900692923561443,0.7836541902240026,1.760912698412688,4.213622510454315,6.40472078295913,2.211965205041725,3.3703561853695927,2.4075900295847874,2.5226565670228522,7.461442267611511,4.139580315941938,2.8357961148929176,4.901378718912861,3.5783553141970494,3.23112749854454,4.698246633730509
