state,1995-12,1996-03,1996-06,1996-09,1996-12,1997-03,1997-06,1997-09,1997-12,1998-03,1998-06,1998-09,1998-12,1999-03,1999-06,1999-09,1999-12,2000-03,2000-06,2000-09,2000-12,2001-03,2001-06,2001-09,2001-12,2002-03,2002-06,2002-09,2002-12,2003-03,2003-06,2003-09,2003-12,2004-03,2004-06,2004-09,2004-12,2005-03,2005-06,2005-09,2005-12,2006-03,2006-06,2006-09,2006-12,2007-03,2007-06,2007-09,2007-12,2008-03,2008-06,2008-09,2008-12,2009-03,2009-06,2009-09,2009-12,2010-03,2010-06,2010-09,2010-12,2011-03,2011-06,2011-09,2011-12,2012-03,2012-06,2012-09,2012-12,2013-03,2013-06,2013-09,2013-12,2014-03,2014-06,2014-09,2014-12,2015-03,2015-06,2015-09,2015-12,2016-03,2016-06,2016-09,2016-12
US Average,2.0670848689915666,3.0853612281128555,3.3371321489200563,2.747810990026529,3.720962598337189,2.092054143247153,2.6337794869043605,3.445687806279655,2.3494560637913047,4.472116119656132,4.485801728276249,4.1080373273736575,4.771395121881188,3.890485876905615,3.171533553232625,3.4265271979674847,3.5493522291355335,4.841446337493565,5.0415516136640335,4.410448078622756,3.5219899253248337,1.074447309862037,-0.9357429178332235,-1.3327378189053254,-1.5830358270140552,-1.8561828120627695,-1.0803471180272783,-0.7943867844494779,-0.8673076927228992,-0.31600986098487716,0.609008617402812,1.1469525114960781,1.6714125630777925,3.554094500406578,4.593668736893628,4.878046559088887,6.244977957999913,5.487440880779613,5.363009110866586,5.361797029887016,4.21095271476163,3.9790122297815937,2.739143166985186,2.40312913181054,2.454238270026162,1.822343207033244,1.716252416510156,0.299090968828241,-0.3585551473557429,-1.3327359720881196,-2.3781893321341006,-1.793338364029461,-3.5049973880806973,-4.737394906906292,-6.082691979716777,-7.999426668525588,-7.873293997407357,-6.439113255220243,-3.3069818353735245,-0.4553059817332299,2.103240432780909,3.5940791056874497,3.1409008115924273,2.08695281291031,1.0498693595875126,0.6620908403410193,0.04989111745463304,0.4487632084736577,0.750375720327183,1.187008844883168,4.028948858046222,5.104287811453501,5.9558096663785625,5.192927003447966,3.168612878334013,3.21355218037733,3.638844039606036,4.694425652498468,4.904981620544138,4.575237821393089,3.4862058371397,2.5236286259359706,1.3261881195484286,0.8584494781257987,0.6844995498473002
Alabama,3.096687194002455,1.8907622252050247,2.7829377714367367,2.5546116670924084,2.907609070864463,2.4674326850644666,2.029671299079966,1.9474324229312383,0.7299916644353625,2.1241627280362048,2.267773625512294,2.6351522407040884,4.277384180042092,3.362477114734689,3.12204346692131,2.435279522118781,1.1003033974220444,1.8355640063637177,1.262672025246609,0.5450851785739136,-0.19670624243190324,-2.7693305360526255,-3.251010460772149,-3.072844351953889,-2.7595086872893413,-1.6712013618762942,-0.7071510827269656,-0.3289208602551291,-0.6389645771719844,0.29993879772319887,-0.2639334611850953,-0.08218553874113783,2.50077696094999,2.3692908671754918,4.403867138285988,5.061744370809648,3.1653887985222484,4.728393778922436,4.153185353980421,4.080662539715701,6.395602517628254,5.24612447123909,4.820971798172092,5.373971547431236,3.2527758053367726,2.718476713471199,1.9806804138746148,0.18463471646690469,-1.0249651384431036,-2.7237171469457127,-3.986453911198746,-3.843627386180388,-5.380319459509378,-5.663178727606401,-6.6598249377111465,-9.275090334412488,-7.807612271074126,-7.242991519829432,-4.473353070432772,-0.2953602411637865,1.8147998447413887,3.395984301083595,2.591800314650965,0.9978542096918914,0.03228061932370692,0.511379811143372,1.630404448565457,2.1310998717554206,2.444200183032935,1.1080529647622612,0.3654770254402048,0.8635013056153779,0.6575215445659082,0.9017090247425082,0.8050593602124823,0.9711948672173041,1.0814417225770578,1.9842230957514635,2.6762291934595033,2.6452398994535637,3.444889529412153,4.491072329189678,4.693386515469294,4.39888097874279,3.5937106109947896
Arizona,2.4515366814670645,3.3152521688408716,4.26186737293694,1.7668510497366599,-0.569141370863238,-1.0879114289195682,-1.4721038154729758,-0.8809351923810274,-0.004238300507546844,2.4597713247721686,5.407318891837684,2.068862030837409,-0.339930402210769,-4.004429011800169,-6.98515287715243,-2.635745605092037,0.3948334317385194,7.973593319088569,9.60260559164164,12.336135008026698,14.084326681853726,7.64115767987449,8.959820658879392,8.354809201151275,8.879898219451205,13.135175474031909,14.365969483980692,10.12806052920845,6.457768982918729,2.2939045546222654,-1.173932212001075,1.0311102941815622,3.731358939877187,6.533124116707402,6.608811650124151,6.706091535010829,6.154594583684166,4.414840954536,7.129222811282967,2.9925208455998233,-0.9409375063030075,-1.6967848907247236,-3.850826493551905,-0.6662132793823645,2.7323891318273468,3.4715137395376843,3.1095688598785216,5.372255709446364,7.00996761072014,8.07967404010624,9.539186823893974,2.530920823898885,-4.0252752315717215,-9.230433457395145,-16.626253077058013,-16.94768697457814,-12.99933402600407,-12.00888794058981,-0.041330199831346344,4.440667554407903,1.5972530877213902,2.81620678030347,-8.452650050543184,-13.324434872159689,-16.425516666151093,-14.830933360570317,-8.56093646445927,-3.688099177179014,2.352387325190082,2.668883321445606,2.8136703544228645,3.551216189401922,4.178867348563651,7.740124262957339,10.190575071660582,12.971789007925361,15.477248460096444,12.649905787544094,10.17626603228702,6.018763066706907,3.31028380974772,2.1272444895706113,1.333263641078537,2.0098291620040043,1.4433685966312726
Arkansas,2.8959135492259276,3.2516187791065994,2.760101442930113,2.5301022471259436,1.7420973976495386,0.9867153792722893,0.7805878299210383,0.7753887356636642,1.9051472153568054,3.009090222588496,3.9169154381041396,4.700603800595751,-3.1066453876845266,-3.2274657244313354,-3.3636064889522572,-3.8871724315315097,11.313420145285885,11.160475414938787,10.59904753480024,9.377411233417401,0.4826599193943029,0.02544453749620395,2.000114545493024,4.931038502753346,7.846869862629839,9.788566915927335,7.988632105838405,5.292171602648373,2.8041255968054632,0.10606901484904216,-1.9310891253551867,-1.5400462728427071,-0.781683782180775,1.9506159795450322,7.774064132371998,13.027927638442677,17.048350569908667,19.284013513354985,16.280419122953134,11.328051614808993,8.264594822989052,5.154391866125007,3.8604275408728834,3.941479141848419,3.1742359263418445,2.2491091096506652,2.0142373450757285,-0.1518489078603375,-2.404640825681212,-4.389305488023599,-6.73461851814565,-5.899641889560177,-4.773115294639168,-3.5118705813490685,-2.9122650656525932,-4.612154688938228,-6.731935639509857,-7.720258639073243,-6.336419134870433,-2.631758071556507,1.5747061966200977,2.868598116706583,2.6520223034261785,-0.1993373530530795,-2.2832888328103396,-1.5250248448122061,-0.30038211121697084,0.13937278417195234,0.7010411463678873,0.05510928006991441,-0.6608393606469192,2.8713838454407883,5.016569115874969,7.213634198275777,8.634106690281829,5.139538151238973,3.5634076960884697,2.6648592686922314,0.8932480852621472,3.0959020995845297,3.01024487706836,2.5915850842323707,3.513813798543427,1.1978674704957604,1.213956505078444
California,5.244152405155333,8.82186351805066,6.766744437781366,3.801628794505312,2.0785887939720595,2.749616686727522,2.0599957604487735,3.4570292092772563,3.5540645318069393,4.536451950855888,4.803256099552727,3.2998700234958234,2.9196759008355193,3.7778581291645117,4.653091461584928,5.577137285209205,8.083946620352224,7.369126946223574,7.828246735904587,6.928145721554838,2.7871642369830227,-0.40292786731646046,-6.612556516868031,-8.755128721285887,-8.796392568552845,-8.624521912303788,-3.697047452553838,-1.1185761547662212,0.9405144489733764,2.906448387797683,2.291122297657613,3.3032655504163935,0.20927944422625472,3.5570896453177707,4.1513270419533095,4.839533459775586,14.875619093561967,12.280683655150831,18.289948804513003,17.79487021189895,11.094292357292911,11.134904650935082,4.073385176366643,1.708477059254237,0.4547179747998145,-0.9636011584742454,-0.8109748537421105,-3.488778769446258,-1.869705278810408,-3.8364391111403826,-5.27367362132998,-1.53934944818763,-7.672686094449616,-9.395593524226253,-10.060726920312511,-11.778234165233522,-7.17234174725191,-0.5753948006349245,4.129052338935216,5.858823793986812,5.610295960450556,1.1929003223956436,-1.447702815034866,-4.330379881031647,-6.843855848812172,-7.273257875316713,-9.000476609672727,-7.367961915978008,-4.6933394032238365,-0.2128244684463904,4.423057959401946,7.76663015051403,11.178126936339554,8.21993431850186,6.536253285407058,4.274362265698596,2.3591573509656034,3.51387077928881,4.61592893231525,4.889700386988281,5.06595640977453,3.883175117063854,2.1244794034243455,1.3619217070137246,-2.372704228118668
Colorado,4.65351034223558,3.3375495904204278,4.743479776087272,5.319157111061259,5.6768658949030115,5.742517606919507,4.990903050839898,4.718479046315426,4.894444957735317,5.85993857817086,6.9505565110579,8.241192907040052,8.742451500702396,8.996038134855292,8.279047729321391,6.736882744041256,7.214002224548331,6.697636038247852,5.876045929792038,5.993724283105427,3.6785067743626785,2.888487736357157,2.1682270294578774,0.27159677889708594,-2.526501595111441,-5.044429463289896,-5.670535491726316,-6.318967754545156,-4.124000965470757,-3.6980638460108906,-4.88588454618532,-3.8129099345091046,-2.970294690053001,-1.136240651777656,1.6998816898625813,2.5666685173431905,2.2800981163513323,2.448026346788267,2.2838534651373115,2.1307675005285915,1.8877713614478173,1.9576235809608336,1.237445332215257,1.245304333836699,0.8366394321614796,1.803822100020682,2.678268454505627,3.542655360939672,5.813833628445718,2.8542664785588765,0.5531098700387819,-2.8372115706383,-6.127677122915359,-7.814810333917667,-9.512643100963675,-10.130237851605676,-10.308448735616595,-8.671326562883847,-4.717273920624518,-1.8592740929628573,1.7278769913869447,4.888770939688286,4.37817948187676,5.305129909366844,3.2008023493176143,1.6629472601016986,2.8514233443183046,2.9944681022951456,4.562209041979043,4.272254140221862,3.284306698438232,3.1981196742098046,3.2762053369361714,5.01312667069965,6.470766237156582,7.335171980327056,7.718292911666774,8.783951531127505,7.0067668707451265,6.276396778733758,4.985673418450345,1.1527948938294796,0.17623958096061584,-0.4108033691097154,-0.498938409692483
Connecticut,5.477275368432721,4.465652129870015,-5.344128675842946,-3.8550565768583107,1.8958017071046491,2.3019660910874613,-6.532528340001234,-6.401598673356883,-5.385674662225172,-5.372268130870869,15.392073345742022,15.1486349075575,14.95459381775181,15.091439686778774,3.93945621570821,3.3013273943417736,2.773513872966034,2.0033367527065393,2.7175257116376352,-6.660329227189524,-6.438549396842268,-6.870294877481983,-10.037448243446585,-2.0376551878312066,-4.158182651543921,-5.079925459299641,-5.166030247833942,-6.041591016927868,-3.9380530050223594,-3.9177839037870825,-2.9699337890890116,0.3386732435868391,-1.1926669594533863,0.9780257728777827,0.32933005315447234,-1.9481025890410526,-1.1183868724009802,-2.4899228949272034,2.3387921637077325,2.784322133489526,2.722000099298083,3.495602410568699,-10.203301248231064,-12.958656378546928,-12.240599319607073,-11.656499543064355,-2.7457559847574347,0.09569104733860327,2.0076610014649794,-0.6388145889285584,12.38182881153406,14.870291753365683,7.399074683530683,6.581547546256254,-7.93950662572025,-10.76137524563889,-8.959533392321841,-8.784786441159701,-5.599453602770753,-4.063310867004607,-2.979525961069833,0.5944156676728507,2.5802277375656844,3.2193045773315303,6.954570644352301,8.098901418216457,10.835690057254498,7.369736381977149,8.34264590972996,3.299790736069294,0.5177979931274468,5.357640180322934,1.7204327087712894,5.607363988876048,2.0848609424860394,0.035956636657050275,-0.26932892296611294,-0.4133978650162018,1.9927674485856857,2.323237390568964,2.9605041526574354,1.3467478621309201,0.9454136295365274,-0.3509790384245077,-1.5700333437748095
District of Columbia,21.150754000154876,23.091238350476633,19.195772335351684,-2.878554356112921,-10.75759133523889,-15.507994100592292,-16.716102248134334,-5.091286183315372,0.17563008125572316,-3.6994040835313315,1.5677919050198041,-0.3625183326029995,0.028223431499898737,4.889700396985569,3.422142644258266,4.446308635213096,3.8824337429490137,4.874280803261931,3.3613462566992727,3.77777018332063,4.752989341109257,6.311724433184654,6.373145869409023,4.08534522023255,-1.2164720019652524,-5.590218220059402,-5.932427037439036,-5.561488061381836,-0.6835533525248161,1.7008241525751442,0.12486956701689307,2.206139730049597,2.3171635283591514,3.5422186601948353,6.928421979986485,3.7479366551824302,5.164702376612327,7.023099860478083,8.860485118933228,12.705304473887363,8.69180093841511,6.221007569730067,0.6164894000163724,-3.071021763436684,-0.5949919563002634,0.859186444336057,3.2074366922414916,8.745338038596131,6.602851507331859,2.1235386473953635,5.199654130474816,3.250602658947508,4.01016911700394,5.665869945723003,0.04278797176404686,-4.238105624907575,-7.096389052064608,-9.390536770335336,-6.4671565612498485,-2.788659587866705,1.3547745249312404,4.899505924585441,-4.390019654127447,-10.641228647195277,-14.770566959394202,-14.093619907892945,1.5821875000931505,11.965173183046907,16.995460844031406,17.542545324172593,10.815813789791523,8.60817731510133,10.11464245270159,6.684677653839024,4.360152659172744,1.9357150805086463,0.6914116761099242,3.99770644121161,5.217407394135367,7.518311806335186,6.812713691226649,6.162406904651634,6.644406092159529,4.331075971773367,4.931191545859786
Florida,3.8896070398501266,3.519729350875614,4.398874164133208,4.237014636421453,3.994689749374186,2.9731610047530643,2.7637606959522407,2.432371736272551,1.096749713450753,4.783827740486381,5.123607935416519,6.544913992815522,9.126001479567647,4.390203900738638,2.5670070955620883,2.8632446286709903,2.994737450676556,5.722373158400977,8.198193487471254,4.584655759732304,1.2583187605759465,-2.1968600988976292,-5.212061005301631,-4.068354729532535,-2.7570744773238887,-2.5786351257206164,-3.7524962542891935,-4.85841857113355,-3.927630798700727,-3.946421356302726,1.5805424728927198,6.171955608761072,6.318659940699203,12.621918339591886,12.00070723839726,11.33254752220014,10.621417950391448,8.739628184269947,10.220053853682243,8.933537505731886,11.781681475537887,10.364128103500368,7.419890101939427,6.281340617729982,3.2439196458793487,0.5082566445064005,-2.3477864484643485,-7.124310856328693,-9.402152776083952,-10.969284707527988,-12.095482901313764,-7.791038118477865,-8.692381683643536,-9.125612405140666,-9.510506536669078,-11.1335004875548,-9.900826348985643,-7.988548016366304,-4.407604185309403,-2.7377018098002206,0.1831808421990237,2.6079571779864934,2.717563418320113,2.9346751416719723,1.8617708845047356,1.992155317073327,2.5815722689238254,4.3918536828999395,5.446949992895007,5.340595115193017,5.385244454875408,3.81021808954345,3.5051376722128156,2.593389034157233,1.7562609560772289,1.2242619838129534,1.407702756099651,1.169540998336744,0.778561728617627,1.0044140941192155,-1.0076305692139986,0.23394003135217006,1.5430967486666112,2.3263218001202564,6.264028946519608
Georgia,2.6908755340675548,1.7281048748141934,2.990631493776873,3.6747101644934284,2.7063376526517087,3.0105900997258566,1.7115629490847872,0.5070615064648983,1.2277415294384622,0.9435549892648424,0.2106703562019074,1.4989293633761291,1.5536997135128783,1.4225073059044995,7.03364894229028,4.569014485361722,7.122771189143428,7.819635536911325,3.455120943733822,5.538319998616101,2.286859988831515,2.694376090421794,2.4619462042373517,-1.2331559476559035,-2.3745314071583,-5.2085337475340285,-3.2180814110400773,-3.541689528297355,-2.642050736369953,-0.4303254625372148,-3.4471693409065334,-0.06894896001284054,0.5918137191392927,0.01545157728804916,1.4391917198760742,3.1780861672777614,3.346389035909677,4.456235167100501,3.7274920295874954,3.255808816071168,4.907070288241726,4.5299702885893,5.815449234069037,10.347583275088823,8.20718816535581,7.336828899062225,7.210325345537061,-7.017378385698136,-8.294040920315988,-9.593908774432878,-13.165547782755823,-7.293566247391456,-5.900871449969517,-8.868169138831949,-8.303882939843955,-10.139240010166299,-14.691590660131965,-12.972133170445504,-11.408049722657767,-6.636382885174252,-0.7888247674264125,2.422351187875924,3.1504073244273836,-0.06992667485336927,-0.6796710420121677,-0.9196444749048809,-0.6725918207300828,1.2578941898451452,1.0523972837622868,0.9302043916511117,-1.538915871511105,-4.549748549168292,-6.041809813694593,-8.284126862209206,-4.6470809389353605,-0.9253559860599521,1.6097564490884695,4.977745733620875,4.732755827685722,4.4992491237581085,3.908704534121398,3.426821486107538,3.172592508392713,3.632741191671944,4.279225686438163
Hawaii,0.1519135761017866,1.1515024079605987,2.266222888233479,4.2589929130035085,2.9807089331600936,-0.31170064923484886,-0.9872123596252691,-4.384051312143314,-4.6977718134806254,-2.2069383422244,-3.9147526814102758,-2.081151229893689,-1.3230639866389484,-2.470713782955143,-0.258200937400056,0.17051031180815715,-0.97474287855872,2.6314479718885813,3.1404553924945184,3.936938448401871,7.254137659542256,4.409840995234749,3.3235199118152243,1.9890629179529093,0.2553662968280162,-2.574530182410683,-3.403448016858974,0.40281969485268,-0.5896925272672963,5.108556718366486,8.701217376896228,4.283277303966903,6.013966441447431,5.536149760849282,3.7406015339774967,6.121872733787496,6.559896157409431,7.1017356556016225,9.12362826515936,9.299822060439881,9.990586608293441,8.702163646183932,6.2806639824135795,4.613432225831435,5.218933637331306,3.8741894072099963,5.784213221296483,6.53207717583485,3.7023340362173682,2.919820382286416,-1.1965141379544926,-2.5664289121717165,-4.700317899381809,-7.2885809200292435,-7.353190264094513,-9.793743428672155,-10.373111581754154,-7.532045137215368,-6.793246230780722,-2.959863896386108,0.786932205645945,2.0427131278792325,5.658828743368217,5.4841865901036435,5.680739579324044,6.006824979957872,4.984736977907566,6.950472059039546,7.648858142126963,7.341610286492002,7.382179382723947,0.8136112879642452,-1.1832102982378374,-3.1091509511175723,-5.562182167845991,-0.4998308902124709,0.9146893477841946,2.922621978671923,5.222936636070583,8.121487961680529,7.240474108295588,6.873466495465837,6.3452408132565585,0.6729372101615372,0.7838968677124873
Idaho,-1.014248119449612,1.5650919237511247,1.29239719757665,1.6981009522302786,2.212038544292179,-0.5985336646058028,1.9700280274299506,1.9595686994136403,2.0698261648847933,4.376061535273885,3.2896214305713385,3.882693673729973,5.300009573041482,5.284063153870395,5.676233071028909,6.260574606331303,4.202583353747896,3.852131640381299,3.44083761443517,2.4537220215364175,2.767280676697458,1.8346684398299815,1.220159892966122,0.2239858069508724,0.05660601923351418,0.14634890053810226,-0.13183099046341415,1.7747952535403135,1.919863372183539,1.7750387628533932,3.6478156394883996,7.084946961466952,12.123630846493393,17.423182122976076,20.963195426556762,17.763047066980175,13.402600702366946,10.120478752652442,5.220313529644472,2.0070202730748554,-1.8077763012579133,-5.897972224267926,-7.933761826932136,-7.01199906488037,-0.03476869978460862,7.635817234933399,15.317877549731302,20.628825272722953,16.891710083876863,9.809853298834376,2.0040993624159817,-5.112363206105494,-9.958574604390057,-11.242624680108221,-11.883719428914585,-12.525016270876604,-11.470055877093396,-10.112532447624107,-7.410124728335458,-4.286518017086499,-0.7465335602451757,3.31827736741668,3.279107795460634,4.234599665970907,2.975516429723586,-1.40450307432744,0.1499406941931728,0.7796935046700708,2.7898062942367945,5.9211015766134665,6.396909353601102,5.911351258848458,4.441321885059901,3.1876354049726907,2.1023301276988144,1.9159603965483305,2.988870044707325,4.793324764511862,5.765743075618607,7.018745574429941,7.08938813141593,6.171804583409068,5.922435867255665,5.715954096526313,5.204187845510274
Illinois,1.3771632449453513,0.1503659065642092,-0.7027980496017512,-0.11031492069751944,0.43910803515299973,1.0335451639011126,1.8168446581709061,2.235182974110795,2.8195409343733786,3.3846895766372986,3.807874921293696,2.5212057077748793,1.1568150727990911,-0.2146197892744768,-1.6997457465399644,1.0703248439125428,4.6785011064780395,7.356223233240774,11.037874438206211,8.156729008672514,2.87696407409821,-0.028434541045178605,-4.406170402803784,-4.176248750929446,-0.738298693398652,0.4852157303072901,2.4825789331679835,2.6215003016351917,-0.13967140827190505,-2.0667344917301085,-2.6439195574459675,-2.9463579118781826,-2.175765866493992,0.5837108313682197,1.7748784758832736,2.756616574618516,3.863667451110457,3.0894656609248647,2.3253484316376656,2.955218681607873,2.2768115887810016,2.9918862006110656,3.9633401739560656,2.342132945992033,3.291362396361556,0.8191606804599478,-1.7799825630955401,-2.850798020133273,-3.5786030787727867,-3.196034595639331,-2.102309158913015,-1.6441767888483554,-3.933042836341972,-5.373031344822011,-8.000309777212884,-10.358613626114465,-12.092828436955582,-11.549721979190057,-8.251606951915521,-5.1898021664066425,2.617744456469705,5.836878280556142,6.06470730141402,9.22826324460282,4.412969064244659,4.4971990137621045,5.1823531727847065,1.298443884528397,2.242316525650165,0.7602381757968716,-0.1265266152879178,2.558980450179256,2.689430479844177,2.3816830681145693,2.7700781078613255,1.6669261742204449,2.9934374045364627,4.432107050181277,4.336227944224667,4.29872470018569,2.3667187641666785,1.6251614055440127,0.683607578993406,0.22136080331625635,-0.06158418599941681
Indiana,-0.5426544613881549,-0.4568858466368963,0.32136543634662096,-3.929487529049459,-4.918419462786314,-6.805038744420661,-11.405332792567481,-7.562947429670272,-9.18605243433867,-5.942008374627393,-0.8311190646879442,-1.6907298696137372,3.3090885835200736,10.109249824466803,4.9952157626678595,8.486934888884806,6.66359763697984,0.6236104198021774,5.971845377809641,1.4279859288600876,0.3583286886162764,-0.6481194338481205,-2.354048614375856,-0.21912540590497326,0.9355377789881412,-0.4100516537177867,0.24850980793212854,-0.11792274911840903,-1.3915075916671844,3.7626478858340957,8.378325289883541,12.445209921350306,17.75170145836044,14.862847003838663,10.66729191671461,7.3301965479427995,3.2304217261639088,2.3372162511499264,2.04143272938148,1.4195587890702879,2.5447355401614007,2.8379895034837075,2.7305989346407786,2.397144868474354,0.12649253474130842,-0.8584029363016052,-0.9093370729628123,-0.49867981828116364,0.4612995447363576,0.5385885767767696,2.014090145633138,5.119045982072059,7.61333010835116,9.60118185858252,6.625957717102946,0.3348178405373507,-4.045808113881032,-6.626113483744412,-5.133335756176376,-1.807222656078754,1.1648799123045779,3.4992187484084036,3.4548423221857987,3.44974007501897,3.1279194683858624,2.170385030012294,2.608740245386719,1.9902722574813032,1.746201058994562,1.5270353376265822,1.0531770043546897,1.3410252570629042,1.4011100557538851,1.1394691643540795,1.3624888847184653,1.7778860020799658,2.8086234303955475,3.9905108673574845,3.155856821696391,2.1707289969094368,0.16566887139672298,-0.35405026025805686,-0.284546169363081,0.30366182907748895,1.0898316173742126
Iowa,-4.5333971605143155,-4.996933596032969,-3.119130793540761,2.9264483012075906,2.052598821007266,1.627679505135458,0.17218831846428023,7.0998944686349725,-1.3216001639711368,0.012958223844779503,0.18489358616910406,-14.882192549991768,5.473532394649296,6.929765539741499,5.797018908220986,16.34512580869636,2.6435199782063177,-0.9378225878721783,1.7600268491163336,1.4208077046831054,0.7112895620546721,0.3197750605300302,-1.5117354821845688,-3.203419492550434,-3.3581452863954926,-1.331083439989578,-2.2573778098373904,-1.3564917321526513,-3.9176913922208034,-7.2574371484718485,-8.955672418644285,-9.828706553624986,-5.475858635858589,-0.22017578936521076,2.7286380366667915,2.07402242739353,-6.55167621309589,-15.510944309825133,-18.442721924869815,-16.07531535988739,-12.17409790758494,-4.916294308184575,-6.30045133246202,-4.532106109021223,2.3132719419663883,4.833455847912453,15.579418126741249,11.985403006435453,9.153774029369945,5.998443240679311,1.14831276033689,5.638743404096195,8.62441824183804,13.489302000461345,15.187258032963621,7.993724512564886,3.029767984043829,-3.452307142298568,-3.9861888961912726,-0.3056829033327223,1.343461966923201,5.2982199612127,3.9310617168116173,3.186267800651893,2.448078313805186,2.1031898679396495,6.039663895537165,5.6486822649020345,5.761395641385379,4.611267893879721,-1.9540131694354819,-0.4737677643599181,-0.06966461769821496,1.0043673049004618,6.279410963503183,5.753244434923041,8.995393970471472,10.766622491287228,21.470256559557765,22.463767462953815,19.25853212766966,16.846219636221758,5.041047597445499,2.9410726030571923,0.9052534906101942
Kansas,0.26741154949530654,-0.8469540729887146,-1.17514772684715,-0.19573394928505855,1.426970541783564,1.7757946841608543,2.428724744781615,3.0410198708569585,4.617868771826824,6.534703255258776,7.759828913554613,8.635774693957424,5.561615539186703,3.2835920086586747,2.3695839777571237,0.7751884987278385,1.044864757784841,1.886976654242355,0.6045473607826277,0.1215216035542685,-1.3742968357892071,-3.01452540106091,-3.0397161964585155,-3.0264748421800083,-0.08846008384213785,1.2275074968337063,1.0153849275841493,1.9554459015318288,0.9608394907461567,0.8179296971867269,2.688877412761993,2.6982886601203586,1.938411576812093,1.9020433018721499,0.2518190521254693,-0.9901707126797301,-0.371355632629119,-0.289048612311832,0.6333310223093486,2.000401460658329,1.8458098631225581,2.231658960614611,2.2413050175389757,2.3048991265349246,3.1690180381931095,3.0051036528897734,2.7504689768407924,0.9880208481860945,-0.10426169148942194,-0.5939021756271354,-2.6283979004480327,-2.5933837469584384,-3.8542227668667572,-4.631621268923745,-3.0051193146492747,-3.273912034329296,-2.3617876994833797,-3.5832135285130717,-4.276135688515734,0.42568951101336133,0.5218013542811627,7.462930881817953,13.236258448379331,11.063875246256078,17.26891314772639,13.138419105465138,10.348066894442892,8.998074853628278,3.8763495823736878,2.7393309129451935,0.873511037564304,0.50463107674333,0.5799749744110387,1.253360011892565,1.4176817260175545,1.7822105976202745,2.231303072092382,1.9975604258050492,1.6055813850073506,2.861823050177819,3.2169081740018814,3.9300270252026324,5.382889864028567,2.7914010191007037,0.21404311321785446
Kentucky,3.5524179357513104,2.4869024038799235,3.370738473807755,3.396061346889117,3.2714778038905092,3.017177444465631,2.4379672194021924,2.045358159187114,2.2573340940805595,4.3001936932990015,4.820540453424462,0.9624861704489864,-2.527589484369531,-8.708111615120101,-13.584362689493226,-8.055500979670652,-12.369374353168308,-5.4689945723449,1.149481122571915,-2.815577235729182,12.288957382748096,5.704523927246342,0.6374897569942072,0.5348498663342164,-5.808300538124089,-3.1612235225009613,0.018076050754926843,3.2351576356839757,3.7537228517303367,2.593667810857224,1.4166402971902181,-1.481125928474745,-3.396023994871738,-0.7509907657326519,0.7428192814715163,1.7032374233865846,3.408895032450184,2.971042710687787,2.65055083017778,3.240649671546657,3.1601734394037866,2.4293023234380087,2.0886329902417375,1.3285802586715603,1.0497404190815744,0.21411507036413818,-0.14508019962371752,0.2485934267704301,-0.5834747466050577,-0.5286504851185091,-1.4615298355097313,-2.2284509166266906,-2.1800789028140573,-2.61177919682875,-2.1442530035350647,-3.1649055690445334,-3.923542522957732,-4.093865626579398,-3.0925738546930255,-1.0367778314318439,1.3872941891457184,2.640587400152107,1.5870102776990092,1.8740134124972423,0.21817889747627553,0.9330718515100869,2.406616170640082,0.9235165677472562,1.2044154326593954,-0.8998135106260914,-2.63054397762851,-1.8286420164301085,-1.0311823348515718,0.4720585230088392,2.0064967492462347,2.2553186860404604,2.7016950750160396,3.071305630052056,3.590241158613626,4.8605637768561065,5.082246003423277,5.528745924823726,5.287689057598392,4.36404533775204,3.5354540860792003
Louisiana,1.4607438479475507,3.0390590435721276,0.5068523491057002,-0.1477406758736189,1.630658883164602,0.23538125651540093,-0.555613485724782,-1.201006127933857,-0.056328496045684975,-1.287764128068189,-0.16482721955972757,0.032329503981962805,-0.45399418776583084,-0.09758784049937917,-0.9172186237506753,-2.2598024284120815,-2.1868734529477973,-1.4711908384268624,-0.9551777713413834,2.814041902482491,5.0910416442104305,10.030376374271748,12.796366941231197,11.55341684434489,9.470750652643979,1.6763971838651737,-2.0296546936159885,-2.9572096277616566,-3.602270668639228,0.1297238530693884,1.2193244499849143,-2.8720348721501554,-7.578216131614212,-10.929937281597716,-9.721902034566565,-3.74652914208925,6.091746862790996,10.335660379771308,9.2208111794179,-0.8500083470843179,-1.4271707126005444,1.3533126321582967,6.8123452327039296,27.702407808755993,23.017709220578187,16.655727926902493,7.476167930049687,-3.6092654596001568,-4.4175985807693205,-3.7091500678430194,-2.019637722212468,-2.972362570685688,-3.1579074498597626,-4.649838925817173,-6.051614854607749,-8.773594238393759,-11.806775832056028,-15.338586217830198,-13.21080876896965,-9.37204874813517,-4.362995886380802,4.106516772185917,5.393221535859354,5.108536425099203,2.761311109911863,0.9332596883917463,-1.4454193812664236,-3.2106520042720037,-1.7418687004971485,-2.96354327483363,-1.440113400609246,2.3497766589307707,2.274680614810364,2.4980122004958067,1.5335356516085477,0.3691860644081306,0.776702958984403,2.3563827719344643,2.7698282458537724,0.46722980178204493,-1.3276940274207574,-3.3923161301941027,2.3631145276249725,11.934451178923695,22.91713648843065
Maine,1.6322077570465034,1.4200881672387862,-1.2797274477765408,1.2010988726830572,0.8420198889934758,-0.7133301121228091,0.768461342032296,3.3306197355420037,5.604036724404994,8.578888061987632,19.620358915421924,13.715918084985324,12.411707091392117,9.849847594605041,1.348589470043363,-3.501730471140621,-6.904800531301958,-4.935045451671616,-3.940562944399681,1.2261616740533747,1.6321320504452008,-2.645016961766986,-6.724839932440013,-7.84575202280551,-5.698314183018194,-2.3469802019518466,0.462805820723746,3.4295420050719767,2.2057362571986587,1.1994399152685233,0.4133120862302104,0.4906672870985087,2.653912870609685,4.020161644631093,4.760289591872351,3.232613995348557,1.7587541956995794,-0.3139713076954419,-1.3523842423058232,0.6382256662031738,0.9103578430210516,5.052327028174913,7.343147988669944,6.8227019243358,7.993841608107445,4.453363587454491,-5.528191365613953,-7.090598745091479,-9.803203571643072,-11.248111513137522,1.4806863161778738,1.7988449735958763,1.9983495444353394,1.373145274432283,-5.661358935271518,-6.839402258025469,-7.702431823919725,-5.652124227636643,-3.3405177038072096,-1.4858417565292983,1.1933185303077314,1.7342731400094287,-0.1113763814646623,0.05571654052285268,-0.07183074585217446,0.03468606676869133,2.4501745041054095,1.670321045479959,1.1171984853228096,-0.25845410408837116,-0.9736287518304206,0.7129334976118826,3.1806210623340507,6.524081408158514,9.43942472310134,10.753145035710922,10.011398624565784,8.352559664579623,6.800269256550724,14.86331679483253,14.319836173261269,14.971788505647279,5.409643678622478,-2.30495123255958,-1.991443173595656
Maryland,-5.566504082010564,-2.9306466270718006,4.94559035901084,1.6131047685655608,1.2109022341510087,1.147447486570384,14.403657232479485,18.428425490535364,14.40713036536887,12.257338893174778,1.3677387901849847,-0.47095380270990517,0.8818293707568844,3.499994248665703,4.520131931345229,5.169714547988921,5.241716334232468,5.46640482002041,5.511981923989347,4.306529094774703,5.193549476780291,4.934068896367154,2.484192014329332,3.3350453595908762,0.2680917702543135,-1.4690207616343005,0.004840667411906521,-0.6978709106839679,0.9360771917815421,0.2779879168852319,-1.1302461506740615,-3.5633015104796044,-4.5381221131643015,1.647468645131637,5.81015382499732,0.6717993263309694,4.206801047761526,-2.2276703371869697,-6.019770610334384,13.503804118180149,9.71628687939051,12.55832206385476,14.295007439890172,2.472460267772981,2.6729670114204374,1.2917171641574416,-0.5540131999434705,-0.7480255028436082,-0.5179202090983455,0.7158810331944822,4.605813793970643,6.350751968215423,8.98846531710041,7.64511730498601,1.9154290385563402,-1.240614429699197,-5.2947302420688125,-6.662457630195191,-3.6913821987338613,-2.1342035654801363,0.24252712908816063,2.7485593804874844,1.522704568895734,0.9752391871919459,0.570609298232998,0.7794207697357283,1.8220770907644894,2.373638217968839,1.908349187949483,0.20913255613096698,-0.713749269597179,-1.0602427450898901,-0.5235725303188491,-0.35256939324532505,0.3993567114307346,0.7366677238791794,1.2162533768066635,3.3510865697621304,4.4787668542566,4.970726214926622,4.455526304290329,2.7544141701070584,1.3636917874307364,0.8212957340927141,0.8796448462562312
Massachusetts,3.0711204362794007,1.4922549935468683,3.015790449864679,4.325104883554213,7.28755492866883,8.498945187311904,7.199727718814879,6.843515073121008,3.8336639725552963,0.604724135941131,1.2201050799523943,1.4301980421070524,2.12500188771362,8.988952523664862,6.934828591837118,6.767788770058431,7.595984175633904,3.547057591773415,7.483098766031877,7.5260437321747755,5.3231517127420975,5.758485440988333,1.8842074802077668,-0.6056791335243612,-0.21401868489810974,-2.922440718166415,-3.333954437916617,-2.05622495257632,-2.3533913160710003,-2.3044131781740274,-1.7679257484895314,-2.2673634252546835,-2.2258601153071824,-1.6197229624739629,-1.2509905998337878,-0.78820988892626,-0.7139254305987263,0.5444092300905503,0.9411069313046212,1.161478894961638,1.1023041511620706,0.5979859415142764,-0.7321762901647811,-2.1607921349697277,-1.6571262291796098,-1.5243029872974267,-0.9493202056292169,0.13525398620081738,-0.8060666372106935,-2.310530080310177,-2.970733020708071,-4.84622888116658,-5.8228868380189285,-6.509643191330092,-6.729747931975543,-3.873863653081497,2.433653893099273,9.907715585789676,18.090681529034885,21.277317182576912,16.321049441893827,10.710635309519503,4.305785773670264,-0.1695033113978075,-0.2188538145873456,0.34001746944951355,0.28944026007687434,1.2780265087729363,0.5566530639976351,-0.30180572722823307,0.3744308098169763,1.2120223129238938,2.85520450272108,4.169759631498476,4.820834548183569,4.437375739125856,3.9352414420199793,4.013196898530633,4.433775905536367,5.183336271676249,5.654578009255493,5.722648665881487,4.215379105479214,2.9032848787466503,1.5736736661098027
Michigan,-2.7281003484210227,17.35620044519636,19.15325027504199,20.98326331112631,47.465504320292006,21.962324758351738,28.09009905260298,28.4429321836768,1.4330709408406381,-1.737046405970281,-6.519870289702233,-6.807157962670045,1.4331992670031541,1.3400109774135653,4.916886848449583,5.450910313708482,-5.525152947409347,8.746855352932453,1.251353502646192,2.478726754143489,10.508494329801934,-2.2022551861354134,0.8897601468852634,-2.865938082587029,1.4754297814415074,0.8943200154951682,-0.040861181422148625,0.07068159473468402,-6.969583672400666,-4.706559633173739,-4.336977813183859,-3.5401086264403094,3.357211393397698,-1.6899129546396896,-0.22935652190197975,-0.5226721431810261,-10.380875721772984,-0.4373748197328625,-6.681103028717731,-0.43119061005048537,4.347497513136848,-6.74519590733849,2.0907044124320207,-3.2708244174763785,-4.321200151397949,2.1934355141040114,-1.9934923319687283,-3.4675954311580792,-1.4306057554138785,-0.6158540719416552,2.6122969872656685,13.804951183374401,15.474078385760407,11.982138200256186,12.683089569487837,-4.842892218673491,-6.799935967353429,-1.3522432097427783,-7.220855464313393,-1.4115855511590558,-1.8589874885857414,-3.1584072605322566,0.9209015060100634,4.26968689934194,8.351380284539012,6.0495174504927265,-2.163904216081738,-9.510506135843555,-16.21461177174692,-19.829942723070957,-13.982685155665028,-6.826770724679713,-3.900333052068449,-1.9024217447345546,-1.4518577408077167,1.2235894858637073,6.888454125219158,10.903497208443913,7.6683491959878145,5.410624793321063,0.24677054614648822,-4.353924333598824,0.23192263462733495,-1.4790892476337978,-0.21913340429037623
Minnesota,5.586304365709134,4.863681684430779,3.0441020730693604,-8.296383078835198,-7.3495838591175335,-24.348941507678155,-18.289171915114917,-10.070918009595612,-7.82718880369838,23.743806306952813,42.2594842300561,27.698252762747998,30.21448916247201,29.50942027154502,-5.4322005899009795,3.808949517463303,-12.10042232514687,-8.757570113278417,5.704272960875493,7.2061151393903025,32.15108093584696,6.066781587223129,-1.7619598261094962,22.005800440907795,4.011924811243105,10.538434997313752,-2.0073380749977527,-20.39611575674624,-15.156106809432742,-11.248977077895669,2.063823128694424,1.2774933670958282,1.0628325654240118,-0.30934512658182384,1.9291453178795968,2.291666493365445,2.2557067814593785,2.653798547533406,0.32941231172665114,0.9343830967346809,0.8377045980510037,-0.06193512595624415,1.6794817695964623,0.5446086712048586,0.7463356604952166,-0.22466055363671808,-1.77614631174801,-0.5530025949785476,-1.7143591671248766,-1.10677539580457,-1.8461643268395678,-4.2159167549047245,-4.609710962905413,-5.233437187102982,-5.0824654614127525,-5.203769758968973,-4.6011571322091465,-3.116287340125216,0.11600257852002588,6.873520772188511,8.006841789172652,8.141682408775136,3.1799194459097393,-1.7282932875750394,-1.2406201093121045,-0.6645660393281767,3.109121578169744,3.3502704270376826,-5.18307470514705,14.319343298815182,13.58822131158476,13.56459518030574,33.253356289949046,-7.736161284571498,-6.901020899443308,-8.008205385421576,-15.4550377713886,0.9845829575084897,0.894201901592073,2.4003917050824284,2.675912534909081,2.0980804549216554,1.108625707117963,1.612464711061936,2.7583730141420553
Mississippi,-0.5125571159124093,-1.5778337605319812,4.08953755164822,4.578221678867403,4.75377107532832,4.755629287101818,-6.219456964766171,-4.4192034635160855,-3.6496392635181834,-0.4055374464091428,31.55026612008759,28.806838212467923,29.67707879500587,27.922343446987263,-14.701808635153998,-11.691690359421784,-13.3803136619373,-14.600139368038114,2.6795935017250434,4.7809960130515865,10.278007524746588,14.733386190031677,20.707487400038936,13.548550297382558,7.394355146895664,2.829089827542945,-2.7256908226106424,-1.44507093656445,-0.9254919656280441,0.3921750169584629,4.499040841014546,0.42422005910133465,1.5822296342199016,1.3649355442107203,-1.2867686278923636,2.2377999877284203,1.1369987954967469,1.461038926062496,1.1697184356006494,1.6176826436403848,6.367225655710642,9.938641000704198,13.38765000584839,16.881298367182296,10.929182338102244,5.275695798602798,0.9899682229979736,-3.592683237764488,-3.659773294401578,-3.561352331536669,-4.207769503012757,-3.5525067373758636,-3.3223716835931274,-3.9330588477103223,-4.660616290960563,-6.482628105831266,-8.086765492817829,-8.492672895792438,-6.84475212398607,-4.407554921292318,-2.1685456766292086,-0.09798144938032245,0.10898778409298136,-0.36627716777258207,-0.37776687813464727,0.24514079014504275,0.6558237411625479,1.2141450611660058,1.8944896238338012,1.458844540292177,2.0613836217746693,2.8521914237740784,3.3204141645319227,3.681720587895506,3.011008629459136,3.1162855748561227,2.3732201259054286,2.191023942855555,1.3259281031070937,0.4578171703146508,-0.286725193036658,-0.6024022596388474,0.3057297970411592,0.026689836012218245,0.5084974900745339
Missouri,1.034983886113996,4.053244445698704,4.00586186531786,4.382199564175136,4.179868997729038,1.7562151065463036,2.275652269588133,1.8928604236651319,1.3554162297868646,1.542530801983466,-0.4222569308883219,-0.4394197815379434,-0.6273095506044215,-1.1296714845881328,-0.13844047616833505,-0.4168351695209474,1.2465221158406543,3.0470769129343713,1.5088384452619183,0.3160016814512355,-2.279250847178504,-3.488371361425407,-2.7750985994492057,-1.359490519353834,0.930892717038113,-0.10025557375413659,0.05783410563184308,-0.10914948264683375,-1.6675770410524104,-2.1747351047315098,-3.331527020542872,-3.419674308927656,-2.708187902872678,0.047259672687063034,2.3580414984133897,2.5542652167075386,1.7460232450353175,0.415688912400639,-0.06387480804146001,-0.46067950653813144,-0.2212528439492308,-0.5842319548641537,-1.6647011802148948,-2.1861072851713885,-0.9936171562487529,1.5408817244299977,2.906675569088093,4.491246698212988,2.690835663431174,-2.5068589076295957,-4.85837284865453,-7.676817403394587,-8.128456115262964,-7.25334172168322,-7.490702492482328,-6.494235375790924,-6.986232275873874,-6.6620314658595,-4.588356320829557,-4.074717119563067,-1.494321446336031,0.2714159934315963,-0.11795602000807448,0.5555057073198387,-0.7223742545183136,0.6003008038671086,1.4193453900972957,1.3535530897306634,1.9939895370103509,0.2941327491894911,-0.019125974125451795,0.9519768294647637,2.1033239336567875,1.9286398828445417,2.5473990898637036,1.8188103508701279,1.397130734256687,2.9298497082419823,2.09296900514695,2.8054124266973934,2.8428481581117566,3.4075337348434243,3.9506028832787554,3.213670979629476,1.900522987703962
Nebraska,1.06652135315153,2.3612234822331315,1.466857923994767,0.2594506589046921,1.6541507813717673,3.797469498356492,3.428162726229865,7.24667444747497,5.0018594936182925,2.170526167511501,4.385113967045907,1.1447531161164628,-2.161902129634333,-4.068858532988302,-8.634543540162944,-6.630077078351797,2.622650771823121,7.9773096227417355,16.82950790558454,14.703534432434184,6.5405561270771,2.9244895667515114,-2.839294724088907,-2.481605964428604,0.2545471515209633,0.8672617146617166,1.695752892522536,3.067739122522515,2.980287666362645,15.107525586454198,30.53484910521175,34.03332751477612,31.977035660118645,9.556634871633975,4.397753548662984,-0.6958228353339589,2.9210109993621565,11.864761982370107,-10.790462777988155,-9.961753511074962,-14.010115876113948,-15.486534453927145,-2.8320149672058768,-3.555487304029234,-2.112955180989502,0.5015554632358574,2.5629264805402974,5.563247498035449,3.853658492774851,1.105068183759297,-0.29015851167189016,-4.8880402610870535,-1.0745684892037477,-1.7154371682357474,-3.336166422138952,-4.807912710906213,-10.482594098381849,-13.620409730704827,-13.980535668629201,-9.696998176681943,-6.0539953145487875,-1.0604686899571765,3.8583271271647526,5.239596690024838,9.010458536253081,10.436601164287667,10.301804725799675,9.461580582769924,5.086383935864433,5.5630231467412266,4.554977973722157,4.233318479405565,5.886580129664445,6.118360009116582,4.019196179134353,4.163345537963754,2.12615907249788,-0.6769985119597408,0.6151037201884728,-1.5793198062363873,0.22134674225682766,-0.17398829941846827,-0.8851574908861033,0.9145975226909507,-0.7552001421218295
Nevada,7.406395104643123,8.814477097460044,-0.01925537275574264,9.690109141984182,7.796492871610383,7.656201324315681,11.73695675553077,9.754057743385069,10.661309990682827,8.699140436664795,-0.8439183178225148,-0.45090184571087616,0.41447054394036986,1.1648107597956479,4.631129480778632,-3.1920941215292493,-12.913646949848747,-32.572853979209164,-25.003663019804414,-12.751499819564845,2.376673022046187,56.32028659110034,35.50543806881908,23.910318513551932,14.859145206054189,-4.450403328418079,-0.6456338518823389,-1.615356345407647,2.899717951583612,5.947025587284049,4.248285860791637,-11.67898094454361,-27.261610161485745,-26.82019667120457,-23.09245374814951,-3.2200136281152307,31.09220012560947,33.42240629650869,68.6600161241244,61.23149076957445,40.239993977135626,32.96469325753732,4.555462522285546,3.7733515781770968,2.6294206950624486,3.9663278917737133,-0.8947885751045248,-1.397413324959656,-3.3593409096301805,-6.412554888996752,-7.911259080661483,-7.7785706067561,-8.046317360866173,-9.848732784736926,-13.141032587623641,-13.57537491533371,-16.25884372940785,-13.198391649815038,-6.037434376173724,-4.846710627415389,0.914403486681057,2.676046492259168,11.741936199605119,13.206515117173593,18.10839260326016,15.524179810467459,8.089854315192662,6.659794677773415,1.9734657058129828,10.311642808994614,10.169138428761054,10.269118777950348,10.521616828280449,4.162264814634848,3.542849011114861,3.714609945073102,4.718855450753289,5.4378783778281425,6.178138240642526,6.225841351513199,5.387740606788082,4.947816153488511,4.927006365251092,13.52312041964529,13.920227678792713
New Jersey,1.270450936410184,0.7683006456109785,1.7077924826268205,0.5115046667487088,1.4555940421265288,2.6337588071116587,-0.6496048262459267,0.7382764481094222,1.709900665704288,3.3346886982943884,6.09441945138694,6.91219908607761,7.358528456359103,4.220197948891348,4.255257130111889,4.008787653198155,4.569809702145273,6.5498143327127,5.9161691653862825,5.541054036071767,4.4274110573423915,2.324420865215286,1.1153221811729237,0.30692161036332966,-1.2785468993153595,0.06763316897928139,2.2815040870214833,2.0399166310197523,2.959946215333766,0.3901228134287474,-3.0914355336426684,-3.231274782946989,-2.5080160860893277,0.8461283812346356,3.192597342556995,4.301850749798137,4.222690814440658,1.4664015354963496,1.5922591350881805,0.7895448595925145,-0.9305704584867078,0.5261505000846569,0.7141189936545395,2.872882562928663,11.348087828251279,14.812934513022821,22.4034500168823,21.829886362365446,11.97251750722363,8.020898375735893,-0.16391932222162572,-3.7887287180081977,-4.579378173279258,-7.596372237377329,-8.546102917892117,-7.531371798297886,-7.725249650137744,-5.598212983861163,-5.321652273398978,-5.4634268618000466,-1.229095879576969,0.7885402087784463,1.0435517206657734,-6.953634733385945,-9.710764881268814,-9.603044952218436,-3.458146503401786,5.481121489528887,5.958401575877881,6.587764203411742,2.701701425572333,4.428841698609082,6.683393785716399,4.154210150789273,3.010101878589121,1.737808454342426,0.747978279151907,1.8551413027633,2.7695846949920373,3.23610891568436,4.003595977462827,4.383648810951517,0.5886384789343252,0.2642770005810798,-0.9369917657982941
New Mexico,9.563521762961544,15.985790606045521,22.096693011151217,8.277742439852403,2.3842561732467122,-3.3516808559973468,-8.058115599628746,8.614884107167045,13.012942013568962,14.008487619935886,17.82445538347593,5.679432199100523,1.9826394135149596,1.5091083954253601,-1.6951526833208306,-5.169576356459784,-2.4338197959321306,-0.5333902326507919,0.3816601434276916,6.5171695054180105,2.755497176977798,3.3275612392277427,4.202728549677741,-2.8371126682717605,-6.550397573775927,-13.304838604323999,-18.966838828469275,-10.960883634862098,-5.593111436619364,-0.3456871272750061,4.48275069984536,6.802363385240202,6.224243630850223,5.990092866966075,8.332504420802525,7.324320039742532,8.528644022784656,10.822188028252162,10.25371521727656,-6.10674102696129,-17.22470919845201,-9.042920366232538,-8.411069012589916,1.189897832745803,29.53865367491528,7.171710688248279,8.710762857300796,8.669878719524746,-5.451312786816263,0.4490471685647203,-2.5354228420809033,-1.9035567023641824,-0.7241250148852199,0.3141516788786818,-3.4429747189669033,-4.09765897835833,-9.812958608663461,-9.481433441411646,-7.629210685208446,-8.576873706972979,-1.1797749890094311,0.07078856618072449,5.303570760961945,9.600047963461915,8.041219672192854,8.094691546917979,4.708964432130093,1.7751102536280972,0.9498583380103879,-0.9751366652761045,-2.980009196920137,-2.4217617293795906,-1.9304242646935241,0.2110235008596607,3.181847773061805,5.630676230831564,6.781555593351543,6.665107867740739,7.114626493050618,0.9168350820637199,-4.713350249747596,-7.188751825487916,-8.61657580883357,-4.975966668844839,-0.8322282659171492
New York,0.4346008407765793,-1.0862216504825217,0.1957177168009834,1.2351208786438295,1.3921699230687656,2.511202180083751,1.9870173647119045,2.469246590704543,2.377837587930051,1.5932306544858932,2.2385286678806264,2.048966860983025,2.2641996690811834,3.0109756250123776,2.7088532590290058,2.3986908915154426,4.280816089362774,4.715649563888848,3.9140975107951648,4.406348138516771,1.1944866580927145,-0.8389260982832389,-1.7367053008202682,-4.761645612827955,-3.7234954769963564,-3.155447037445442,-2.8089858754791597,1.9951800336514127,0.2197197624510658,-0.31302971904884297,1.3362642186791085,1.17259874663222,7.002749221316702,11.409324465401284,14.779779334685934,13.226498422182967,9.424999829334855,6.31789752080874,2.192947940074014,1.0660111026959762,-0.5616777111396241,-1.133620987032346,-3.3984613955981096,-5.142794163318705,-4.598853973484156,-6.141529949486737,-3.729992940627278,-1.330524762095059,-1.233615152904397,0.5264542990733245,-0.48549169668841674,-1.6147484308357958,-3.2857143718491884,-4.692317904549451,-6.00028667798422,-7.050628360223647,-5.558521458325169,-4.728840254689867,-1.3714803816359011,1.5733121602335216,4.811428641735793,7.857700355114365,7.224265883395374,6.14427754531101,2.6104999802680857,-0.49904929046754387,-1.5701595634965073,-1.5795515213144269,-1.3315651765483798,-0.013797064273438754,1.418742111957235,2.3136732394080166,3.779706779700371,3.1219210037274316,2.1898968045387623,1.656784175894389,1.3822157316531622,2.140914074560772,3.006728207010696,3.6289387696032365,2.1076231650667556,2.2009524247541767,1.4967927546779713,0.43865334954917906,2.7194558546105525
North Carolina,5.278903146262899,4.062836072925551,3.6360771717407028,3.9350827345357433,2.830291177612397,3.0222038116712087,2.8310982026360554,2.451353564111532,1.829082699512338,1.5289546950557877,2.3060909131516087,2.0271196370197457,2.8932257860611386,2.880137837700741,1.962165685054323,0.7050519021373347,-0.6188571377971605,-2.6855717684544462,-3.3425955642391396,-2.8881917042098997,-2.94432068565003,-0.12937119615914525,-0.9275529296290479,-1.396676293582331,-0.9026018630209451,1.0507426672913398,6.196477349133039,12.130939380099864,13.786256654362536,10.08098830234212,4.806423278168475,1.5111458770949568,2.0996592598813915,4.0391107993240825,6.321919368319723,3.8401388521345683,3.3521143517904637,1.0530773459723832,2.6478695056487025,3.400488862002229,4.529956082939906,6.031127247198231,5.084729702424804,6.221802962677453,2.907597635645973,3.4213863786949954,1.055866083803918,0.20282863293861778,0.7104899812184658,-0.7404281057031763,-2.271990537556868,-4.536120032348406,-6.837069489168572,-7.740155011746521,-7.212529941931696,-5.459249379762626,0.9684531516440921,7.234857310054867,16.885972171530113,23.575675306854638,18.248344591228964,12.154672647968095,3.5466043032698282,-4.219466086242347,-7.703577899812888,-10.149026325722623,-12.468111880844953,-11.540190499710649,-7.584397814717811,-5.6921075791214975,-1.2921931571585856,0.5012183398748308,0.7088382674841653,3.2758594951970665,2.855524167571521,6.527010868448045,10.478783029887213,13.642913767335,16.61676199382857,14.240901339777464,9.782955131119888,5.161126946756418,4.005076918607733,3.056364485498886,5.1865294436331695
North Dakota,1.5996860808994386,0.8522058579971282,-3.332619781522096,4.597032693262211,3.649335547717099,2.5664342535050637,7.583142674087762,-0.3081904598841604,1.2801975640772911,4.258198090496504,-0.5090492694449387,3.8632692503188744,0.6864320701810603,-0.6610864935410421,3.577372683216695,0.5449306961529817,2.1473906386607546,2.0188123271876237,-3.647089906672806,-2.1789348493546514,-3.5487886587939386,-5.883755749364862,-0.7024534303884629,-4.286047342445582,-0.4155514934142162,0.7562582842628459,-2.891031289911852,6.257060187856619,0.4266197455285232,7.822098522539053,10.683878463252594,1.8295195897138368,6.5419808811296205,-3.7612233785718265,-5.218994516771874,0.879954792676357,-1.3565396922404125,5.829966753088634,8.706563554791044,3.649024338652011,5.072761993391304,3.108640182589943,0.31775056090874443,3.7390689515556343,5.461451388391674,5.1620155227394315,10.19493263207719,8.11952748276379,10.448444599335732,9.234643205103282,5.608923046538283,12.74392433872204,10.844168012619264,14.681566035106147,12.907614950641088,3.203375904260055,-1.8011455161026546,-5.6197093597012096,-1.407551312462029,5.797427619750054,14.113997522666718,23.69596781315722,26.074921069422057,30.239621299124046,35.41898318919105,36.88595255037029,40.4287416646102,37.89531883811733,31.74214925366094,20.026354715212342,11.204861528258201,5.559734411894743,-0.19895192661820482,1.8299715119494866,2.414606785935725,1.6803210292440511,6.400896721606538,12.699305695905908,14.392724307685942,15.005241094504948,6.258622584890025,-7.968227536149749,-16.53413045125473,-21.571083695202216,-22.760625839740577
Ohio,-1.2219673869105616,1.7124638943721917,4.513270495915701,8.1078049172364,7.562240415495153,5.603778311984087,4.28264169439969,2.496525346838538,2.9420191491293544,3.5846808579072054,4.117453389191905,8.655235131397063,9.087088451076145,8.313680532589126,8.616650294615981,0.13104899523941854,-1.0877762264880309,0.29289837825944764,-1.2369428373906293,0.6398369523390883,2.468525084443341,-0.7266442939664528,-0.9451365435719354,-0.6790635235812008,-3.2804578914413574,-1.6893893068084156,-1.5686544462286618,0.5828040128829233,-0.6102090562567039,-1.3291983279709172,3.4688913213278294,5.872827755899783,6.12474018031054,15.379607522982827,13.98099090503519,9.713888161362053,19.693047721627536,8.771246206502441,1.080541074988916,-0.044810615232191944,-9.02406056538664,-10.564907785153919,-9.598071765345416,-10.467066639943317,-8.166014392946943,-5.076432945414002,-1.789051099527279,0.7758435446718268,1.0609239078241512,0.30352547211752545,-1.2371295665785107,-3.2482990495120987,-6.059243003761247,-7.673384956851229,-8.98173962988186,-9.442876407722318,-7.499267313503723,-7.460599798592517,-4.440103207973429,-0.5070021289859178,1.2910178241629597,7.9554387651159315,7.779924031671108,6.132870153190174,5.250398916899594,2.3484108802361536,-0.00634851401102257,-3.012487086731883,-2.8862851709768744,-3.4545572743305697,2.6920502772429704,9.65561056619468,11.57583254108212,18.654292367541647,20.42144396315878,23.675916261785517,27.674794031027268,20.98227963358915,15.682728913076405,9.135853781361956,3.9854974154319343,3.651628592913448,2.0579629162296653,1.5873729938105812,0.876387303050016
Oklahoma,2.0458683488105924,1.9139819912229843,2.9537755484103148,2.793852570816753,2.9352869789034313,1.606114391636139,1.7995936838970092,2.0013527645114646,2.256576716367197,4.753215725678377,2.820574143933041,1.5423569789646028,0.2959292528807461,-1.8014400859128021,-0.37855254325710563,1.0514494507633234,0.8074079274909985,3.127737722225369,3.1771250405632445,2.8501391352656955,5.572058058058781,3.247893418705615,4.594572629100399,4.168094801058051,2.709629112376289,2.6483430124514578,-2.0299987388070733,-4.342245797265931,-6.41325042278706,-7.6013866147227205,-5.332205890554526,-2.6385471655095207,0.8900168484931291,4.625929348851709,5.860000894937283,5.895502016922728,3.817025274071807,2.189293145529522,1.471949089034386,1.5367412985774866,2.8591022808499322,4.497326892048333,5.6904011161768215,6.3431754906662805,6.451619233851294,4.559757080273662,4.02109504340284,5.1721405861894585,4.216084938578541,4.975979110639992,2.9385387744539377,0.22406307716787863,2.111483240785315,1.662813632304087,1.7823833242492828,-1.5949783742028514,-8.277843357888226,-11.4382688781597,-9.736971723980338,-4.523322559640312,2.4747114432454005,7.814194278998103,8.412513342682319,7.335680566545838,6.1307235380597165,6.8679576921092655,7.123168324564248,7.995730846631624,7.952404918764733,4.828201796967893,2.494090336714806,0.40193131530609444,-0.5418700328892495,0.1076372636431158,1.6172888549887827,2.7210603402482723,3.828277104243178,4.435845164494794,2.454876636432087,-0.5081448336229933,-4.090441247748387,-7.250304657062011,-8.478898652677595,-8.116794685612383,-7.281647014236607
Pennsylvania,0.5058751067742918,-1.0829009241558176,-0.09447123522660274,0.8645520226037403,3.006699794582861,4.077094438909523,3.2685562943966655,2.873298385221148,1.4070344502267533,0.9580413795957298,1.2093664251076226,1.7532571077918693,3.5159079136181894,4.325881794682273,5.499051507536088,5.8199183755535,4.7236090587774076,4.392291926814079,3.0133552293727535,1.7587418607114398,1.184452761618003,0.19546515565731534,-0.8378087179975711,-1.2569602705452785,-1.09184660521702,-1.3297724462847202,-0.4907942544442508,0.8879831027181918,0.6134849848785328,0.8428991147442855,0.9321553349944987,-0.24928097451909279,-0.038188770652870574,0.6955398887320827,0.59465075974684,0.9594052400831606,1.344780158676009,0.7029559221562117,0.729113616437781,1.18248485824876,-0.2939042439879446,0.2270025185609999,0.36264121240245234,-0.609215138610017,1.020065759591483,0.5503142682927121,0.4715638738142182,1.2063051852177564,0.5804315752267146,0.21469219333679837,-1.171718844611864,-2.663366758542065,-3.9243078025481486,-5.097188509543671,-5.6473912135599695,-5.922070464474948,-6.1322794395005245,-5.44935923155749,-2.0801367929435903,0.10093428543692427,2.702855168286618,3.9155801843518385,4.4734327120899655,3.95189727401109,3.70153135655501,4.049165208670997,-0.47155285512447886,-0.9572858889915161,-1.609748715424644,-2.8714210874822386,-0.8196518675248623,-0.21964188482238478,-0.2930807502854905,-0.005252264585835441,1.1320936143379015,1.8726407861676706,2.6537479898925933,3.591590050886629,3.073468571249792,2.70007795043202,2.448640271428255,3.143379437056902,2.958964853186779,2.0870510597062695,1.6085063288983261
Rhode Island,-1.1894795171738766,-2.0738826466681277,-0.52724192013251,0.21846178012981982,1.8356614350277973,0.9180264847828011,2.0225994216139664,2.3491793113823918,4.049616238753515,7.076337245581413,5.475845169578008,6.514456096334042,4.668843508830401,3.8861435930333,5.2248106623771156,4.835297988832459,6.703463979310458,7.388774153515019,7.23752175187985,6.200474298282492,9.0036062674928,8.469762707059129,8.546014998546514,8.019895356386785,3.5922595676704416,2.8040909088131407,3.317789927619735,6.616574240362202,4.960688778606956,4.229158427571946,2.2850164085420044,-0.6271692283874155,1.1533662571879915,0.7389417593495333,1.9360796629594839,2.3766359330917046,2.601516350343319,4.3029398641649825,3.187202439559764,2.4375866687678465,0.9629283152752297,-0.43229254959576335,-1.4964726408910314,-2.632285721442839,-1.5441406058906826,-1.7377809786901086,-1.518294641981242,-1.3616703403536559,-3.5288657355725466,-5.445106455803669,-6.601184872534967,-7.670038378036402,-7.412351456982414,-5.890173658336221,-5.251565611683663,-4.431294570925876,-4.301643429414001,-4.749511202776908,-2.945978821540147,-1.1656380847801162,0.24914921609022586,1.3229980148372888,-0.0843183277578892,-1.64171885736113,-0.6895105299031465,-0.2621386756059658,1.4165557658362034,2.8248216453575203,2.1252131567609576,1.9968716792153878,2.1802788663188615,2.641436460246745,2.7759636456684182,2.365973148270042,1.2584286190486687,0.9302836943101479,1.6733967881238803,3.003862102607343,5.148355377385417,5.882149237286638,4.80793130905837,3.835976516364764,0.6971709244918576,-0.30651878076218486,-0.8362272300201441
South Carolina,1.4918379702567783,4.662802075181088,4.118447426979972,3.929792698851162,3.742827927449579,3.266965112264994,3.0704421908104087,3.0840600091526875,3.405850218630942,3.397111725634176,4.578893369221047,4.4814318987371236,4.931194566978098,6.311013051368832,6.597476275286393,6.725934806691902,5.811170030281836,3.9556870943765627,1.7513121138929149,1.2263860435958558,0.254999520445842,-0.052796265602206655,-1.6343895643820332,-2.651992042273974,-3.2000912047908323,-3.4217757725083198,-8.0781140189152,-6.617401283723484,-6.136202484000387,-5.628018441463494,6.9708088112095155,6.70891304104008,8.246660421750393,8.925191406563169,4.28471487451357,4.30094141152637,3.2973954575458224,3.1788673254205464,3.38739636006,4.331189355318194,5.2923944872811175,6.1661488055845695,5.67183383227172,4.700241523935803,3.665673793311721,2.0365767366948453,-1.0198583252851283,-1.8810966157469813,-3.5310709190956517,-5.840840611036868,-8.996852012791779,-10.968513283914307,-11.332828656182999,-11.006729788406153,-10.70924455135714,-7.771602765631536,-7.131368639316503,-6.388147633842475,-2.1675988752898214,-4.227338489529854,-2.6358593830195027,-1.8210478353001924,0.3231550070003146,1.8879274710149003,1.6358908013164288,2.954386891393476,1.8681371748321438,2.3335505189312475,3.0820283129965818,2.4592711204172546,2.265468730978357,-1.3197951557442467,-1.185582646661344,-1.522819018967747,-1.6434215339688611,12.002853143549833,8.399066440136366,6.803439299716872,2.804683926415454,-7.541150998229663,-3.8562228226928243,0.3488488975852603,-2.2133402291144537,-0.31316231596894434,-2.3827632740650038
South Dakota,3.843713733438954,4.373414767616255,5.323877015447116,3.825998268002548,3.30467346273536,2.262021863216396,3.140210423219968,7.98132728804071,13.192802435635473,17.009450531820757,15.757771391502718,5.077499889702735,-3.4024060241490433,-9.189204836882361,-8.81552106794421,-2.1783539786568706,1.484968491854847,4.9344638835781875,4.772471566973337,2.556011974954885,3.0105736101605665,2.6406178395393853,1.4190858472434404,0.6917329410349807,0.12429332367973707,-0.7195485942277339,-0.46282180416459234,4.779092178088845,8.527795639034531,12.65370582597101,15.441825360268188,11.329640680921923,9.287489566184732,6.83889895347391,6.394435932389821,6.273338497807616,4.662689894184189,4.082209594846074,3.2077280917072564,2.784012853661682,3.729700412782596,4.601837422706731,4.825755929961553,4.991763168125345,4.535334304606752,3.771903345378011,2.225748306110379,2.8130651316878943,3.886724899002525,4.088942633285689,-0.39504253777435594,-2.070462825169283,-4.682765534684686,-6.052628922452811,1.4036429810307378,1.0753373053325517,0.47064474060417016,-0.6441942108833257,-2.6912212050566975,-1.7809392985186574,0.9194690432158042,4.77000944936786,6.761588224519483,7.294249280829295,7.517918446979623,6.103739949141879,0.7726811011356501,-3.1165673652033563,-4.321913925226949,-4.530794037778819,0.08034844397961785,5.957346857149264,6.942766695904347,6.951495298571427,5.747895437037743,5.006618176581633,3.4755377741715896,3.030610919333893,1.949422583360011,1.4750225062726143,2.423986142057553,2.467629235861349,2.3090089651954386,3.317435832328794,4.582058480169611
Tennessee,5.625334050570939,3.83987775847167,3.3961848572217077,2.4624052440608954,2.7226362370102515,2.839603218986904,3.193594655953289,3.701404151879864,3.954375667428796,3.8981941998980605,2.7560430238898013,2.996079652243163,2.340371994928481,3.137247365369477,4.286354349250844,4.57154382248424,4.932455768108828,4.284173309468654,3.3295807619149964,1.783426025099057,0.5072475932613489,-1.1046517310432278,-1.9640776096561472,-2.798965408395305,-2.8169770824769387,-2.228252873037686,-1.8993731978937667,1.4430522218418453,5.5380258426979125,8.9642619747699,13.239980416083998,13.181301257161424,10.27470437740555,8.186377374564438,5.979899168144453,3.858154381615201,2.9939495879322853,2.5231712707687715,1.6239028238505786,2.501439514269932,3.254531838597311,3.3185145227147403,2.379855017132663,1.7320338448677073,1.4661275531548417,1.350406530893296,2.165781275441644,1.8826319956603328,1.2634915280895398,-0.5724391042062231,-2.5289642562660175,-4.4142887082741185,-6.523978366190093,-7.309479928844157,-8.140478691761356,-8.431859959881285,-7.83189788122295,-7.222652120324715,-4.650145581566342,-1.9586920340501408,0.438651178339704,2.6580840834981765,2.646040691031405,2.551880561058673,2.4254363951049136,2.913154430794379,3.683448974711434,3.2942774258528753,2.8675890236153423,1.271686241722498,0.14943775175356055,0.46763936056237354,0.7070520634881301,1.6049430892689436,1.9618917357419285,2.25754823023634,3.139925309523516,3.6173302712613777,5.0942329670661275,6.106960105662598,6.342646747985214,7.2259478808889135,6.458841699203053,5.40265396587446,4.291076194947338
Texas,1.7993865313808377,2.7063098214268577,3.1365227538348104,-0.5851042072893319,0.06645475916821711,-0.22226689633825522,-0.21516862829095823,2.9346794105669165,5.08393004589443,5.869531011524592,7.31368943401947,7.861579276143924,6.197991130640088,5.476190504261081,9.577225649142342,13.51188513364336,19.451749743266603,24.606379739196818,18.726360834625257,13.285472048224175,7.759895422178836,2.6462935812341866,0.15642861932106153,-0.06188904430454894,-1.2110876632067427,-2.088573074593648,-0.34235925283634994,-1.1589400948317548,-1.8885482937309417,-2.762444196699677,-3.3863844840832464,-3.857717978635469,-1.9592878804733267,1.3380211665138007,3.450364407930226,5.6275030373647805,5.777162248062917,4.13188156500342,2.637474718307274,3.1512608061345015,3.7889632543761196,6.148617801543808,7.731397682411358,8.104473786154815,8.643270313364317,8.037354423727262,8.396129555200485,7.838577294373687,6.398965750543908,5.131930673411329,2.7836208259725557,1.787362740009736,1.522223779123173,0.6224665046258705,-0.5447195164844874,-3.6279644016139123,-7.806063267025907,-10.660461543997398,-9.603303215205926,-6.672482076960271,-1.3018928701998393,3.943427552804405,5.760107334294698,7.183284054172555,7.681740832212057,8.34084143803566,8.82335744706543,9.782435464480093,9.668095596213195,7.873318380804798,25.803456513373003,23.943250025152178,21.431879873269153,22.348668065520606,3.2951006979736226,2.9975400062165196,3.844025123694836,4.316192781794455,4.619829679041618,3.857436197545936,2.9925647077590933,-0.09754181392811936,-4.254550739989254,-5.431834532126459,-6.077568327078017
Utah,12.630655386939477,-12.121225675872767,0.921105613664907,-2.1946485920055436,-6.075171808074499,4.404472393914515,12.316550461803816,5.7313116025793605,10.808359491471602,18.157720710921353,25.96157662248603,33.54668824735122,33.66984339322494,25.854844716229852,9.774947063718162,-2.618063518035422,-11.209377686616081,-13.15507334351571,-23.99886042826963,-16.314157659452704,-14.550614975171463,-11.97874116845365,1.084036687487575,-6.236005978249035,3.5271959419662586,-0.18155450175470741,-0.35745431845102194,2.833130109264381,-8.013819116448646,-2.610939589289153,-3.198702464004234,-2.837069989170463,5.842763296569517,0.35878770064563814,3.2092097541510434,4.81094173083205,2.292478527322954,6.634914918700807,6.001870151974957,5.933612982912819,1.3275255245739899,5.818537525275347,6.435626710159516,5.902941438814454,9.051015832074375,2.4622504796386524,0.7721525729719787,-2.0219245371368433,0.6250353385125388,0.6475131157996843,-2.938523632098905,-2.003790103157116,-10.357848014935866,-12.81980580493439,-12.584486006885923,-16.269102209264087,-11.031436706436319,-9.86717244137994,-6.866496488019401,2.784569357794651,2.821358324899969,8.20758156351144,10.662477523981886,3.815468692053586,2.915198090426543,-0.5571813066470948,-2.5560418567554284,0.5969204256733835,1.9040443491957992,0.9749944836849463,-0.13318730377199314,-2.9378310499627793,-4.85376113143001,-4.248277225260516,-4.729513745952983,-2.98242505243546,-0.4817377268931756,0.6931853615238918,2.53523648213234,9.523203602993076,8.631674766154518,9.20674608804358,9.933949790559595,3.181355384861611,9.012851049139904
Vermont,0.721476830305645,0.6665237638234306,2.9623850066655617,2.2805816361546327,1.5903078874831753,-0.16393529256656247,-2.2533028991479553,-1.0382506942626633,0.8714552743059992,2.8752186879583097,4.124827677524398,2.616861056449481,1.0775254664427674,1.4754572377619828,2.3222282543383708,3.6513512748352746,8.381226758729438,0.9567350367150503,2.9376935214728848,2.5682708233922127,-4.197008268289639,2.3619764693737086,-3.296131765375343,-4.463824035893738,-2.2669299848922733,-3.6178807462456373,-1.7576108289773067,-1.483669529119678,-1.1113207739816686,2.133283875601569,-0.3130785470888828,-0.004317810594893691,3.223041801948448,5.427920477247075,13.90566922070396,22.559132014152247,24.28816297451354,20.894445430040996,18.068106622264786,9.851510360373645,5.05263919758018,3.977914077986597,1.0032255797015859,3.8230254807463435,3.321683536509327,1.6996601956575899,2.578064341317106,-2.5593937137722174,-2.7446458369996662,-2.3194071365268405,-4.662327695779524,-4.7617683899815235,-4.803230110916671,-6.918880289521212,-6.387782164172242,-5.4316837672440235,-6.612110122718256,-6.117682383957517,-4.374239461656798,-2.004770855063633,0.8897272106135236,3.2389021049108533,3.114420426010125,2.4026145397485155,2.1405216192039487,2.2050267835713906,1.9111619770738701,2.363915439956539,0.5989104651846171,-0.5960996719542908,-0.4944975573615892,-1.332451488928598,0.8377820819905945,1.2054979987236276,1.3188311033454418,2.1036812864046417,1.4846228939866497,2.4310063150772203,2.620615714424453,2.7358590905622973,2.631730797700018,0.9402256607296475,0.14132078676994075,-1.1845584675042249,-2.0456680816212196
Virginia,-1.4046862791677472,0.14778956164348628,2.613271252003851,4.707782366428422,7.960333405990204,3.7716625418490954,3.341428141313538,1.3211373244323759,-0.06844313768733643,3.7672934142278036,3.1059167046050886,4.07882987482943,6.038385419259055,5.385365853610391,5.808400211658636,6.654853117261688,5.773196709494089,3.1604718737372304,2.4483143975120267,1.0413410179620683,-1.4485093903258175,1.1803787137605815,1.230263263450931,0.329562546720549,0.8174314593393507,-1.254101386715412,4.005138888158487,-1.2661954240527293,-0.5958697751897845,-0.33071880040851753,-5.941087182192854,0.6840422537303336,4.142595445250972,5.098309053245332,8.18210903419758,8.828534424774952,5.50969116574956,9.368088668869257,0.9743480735890206,-1.993122247094471,1.5266614708983144,-5.054233175509855,1.6134537438196876,11.997105287111005,5.088678461045048,7.757284117209765,5.775277105072072,-2.7029939318060627,-0.3215742300229083,-1.828716476637973,-2.6361422213796177,-4.2803255151946,-5.636180155574491,-5.976337570054371,-6.913360653308433,-6.493003550341885,-5.863464317262741,-6.397214145884004,4.025254917253228,0.14561043997198408,1.3662931814152262,5.466225349141438,-4.423460350590709,1.1471505103672963,-0.7637974651553349,-1.8538934286839461,-1.9584580417315904,-0.9565711517464631,-0.6156383571924507,-1.1857307398087196,4.587042655200362,2.2916863928933626,4.449115991836761,3.6793661374565017,-5.324657385669116,-4.44002396898139,-4.112736099528977,-2.7003866444009352,5.684325104947274,6.6066133951342145,6.806115706489033,6.06276238696219,2.906645720262813,2.0497270078869434,0.908127420704489
Washington,-1.2068854170377248,-0.8380713851058196,-0.46553287121291537,-0.32492938752455036,0.22397315323306058,-10.190121917232188,3.181491417288069,4.0821303673375615,5.39032877220783,30.233291812839585,2.7099780768889756,5.163569126877375,2.883230563695745,-7.255191728110195,3.926707924650983,-0.2718073947941398,3.753028424047517,4.831701668163721,3.7260178139397184,5.518220007998995,2.6826225910357557,1.8661693165533892,0.783923292708059,0.16341037693231045,-1.6251922954390794,-3.774960563606981,-3.7725204408713386,-4.722798718530074,-2.624314973793418,-1.0066674624076184,-0.9131993623626022,0.45277566372214006,0.4187253653796106,1.039742106580394,2.8984997753596438,2.7356214821613016,3.3411508487031547,3.9748052199279855,5.404925875045986,6.724607316074102,6.669609506010635,7.959670026235481,5.820148371947835,6.330316954249618,7.327027769763399,5.403529207440569,5.4039552154154995,4.037043780841933,2.6996541579760773,1.7975760627015922,0.773283927983095,-1.9734817061581729,-5.033996527130337,-7.932004792692355,-12.873141489314621,-13.751564629307902,-14.280972775771561,-12.349219394211081,-5.121352009471745,-1.652580880008408,3.5420156262856315,5.690833569149375,7.900459263427281,7.3603993589102465,4.342668181227652,4.006397583017258,-2.48016967818683,-1.9392237021619168,0.13160849353645665,0.6091747602105463,3.068230142080214,5.099772814658872,3.375820660061634,2.937129154616171,4.62252550101987,1.8336168624494726,4.548398498121671,5.784851814672332,5.149100518127223,7.683583582806534,7.18461256740731,6.731157149001158,7.596428438115465,6.870100230603969,6.33660046004633
West Virginia,3.4868604988080776,1.340936090816863,0.0855029824518054,-0.9085707943297251,-1.02979590519994,-0.725344116548014,-0.13487251343086235,-0.22977734533563962,1.3031158421959403,1.2886538422037657,1.2069169789656224,1.916243932388237,1.7216645714192083,2.588333130690497,3.0052283394232626,2.0845737263580686,0.6670769673229667,0.021551842005676333,-0.5406828376569219,-1.9922412280255226,-3.4453677638741507,-4.984454075899816,-2.427842163372013,-0.7437420913002429,5.210161638555383,8.794338111964905,2.162876502502453,3.6427761233797615,-1.3351984390181422,-4.511835676272885,-0.531081872718258,-2.4104175732791187,-0.024446202826489957,2.185421891745964,2.047627454756007,2.218563539167042,1.1112287473632603,0.750939252251836,1.0573400817889436,1.8982111585294632,2.98358093078482,2.7676976282263204,1.962225209640657,-0.4829923942473709,-0.554276267052646,-0.7386518042548753,-2.1401496752455325,2.776143967741945,-2.4967545993271902,-3.757464314618566,-5.224969521985551,-10.647866489069678,-4.38785567601816,-4.190648092920563,-1.374810158663077,0.5322283876486195,-3.676086733961144,-3.0292292867318347,-2.1944818798620336,-0.5052821843235868,2.93162548431739,3.984874260747527,2.812391682117376,2.949370238833587,2.9346535610286115,4.72279786053277,8.017908166429647,6.226994484584621,3.714551106204738,-0.0731124887537588,-3.408426608523728,-3.228652393478389,-3.1581153866960947,-3.3321435897663636,-4.1161440705148165,-3.9481457870295436,-1.6760841183432986,1.335858331988614,5.117601231525872,4.825511836506317,2.8495167654224622,1.0035757309768616,-1.2145704604540755,-1.8350250715213874,-1.6273024076022762
Wisconsin,-2.735975409842613,1.7170907582409645,1.815540222481896,6.7335220773973345,13.955408221252144,15.90861582515512,22.482120125578355,15.78338529343672,6.422940682578488,-2.017056012860626,-6.161489709198716,-3.824253265095752,1.7026063621846135,3.9428981645306864,5.828718716962553,5.544910888033908,2.491517800022254,6.448334041272508,3.8909808677146427,2.4685764088660944,1.1467426453106817,-0.8968885375937998,-0.02011643399245687,2.5146277030955395,9.582313766995085,9.960335136820074,11.554771175861385,9.356176091685132,3.001265321439121,0.8759898178681016,-1.039953938873926,-1.2264055487787247,-3.2961685506691123,-5.520830667468422,1.9357100345699387,2.1375608097060166,4.808341022124441,8.467292090544353,0.5199439232756433,0.6193527353238998,1.0616295844752321,0.577794411260224,-1.535759259622458,-1.5700259663468927,-2.5838584199101544,-3.2412546025369053,-1.7713024758549811,-1.0642673313712978,-1.2233933980407992,-1.5373447285332595,-1.1607251532244858,-3.6892737541025236,-2.9827397030758696,-2.527370207542933,-5.119420317914024,-4.6147634485457285,-6.418475426596427,-7.381705624274873,-4.661875076954154,-2.8135113206389395,0.29513970562804115,2.2697354812633,1.9569808773096447,1.4026570492685142,0.3857639227800501,0.5081970569214992,1.526865690022455,1.319432832474213,1.3816315718076382,0.9496864415284729,1.181871735904235,2.689804296087064,4.000170270713919,4.185715024036102,3.3158568156542017,2.5557536049894325,1.981611069275355,3.4560038567499016,5.079598694292821,4.765259933103281,4.529056168284392,3.582078986382099,2.625603801101536,2.3218725954092516,2.1018107878157224
Wyoming,-7.891054028498583,6.5878944027531805,4.673928431390386,2.650938034062523,6.969551161086662,-6.221273519708197,-4.453249985233813,3.696977311414608,13.027348663028024,36.59257156489133,46.23308987670293,32.22925983312494,-3.803042962291013,-18.097231708769616,-31.3358319001358,-27.968495893300627,-1.912299679765513,6.529569216173751,34.01209701320935,58.717998830811254,59.44580139493587,52.88649917061319,21.771153406299298,-10.076513525215724,-20.201395537290338,-9.656272528074537,7.160705290960374,16.999439995060204,15.353967751797967,2.1304952061249516,-6.123802186971774,-1.8790022632636325,0.7135238357435398,4.694130692235296,6.628910430807798,5.760099805258993,5.92954669689601,7.316519859898178,9.618160378914462,12.263434115106302,14.308084784288146,14.408304044761987,15.10737978217214,13.999669013396792,14.910922990662954,13.358172892934531,9.072892768632789,6.798689643848165,4.264254353095942,9.964058288760974,18.87082769717979,26.430585892114657,33.4691668297128,25.117026689550908,13.206549598329525,-5.424632630701417,-22.265410246000442,-34.29532182117009,-39.343578397955106,-27.04017885463445,-8.752825797079643,17.754309335807996,39.47216517929114,26.21030653865709,8.174411632405855,-5.225872967298746,-15.7091946390456,-15.182161550243354,-10.565493769508253,-10.916027361927334,-7.684499314546212,-5.220921776523902,-3.749943950446354,3.047285681649606,7.282119791299589,9.319574289782537,11.824985302756538,10.218040933253285,5.238344962352995,7.642553779444141,6.217721453112207,4.760729098426596,7.935629861445463,-2.4973018861594882,-8.377121532134803
