state,1995-12,1996-03,1996-06,1996-09,1996-12,1997-03,1997-06,1997-09,1997-12,1998-03,1998-06,1998-09,1998-12,1999-03,1999-06,1999-09,1999-12,2000-03,2000-06,2000-09,2000-12,2001-03,2001-06,2001-09,2001-12,2002-03,2002-06,2002-09,2002-12,2003-03,2003-06,2003-09,2003-12,2004-03,2004-06,2004-09,2004-12,2005-03,2005-06,2005-09,2005-12,2006-03,2006-06,2006-09,2006-12,2007-03,2007-06,2007-09,2007-12,2008-03,2008-06,2008-09,2008-12,2009-03,2009-06,2009-09,2009-12,2010-03,2010-06,2010-09,2010-12,2011-03,2011-06,2011-09,2011-12,2012-03,2012-06,2012-09,2012-12,2013-03,2013-06,2013-09,2013-12,2014-03,2014-06,2014-09,2014-12,2015-03,2015-06,2015-09,2015-12,2016-03,2016-06,2016-09
US Average,1.5056090347580031,2.9931238731713554,4.064734986547352,4.28599465453217,5.026239916938508,3.9857603277803877,3.382409360850433,3.458692882427651,3.025714375532055,3.7540136816652776,5.427844067268627,5.400876830056528,5.901307046087114,5.125065411661036,2.973651227197164,3.040667487628467,2.979975917726959,4.549244823931893,6.398664478033113,6.235952516996624,5.304496420143157,3.0429391312720435,0.09570335805534058,-1.099508655159657,-1.9465270332843634,-3.5664678021247878,-6.04846103143759,-5.590118904909032,-4.6729604066266015,-3.2144759104262914,-0.026877782205717963,1.0468137773678414,1.9563556414571355,3.759562003154599,6.024075895923788,5.82612967600242,6.051620972224451,6.322475815971145,7.606779281809578,8.169193633634801,7.665743362383869,6.679806395137369,4.889713272016989,3.9375963363485407,3.512592584571281,3.3497349627817705,2.4722730748802366,2.1396408614509443,1.5231229036501313,0.5432858115145078,0.03217952317462316,-0.6833480031117958,-1.886884861234029,-4.401798673511478,-9.353691770981056,-10.944805363812602,-10.784011180647068,-7.919759063332327,-3.1295681119718597,0.08385068887639044,2.882030950795477,4.508153499626318,6.6891351248254125,6.075044327402422,4.249564247375367,2.6236154328045784,0.9364980174832597,1.0051565638447693,1.904877098637265,3.7158131487569115,5.786316874837296,6.212566949354644,5.8864936488332615,3.546067014801399,0.1955618441065304,-0.03937843827209825,0.5445720842291734,2.169006877644022,5.308330867174662,5.7280182982786805,5.139662697943881,3.843837988661968,0.8009406774930335,-0.1263945682439127
Alabama,2.626415688509267,-3.208822622529564,2.2219726892094305,1.288278577055498,2.616463297324517,4.488283033763921,0.05854271584376606,1.2153693952536928,0.8981555518490782,0.9064213383328397,4.054623325739583,3.4298330444901013,4.04060657625718,4.049314874586296,1.4716794283225452,2.887146339814692,2.120180683523899,1.5027048625259394,2.9838650169987515,0.4561984760225502,-1.058940180993705,-0.8542844983502763,-1.570860392797626,-2.098177350658196,-1.5374062568388207,-0.9654961726411208,-1.7063616448191303,-0.7628592770005334,0.20328560040547677,-0.4728267407275376,-0.6532974711125281,-0.03168179618256058,1.2561082524006304,0.6621162603497617,4.579212663289021,5.370816399493718,4.8038583383903095,7.726214983960324,6.990213054620758,7.484577135240015,7.174762420107229,6.678944241150567,6.076354376224899,5.955230829414019,6.342613727255915,4.8308164320163876,3.332522998235677,1.5471358606330992,-0.09924293218685325,-0.6965801596579612,-1.9209403315287354,-2.0628125392669903,-3.801148636653979,-2.5568054806182516,-5.0414001039104175,-8.08508437364224,-6.318668136439507,-8.804805855712653,-8.23309628591348,-2.1128517051826896,-1.944465976628889,-0.5520949787525888,3.3408017567498396,-1.3920431121827703,-1.558912813257336,-0.2553363031932405,0.5813524875476395,2.955279506298718,2.6141927827015867,2.2447664750371596,1.336471010287185,0.6573559935605582,1.5301329006004136,-0.21242633441936476,-2.2969676903093577,-1.5433267749672832,-0.8157276178675803,2.5628234760160415,4.264796358712353,4.863899310246538,4.184191040167957,2.1132544494193755,2.9151595051167636,0.7227585041073147
Alaska,-28.25483235470475,-25.236585210605767,-20.68061165715909,-12.384420060215136,16.888783323509347,9.321716436871679,2.9060363003704306,-9.350315276341837,-19.22510584817704,-10.05714733758803,-27.306260780015513,-24.81825216850729,-25.26097918302967,-38.82963896645778,-28.739675087779204,-22.731876228437876,-0.45895496218290555,20.543976064554904,47.53717906591713,46.642611143562185,25.316508210229692,21.963640873182424,5.690091624208816,-2.4055691983668037,-12.344972635461964,-17.065562014724577,-25.537827006057313,-28.46586694971177,-21.793178382911606,-16.26717014455318,1.117053429886082,12.41878261262921,19.53368423262084,22.692459910572094,12.447654206101781,15.122280189125483,17.72602507580758,19.845309862209216,40.0407838610229,39.72378946133765,45.9167692276762,38.52668138981903,21.72800500110567,25.017600516844368,8.22111336040706,5.130975098692597,42.423834082475445,30.800130111729434,79.05985400546021,103.95592038142227,115.00663065748897,176.39295414013992,100.94106733201826,65.06850288391443,-36.11837586564542,-68.3176451344418,-67.10974649939419,-56.10484207489328,-9.55017096151656,30.108480328916386,25.10423986270568,5.290488597811464,12.508856492892725,44.21881719456464,59.55747054004724,65.40537934355655,32.07507862813524,5.078717680802404,1.0969198222086725,-16.345175776219985,-28.28878299384543,-25.269381804382164,-36.9788789718834,-40.40663350218659,-35.05116132569971,-46.74050965084229,-50.647655558606886,-48.6544647976414,-73.64756601223971,-67.32849989470277,-64.85809261227377,-58.12308985930248,-4.776999608015166,19.415195265213384
Arizona,1.3404570543814518,2.4827551949218876,3.9613811359071867,2.7556718734718704,2.2606011991489687,2.19294670347706,2.8192668792413054,0.4356075066849288,1.204854301358814,0.9955888599204284,1.0998357938387242,0.4769919116896316,-1.0487816409612314,-0.761666210019899,-2.6234364995576196,2.670985758064957,4.7082136836259965,8.612178724588938,11.009027416831787,10.178722692215848,9.695922559048741,2.5934639527825696,-0.15299597920125205,-1.9253831351221402,-2.423717175227318,1.394873110994386,1.5203734644665494,-1.027714358617446,-2.865115565766649,-1.8941582808562774,0.12667852643404195,2.965716047952042,7.102400937881627,3.6025120000587165,3.5622046348632024,6.89694575607397,7.836936495439832,14.146981058403519,16.26609147205728,10.726766889501729,6.358216392900988,-0.22630417421439583,2.5602454384594115,4.162261924292223,6.36784348620172,9.097150026096207,1.5191447628582917,2.877150320270238,2.1482896015469723,0.857346259375107,1.3448668645180442,-4.062991042007757,-7.706164571039611,-10.875228757246331,-16.51833726367365,-15.202741768725833,-12.506707099228464,-10.42922321125619,-1.2519611672992743,1.4040014917193062,1.713717775286852,5.577788998616389,3.9198830892529055,1.3728745155303237,-0.49952525178044577,-3.665399980539213,-3.6222092830419035,-1.8640880167810052,0.29511236723691847,1.7154242858519206,2.902761840845627,3.0598330105728206,2.6401874059833093,4.549493880429903,3.200742439848919,4.399849522190542,6.663303113401563,5.898172234169325,8.278775427562477,6.961883587255121,5.773316765317041,4.236044890149524,1.6494822598845094,1.7433467910418186
Arkansas,6.547177923531167,6.702552401761855,7.096996388166294,5.274012803103034,-1.0755011573773312,-2.3525247343503355,-1.878657970910087,-1.504371130228782,3.035286903082677,5.777901933982788,5.911465932131763,7.558540213183797,3.126329625170729,0.6275494934403224,-1.7383094507313523,-2.398085323649434,10.032932669889396,14.358006015661754,15.748590675633379,15.101250268897429,4.842804208265088,-0.9331804532944656,0.6476118508389003,1.5367219119365632,2.5934794282754585,5.046377527439905,3.705717966362612,2.408560226615111,0.5094683310738499,-0.5285174055307129,-2.8476738655713913,-3.762890934054803,-1.5412464289549965,0.8418472573341227,6.0699916195634005,10.849565852058202,12.724101123780141,15.172232154305505,14.305606316773167,11.088695189249048,8.425279255005593,5.373249735955611,3.109590710302388,3.287193037043873,3.100811544363679,2.2199057479865565,2.8289446356961534,1.5562699865994318,0.7513434373970944,0.34781098590213994,-1.9867412915576323,-2.1272774737710867,-1.961134374527634,-2.176455531306173,-2.2330213390351794,-2.4411100496162677,-1.8448997340342752,-0.9886806044108132,-3.7815228958890645,-1.408917663858226,-2.122621106468589,-1.249695218691063,7.381848875801852,4.905443075888808,5.572303773866265,4.427725229985019,1.1593234185146466,1.8300954404857523,1.2885305765736454,1.9288535883623688,1.9476681549140438,3.108065064499963,4.2524807687955875,4.428399555076525,2.2932713674419016,1.0907751876656968,0.7652886503381295,0.6356945858665604,2.3207797080138435,2.578927366785418,1.457554172446246,2.620044594818758,1.9276013176545286,1.1916910440535753
California,7.673100752485606,8.119566047909085,6.39256873384884,6.127853975192668,3.5610643699532654,4.204236142310791,3.0230285672878052,3.365174041376083,4.505787639404397,4.0486765865231495,8.591556085454094,8.605777722299477,8.578766486059978,8.085162852063018,4.710332022227201,4.866678570243736,5.818121130456895,8.941217448059641,13.4367793522858,14.502133556719144,12.420529844505467,10.002618030384278,3.8496966678678133,-0.575252629861575,-3.164570175384159,-8.435246512905337,-15.49892314072864,-13.66476359336724,-10.613487124112247,-7.575707701625961,-0.2736622612984454,2.57314492492619,0.7543002130436947,3.9639243123830643,5.981859807299819,3.6568351462936786,8.659119235443447,8.50615581256919,18.144318073821385,19.423594483389618,15.502874318123277,15.126674587701054,4.7600617814528805,3.6890198049348983,3.013253399575486,0.9967929143032257,0.47636270028008343,-1.1961999541435429,-0.9195127741862396,-1.8482005177707972,-2.4810899474986208,-2.514947239795412,-5.507626465489614,-7.856633302251368,-11.25903130760784,-11.991928860244428,-9.807632632517532,-3.8836531143868203,-0.201948143547836,3.25529811218602,7.962109391513546,6.853025984480338,9.66248103263654,6.197163658730054,-1.5924433674393415,-5.488272399908839,-9.288462892634781,-7.139660598178871,-1.387215517281267,8.067696590755984,18.332688836793874,19.173318176624807,17.248402359096264,7.608161636027566,-0.08206986862314804,-0.0003645239188921428,1.7074528946735477,5.786541299854907,11.569354764358856,11.507919984860287,10.1268221849735,8.433191696797342,1.5628046374109437,0.32628365999769404
Colorado,8.672114980186395,6.046626175594764,5.9983968529231,5.262395814244045,5.120918774132029,5.293074545414844,5.4037495504807165,8.24945661400864,8.615175600330431,9.247085400230356,10.634301740414504,7.1819513016614085,7.829156630688357,9.21717934230128,9.36925208611966,9.479911414390644,8.583386460761027,7.190965247516319,4.454283079562256,5.770851066728203,5.2785575385445584,4.766971227257278,4.091005484665082,0.3897746805242397,-3.0784235333730465,-6.234995766650724,-10.213606044263331,-9.707209762685956,-7.944125023373928,-7.740083554992337,-5.909830149477377,-4.214463713875725,-4.084114527002229,-0.8755480377154802,3.251904655059832,3.43067331946126,5.129488007337259,4.518327654803599,6.068516297411236,6.07948217605754,6.418824493468595,7.447698419125633,7.651066783017237,8.171348404610274,6.409673631404962,6.041587903510538,4.759113404134861,3.9852175915604886,5.28098849605186,3.3906710028413785,0.33299307803403644,-0.7386647003213102,-2.700058480293691,-4.189264146119118,-10.617644228534965,-12.690311232902765,-13.887583410976287,-12.545181315922935,-5.642372787550831,-1.752801841814916,2.262497710624246,6.736759632551719,10.425393223589968,11.332246842136263,11.559031813422504,8.117101274376584,7.138499683756182,6.49125465519204,5.807735556990432,6.868227227920907,7.467395637095671,6.872248551259502,6.651588484383314,6.6993013859052235,3.836573789472824,4.888840213102131,5.572452528357685,5.663946631593218,7.66607266688744,6.541400885137836,4.699550807895388,2.886143374488493,-0.4398306139233566,-1.2053129499798276
Connecticut,2.0299740213007262,6.867529373878206,0.8117094866909945,2.0921589551721387,5.699821736152617,2.9433279270522696,-5.999126366309305,-5.064621068332286,-3.118669534892397,-1.9395797768690877,15.452354258130768,13.60478264575811,12.773884926985293,10.165778295685161,-0.12118807550483301,-0.2034868567662057,-3.593783443181559,-3.004673600694376,0.5502905999506202,-6.149298372912526,-0.24159863645573285,1.3260743805941955,-1.8479452317693748,4.282643339269032,0.3063104398665008,-4.1092420181366816,-9.962976649456213,-9.389009434974357,-7.703087907278032,-5.268293281118513,1.8652035056371332,3.46427954997779,2.537766389635138,4.841536866154416,6.007114423218614,4.262331054046189,5.9615352389919805,12.924530831943198,9.894677683935301,10.019291343241653,9.625657986623274,-1.0244958561352067,1.2542303986103631,1.2434066822783663,-0.37144445072590365,2.773325569380249,2.5822951235804634,2.7217918058577295,3.4124579303241074,1.8081950891561676,9.8403819022491,8.80345437384918,5.332290285186935,-0.09700049952203066,-17.279235020988146,-17.937908366265155,-16.328065621671055,-11.48795250606703,0.31354435592147145,3.5061123534114698,4.8190543648191815,6.954736453037828,8.404121084780806,7.456076477155074,10.442539662370473,10.7504981195481,9.535835839517933,8.294933206729805,4.5959965480396265,2.0326302779150867,2.0237420087536306,3.567808524182791,4.542710413211233,4.7012442598680275,-1.8597276308000381,-2.8790973450495474,-4.512308674155024,-4.1046007625061876,1.3766945283815326,2.140871311280186,3.729835964582561,3.622494599835096,1.4745690524029358,0.8026383519056525
Delaware,2.2169919400382607,-0.592649934593151,5.161566853229512,4.971327972282621,5.58736102135661,7.359451929093326,1.0617646429424386,2.2256826675679204,1.9375727332472699,4.240133521821272,12.376690451760009,11.125990362046503,11.012088265803142,7.003720945184893,0.10731820647125005,0.7598808715444516,-0.39160224382369596,0.23867877997535974,0.9956577935622534,-2.2118196853272654,-4.576253760846087,-2.852193078890494,-3.3969746205562723,1.5283585424611101,5.420474999522258,-0.5394527756876026,1.6096877606834186,-2.086391942213338,-3.4264669351328116,0.7707667112296005,-4.874767962490153,-3.406267570390848,-2.5418646020172355,1.6416632673679346,10.04940027378764,12.01898631998073,13.601661908434922,10.03243844412946,11.22156711989807,10.6468581144767,8.558448952190567,8.706758723380263,5.715057338289973,3.4326388663125713,3.408400742304967,1.9534169499537537,0.3333125949598605,1.4727244193181697,0.5584948461872535,-2.3531957011988367,-3.6991038086796393,-4.373744408663494,-5.143509752829471,-3.030852343414189,-10.075183914027507,-13.747200307987228,-13.776972595342277,-13.788769440971125,-2.3151009746968447,2.811350685107706,6.185565312235408,7.633185033865401,5.980956238651797,7.312794027798277,5.792292963065785,11.983306626194853,8.093024896512285,6.290371396678313,6.895835221505868,-2.2171112147228262,3.987808596463735,7.885688160565432,1.508163029362257,4.732298382581512,-1.1843764908907588,-10.732339240033937,-0.29409282084447763,0.04617414875796921,7.750679470701553,16.0957606133788,11.88777351685605,11.92153571595966,1.6663554649998122,0.3618764787202273
District of Columbia,0.0027657753673602428,-1.5075710421070365,-3.3982934536639546,-4.446283726499371,-5.519523232962462,-3.5679016663904703,-1.6909567655777582,1.985311000000008,3.7210274707860624,9.457894100309622,9.539350262661001,7.850699535500468,7.458574076154976,1.5141558723477793,0.9666634160197252,-0.8402450239864049,-0.32761390759645354,-1.3726741858119889,2.996677246278817,6.200609548407174,4.312286992514043,11.582819543665844,5.68219576621026,2.6641298876804624,2.1854540940948834,-3.855366353964227,-7.024839440371856,-4.638781310335663,-3.6591158400542048,-0.5498147043475178,1.4333676627287149,3.357933389598914,4.59892745076608,3.874509241515313,10.691087231598416,9.464176583093444,8.939771663903462,12.078760536643356,10.663315636759586,11.294161091343502,10.010941341804427,5.11337623494373,-0.5916017602169843,-3.933265995621154,-3.191409509980304,-0.5220155598076528,6.605112059149573,12.622863675441126,13.034110840122635,11.576312190247839,5.01621425718101,1.1959612301212499,-0.4214377182865859,-4.773249473104784,-4.370203022661664,-6.5938136644292396,-7.690719994536408,-3.6743398970509022,-4.862038602133531,-2.163250085422446,0.2268703822862811,1.1701728120827215,4.384827190532327,0.9688020775671299,0.6133260717518746,-0.6198475290669767,4.919596633858378,11.103039143897135,12.444367860299668,18.261117546308746,6.930343767229909,4.215291608521671,3.042563041103002,-4.443634228676499,0.9542362470154407,-1.7541060799983694,1.5884466012167662,5.310029438487651,7.307547826477943,14.323732634894437,9.519004705369353,9.572929453939057,4.846095470914691,0.3100931453869344
Florida,2.431074132616216,2.4595018009939627,4.2531182179787015,4.428002956507566,4.060028754842869,3.835252703575396,3.412625607518832,2.924616076516642,1.8200876624585725,4.46255234605831,4.496966452963699,5.363410988154669,7.722153946039943,3.6373042406875165,1.824090859478266,2.1542805545688113,1.3220173791719863,2.764496631447418,3.5511083583094405,1.3559531791234944,-0.2564627577810225,-2.1675568405137757,-2.842633832747877,-1.1945041395236335,0.057379400354280394,1.1805453375460035,-0.04296199928922483,-1.0626374152998812,-0.27403159615031397,-0.47061664554548926,3.8190206093678283,7.96178134657088,7.864566646448108,12.011237987845808,10.825269914462579,8.378734452355246,8.670128204152288,9.073290811942714,13.67042017036091,15.227461422177441,16.438900974654672,13.492241178164175,7.729899864273346,3.4862584638313066,0.2863901018990475,-2.6770824563208393,-5.130081325652341,-7.623308354154533,-9.76516032722376,-11.31709706634982,-12.457997379875414,-10.63814180423031,-11.19076568415091,-10.845158721530293,-10.513931939233863,-10.112735058486471,-8.242656257593167,-5.960665129760048,-2.361230631808087,-1.3756444486508277,0.5834949601228028,1.8282482010091523,1.4416779046399404,1.1397149939268814,0.0388070204064424,-0.018586434396856692,0.46663966515589045,2.150109120882294,3.7436187655639315,4.357485122928701,5.088648873040007,5.201908747865287,5.482865635457952,3.637528684342597,2.103491070381167,0.5346372919723561,-0.7441802935292988,1.156543431887293,1.9585881528044045,2.581409852135507,1.757623669286548,1.150389113643743,0.6875249134059197,0.8060389099401213
Georgia,4.36768805298858,3.900868425069173,4.808428945595203,6.148227247492077,5.565935008971404,5.495893591519484,3.6407331545612536,2.1933022429616083,3.0735934885890304,3.4001120429121796,4.6303469607024725,5.873115824054697,6.673728005274823,7.612432643097035,5.784285265374968,4.994388100555646,4.913707452783601,2.7620830949959116,5.169156464170519,4.716479189352909,3.97948552808838,4.782693107328746,3.0166331394254775,0.08825214616892593,-2.341826944650458,-4.3403672908767055,-5.808542160432265,-5.541425457633882,-4.8445975178473075,-4.208240074082881,-4.7408006905918345,-2.5351525167681617,-1.2470050150071084,0.3110552193872095,4.582588714189222,6.772893323514774,8.563627241658812,8.392608414765187,6.7446241089148735,5.154295569889551,3.6388186030623424,4.5013151505488365,4.307216176099648,6.187063063116772,6.1809969603394705,5.416640091478868,6.748922998334924,2.0297976257152115,1.0998392049124794,-1.1771849085498358,-6.118814805470687,-6.674835824164527,-8.039516449530518,-11.271371909646689,-13.179118542770144,-14.05669822260807,-15.763205902574665,-12.8529901915591,-9.279195304023398,-4.8300442621691175,0.6425079711013132,4.2929552451382635,5.12212165118699,3.8941071366965585,0.9138953996973743,-0.9791041322646891,-0.21918074361430093,0.12289461365889319,1.8623843901180535,3.189934662408747,5.0515960686469334,5.972837394813904,6.417233254909954,6.334266383324424,4.259338849261525,3.2921263649972303,3.570552622236704,3.8620096513140445,5.5532100359885,7.182731356700654,7.411106637812857,8.63764761048127,7.859463219101843,6.3074903288591555
Hawaii,-6.374145694495471,-0.9233427888391965,4.542645191993163,6.007000334855645,3.3413758927478594,-0.1834617125853571,-2.1967171049632475,-4.998936746651818,-2.687979682063539,-0.21571452552266346,1.0208933522553516,3.730455598492833,1.6025291746744854,-0.2680513508027388,-2.009258520175197,-2.937917977524323,-2.5732702843945465,0.7659477297709558,2.3521276404060774,2.8587851827345663,4.487952241492376,3.177974763010151,1.6850233993447779,1.327719469673705,-0.2088663492820093,-3.4434229374982124,-5.275086559771431,-4.112916142746312,-2.8387030549321195,-0.3519113707646207,3.354961219397383,1.6476361267997426,1.245906339044545,4.096137752897134,5.478563744752789,8.916781875245016,9.988695859367326,10.700519474794394,11.784795334217915,12.032835660872841,12.411328649858543,9.195085826092054,6.837995501376258,2.5181581530229824,2.7995865229454813,2.0146697746614946,0.9797266236734178,2.9441429752914043,0.7593910550671683,0.2846481104226692,-2.5389570015000222,-3.7423787113890423,-5.410909784511598,-7.950955058491467,-9.735037879746592,-11.255746622096472,-11.308089339705838,-4.024753069368577,1.4985215331967843,0.6516513418982562,4.841841878560497,-3.1524239957171427,-3.530532062751258,4.256388908686071,2.1544067740380197,7.886068701106787,12.19974233665381,9.733025573972915,12.585303795319568,12.305233495610404,8.6428197058079,5.865763149838035,2.9760736825778515,0.7198646587011139,-1.9050080158865879,-1.1573417388760117,1.2072121614785567,4.549404283181562,6.644605618715671,9.747946851817591,7.536848770175282,5.302742055448889,5.9811230542398635,1.6912216619845915
Idaho,13.006451320645132,15.698553714681326,-2.233077617017939,-2.638438987191604,-0.836453004765033,-4.855483887726327,-14.038798470372122,-14.01177430122012,-9.643990011263716,-5.70321559539594,7.246876032859308,6.472797100058561,3.85056386201656,2.9739131593302544,2.0290397849845485,2.615500583664155,2.2035985263253832,1.5995146022794733,3.338172787028108,1.691164755074768,4.296124328249835,5.78190962623028,4.509728666452972,7.941634469512304,4.692804089555099,4.458868051878998,4.641723387294765,0.7901201085341805,-0.49086281705009094,-7.678462092029539,-15.638952304564299,-12.500699111301783,-9.092555571786724,-1.607319473232853,3.5156368511890452,2.956520500450155,2.333811126642008,2.520840236105054,14.47089516291313,12.720968529078169,12.019668324790791,9.093440644140692,3.2043012718596025,4.154215816844139,5.3254391294509835,9.103433904362605,9.669729955517456,10.819032309044337,10.197671844064676,4.774641421202867,-0.4540109890752136,-4.514601466864824,-8.248788282066583,-9.241118743900282,-14.201386192892002,-13.964019966585914,-13.627836347036975,-12.160250183458485,-7.8135682820626595,-5.424457151146499,-1.7099608756936417,3.6953557142817943,8.280971198899817,7.4135762852841065,5.981524154716556,0.940302860738453,0.49118508245599973,1.0766383431432616,2.469233569774367,3.588337839885548,4.3504504272188065,5.007958218154458,3.9377273221429614,3.639871634703372,-0.01047020539553258,-0.10468235744847669,0.5260825685887349,3.7619012551560798,7.633879452962083,8.603299959038766,8.92959316749124,5.9865113046089515,5.182720762787656,5.0849259458017455
Illinois,4.459442912816418,4.287001539403981,5.511160729910953,5.284651319867524,4.797735920223253,4.44860562036651,4.382159268586305,4.2806440165387905,4.526515170287341,4.811151733185981,4.753881225263277,3.315956864440306,1.9269174271793719,0.20370172018355587,-1.7169655691887684,0.6998856070357645,4.419662473658,9.63593459950475,16.23686477229836,14.583153478175118,10.120732946287756,2.3027329273188277,-5.376075915953291,-7.631279421694069,-7.386839866301842,-4.856469867159631,-4.555028112109705,-2.8389573943279167,-2.8421141149088074,-4.498760372107441,-3.28532976018181,-2.7475816744657258,-1.2203764453757737,3.1384757710311746,5.504277309814745,5.88087087459145,4.453313993641013,5.100658901025006,6.363197321688263,6.164892960266006,6.766710571058819,1.7997209234857856,0.21363512681634922,-0.025491203715506294,0.08433644998972686,2.5982885475452555,2.553292640040122,1.775873624814037,1.7896900310693107,1.4743688848477363,0.2461999639274476,-0.32918133750730755,-2.356610533971825,-5.477533929651668,-6.123877156159865,-6.706621374118852,-5.049933744100914,-1.6097192928006012,-3.1700005576810386,0.4949936929206546,2.6722744882795983,3.2415595993689803,10.125679163032467,11.55060992427081,11.276305699194802,13.884148825486943,12.835833413081804,8.5555496329365,7.468514208551609,5.344291230931033,5.067726466092577,6.54369471402812,7.066485786738953,5.568383979229159,1.4948805190082257,0.7670987538461073,-1.3707221702162664,-2.5871538844537225,-2.267523082867762,-4.347070717126101,-5.753499360839808,-5.730995916279499,-6.300638986372824,-5.303332558395414
Indiana,-6.492526019563988,13.181571163050561,12.20307170035632,11.812108313512526,11.075253657067643,3.504533589965613,4.6021805313059065,5.5776034771417855,9.485145032042372,8.925093494462079,11.121644949579785,8.733554535479904,9.4037126080058,8.42652639152253,5.912215109804676,7.9929021477246565,1.7454861124208612,-1.120919070195745,-4.905286216455881,-7.318925497554798,-5.298104714793805,-4.914514349552371,-3.5932761288993658,-2.8772134104098863,-3.406022397028302,-2.9216377873013584,-4.022061150558377,-3.2924149396161013,-1.2542869365987424,1.7368125028022656,7.5838206062336075,8.388201580037869,9.142958956203914,8.054346749653597,4.315925864182047,4.131973978249754,3.227897152011211,2.1658430659058516,4.356106735450132,3.405539452284661,2.9161267900800207,3.3447494208030393,2.0897484564452955,1.9538195358058188,0.2219514529184345,-0.03112286348080995,0.15671293086197063,1.3598802903665206,4.259308788124243,3.872911801946329,2.7099246438166906,2.349170369368545,0.22694652111136035,-0.39185943678805757,-2.7513298435452413,-7.353448856874785,-9.475941230113632,-9.739912006116432,-8.276783324498313,-3.493871261886689,0.2279432114896556,3.0335328046204806,5.895759514193928,5.737665832160048,5.593907768902077,3.439059942913862,2.4132768919093466,4.651803771749222,4.950465579279075,6.9315744601213165,7.516263521145612,2.895766337311067,1.1471311017280457,-1.134261352819911,-4.316340903033583,-3.0999939873955755,-2.162165102010462,2.7317336429155183,11.234002078708603,14.511810879110417,17.581920273811054,12.876220869696139,5.986891373257118,3.4492607966779576
Iowa,-4.5151227995945,-4.0986936495607456,-1.8769977154329764,3.641860883041148,4.052625578481471,1.8617589946461677,2.610255462056935,10.58080869134791,2.7602942943535766,5.020508537624193,0.7352693180455896,-12.153608955424323,1.5749151835304538,1.389234922419106,-0.2607072904501761,5.255510087649486,-0.3137515393949996,-3.0591459524387665,3.3326423288423954,3.9908378867329883,-0.24188474831126752,0.11460388286772395,-3.836153151812184,-3.337407585030406,-1.7574088806560404,-2.0602856286634466,-4.558828221696638,-5.73127839967549,-5.172743406441903,-4.415869175687689,-3.109180841526998,-2.8146456727677402,-3.118954231908695,-2.4522094312792606,3.203042362979849,4.298580156586401,3.077707796473009,1.733617417984343,-2.9507803483716932,-3.0534521585645598,-3.228349371057272,-1.7371571911534656,-1.5557540466673656,-0.9080677154079441,2.5465203652703754,5.159874417807372,9.636034965410577,9.407814556977637,9.150800516326257,6.945484755576102,4.312187113323155,4.5381907752953445,2.5185529423309045,2.7772610926170405,-0.8756050499232386,-3.465943838349604,-3.508822110643451,-6.293273187002144,-4.066733307960773,-0.9367138616640405,0.0248477259682627,3.673121837659183,5.146395007296629,3.57160143083749,4.277013880483869,3.1897935112089373,4.5010621876050845,4.737556664925028,5.054130928249674,5.2839162792011125,4.638248391990145,5.667794966070112,3.075478307507425,2.549294285308897,-1.886498633830525,-2.4091613996441765,1.1152350217967133,2.4355038251183077,16.97902955162188,17.559035485366472,15.833247352836255,15.402389004562107,3.914522027688273,2.6355194143198957
Kansas,-0.05449738479913343,0.5750436023078368,2.8604443008464826,4.14827599205157,3.2425678421114537,4.353292061215787,3.3664732450360355,4.8496587899351615,6.28157113050852,6.63715441390509,8.02511498642415,6.2003670240388775,3.076117543196358,0.5621889567137723,-2.956015274179272,-3.4887919052640215,-2.750482238071488,-2.4967804927714643,1.7111841462771165,2.4747358809661053,2.472392714009099,2.7964366664699107,0.43513816213847056,-0.5652084237623302,-0.6651319442806561,-1.3134325626463443,-5.311053776613854,-5.151108988634566,-3.2448962654931224,-2.406320988025659,1.9360640428434261,3.1231624395671584,2.5414527186969247,2.6400966431956934,3.2023728821369177,1.978803677043484,0.9429662721535951,1.9976797570047624,3.5655012895683624,4.981515091939754,6.220879475782911,6.409295620752971,7.103847225669345,7.331571999365815,7.5679527323123486,6.91724425121043,7.1145948394486975,6.233850353245823,5.363879944932755,5.3598522558345945,0.30482668289954107,-1.1441214028227298,-2.3140877645899915,-5.655096039035904,-8.282648781783168,-9.538273989433357,-10.469943126871668,-8.814717711116819,-3.4039431863395557,0.8235955995780544,2.852113276707844,4.426444456353396,2.7534379569970775,1.325119303639249,2.863577400312874,2.93527109068856,5.483062161142649,6.656945327106308,6.530892973072505,5.442572045295309,2.07732180553379,-1.283616590279382,-5.656114621910964,-0.8334013844043066,-4.133178763441777,-3.2518909686310966,-1.3303205786271346,-5.324018898017821,4.782116071259882,6.06501749190546,8.412898102581226,8.906626959923901,1.5568139776674108,0.8140596909422062
Kentucky,3.422264421613529,0.4180473986912907,0.48813444682683504,1.2275356748558452,-0.17140470174757858,1.674383060660398,2.835937069138245,3.5236250428516116,5.28534037787727,7.300896947437356,7.0126707469111675,3.9887747114091994,0.9792217441868936,-4.459298537670931,-7.322979884630273,-2.195734268604445,3.0167208147976345,8.626368101709831,14.450094459687781,11.81195424153081,6.916641118245385,3.7408583482750837,-0.9979292367756791,-2.8373047215040366,-2.9006453158281538,-2.727606648229821,-1.8351042690190291,-3.42635110867699,-1.4602883371586424,0.1808210694805138,-1.952473539887583,-0.6132490629589031,-2.845107740441419,-3.7122146888180296,-0.7293909065883074,0.46173053567161493,2.194543388191355,2.567238261928834,3.131405780322991,5.140414288141356,7.111071626879639,8.441743212374309,9.456808000089149,6.4797174130882675,3.815387932195955,2.5018919769079737,-0.6866354387437821,-0.5011716880042429,-1.9851676917420809,-2.2952270779302792,-1.4763295048806908,-2.688516390130365,-1.1840661482395343,-2.2518976615904243,-4.097178850835567,-3.6932821734751617,-4.965927296457139,-4.387061558808238,-2.7286036470541943,-0.9024743530569627,1.6786223068852142,2.8151985601613747,4.534462927431245,3.034214128598491,1.2552288238669842,1.4789410759393207,-0.011540472512623539,0.9525583688205566,2.181063121980178,0.9480650292167053,1.3608271755741923,1.3646524261872206,0.25137595653474015,0.949669689634735,0.2141879407037996,-0.49046037789102365,0.7738279330492931,1.4110660839376348,3.755341497416841,4.791032040060136,4.414076881915286,4.029092413225888,0.9812184009010831,0.7331395844320399
Louisiana,1.5678828719108064,2.0384736113098145,-0.899655273008951,0.7466451185089799,2.100843694430994,2.0175411320748715,3.0803059551725616,2.7643627348588913,4.765638794250112,5.178444281389728,7.675659114859052,5.081722497279509,1.7208691255737394,-1.3666355409455244,-6.698913574546755,-3.917308167160221,-1.0431249488618595,3.322761010550701,8.334720903006373,8.177115993042886,6.754639816782268,5.657877193920324,5.282971778684082,4.131864434557119,8.253726980968251,6.703522241359565,3.491218071257719,3.791342188316407,-3.6280040882315854,-2.234619859505061,-1.059025432333674,-2.5520754855033894,-0.039327155564579885,-3.6871995386115017,-2.2310385055863464,-0.3084374807700285,2.453388701744675,5.336110055163401,6.963075509785875,0.26282261970304893,-0.899241297282938,2.334536587376824,0.17498415070696535,15.971060513405963,19.018303706498468,15.397288655980832,17.219414186168542,7.971286350365404,3.878306365443971,3.2287742152664944,0.17990915783290773,-1.8042626232606545,-1.5621085319554067,-3.549963919530088,-7.887292956266107,-9.522075051033541,-11.059249029158588,-14.948778648343955,-15.972365181512787,-15.178196973861855,-16.946892390108985,-10.028281629521464,-1.1790226043128558,0.528909556325755,2.599029510722933,0.8230658917770127,-0.6448236357852137,0.35448758393299606,4.357412938039986,5.734932232852634,4.242673779799487,5.2399664355381,6.6819062265411375,7.716658550485227,6.4094849517071335,5.327086006028691,2.0196918953803977,-1.3940665669126389,0.5891710637718153,-3.4889847347487652,-7.295992301630183,-2.7828830476578705,-4.438916645938062,3.1587515694816153
Maine,-1.9500111778929414,1.8258915117716719,2.120190591817678,4.207977429012601,4.4004901209150304,1.886028820796138,3.5480536480529214,5.5088196692265345,6.787732648152247,10.802317725236518,15.33919184955384,12.739904231800129,11.724342299787182,9.084150008477861,7.634176141011685,4.236532644941714,3.390884231373126,3.808000824678119,-0.6074874205490906,1.4414562776055622,-0.026632461644855332,-2.457146575530309,-3.028579047430153,-3.3800403961158567,-1.9031128260691323,-2.2558276817846927,-3.1704446644935445,-1.3819823607893904,-1.7767035009534333,-0.4492800189074906,0.5062268013736977,0.6845960323922187,2.0147075073588168,3.5667509484013573,5.029106453097524,4.971743703184664,3.493647361507632,2.5165298654643204,2.957441963876973,3.462934336591119,5.521856028340971,7.3209223501588205,9.075858982734024,9.704076716631457,7.925786248603836,6.072585363249867,-1.4975957557003887,-4.632872431003105,-6.237083373494305,-7.864980172174694,0.4133721668324933,0.872124797534045,1.28705426288259,0.4693760997441129,-9.181433293629164,-8.07230149935028,-6.859175289952077,-3.863910693718124,2.301157462416798,2.9459279604343873,3.451245825764835,3.9778263297807355,3.4740728056416703,2.5517348458148463,1.5272881618959557,-0.32136336644664154,-0.09989942116764587,-0.7698183653761919,-0.7634024754111058,-0.4074002852442778,1.1848920064885469,1.7042757444544994,1.6004878214196974,1.2646407792242387,-2.541225091525438,-1.5129712095525476,-0.32868285331900143,1.1104592575285905,4.9802723325630165,9.442889392000946,8.942713620769528,8.331266373539698,0.9261499437218835,-3.1714074332499487
Maryland,5.8675034099682115,5.266730178022109,1.323436108773277,-0.29155759476204474,-0.2172337364780773,-2.2030403134744967,1.727440785731825,7.217262887634771,5.592074160917289,12.99539235781808,9.903641132901935,6.103318013896392,7.091172646678745,5.066925422882597,3.553047644878932,2.0978989695500503,2.8208722953516134,1.6475606024126959,5.84197561162662,2.827844163874553,2.8956630515590103,2.4652306097116594,-1.212220419021017,5.856231498768017,2.710567404568619,0.845131802024077,-1.333097504739899,-4.662496785754549,-3.1135398323148133,-1.8664708385280053,-0.8536426908404138,-0.2259419073762751,0.8573282793044255,5.992493864347429,9.855497428046215,10.676107870758834,12.254901240713073,6.2861966718587166,5.549763871127691,7.15991377153473,2.9830200802467055,5.0847633994287325,5.10646138650089,0.4080866955052459,2.4603689835414224,1.5932642941387014,0.6793173547465541,1.490437014418003,2.678882719549116,2.4285880659363093,5.770813536326051,7.735968398769192,4.661005257463615,4.517563052238585,-5.841531057606494,-8.53179388922311,-8.028493758215415,-10.048554983009943,-6.0770638946732705,-5.09519598455209,-4.128969520914014,-0.6370093990694483,4.723028445784558,4.936129073414748,4.1399299063483035,4.6230444208724135,3.4776825507441593,3.502265701037488,1.88531564584642,5.550168143704439,4.782285481772187,6.8043183953310455,9.924835324713033,4.087909668474172,2.616280001704399,1.1035069362127277,1.1452563562674325,2.737996358831668,4.641833525769644,5.745565147511651,6.584005171152536,6.707264219284426,4.084585278708339,3.9493039387858344
Massachusetts,4.714187524155847,2.522797190067625,4.769048025041835,3.2125226112003364,4.70493800836754,5.503402296161597,3.9173168189433594,5.477817323810286,3.756038991114717,5.387566761749835,7.033075163893552,7.760783383984722,8.001587020584779,5.202455998657226,1.7723273332628446,-0.3164626998797502,0.12978408714770398,2.4004662932882956,4.54170524572901,6.5964232089050485,4.974835348347544,4.406907154175445,3.296615327783513,-0.7839189084336112,-2.3847941114374183,-7.584665075494022,-15.505696393862713,-13.670552707103251,-12.079750085103639,-7.6063636414491524,3.0272503606559686,3.414548768684343,4.481745691673883,3.273183915089775,4.632415066905805,5.0436305907647245,4.792019394748772,6.5089842352664835,3.8433042721313306,3.2394415033095854,4.109148456228442,3.3815780416815633,4.033748401575911,4.532621828320126,2.328986318681177,3.3968763411881167,3.5563022223948573,4.654723476177668,4.905345800854509,4.745911386581962,3.3809431566748898,0.2576054150054348,0.4256982458229667,-5.080766958435872,-12.478596875541404,-12.975044065233643,-12.48148728248981,-8.460139159796022,1.0142307441320153,5.102292297009401,6.72227627941718,7.595186485082753,8.064138924178028,6.452910279000698,3.1934123928633777,1.858335360436696,0.05038039146180247,-0.7212815501234858,1.1358951351457849,2.739264746582363,3.241169980306466,5.175828459551366,5.237502910080547,5.426920436791289,3.5005957776387335,2.1299552954167966,2.9418485135118573,3.23652638196497,6.398026954541182,7.440348624444636,5.958905089296109,4.1217998827464015,1.2116384743060569,0.4354339995744131
Michigan,-2.7268336092928327,13.874936581785416,18.72552396168206,20.95878652649853,38.2012503133624,17.84031341077693,16.274826060096398,16.018688093257232,-0.5415997142009208,-2.722548702002401,-2.114010640880841,-2.8842885451056555,2.520723740467076,4.364870311186069,4.265227476298438,5.186370013146114,-0.4608081095498347,10.180920135225529,6.197489639032364,6.630155901641493,8.223452013379449,-7.197719668791776,-8.431230651359062,-7.563169751126991,-4.686622818412686,-0.6251707491808466,0.1186881092120284,-2.8664137280881485,-2.1979061588744018,-1.4390986085720292,-0.8736925117603107,-1.375735674854074,1.4562572747517673,-3.963658839156266,-2.1263423866288127,-1.3272919935710523,-10.337670963455823,-0.37805216906392425,-5.642427365713967,5.244818371751485,9.28670464752861,-0.8659648061115875,9.191575018839153,-5.694426790084735,-7.531507995488498,-0.16276522184783243,-4.849695729556659,-1.7306263942330868,0.9102347611040664,0.9036993746397156,0.5187880647462932,2.2565783830586703,0.7984184312246793,-3.1933110131643323,-4.4716485999714415,-10.343518716495282,-10.803059673745201,-8.54404799383315,-8.676878630157193,-3.943042923903959,-2.909375618872839,-0.13533238313363652,2.7993047012875327,4.404493794760071,5.933093826060701,6.305192337697078,0.21505078788517504,-1.840704211438253,-3.632903644561964,-5.519056546318166,1.0329790282973645,2.551555092053855,2.7975475770913394,-1.598646163031455,-2.00987329454553,-1.0006122997339404,1.1160287211843336,8.619370907363198,4.841681653061253,7.075192888876236,6.451396564377363,-0.6358997278197712,4.225407624339977,0.8093244766377764
Minnesota,6.591591331669558,6.665664863562235,6.646899609756354,3.4403497706378503,2.393364853496833,-2.878826026050939,0.09586200063107092,1.0799059788051286,2.750010483677828,7.800831024565761,8.692789214762637,7.661047903576336,7.8445413069263505,12.149221378743558,5.070031377615187,6.927186301155329,0.8087342172389664,0.8771541131517926,3.703041519325174,3.4307430217257733,9.80834533351975,0.7115387412478875,-1.7841055133831065,3.6210991691818935,-1.8091134995452203,0.6866784793071541,-3.141928754723185,-7.164123311181052,-2.9427293571758653,-2.6526772243156853,2.7148180932197006,1.4008113201585273,0.5680544045472978,1.6675724625762363,3.0723552551744957,3.296526983028245,2.815214270890739,4.78364413293079,4.623196928114502,6.680636828296178,6.8203478225814465,5.282783493409334,5.083986290719513,2.0845247587752125,2.3814122467926047,1.7894041869794,-0.047657325651088454,1.0732343576295251,-0.4873193023614348,-1.0887277908553041,-0.6397224284363564,-1.6561925841444458,-1.9210852525436874,-3.5456034315991203,-7.464647369582142,-7.98149772688103,-7.818214956267491,-5.217100638227674,-0.7109841026035432,3.310859879766956,5.955552068161446,7.188966292247791,7.96088417028963,6.125788826801299,5.884849957175101,4.597100680980295,5.37787179811926,4.997413166677367,2.4667432382495216,10.147839536050506,9.52720540906795,9.841856815540854,13.925641277003772,0.6174878859332229,-0.05163420112160342,-0.5228499710742947,-2.249980685513749,3.4397471150205763,4.597341047473867,5.036328060638196,4.825736990440896,4.202654136338862,2.188596696535936,1.4371484933499907
Mississippi,2.350727265589295,3.7186254178201104,3.4671910545841955,4.669572857290764,4.474971592138465,1.9487135428241025,-1.2578840316535758,-1.1237881443867521,0.4587620395925641,-0.178967641851751,15.945756861654695,14.741221893737933,14.797113893805511,18.357611185826126,-9.875767673932602,-7.40441740929672,-9.686858713433807,-12.236563242456725,-0.2400120243316604,0.7077593998046505,4.93874869926006,7.514915679153902,12.460306757917541,10.322277823232548,6.294043258775932,9.609026690405853,5.837984251405467,0.636136773420804,-0.16046549585310577,-6.483831449141057,-5.552928138954987,-2.8766701729948894,-0.11675884383226852,1.8973424153695497,0.9697767862535486,2.5515662689212504,0.6943084043587724,1.671218599578313,3.376928829581325,1.7947626086603212,3.6299036603650574,6.396929791452793,6.167371563443483,10.215021556350779,9.193201810222611,5.628979148020799,5.359982873328975,2.8138866401470657,2.4328495167955,2.3985221848224643,0.6774162519150884,-0.5638094685357395,-1.2757265680199474,-2.9250093929230783,-4.928652272427939,-6.544537047422266,-7.893311307404946,-8.2115771020249,-4.489234812321604,-1.5701383731944671,1.5986423739673585,4.79430524845938,1.0221548658678203,0.39880623139079724,-0.4914770345043784,0.16663262406613333,2.9717160885795804,2.932299192924539,4.714796528179227,3.903470896420089,4.972289546203056,6.455870160585508,5.039621217087229,3.9113076050002187,0.5845045128725972,0.510718549806139,-0.4359870054154391,1.3863881683308954,3.291310680575025,1.8092012504391006,1.8137184498114811,0.07805941148609948,-0.17039335037596395,0.2515365712061123
Missouri,6.508384906011291,10.071685103032701,6.713948547630479,6.761834888321307,6.212402961715891,4.852448586520875,5.424111728663452,4.965933817219338,4.547235761654943,3.735066374803548,3.394983601106697,2.8169777779326983,1.8829080319557343,0.9181403980459116,0.7725445124602327,-0.28040901160263154,1.6080351971027715,0.9636211768714984,-1.1472526387079698,-0.18545420205265475,-2.6632677099850297,-0.986432242792884,-0.27152732068733926,-0.587727372248241,1.5652969340755927,-0.5459879027670396,-3.673136346127654,-3.628046230724971,-4.823833073608321,-4.032325113240437,-2.6215449847903862,-1.825126032810699,-2.272002175435558,-0.6571647444808146,3.3878499801526836,2.8062929140775323,3.3735346275827243,2.4615902596170516,1.5919361128337721,1.393646309205035,1.1251249086137793,1.5962425234347186,2.6996459492451463,3.0637003962974156,3.889032009380327,4.020656618879237,2.471166249486439,2.5400958911895923,1.8951642524180055,0.6242488234306028,-1.224220314064684,-3.113249665652766,-3.320501859676149,-3.114007428279062,-6.855207737587525,-6.754824036423483,-8.903915021837362,-11.966797690920774,-6.786613719220326,-5.185147905313701,-1.6628234118616254,3.1180888802103275,2.0753556296002666,1.1534261568299782,-0.3117144765101744,-0.6363033226750617,3.7997448354245025,4.911616080393883,6.3474174827720775,6.451364767225434,1.5361409740665675,1.9093523197038844,1.3700205152822682,0.4437638126989888,-0.6380431865884116,-1.1939483951896654,-0.5213422562995559,0.8197480736807228,5.602487939731378,6.487368608272765,6.071897410243475,6.398603288326589,1.7408005641475048,0.9478571244820155
Montana,-3.0083546865511055,0.5846678100265409,5.526421641425556,7.370585033603183,8.863397376639563,3.031377328256233,1.4148490399267915,-1.7315570721928428,-1.5609160669015967,1.6696048843524052,0.22722346630370144,1.4502183979603431,1.1311770371102863,-0.22672120358173065,-1.7631822154904082,-1.8965435477490682,-2.1028266173059547,-2.4597459366662884,4.307088179498572,4.277685951195857,6.315123051976544,7.284071068668917,0.9594545843380073,1.6426728553458443,-0.08666184452563677,-0.3093266874589005,-5.121886022358826,-5.0112993208187655,-5.0871471204506715,-5.630727544390568,0.9410920973396282,1.68210500361994,4.371347947124764,4.652999450735313,9.654218326226912,10.098366943532113,7.528160345932314,11.713195881553458,8.983350250732554,8.100440371094727,11.196418787307776,8.36208257086994,9.160705912932078,9.870104180250614,4.5393546817568975,7.241144217562978,-1.956435661667822,1.2223106265588923,11.666735856009812,6.352623009907954,10.948471105773052,7.52080440017656,0.507036232203921,2.6531200420182444,-3.0866784325245287,-9.052531759594952,-13.746982607296218,-17.450533288982484,-11.913454444329252,-5.81330636882587,-0.10110424087802394,4.412211363713853,5.2218375587945935,5.26190997077273,6.083704689365977,4.879432401298521,3.8504867149309154,1.7330064345548968,0.42189529131868564,2.8140985340749256,5.809172489050674,6.81657683624914,5.744002609019598,3.784905113465236,-1.718115629451051,-1.1215228875183285,-0.4257026169851399,1.9813663013209637,6.951694617633554,4.40239303956851,4.447465521301023,-0.539014388486008,-8.680243150647836,-5.332059206388042
Nebraska,-0.22796604343988577,1.0694848191473627,3.9195618596275366,3.741619959696427,5.15900006057989,6.0994942930856695,4.572927882521164,5.59968920635011,4.36246002209535,2.88518577057706,2.0557980430011424,0.5713689233486438,-0.993130081146479,-2.0594237990971958,-1.1363676590066674,0.11465303680481126,3.287083382089158,6.62929452750389,9.003399997504937,8.547975414311551,6.377623006380322,3.4116184073485183,-1.4306469367750478,-2.1534384435625067,-1.904108754227881,-2.6310118260291446,-3.1313713607320666,-2.654968709010503,-2.390276721617875,5.6171549266659735,9.56431330768566,10.897374928807709,11.460973168158668,-0.4718211826287498,6.221359802069845,4.778461152941502,5.702918738156515,11.770720424937773,-1.867471901894202,-0.22991246959270384,-1.7314936705730408,-2.4969873655935375,3.7634950392223523,0.8621605039622169,0.31391638910986625,1.0987703899054948,0.13083497958771073,2.757740179561297,2.7472696152436487,0.18386935400091672,-0.9676476570647633,-4.931463149291308,-4.789562726851656,-4.48041431894951,-6.656990700877233,-6.663784900335246,-8.55900033463496,-8.928028840931574,-7.1703339983494025,-3.995615139713135,-1.988804573819199,1.5032447083430762,6.642296773616973,7.176245553065487,9.24651278509832,8.703765644815375,5.136503653521928,4.625643327356069,3.068322402038105,1.174413981664038,5.747504141531405,5.340622728744806,5.585593867173153,10.731827779891036,2.4864940727433336,3.755659015649002,3.6906010679880925,-1.1850803203550853,3.4155101645727366,1.3760184980630317,1.789348806915921,1.735542684252327,-1.2015667620345079,-0.9253984263291967
Nevada,6.557800458087884,8.030228302186423,0.8250630847881727,9.459628569612319,3.147703003114059,1.8243652723074373,6.72973452604348,3.024896765645447,6.1199425686788835,5.375095035422425,1.121459498278242,1.4541417175575495,1.9274170047647743,4.1364341460060325,3.5464823812793305,-0.5454911892789251,-5.727240244021785,-14.643197569251717,-12.975389460980043,-5.944288125443262,4.614726534356111,20.398461221282393,13.707160373713034,10.253357509459633,1.7075695438078118,-4.558412053525505,3.663007055342473,-1.4523195843396102,4.198617129553166,8.071122569585034,8.888562675855656,3.217064258062489,-5.485072355351155,-0.6008489682056006,1.1119688055447217,13.951475626035126,30.023886613463507,21.14676589959233,30.518738665232576,28.5563207341604,18.667038965168942,17.028100366753343,4.521636804479598,3.0789231841144815,3.4500774282419857,2.4878831828911303,-0.04436943982670382,-1.1292731945600696,-1.8777752211845435,-2.782073704830004,-6.267228613558571,-5.545077396211079,-7.552281249580742,-5.632193089057197,-4.206284294763838,-3.4557999772417047,-1.4927324898526853,-3.0496325768329013,-1.3007249855353242,-2.303675898942642,-3.1068682301304515,-1.435460314819907,4.423540217973467,6.837056835329324,7.850499996455179,5.2107171838886845,-0.5575360960779964,-2.298408616927473,-1.3919485142242332,4.91124395487508,6.8720449457281925,7.505651261916517,8.003099245099046,4.1527868238733365,0.16479680080647666,-0.4252467995534561,-0.1312874255728506,0.0558707734550761,5.018917728193453,6.275815223162843,5.458786840962661,6.262314716596122,5.654564185020112,9.696145727464405
New Hampshire,-3.4749695622563137,-3.3156999606202664,-9.920665565244438,-13.361155756145275,-8.924503497816644,-3.9591926084916373,6.1984041704234185,12.500849519867527,13.730084777140073,12.864575015857351,8.127162385622693,5.173613343193155,5.4913077840971285,3.4975984910850064,5.006683907401252,5.009293305919384,3.4367490258212516,5.492164712656235,4.452509087898849,5.832899666694504,8.128436862477749,8.316783190509803,44.623936139110256,45.73702373855985,44.89265408288727,78.43195749443589,5.832451879939906,4.27843727673188,3.3406671754954735,-19.30543445420316,1.3188906950238939,0.9716289082201959,0.0603266676164457,1.0418286303637752,2.7246024466069425,2.742990985703831,2.7516219745364916,-1.4566173652929637,-3.404911087207499,-1.9195872801998586,-2.68120262674971,-0.7657687103877427,-0.48027642557745226,-4.2442994567124055,-4.119081550276231,3.33448096247152,2.6359604646656463,4.3397048205049105,5.584616512806808,-1.2383630649645327,-1.163048380413389,-1.485362796732786,-7.861802498141425,-7.043179152833871,-9.134343814890762,-8.028082180101856,-1.7925654813865508,-2.0480350136418775,1.945887773151135,3.3003072267728992,2.49858549231706,3.6136197062073294,5.019010789836435,0.048892154719552536,-0.18090061605293067,-1.6428347043314184,-8.660355354238492,-5.0041868157684455,-2.4181645371624385,-0.7607197148019147,5.252561516074534,5.280488828161907,-1.4264230221819305,-2.6291917169724934,-5.148360214122047,-5.964235304040907,0.2244773164093626,5.40223092652506,9.65563149968017,10.030510704011942,9.356165195044372,7.4156800149404,4.464367635541764,4.712078968883928
New Jersey,-8.80145433702025,-7.467296485877159,2.8377649996780585,3.0728961253979477,4.033929035291923,7.133713746501049,-2.149305230719507,-1.7233193561198044,-0.38462330973014663,2.2886788273610437,6.3563811445044625,8.263053256670212,10.004553166416432,7.590370566745336,4.919759407523242,3.4846241379411205,2.467571879117563,1.5383306652135817,5.608854315496211,6.53573619943619,5.75387575073799,7.265081083797307,2.856579719393866,1.9298486642473949,-0.9708144580612551,-4.401657281120878,-6.183527499338778,-6.7606170255995925,-2.4183843246296393,-0.9659344183793229,6.2190111750168064,6.912845624982232,5.769314043886357,8.073847343031161,4.651351708562985,5.875750694966362,5.6817404481812845,5.164930191342967,10.43542574529072,10.548766720330233,10.216201874024295,10.30977185768903,5.675677848371739,3.735396917023183,4.909276100551859,6.063615331106646,7.892314752012039,9.404283630994922,7.979053334435969,3.479061369574138,0.023877739774405896,-2.2018256048821128,-5.349529275128883,-7.180203307704349,-12.479938307899701,-13.1949399561184,-12.634182886147205,-9.648907200476934,-5.333042275017446,-3.920449894250478,-0.4584747061189891,0.9956135894559984,2.707729709364613,-1.0825326393981993,-3.621744891979696,-4.032236277627712,-1.7970722968403914,2.3841408412807414,2.7236804512138697,3.7653611351113745,4.190245890888432,4.746047311563476,6.517606473435508,5.048422410194419,0.07146471444851313,0.31885524432249,0.858495337381425,1.0369519203340776,6.184010064058908,5.961369257355819,4.645172739654609,3.597131392778663,-0.4025897279399242,-1.19116610488649
New Mexico,9.252850376099234,15.301331121331277,20.94993340928807,6.72959310118281,1.4469690822573622,-3.945221859872672,-8.295222416217586,7.083328267099113,11.372231233090488,16.070694674598947,22.453380441199826,11.492885266014571,7.622977291906019,3.6378778404511527,-1.7036860235110836,-5.300294511972042,-2.258982142215794,-3.9485308325634536,-0.20495191915397676,7.132148357822307,6.07889602834458,15.676278138413242,10.00961475122373,2.697864550828435,-2.4878076320573683,-12.712641264755842,-14.621489525430748,-6.59092205243809,-4.0017052705960205,-1.726403549394095,3.9891652057113953,1.847009644645551,4.561858840111949,8.352491569978504,8.988122580671694,6.265727563163202,6.7835723091525315,8.741894995796574,8.132981453832741,4.982164036342809,-3.0239259754161285,1.564005256399683,2.2349984862861416,3.21934894041902,15.259520819583644,-1.3622041484577518,-2.8991385460576127,-0.8886789479599475,-6.505757076038188,-1.0962203144366391,-1.4296712948471533,-3.5319742070886173,-3.695340929889664,-0.7369884710454467,-10.063690898760566,-9.424212011165336,-12.105629188218623,-15.791183704707557,-2.9366569574182084,-2.8782534997982747,4.21300623302747,10.701383981867531,7.58457906459709,12.163817652157025,8.567584393335807,6.884046911361389,5.832836085841417,1.393318138776688,0.3269880837319472,-0.5886140204984401,-2.8744605805197625,-0.549503670922062,2.386537572696628,1.6547315309510005,4.859868086681452,6.361360667362933,4.443098153229759,5.9493184016377425,4.285355573458724,-3.0394904429476193,-6.437611761788388,-8.856094421683904,-10.841097185177553,-6.906820890522377
New York,-4.532141384385349,-0.7032602719346304,2.9067589734247377,3.101210612390076,3.2828263425793245,0.0991041260405622,0.39971500218055733,-0.4518440228235056,0.008837461708506914,1.103869230665867,3.6918843060515996,5.439616303821429,5.757207650177019,5.3580104811408065,3.340451492511963,2.6500631376179786,3.3353098856198313,4.836559524022413,6.4060862415500255,7.061067165984364,5.163573668464951,4.169389046095133,2.9730455799885904,-0.47512125255772425,-0.23761308674645812,-5.395950003119662,-11.53732946743255,-8.912954879041648,-11.265022795314614,-8.566485541971304,-4.801359402836763,-2.3190845727476446,4.367031445230193,10.880913682342506,18.262785289465302,14.32851887190795,10.313675341577925,6.242104714025225,4.689339245432525,6.402184680408754,5.823299259712194,5.249576327048241,3.7792288046952613,2.438137171661923,4.161985786512672,6.0200467655322445,3.664996472126404,4.840544698302217,2.29791005210743,0.019939052909390364,2.794466249126147,1.3987964256559522,2.029860985505747,-3.1398332002212035,-11.220609173100538,-12.750523533577235,-13.089416138558049,-5.478069076741335,0.6650134482513763,3.6519101651513166,8.366470091457646,8.539968659525229,15.116311754254873,16.583398990280273,12.668176497029373,7.645779496103036,0.7374400639313884,-1.6538368736764002,-1.6009717300910398,0.9777444362750279,4.91614715166936,5.435500566149849,4.638971679712709,3.55673179829789,-0.5619323486931304,-0.7694758888802408,0.5691939078610966,0.8117050585693156,4.369128356561032,6.96724668593013,6.818125449453491,4.252982344638967,0.4653864321229159,-2.935667468263139
North Carolina,2.3042660190398814,0.322304674350628,4.736596472202801,3.725859343217377,4.645506749278965,5.023273675715914,3.5689272210558842,3.627489982082478,4.192578422052722,4.137380583055026,4.800692945852492,7.946079236164107,6.404824525102816,7.488587406922277,6.202486345963149,2.7834741558442144,3.024009411935216,2.1483448896791666,0.9680777244034569,0.6045582412558961,-0.12170944423796831,-2.010467387377222,-0.997784002301884,-0.961207170057828,-0.9148917108556667,0.5435779694032398,-2.557562175059584,-0.8716558848227975,-0.6044554148509291,-1.9413862098643633,-0.15548855339492498,-1.3366967207413794,-0.19629328118989886,1.785120791518004,3.921713586923197,4.487375995736699,3.924192185489999,3.933965190629464,7.4034235247945235,7.5351971546183325,8.745960623963004,9.622589517014683,6.473052701782926,7.313689998888792,6.738559302010085,6.659730089299108,6.980580502646641,5.840877728552014,3.528281188286471,0.6712032872488746,-2.87132731668578,-5.263224579509622,-5.7477633156090535,-6.327878868723033,-11.15613593213228,-9.771418556572565,-6.574752626118753,-3.848179551431445,3.793936135975104,5.679417363105879,2.2564409678984663,1.2524760078281116,2.05069014433726,0.462102909005237,0.6978515010994438,0.1341600694211474,-1.4721716891484236,-0.9814873927806939,0.5838806370234089,1.1781670483838653,2.9473781844893803,3.07740194509304,2.5264983670931676,1.3957038360395266,-3.079437922540958,-5.086194713877922,-6.092399087241058,-1.7608401095671695,5.853445789502697,9.746697415042958,11.985121778947223,8.59063428955524,4.022675507279372,2.686644066272507
North Dakota,-0.5122907950210654,-10.514344072702352,-8.711267943965613,-2.6768678161745294,-1.5388824326026496,4.306025252575792,4.544298271508506,1.1060302766969925,1.2656929355381092,1.694965282966528,-0.6196554271149874,0.44832683332336787,-0.41053177923592976,-1.5795082102025717,0.40071625531216154,-0.19841688524654408,2.821524452905884,6.2310616397483125,5.973423545772606,8.198308917860393,2.793879314976538,2.134290687275189,3.7947984253793,-0.45077234399169525,4.419307963305848,-0.06961969359911714,-5.560238497187841,-0.6773570353932458,-3.994965901875866,0.7567901556119476,4.665132118809599,1.0060341387751164,3.4154147094781493,0.03643248104473871,0.46162192268909075,2.634205373777572,3.8719121314199847,7.131096438574286,10.952967101833721,12.035021180842852,13.006379836728483,13.338924770307514,11.289727940104303,12.072793534645253,8.404544549036599,6.719059258761242,7.072801219375561,5.70716329972113,13.477854542867801,18.778252621249113,24.95669366613407,32.41917302249861,26.755758045248584,16.787200507531182,3.147886736314708,-9.006635181766466,-12.685919748397373,-4.416655454120024,8.548762422894292,20.8106577398298,33.19824608604762,36.549184322674336,41.35084773083677,44.31415174015017,45.229072229654456,35.046414118066366,18.250447019479083,11.023736392191944,-4.916545397207129,3.6590456395917736,12.242996671543652,17.24964657895373,35.68166079163116,19.336014117059804,13.74367467826394,10.51503243673729,2.77577705368579,3.044521448601902,-4.786803179929377,-16.031821556495476,-25.259488825036446,-29.788733963985724,-32.796306304065524,-30.62882072968999
Ohio,-1.97543512468496,1.2936244312325285,4.842649977935187,8.799472680276908,8.83931193400733,6.854304992426995,3.683988765575471,0.8097117681178428,2.0637471528799316,2.5557387932240108,6.169286787545587,8.163941181094756,7.7347387621077175,8.722802129138636,8.41076401334114,5.127530505832893,3.225215957395264,2.8371443252568582,1.742314501934403,3.8133697543311507,5.4542999930829765,-1.6404580186515985,-6.591343863800432,-8.028163828292506,-8.699081461388378,-4.095587218917926,-0.04701704893830472,1.9549689790789582,2.681129955103495,3.580204498557144,0.41738621768007045,0.21691642850611717,-1.2282899180940685,0.5558975964156271,6.306266703565039,6.476937401463241,11.152744687942175,8.303557605224968,0.8663363748236619,-1.1037142855629356,-5.474425742032058,-6.212006398829208,1.2882667692497776,0.24677424981519597,1.2654912691786895,2.5266655726508587,-0.049870743368749526,2.9342177936263876,3.1594551292990594,6.346435021390273,5.8060655764838245,2.0099893313399324,0.3840362986917178,-7.993259405422225,-14.102948183054373,-13.847757548703038,-13.385159136908154,-10.18578354510965,-3.372664816611777,-0.3021780726267281,-0.2463604600891287,5.718482056235916,5.551557830342799,3.6647018230067796,5.506665056030912,-0.23685844806464407,-0.37056430772365356,0.12390671375561123,-0.9411183578455384,1.4233092954075812,3.5550860923833203,5.034165259458835,5.075536457149061,4.471336496498332,-2.32169335406775,-3.567975661861177,-2.832875318500737,-3.156203350043817,3.983772394285743,5.4347900364017825,5.433660606913549,5.199313322782537,0.716186895277961,-1.6303785993333146
Oklahoma,3.7619840248276493,3.5139775727273213,4.841538961922759,5.71591555502567,3.2743056510433313,2.488617757537721,1.4223062647529836,0.5133922615255863,1.7454263642164352,4.07443350466897,5.969789857491489,5.0614511033335985,3.5235259974431146,1.501812165163177,-1.7938967899811264,0.19257396760181222,0.34319164456660994,2.5523174617567035,4.331891739788647,4.046444281600818,6.515023454462956,5.850158456350172,6.251396725010395,4.314203551631389,0.9478193492489805,-2.4254584217609167,-6.092229752561169,-7.272571364980627,-6.511870131184249,-5.916932651943271,-4.165581602050362,-0.226464566443644,1.4470606423284684,5.666268643535828,6.614424919130515,4.264759546757083,4.220379985536243,2.4599047584757736,4.315155132308282,6.376312499361394,7.569135156465679,9.575859331760403,10.477613261478071,9.525317677950742,7.21967688963427,4.8576059933016325,1.3016708797730847,0.47574713374067873,-0.23438081488604615,-1.9127239660429687,-0.8023472716258887,0.42499594467540586,2.4827854363737125,0.9917387769625462,-5.52159414018785,-13.491359306234058,-20.271674791104292,-19.06556813010387,-13.46802685431689,-5.330002479693304,2.3008841946191327,5.476420071201309,7.989724873025911,8.680321941526469,10.07866958504918,9.560567044045689,7.655821393120195,4.308106920635458,1.9405507997090332,-0.04110642090232806,-0.6810679319801285,0.2828259321043687,0.8748448682490649,2.3494347164512175,1.955810005485924,3.7578258892779064,3.5800030998363424,3.908073341015782,2.880574081126798,-0.6064653042821102,-4.378309555947058,-8.748998807237085,-10.775671346202008,-11.875791825321942
Oregon,-1.054924800065073,1.4271550728959188,0.5771376615401915,1.9663462382721282,5.373028559207575,5.312690304120193,8.636991496078013,11.003812432113296,4.213049212156332,0.7336962313890102,-0.893354058613777,-6.6124264820172405,6.246983404921974,5.1510763437450535,2.1838311912335526,5.268803365858513,-3.3927736406008777,4.634083517328487,9.93743774646,11.036424920523997,12.791992808217834,7.915621111330714,1.9207170920239898,-4.148995349612085,-9.314512496283415,-12.96168598762729,-16.95346199669338,-11.240888723829762,-4.1235384892157345,-2.1627038487568924,6.35250456586085,5.451590667332023,3.471944506609926,6.0028820511607055,5.155728194844389,3.49241021557968,0.7817764782229685,1.0730972035646669,9.806819254534238,11.237574524866988,15.766970142155396,16.87713767241815,6.097830023982273,5.161398908997575,2.2252530535995456,-1.9632486709625296,-0.7832423296214079,-0.8656091981908705,-13.848206214951485,-11.281602547394472,-10.426579867154212,-10.070050253951921,19.34389598203995,13.302734653648601,1.5267863263261399,-0.8918278000574984,-17.80972288808223,-13.813591907628329,-2.893959133374817,-0.7387352571048057,3.7429668825143163,6.23235237432356,6.8018408269467425,8.337446701395505,11.806573594815466,7.124940522151936,5.875440597137617,4.6205466364674574,2.743384351836467,4.963716886334302,5.116064567275271,4.585243206846712,3.134914073716887,3.309708858874357,2.4330003771966586,3.249237125033018,5.469762634708783,10.650386043858221,15.98629586198699,22.168007290600848,26.396733208654656,20.094779194870213,10.55254347889196,4.991996607210883
Pennsylvania,-0.30651345260027896,-2.25188418384439,-3.4641091410320666,-2.644594632200923,-0.6803964421450314,2.021580016040731,3.702042652360575,3.5851647004798823,2.403759748107591,1.777381903089726,1.255081823061375,1.697542344079523,4.063338889071718,4.251278755324768,5.996164195982227,5.3811459940404465,3.760599979289255,3.444003160696037,1.7587512865939663,1.5790314618943535,-0.32344366515848594,-0.7267707680299628,-2.6430580851297916,-3.7620293702047705,-2.0465561169847346,-3.084056300230062,-3.581293628023651,-1.9668587784834108,-1.4592053497472985,0.7079842324337915,2.481804448387194,2.0981521389069466,2.064751626549716,2.7796349037739976,5.987809849723591,7.439766506103281,7.531479728303661,7.1996337535926616,5.353030828002966,4.158077862176883,3.531800190478168,2.6209784754796726,2.6353653691294965,2.1128997233611972,2.5610028582368143,3.7381403559477673,3.470873822850699,4.571588070985504,4.137253620940138,2.1074042599555867,0.42146284191611194,-2.3112648710304997,-3.690653322024648,-4.945458223034667,-7.703534195141036,-7.171541239627638,-6.937330130262407,-6.144396658946021,0.6147272679321863,2.6539672959345246,4.727286373161687,8.16453710745696,3.823873941706609,2.6983055962478733,1.1749079534838816,-0.9541101225582058,-0.8772257576387286,-0.7041335381820515,0.44938136098716774,0.04287222184359941,1.1886441834347552,1.2874659269447795,0.4042654774971428,0.10807218308459948,-0.9365170174483344,-0.1025684551129051,1.3635631969574462,2.800643469534184,4.939638113199272,4.874514895698392,3.441017163029518,4.262116235614439,2.818202295686405,1.4910341821622426
Rhode Island,-2.9369146623852034,-1.8047088473377388,1.985115789779175,4.05250553279308,5.836766290698565,4.765189463245882,2.380821874254999,2.8196234055262037,3.517456222215972,7.774715126587345,6.586057324793165,7.211531643283026,5.6426959326859105,1.8736818575540561,2.685105321264125,0.3526176700596785,1.7670043268507079,4.29795124339289,3.928649039867231,5.726623933928179,8.758725910978205,8.275967847749452,8.992200785603828,4.789915170900394,-0.02015104826985,-4.611519329662329,-6.910976159656348,-1.9478531014372875,-0.7811874365892045,2.748976410847316,3.7976631140202213,2.041583232125747,1.7613107324400246,2.6097973540129242,4.149571977452569,4.645670709791568,6.018279891034826,6.06608326611052,6.375957436056696,4.638045066858779,2.314840266471565,1.8844475665187401,0.4117419240544897,0.7908074388413776,-1.293919733002135,-2.5737908310960225,-1.7517141030556311,-1.078124015583213,1.0342713577411378,-0.8345151045559324,-3.7792494861821075,-6.228944977277145,-6.683365523624133,-7.467832440065764,-8.008744127702586,-5.63830771042404,-5.311163241318368,-1.7882190010060888,-1.3069309759656331,-0.39108750662463665,0.8008704475800573,0.6572075325054176,3.757432322254864,2.0282291871594356,2.339227468313199,3.157499705653113,2.7981025633494747,2.3210187050506526,2.5809455884422996,-0.11981497569248618,0.5333447148008943,1.5988504047696317,-0.2025055194114437,1.8984020360723715,-0.12400144944031573,-0.5408685294811798,1.640997754841302,2.3466896324584443,6.621632041534579,8.037175599774613,6.733337971399456,6.559632638449877,1.4472864364537608,0.2922091460350701
South Carolina,3.0354904583661444,3.973315933362471,3.8029385249692216,3.31837911547176,3.764253605218949,2.9271424724385464,2.568043980964566,3.1256158242554615,2.656130990789555,3.099695055965652,3.4070082938112076,3.70639137884961,4.7404846661031,6.297371314452082,0.35909536911717943,0.3909613074594177,0.17676385464957103,-2.19736158550912,7.30206081897694,6.282885421974023,3.80468299098876,4.342716235219301,-3.0969579870853354,-3.3800330042081814,-9.495119399533078,-11.301005752179822,-11.913026570836955,-17.48687063016362,-10.988646831687902,-10.37100587256184,-6.092421800749713,2.2928944115412047,13.768233491525606,19.362565302338936,20.57470586000609,17.012304342400302,6.529312013699889,3.8562596119986416,3.2615237740565406,8.507288968174798,7.2877608278070385,7.743634779051805,7.970566603929133,4.683077666967423,6.187086548173031,6.841801571318696,4.631543085282685,4.208038613467749,2.264102016602949,-4.172504652471958,-9.159827079979724,-11.972933701480379,-15.278035264105041,-13.133229934024707,-15.630507528774718,-13.617285432562554,-12.199914681422655,-11.888168664614573,-4.923892545514857,-3.6699117660724365,0.9436306218687258,2.801883679896435,4.486771961369744,3.9478429830116646,1.3006568956560445,2.2403352516377124,1.7708177757514394,9.399434375901388,11.702792149821434,11.993047242104563,12.44675789960891,3.4848192274393517,1.6715855927916676,0.8224224658115435,-1.2966560629867794,4.985561017959421,5.369855066330106,5.340160082388593,6.42624221064975,1.559190439303781,2.6532112799567136,5.693861762050311,4.70350898090807,6.391421860558383
South Dakota,-5.629131858246698,-1.4968930813190149,0.6223005027330006,0.20384814565454326,1.8962144711328022,-0.3061761826288077,-1.2727237001171876,8.325759219236032,15.162503266761684,19.342454960599007,22.19672027500204,3.951154857725857,-5.077139462934573,-11.452066153370463,-11.667005980323628,-3.102226022786534,1.5333887634276164,6.2022153577587416,5.478670762545704,5.293436398018694,9.596852158631012,10.921591276615585,12.080158327611906,9.671310875258497,4.746576418987742,2.495286365474066,1.124408233093581,4.563524450005495,4.212263397958916,4.009684740243899,5.219772043498355,1.2078548342592665,1.4659543502019883,3.640707630232798,3.326851737333985,4.659338392615979,4.1501085298774,2.4537735469102384,1.3323356300000069,0.9035504632146498,1.3924576264976019,1.0054416119120293,1.5703189496402445,1.981352522012108,2.3709505302940874,2.8650336803714147,3.0022766910710637,3.898568028180718,5.2151789149476615,5.965600684756935,1.656743024366492,0.18548078116010666,-1.052597028323135,-3.9994139915914424,-0.7201544483812309,-0.9404869486864611,-4.170504799331217,-4.2465170299963395,-2.4749475228219624,-2.2546974752107403,0.15470946209695788,3.784058312132915,2.566604811061529,5.118641688545854,6.969270410185542,7.07729266602402,7.249018479114687,2.3318733336248916,0.04550907565587183,-2.3468361176006765,-0.8878671247775995,2.429853997199858,4.884944407019915,6.1758590685255985,3.280476168961557,3.338418448195853,1.6612314145048162,0.4279456783982458,1.5588729937303654,2.376554100175034,4.840413102453523,6.567002940295408,5.6392504184492545,5.474691224829289
Tennessee,6.938061582892352,3.6242283402408537,2.053320560471201,0.41307846674376947,0.4621566284684537,2.2666445548855614,2.7784307408384574,2.8983489008990504,2.66617191114252,3.1371473654395903,3.071420536456078,3.5984227018940884,3.04566383365583,2.3165789803737047,1.4817358436869204,1.8130170199031652,2.204530698435304,2.9703402628730973,4.84598076596705,5.101603248800238,4.301532792117686,1.774208811137298,-0.04706577721437798,-2.450385135083515,-3.1660179885955584,-2.7022359141265224,-4.546481948743993,-1.202435982420765,2.3413629076250926,5.249359103226027,10.811552683772046,9.966643713046993,8.51638547144212,7.6594053887319244,5.517209854912922,3.2873882326419204,2.4917347504936154,1.9516190139202132,1.9359950376569672,4.155538851248045,4.792693006401545,4.119469393269719,3.7023775363140916,1.8352929607463306,1.418584395724696,2.5753555779981516,2.7632769405691904,3.7114307088389364,2.13131254797239,0.08497859479766054,-2.228632143504585,-5.0404833907074025,-5.969101469546089,-7.66319148591924,-9.576382655933818,-8.445456862268674,-7.2381020254976915,-5.291315522604974,-1.8548320974833241,0.14185877145353057,1.8560585706510881,3.56504931887497,4.05086089189567,4.606090432823377,5.641302819886718,6.5116617531842556,8.077152456508369,6.405592878618155,4.500487848775455,2.5225147317865635,1.0467247494435705,1.2726506821134096,1.0053482066173836,0.6927017135099692,-0.626523417188885,-0.1629252105162151,-0.022446831415192926,2.4156364262804915,5.8398907854613435,6.413513056529374,9.262521066659286,7.5430308355668645,6.010368472766501,5.725589060126054
Texas,1.8553242422387262,2.6661483982410283,3.4230890486759806,1.4768072348501133,2.704670978946733,2.9429160625806974,3.6964152211293997,5.549286931117021,6.88114526551237,5.715056331428616,3.527568659143596,4.1855242291327475,2.5164758013426223,1.985959299244914,4.969538639759549,6.745000833752582,10.335445216087386,14.22645704780299,12.948166652156376,9.794169502703937,7.127107785630185,5.130019681858068,0.5748932014056691,0.4473980938667921,-1.2986715085959177,-4.143332565443315,-1.1538577698878874,-1.2978776814708632,-1.2860880783646438,-0.6756912513715967,-1.6813358597777186,-2.583786150140885,-1.0060654164419813,1.2352790323492482,3.5170439277177126,4.989361770322127,4.518435187941138,3.6710530180225605,2.7070187188422086,3.780170739421861,5.3257761703741835,6.733557381214895,8.575472485913654,7.853670241097477,6.606317482819857,5.964713237834332,5.666105001841685,6.667557895801282,7.396609166296953,6.026241784993133,8.478383730916088,6.826400622611708,4.6659572174454516,2.383856725283192,-5.03146216697161,-9.148893047881986,-11.46016314976105,-10.273203900705008,-8.0844707722009,-3.627848897130133,1.1653257697791786,3.4102838202408607,5.59430442636885,6.458547820303736,6.614120713260559,7.18714115288797,9.16717518069677,9.604885907503627,8.457386469181255,7.352641682179166,4.798323924680849,3.863814050904636,3.9996645147256564,4.552749376719105,4.716206657252751,5.006340531230756,5.007423305502645,4.194432935604009,2.2554157178110295,-0.35102279711242346,-2.4467233272796,-4.519763110839962,-6.336914549106451,-6.242791869067923
Utah,15.2585967943855,-9.502491170683463,-0.21649926268298408,-3.2726040519247537,-6.447843929532238,3.4688969764560684,6.254532142777604,1.398044689019969,5.160149079657531,11.957435360312743,25.805665530146886,30.36367557585478,33.00036535431759,25.35149388691672,8.763644616965689,1.005910732511601,-6.246527347284663,-6.796865641730035,-11.480772971581668,-6.347000062811689,-4.391515951311411,-3.108179239014966,1.8064571032695802,-2.834339309722194,-0.4067371593598498,-4.126791985852099,-5.15797085959491,-3.5937529770680863,-6.994830149862971,-2.7665198297502367,-1.4289946017826245,-1.2069772259979015,2.8121286078014585,1.5699894431525578,3.958022208831191,5.4957116801694035,4.458612376844448,6.421431915389649,7.718977012963943,8.320042479027407,8.975746648659868,10.619949845893704,13.436043980895468,13.622304656118514,13.170393839867092,9.84594619636982,7.636809328217907,5.113750773806868,4.379998860584199,2.835296190909933,-3.0231417460460244,-4.516156754579416,-10.006935734715432,-9.472800748138626,-12.448124011793452,-14.602002537241287,-10.71968438970707,-10.934867363413806,-6.856104634119249,0.14043826200996049,0.11980326079964834,2.3387863487827767,5.211709831922342,2.185751989925521,2.784523004587922,3.1657423011652988,3.2329698456723692,4.265986292850913,6.666878187922426,4.513553177108432,7.10792384622564,5.635431512390948,3.0911880382788977,4.3850961647032225,-1.872757034305923,-0.44384028576352774,1.2045035063326808,0.99950587912886,5.491108433154465,7.240565234271741,6.874620741727511,6.926104050396202,4.743334251960392,1.8208168804772786
Vermont,-2.8692603727770942,-1.534022094016834,0.06988199000606911,0.23218486256457524,1.983059089139653,3.0816467569523973,4.0547545046398055,5.132382092586981,4.84494896276597,4.7600910236398075,4.483336104645564,3.145137111966904,1.0341946330071632,1.6709771753594318,-0.08176807794455869,11.226581051806708,25.081958843461514,31.46982927946787,46.89309786266691,32.117882714389246,17.62073466525795,11.730849226203295,-0.3553850230425869,-1.4240415144150325,-1.776247832986632,-5.325409925628579,-6.625968904962827,-3.5860965343471767,-0.9819534200870804,1.762754619039742,4.454304155072208,3.2976176534235844,2.737406803230979,3.6408034392664983,5.194668761410105,1.8182069883865435,-1.2818363845916287,-8.041141339216304,23.0730942517526,27.267335755643717,26.4174116589853,34.95116748729984,4.244195174773885,3.0944722070562336,8.36169255573621,7.784386655728495,1.7107768799856105,1.574774738864961,2.9533770164612454,2.4803654024982644,-2.408733513028826,-2.9290861696038797,-8.175751628015265,-8.999377366454297,-2.373499908263781,-0.8440652708892585,2.052005617231311,3.7963556936086023,3.7842855622568985,4.045280191260756,4.348607483872467,5.444578235096883,4.818389553278298,4.2387854495155235,2.5550640694164803,1.2932288995562182,-0.03885975545966367,-0.32334073345908376,1.1310308616945275,0.8069121503734691,2.7937838660058536,3.3795234454078256,3.084514393966932,3.2595573278999113,2.0282191129266813,1.4465787829520949,0.8070966216809139,1.1956151946554308,2.026488583333168,2.1933909831346337,2.9068762265763817,2.1714771359829776,0.6515390864888758,0.35668389012781015
Virginia,0.03577177666975505,-0.6496895494712466,3.3683424660582877,3.9282870553064995,5.634359772609078,7.0068241789522006,5.099738575394624,4.727429098901704,5.878604339435613,5.22194828264809,6.903335991017645,8.126261867121885,6.977150789615215,9.543318302732933,8.94266790162946,9.036073739319567,10.730472227821641,6.856417201591534,9.396003103706025,6.301348600035536,2.9657623786916756,4.803327953250968,-3.1681270615719472,-0.6781742058875224,0.6964206988883822,-5.34140205055608,-4.028720071030918,-8.107363879725286,-9.400702212197833,-2.289695753738681,-0.6905361559676054,3.0783096410554585,6.037156292962714,4.557224478651142,7.325351858796769,8.211618231175558,7.61611577695515,9.05748295128084,8.57239341105167,3.20731385125738,8.400187374810987,5.50623223796584,4.021441287095706,13.306023722671059,5.584051841407754,5.875898969651846,7.623167565304387,2.3965175996306036,-2.4866211406930927,-3.2237540765208546,-6.930284539084044,-8.675717918431971,-4.245465543315315,-8.152960130033994,-10.557973915429375,-10.632480546516266,-10.712793343740392,-7.125285983721027,-2.977871967576469,-2.4573914250037934,-0.9659487970786931,2.130728297411908,4.103357191988137,5.391249319789843,4.172578485389207,2.3985202130719663,1.450300013720482,3.213470110088918,3.6209932579714312,3.375925066717906,4.255737524731297,1.5535194341191298,1.7496404569152493,1.4033283737739413,-2.5039975656176705,-0.7946269256382716,1.0608696167389275,1.514764298940059,6.956751852681949,7.309790271161459,5.069998218511685,6.267735225397655,2.4511370868240054,1.2194065418274658
Washington,0.6151492061359789,4.230357701531047,0.6755918105767235,0.7998321310807907,1.8728875000420968,-3.146264741035375,3.135871731436288,3.151700827035949,4.097385294584817,16.235879320797046,3.3549670456472205,5.526544599409647,3.7537826274600596,-2.8134416757324145,3.0549049624448568,0.0806818072334053,1.433498335699169,1.288458970530255,-0.9694704340114697,-1.3379849804749564,-3.551230088932443,-3.9056938152619196,-1.7643895588727092,-2.6086017653684657,-1.5991535333706761,-2.3583860132602146,-2.852787111259578,-0.22444497283641587,0.19857070987975184,0.9531163434685019,1.280524215941215,1.1709690432002011,2.024707068281749,3.2029545069574117,4.085927625818943,4.569941150212934,3.8900838502858477,3.987610919089355,3.40459127492906,2.977958353525154,4.0399192353582585,4.889045786503996,6.7201932421492225,8.340876007675394,8.322178116284931,6.742747804959184,5.16630312214908,2.3874436870977194,0.9896767469873127,0.6020319256393365,-2.3867890014858073,-3.744115271002247,-6.133911144384961,-8.467426957992732,-9.72891683911225,-10.189951387563,-9.867270343352454,-8.282436093769748,-2.580479819673056,0.10998067694181259,3.781826789273145,5.44796687884033,5.288956729480744,4.692395615175226,2.8190937499162185,2.076127987972154,-1.4374510168467753,-0.7968326820150319,1.1118819225957028,2.1592436296046165,4.619723633024102,6.051379773378793,4.332971035272631,3.2849820050977927,2.669274360990745,0.6971071508170927,1.8605502217903056,4.007800932443179,5.182282456538913,6.851920148037281,8.061130098998873,7.2362410533619945,7.280962437460062,6.27199142185135
West Virginia,2.380007542393009,-0.5735006712337816,-1.0229783517865112,-1.225306470353155,-3.043311500976409,-0.7896405979116821,-1.0620035422179734,-0.5191902372572453,2.0436049147035544,1.0881851420243212,1.3427688300474347,0.37106380125800753,2.0619947173425652,2.134118102575912,3.3582230013670418,3.676799886505539,0.24622737178937293,0.37111138860345677,-2.333374906914837,-1.220446320031016,1.716609110406828,1.3003898058559278,4.02808800360643,1.9868776163219222,2.857880457765908,4.597856210901858,3.0594303039566846,5.329847541907026,1.42999998673094,-0.6468028229824123,-1.7582718114527447,-2.7850188010518964,-0.6183407305931439,0.14623242720782303,2.2738947005492363,2.3997681489804723,1.7073175340390434,3.3527731692930414,5.2110231356161645,6.326598148040944,9.007491431615305,10.115038864528252,8.130516141025348,6.243324598796144,5.324255908340185,1.0772534400846643,-0.5534140800730336,3.7084089543603436,-0.8946197009628694,1.9611674463026165,1.1865640347284778,-4.320616368501881,0.0713438481810286,-3.6752567512744174,-2.7407724651515304,-2.4488907049095583,-4.5399406825687985,-3.9647107029428605,-3.4186196029673286,0.3221680254926449,1.7111194312742712,5.98095250999566,7.232736070456052,3.514958760497417,4.301073940549209,0.721442253587287,1.4023337949116905,1.7852149060280744,1.5800699443545723,1.749882829115236,-0.9712873506255958,-0.2890043835923695,-2.620555156260762,-1.7286734625640134,-1.2551979239631208,-1.7507650215778203,0.3098236225873876,1.0249439150773307,2.0917272218185574,1.086363803003883,-1.6711674717277476,-4.225878718438173,-8.462599054662448,-8.044110860435294
Wisconsin,-2.728436233861541,1.426504671713667,1.5147562348887236,9.139957057364164,18.512947983349125,22.712101445380924,25.995467184344502,14.43403170202973,1.462332518305336,-9.160617071647314,-2.846533861716137,0.5867571104337708,6.715979965020353,11.754553023437358,3.1585618451974717,3.3880695007798027,2.5044688813184757,3.9061723877352343,5.648007824422675,4.149006819239796,2.245635733759894,-2.9783435910641156,-10.092190928325973,-7.053028365875605,-3.4860039426361693,0.56968034562202,7.370616153131683,4.313750211029474,0.19114524374907715,-1.7042265164986685,-1.2363067923261235,-2.908444512688293,-1.2100601239598923,-1.3758928772165584,2.676705970509305,5.141185660438907,5.538167498325029,7.916669900273197,2.162730769535444,2.2232634666540187,2.438022777844681,1.6304814501296176,1.2765153766967177,0.6468098972784883,0.7252018652878374,0.30579623585560906,1.846095219931122,2.1679687051175334,0.07199247093968267,1.090594199999317,-0.835094233233957,-1.1012680613744108,-0.5144096622267873,-3.663087404674174,-4.072409309157346,-5.304395742682373,-3.60309921901028,-2.271681008235917,-1.686144869041308,1.5404228563167988,0.9030542457717174,3.6113695924646674,4.54975727377546,2.792268005784509,1.9237003420238263,-0.13023641056111665,1.3684406982592288,0.32418241315457064,1.8912625573252577,2.949352851564298,1.5754057621784514,3.7761862100655277,2.6356105775759513,2.8672730989580693,-2.421064731938839,-4.265840759480361,-5.245674606522431,-3.6744366176262413,3.320923342194698,4.417943868800515,6.444631130505652,4.295954247537683,2.4076147618667147,1.9004753416465077
Wyoming,-1.3746352412127305,-5.727362561185239,20.800990825669118,-7.736468230092759,0.9661472293560264,0.9530440816813821,-10.361903103038673,3.602147100477772,9.62804029101203,16.78641492187572,25.35651233626128,20.76300141148344,0.9417542558327676,-9.422113794878785,-18.80311784489643,-15.577094462972422,-1.9603852734360363,9.298413330258981,25.742128649847544,30.961060160375602,37.35722550277449,41.11670580154859,21.477917678619924,14.827313718519585,6.484505257014006,-8.12394382264417,-4.8540930114451815,-7.1377579265687245,-8.795484943984272,2.267371626505376,8.459672450624874,16.109611255813718,15.978523328837934,10.527748103807513,21.268017695028316,12.571038512812418,15.547110699840008,19.01211526266577,11.668900699042233,7.315848274091604,8.588369377295177,11.286312423381846,17.093756322415025,24.761374091934297,19.65427894911548,10.181122472377316,-6.789079537178462,-7.166026023845327,-4.978142281117784,-0.14583227785966907,8.575316191479711,11.768665780189352,24.05822882039627,25.30656225465071,20.04597372059035,11.355776239073748,-18.21502585071357,-27.658649309295786,-29.531735171461303,-25.108723786563438,-0.9528472888350558,13.1383506437103,22.015091352070083,18.495011180801935,0.9441690310052222,-4.1242896181898185,-8.978692003363532,-8.554796059186819,-7.029043957567131,-9.177171451635951,-6.671160590327715,-6.801063513776306,-2.9099660624050028,2.534325218981717,1.8237023173025488,4.691303035358577,9.376609241856439,8.759244296222409,3.7011153855929764,3.730301890257981,-4.872602272534441,-9.80864418893784,-9.328359733432377,-13.591184901112538
