"","United States","Alabama","Alaska","Arizona","Arkansas","California","Colorado","Connecticut","Delaware","District of Columbia","Florida","Georgia","Hawaii","Idaho","Illinois","Indiana","Iowa","Kansas","Kentucky","Louisiana","Maine","Maryland","Massachusetts","Michigan","Minnesota","Mississippi","Missouri","Montana","Nebraska","Nevada","New Hampshire","New Jersey","New Mexico","New York","North Carolina","North Dakota","Ohio","Oklahoma","Oregon","Pennsylvania","Rhode Island","South Carolina","South Dakota","Tennessee","Texas","Utah","Vermont","Virginia","Washington","West Virginia","Wisconsin","Wyoming"
"2005-01-01","16211375.652105263","168817.6521018354","44280.643397539134","270027.41819582763","98906.20371111862","2362043.4742624764","295083.2516846295","209343.78747696482","55737.30816608706","105373.93083499925","795294.8767060443","457043.38210484036","68793.82029475746","61002.88457232256","653224.1695241107","277607.15486633487","145019.00939194974","129199.5632335952","156791.94398316435","179825.50381161444","48434.55922633516","317979.05269940366","443046.72730022686","411816.90875075443","285715.74281354895","85961.78672797974","241339.26920948736","36453.83804913691","93367.358557957","122659.18999475379","66203.28128961146","475240.35886401887","80997.23395658805","1243945.3240381416","429925.96464384825","43216.501207125766","516523.3269458434","165512.6979546009","194864.47898695865","612736.3695539099","45806.04964134578","173600.273866845","39476.57427165093","280114.33297531056","1449278.737646354","135416.16982501117","26171.632254005803","413975.3073853601","440246.38348428847","57601.00050167045","258426.66808865083","30001.544205458216"
"2005-04-01","16324898.31842045","169478.89344262297","45331.947285792696","271321.5547492062","99188.40987183782","2372847.1002691295","297162.40842660505","210043.95126241533","55909.72233228033","106408.4412417351","799708.6275325099","458247.2700867861","69257.57985491131","61086.71932275509","656538.5506609323","278307.59527580417","145177.83310880148","129616.84888194689","157416.95705313404","183000.07079513","48615.16357241092","319660.9647604975","445105.86158102955","412739.586085845","286955.10037773865","86341.68019415627","242307.35949127426","36747.81564075883","93622.49753783706","123777.00832254892","66465.91450330289","477344.5151311912","81740.04358313233","1249792.234579694","430681.30484626506","43355.07724714641","518512.3759421503","167415.37919426648","195281.07049087458","615765.0462148427","46061.24414000039","174189.66156541562","39488.82137787463","280994.9430686654","1465467.5619294557","136262.56588202948","26251.829777816158","416095.079289979","442565.2229603648","58118.04061547517","259153.05278992918","30749.080882268954"
"2005-07-01","16472632.10930688","171138.56307379281","47612.416230992865","273449.904243776","99973.04897976147","2389948.3852948416","300930.9864244969","211548.91549602395","56295.02000792181","107211.16213297866","805131.8679039322","461168.31430195563","69723.98004749832","61385.00779870331","661710.2842159842","280339.01342100895","145934.2763592612","130611.45613086155","158974.46521630953","189311.51376885767","48935.000353116404","321780.7328231385","447579.69869941875","414408.913562987","288971.6776332068","87126.51577764239","244052.6589957258","37308.00549074682","93996.37729571984","125211.39830321186","66850.27595079705","481011.4463967456","83356.90084167497","1257229.4259789274","434007.44949717674","43711.35030902348","522258.9314062747","172006.97838137604","196032.74076447802","621069.8529402197","46371.55256083842","175548.90519372764","39611.78525073746","282518.65023331135","1500828.2467337311","137740.0432618719","26388.39587614492","419267.89064828376","445531.96182286786","59436.80238191103","260856.1737858342","32644.223167926393"
"2005-10-01","16605162.302017825","172795.05920617192","50004.373666573585","275854.5713987056","100767.37738912797","2404842.7486381815","304816.61227126647","212844.46719874218","56663.4107297898","108050.1116770116","811075.6417953529","464174.18889864185","70288.71171363386","61699.5552169251","666377.0349226467","281799.5850590321","146584.46526777084","131674.92140879197","160554.47809375418","194341.1369827768","49317.65372867445","323978.173283899","449801.8646030278","415575.68846633297","290651.7581270945","87964.60753829712","245835.26975016328","37914.29851444875","94525.5591832364","126725.29146065381","67318.70333123425","484350.33970767236","84961.93297077529","1265522.768310571","436415.9149563552","44129.08396520884","525690.5164895407","176474.5906981842","196472.18154183068","626487.7063582315","46675.79418815413","176931.51257596962","39808.69166255312","284292.91669456515","1533787.5397764745","139406.10393700787","26559.560638025552","422300.1475917164","448566.5647650776","60936.94139410981","262250.07147834275","34609.23875256692"
"2006-01-01","16721098.067516815","173956.50263819096","48427.93486065129","278083.9414536483","101530.6526937111","2419904.7225244828","305288.59689847816","214626.40341388533","57198.51413341948","109178.69107092588","818870.5414110997","467790.58940613765","71037.25772446883","61991.14091224541","672406.8729353561","283735.2732928571","147538.72279100557","132408.645272905","161372.78153645538","193277.29466279247","49769.27023349342","327108.47225426673","453647.0710720783","418042.2006187687","292845.384176807","88622.23192837722","247775.92396602995","38070.75616994237","95284.13823616251","127886.05152555607","67901.60769446434","488788.1707117317","84318.19876758945","1276536.936196668","439152.80896430253","44320.40616660906","529926.8400798284","174272.4612920249","197731.2096250958","632086.007566704","47139.14541970103","178666.88357147283","40111.082750445996","286338.7656476994","1521157.8544101361","140373.8648302114","26756.22484753846","425757.54058056005","452476.3689258936","60960.28973380843","264288.031539033","33399.26812653649"
"2006-04-01","16860863.513966065","175229.17840569353","48764.94499426003","280129.2691734973","102286.03618593492","2437762.4003463374","307620.5955182917","216652.2771222713","57728.53725349517","110056.0144180536","825125.7081152267","471775.0388939472","71574.45591411351","62224.93140323319","678154.0978832566","285834.0706379928","148379.794948973","133335.7859387744","162708.3185922168","196028.192810802","50145.63013501979","329826.6053202608","457189.33753356006","420370.12371609156","295123.4957570621","89273.82329243729","249831.77398466345","38395.560800880085","95856.74885612664","129154.05006046375","68378.69618903074","493535.7462191511","84708.50562330207","1287920.6768378906","442837.5886162007","44510.32263188131","534336.6265001893","175513.07658739216","198630.58614276143","638017.6202824858","47564.478092857826","180120.38447148603","40306.64481216564","288488.56547081","1531549.967273069","141688.32315713458","26902.94129880884","429457.8531555462","456115.30937164195","61646.43053734708","266358.9744319528","33763.81811524859"
"2006-07-01","16978911.370821662","176710.79115514742","48926.84930234755","282521.4967408907","103357.8024679943","2456245.9282892966","309651.71929873026","217999.3057755615","58025.72515554483","110785.35535762031","832437.8648620201","475028.23947269894","72282.01073121051","62944.39534579987","683293.8087947882","287901.7488679053","149791.91134174584","134566.765060899","164220.49455007626","197991.15033679927","50657.95603656871","332432.414297051","459967.35711109615","423068.2569914213","297637.8182018719","90195.93662736329","251897.00008191852","38878.06810006292","96989.98955463858","130349.80743357207","68904.20624961352","497574.2562544072","85216.08044402649","1296423.3200157771","445676.4345608576","45111.842314800684","538281.6076669332","176742.60257684987","200024.7806267924","643349.7596850394","47942.789853970186","181722.78617594254","40741.27175414612","290728.1536584855","1539258.7437892854","142775.47767785107","27118.60240500394","432636.0198358312","460004.7656324797","62283.04362207851","268538.64925631054","34021.17909370646"
"2006-10-01","17041601.651119657","177624.9005673131","48153.55048166688","284682.9005987397","103970.06945508401","2469828.8633687915","310982.8438547456","219040.64136338708","58384.22372998949","111835.79906525153","839690.5179447557","477680.26894913334","72988.31777329116","63467.15144982603","688286.2439543448","289284.9501632827","150862.93789160103","135359.65759200795","165094.124214876","197165.1996534396","50977.199743492216","334842.7992323811","463125.45556046296","426065.7610032993","299918.4817862698","90729.4489833399","253594.71193652417","39123.04250528553","97857.49262873965","131655.5242157916","69340.42869294358","500427.7975614094","85243.71767832508","1307270.461095405","447003.50435413345","45501.40344550477","541515.5142947452","176351.96273759002","201269.65001383354","647219.4544505766","48319.098731243845","182913.04134548505","41136.03052158961","292405.09411201335","1535030.4683778398","143659.29288587204","27294.826687912493","435392.7500662836","463573.60864879226","62362.48942926799","270086.5948808827","33490.34218009479"
"2007-01-01","17209220.32370498","179534.31653082505","48566.26818952085","287505.7790969804","105307.70612558548","2494845.0977166165","314138.3831468154","221252.25906637203","58919.40469582481","113006.91551380648","848577.8428079376","482635.0816310317","73782.35450808526","64354.5328064853","695908.3221599807","292367.17756011407","152933.07172486794","137012.9319832329","167131.33854236832","200135.4130695895","51544.28472707532","338108.12218505895","467463.4874094713","430734.56050426513","303635.116184697","91863.8353254001","256610.65560114384","39697.92939345831","99330.22393906061","133192.81723124982","70025.25765001244","505918.97729587246","86092.7484559431","1322601.122063924","451545.63876052323","46313.60680043293","547313.8180880027","178153.5054651229","203060.885003228","654442.8063602659","48828.285428696196","184862.7679624857","41762.78096327651","295457.8389354874","1550553.717259314","145082.0176235093","27580.804939034977","439758.7741301344","468434.5317889375","63121.45560985864","273129.7716530097","33947.14220909971"
"2007-04-01","17320489.462158144","180842.97006484045","50090.03635571055","288881.73973657395","106131.03426060431","2509717.5914238235","316664.58975255094","222587.82435424355","59158.96503330632","113721.78329654728","852254.7805469837","485120.6425983538","74193.49879050757","64789.36217131987","699599.9893265027","294386.6602747653","153972.44999999998","138094.8584087344","168522.72947638264","204126.94377262524","51862.082811277956","339756.1066478349","469296.43983336986","432753.0150634024","305343.07477782964","92657.89896108613","258306.83095727992","40149.35225742081","100076.1313375404","134178.1315106142","70353.32234896667","508905.39360620634","87218.15276140005","1330283.7268895798","454641.2731314009","46824.8911958854","550670.1322638467","181066.84009607075","203543.11721385666","658819.1453510156","49074.12824563312","185971.72507625865","42077.07578648172","297194.28646092373","1573169.661449622","146071.58561706598","27736.105804173905","442340.16670360573","470981.9756959109","63979.31444166763","274819.8083290599","35103.505048747844"
"2007-07-01","17409665.524967432","181746.4477701287","51073.70529339305","290286.17782178585","106774.60373212273","2522135.4101761314","318831.08553854394","223672.77301116002","59553.92254658069","114727.06389116557","857450.3482099014","487390.3243261705","74780.56685679051","65179.44612970197","703321.4201780566","295112.35383977083","154898.1077840242","138869.2903269191","169203.46445660654","205322.930458221","52122.10093905879","341806.0060445763","471434.4564209887","434160.2463138569","306885.67067357077","93178.87878398417","259677.37321009624","40455.5671832611","100921.54436334413","135186.29122488564","70641.63552860335","511430.9273368015","88043.66147203534","1339977.965720403","455898.60387598467","47328.61722191762","553129.1568697873","183054.24981337326","204143.74875591698","662117.5472926518","49374.53938765747","186768.25340230364","42492.61542702256","298279.87960223143","1585724.6375693649","146935.20623727769","27886.56559098228","444666.5930674362","473533.9857106966","64292.27374774063","275881.96664419456","35578.57902511922"
"2007-10-01","17478882.584787387","182187.7980040555","53503.73841608506","290902.0484553196","107162.8874210066","2527493.838367944","320996.3123810485","224065.18538794763","59810.19228107862","115204.22207493355","859507.0895146364","487565.7435284323","75026.06651762524","65403.90921197702","704460.8769733604","294872.7075088753","155296.0422144159","139252.0350164363","169467.91439604538","207334.47682649767","52207.48404609275","342579.93067719735","471839.60678445233","433665.3426891128","307330.7430587703","93467.50673089972","260206.37895558687","40748.9565812812","101413.29491681072","135838.91676931447","70694.7010955682","511881.20795223216","89386.73188198399","1344117.6430135607","455834.15681906877","47785.19287545413","553889.4387793101","186995.20106752947","204091.43832133192","663322.3553337441","49512.55267212618","186822.88138617174","42807.782970693224","298436.90610648267","1609252.2519352478","147650.5015182807","27936.0464582819","445444.22358563996","474438.26783549786","64727.66166536964","275954.03968365875","36861.67741083966"
"2008-01-01","17543390.774471603","182776.48589591339","56205.7471490384","290778.4694829868","107559.6407418113","2533360.1467260476","323028.27690890484","224795.69514585976","60006.121128764025","115790.14422637194","860215.6830667391","488262.85945040674","75130.1587283131","65313.20975619217","705668.9087486692","295621.74899042846","155328.5527382657","139620.27979305902","169674.59967786376","210257.33221258136","52285.74823294347","343314.8282287373","472344.9903773585","432991.1090384558","307371.99246289395","93763.49746503663","260744.25110596165","40898.7719844358","101608.95778154694","136007.89641686773","70702.45588934026","513289.56842409645","90657.70759144738","1346526.1742706012","457272.9199508113","47888.323682798575","555181.5359807378","191291.97364742713","203775.74481405868","665075.915480793","49596.196044294185","187083.33871035354","42820.90579502428","298956.58287659136","1638542.8180074291","148215.8391325146","27942.293774576105","446526.60878358554","475041.57038621214","64900.055051293246","276166.7167580548","38095.595919769075"
"2008-04-01","17637514.83760051","183833.43094600228","61223.73442217037","292112.1673923395","108484.14440969507","2538966.9054471594","327568.1536436753","225165.32272006487","60056.735554649174","115999.18818683643","862086.5031241742","489209.9860799858","75250.65780886018","65570.06095743156","706995.9745694094","295959.9984855456","155693.96739272488","140453.49550419708","170899.31125382878","214647.8381552945","52406.97927241634","343881.29786786","472280.04377199605","433682.71417704015","307811.96176377113","94260.90109410834","261473.19840916697","41488.56744737253","102033.57103245975","136944.35590916988","70826.21853033165","514025.7026974878","93345.01936680682","1346742.4453307264","457832.0475867769","48554.08386161051","556684.2076621698","199416.88052907994","203683.76230813525","667084.4097467586","49662.07361384673","187460.71185924078","42940.93229614082","299727.04938316246","1692145.0176746568","149288.84993257362","28009.317983145713","447690.71311373066","475796.2286080755","66607.48499605131","276629.4563461302","41235.797876661745"
"2008-07-01","17768851.057315357","185625.79840118458","60275.27363521093","294505.3915812379","109665.08109407443","2556396.2543128203","329063.93241654296","227954.9757913181","60400.92385840298","116597.95751112701","868780.4410223471","494676.8869908408","75790.13289295531","66071.806468612","713614.3420476892","300711.4360005989","157560.9396558492","141714.15633916415","173355.84843692268","215926.62633832975","53002.32734056789","346727.826250119","475371.3818377541","438650.598587845","310419.9460133548","95163.50922321336","264329.278150798","41781.02624655986","103082.35140670791","138175.12598192884","71440.92460876613","520191.0665952995","93392.97585836361","1353478.0219203732","464550.6154002701","48778.33385247482","562316.9993849114","198925.2039514627","204813.99264521524","674021.2467090512","50027.22795924668","189862.51580671582","42961.83808011217","303390.34304693324","1691678.9257459617","150080.5420002074","28264.523406666038","452128.94445783633","479473.4698414672","67680.74539063455","280134.8757523752","41095.76037792633"
"2008-10-01","17824382.245553967","187307.18607425143","51220.446993507096","298078.73998773785","110035.19382713478","2569058.264313289","324828.36329492275","231544.89613433412","60854.632053126246","117922.4911640139","882405.8338989276","502665.7492717996","76996.19607074751","66478.803438082","724051.206096365","306107.01006380515","159663.95566061427","142717.16130613946","174997.63083370234","207031.0590456709","53875.07614720173","352213.5048385026","481808.77530095394","447815.93079191726","314141.39820667444","95809.08316839376","268341.93418484414","41307.859077714806","104347.88205197771","139396.1727809072","72610.93471696907","528320.6059249638","89418.22255013617","1366167.2918647996","472088.5025126537","47877.35685113851","570276.2483982149","185024.86976375655","207602.22706756135","682232.6068864346","50766.7791513849","193823.9657794991","42854.83398496241","308667.8646371745","1605924.450266362","149884.73221817875","28671.422134947617","458591.68574240536","486589.47854057566","66443.9374486341","285291.8013746867","35485.563295258115"
"2009-01-01","17822581.939383578","187581.40549139612","46797.403591522314","299650.00070974237","110036.63210010315","2565338.3133913735","322682.6787356144","232953.13123480062","60629.00295115681","118264.70360861626","886960.7629888648","505674.8354487192","77292.00251407328","66483.27787049899","727193.5416178581","308616.41780033184","160190.46089473102","142788.13714739349","176021.79301705587","201686.91165181898","54225.754986424974","354418.3885436998","483778.17779533437","453090.47287167085","315258.8779352096","95753.27803881511","269846.6932029558","40999.76545411975","104167.60315872512","140035.75682169857","73093.05502536123","531702.382412838","87572.9264924374","1364207.0482029647","475932.2950718492","47149.30289193749","572823.5079878048","178375.07727832577","208181.85467789663","685588.7996265192","51003.57192130598","195706.44518385484","42186.143272423426","311014.923676227","1562211.7418322552","149138.63564398393","28831.45417717155","461772.29963139497","488482.1103262458","66537.15863767092","287925.57834881026","33219.04903846154"
"2009-04-01","17796440.309081957","187162.46416257706","46103.333915870135","300042.38731621334","109928.38210167518","2557615.949227244","322604.85563217424","233226.84806854257","60632.59330294459","118501.23134770062","887115.815291099","505394.5288220028","77165.65847205074","66549.2142406678","726639.5378481495","307711.7969885932","160107.23741585066","142665.78061981805","176380.8426584235","199400.93863023975","54295.15326178367","354546.7004637743","483728.5942759542","454523.5134539575","315332.7483977734","95461.96925781993","269831.56623387197","41020.355807755135","103911.7414041424","140246.48038913566","73178.92093726702","531269.8493350002","87527.0822282445","1361077.2900127391","475570.27385994594","47229.226761148","572360.5425829195","177358.82367714183","207939.47784496515","685405.089861638","51036.626322044576","195720.34040502363","42110.188869176694","311183.5041687404","1551935.335954667","148705.13766280867","28859.267497973084","462188.3979589055","488286.28582855425","67176.02942214922","288230.8685757218","33294.34515992335"
"2009-07-01","17815262.29043059","187364.00053994663","46711.0115573316","300662.23953389376","110134.54916910524","2557242.623244885","323509.2062449759","233623.5470810053","60746.21561051005","118722.03947672753","887747.9977326163","506233.4317939942","77154.23270245115","66564.76033215933","727581.2392837541","308155.65029010625","160139.2809915227","142751.77187562705","177254.88593629343","200057.4664721662","54387.84688324048","354739.6984172083","483919.10901660734","455603.1933539413","315610.67244158627","95514.44220116985","270248.3105391909","41153.02354178396","103816.58671672117","140623.27121263018","73261.44585972733","531848.3922437448","87962.68721079179","1361496.7919404036","476507.0257999509","47283.39820021516","573404.6568024269","178456.53036887207","207746.14763944893","686780.0508349465","51087.63662222222","195952.4602843612","41990.47842253033","312017.70698496717","1557899.3641108973","148980.02984913567","28890.765856210826","462907.96798222273","488443.91348363046","68011.31441048035","288756.3864168244","33974.78468798961"
"2009-10-01","17875537.939583156","188229.61346739536","48807.67174309205","301966.3786729957","110880.0951186069","2566156.507292396","325920.01564353966","234277.2892554842","61229.957272793574","119215.78683916408","889725.2930253468","507287.1326071832","77384.18198147419","67116.8694972067","729667.824546308","308498.2542503574","161352.9792910722","143646.1735958508","178346.6247062406","202818.9449167562","54555.51893362993","355212.7652427917","484623.89939165546","456307.3087105825","316971.3518172619","96065.01685901056","271214.2420709106","41741.18807803855","104810.5136815602","141438.5939937867","73330.61872200441","531961.4697383677","89272.18997768148","1367907.8237090711","477055.72149470565","48207.263953471425","575027.9881594161","182183.116689753","208293.33442367273","688551.3970415123","51223.50363993598","196173.08483592473","42692.104903668165","312465.6312581787","1580174.410191758","149983.16214501607","28987.280598431174","463662.9605743937","489857.1556267496","69076.93904098259","289347.9329633985","35515.876219191676"
"2010-01-01","17920594.34503483","188920.88893060508","51438.68892339095","302467.1891460681","111331.17851862866","2574629.582586071","328006.4269376399","234196.92698236796","61388.411405650506","119571.07518631085","890575.5874569208","507907.23933378956","77510.48571924145","67196.22386359077","730789.827762684","308463.0229317388","161243.3473589973","144027.4304251706","178939.41587171052","207039.12098788904","54580.58095134645","355194.63127463585","484801.1942862629","455479.8745558155","317504.19386936695","96479.93714703846","271550.8689634511","42072.10057657621","104953.51824642018","141722.07735988573","73298.9103994512","532412.3519000312","90513.41188193155","1372846.712102534","476813.4963655351","48637.01587450312","576119.9620537319","186662.24618530128","208401.77944079286","689846.3951127898","51290.624324104894","195986.02697814698","42885.9293700953","312667.94284614397","1609881.4187359163","151072.4406250989","28982.741448251272","463712.2650615579","490581.9631371628","69655.52755199866","289040.44142628374","36961.405320574915"
"2010-04-01","18003935.553232692","189764.25819583653","51201.29229195161","302630.58278102055","111564.60361623084","2588096.482478937","328350.0295167038","235111.41126553208","61808.490311111105","120505.91795438726","893832.1788708866","510024.2142643309","77931.56246007058","67229.51308097267","734199.3796193134","310062.5216516189","161826.04804123493","144545.48975429175","179116.1274305377","209385.79973136206","54809.15990869373","356695.31468258455","486748.55054903444","456027.75742465345","318614.35054328555","96987.10998787542","272724.5422493128","42070.322673983545","105462.4735219502","141508.47157794016","73514.90142779026","534857.0431277711","90472.72830089106","1382570.451303964","479067.8762204997","48528.55098818563","579069.4101707304","186579.35346919234","209005.766447642","692209.8669219861","51523.959923656446","196750.79116371745","43115.94169029564","313806.11448220664","1613470.1051826514","151700.65429836517","29041.315206039566","465408.98763616","492988.43887896434","69009.18050534141","289953.8113466529","36211.99826145683"
"2010-07-01","18056376.361148432","190534.9712867892","51802.19482122528","303023.2531548322","111888.01526810059","2599133.517929715","329310.93076629576","235580.5750681546","61936.15853936307","121093.29934355155","895866.6558817363","510941.07621667493","78190.72037077023","67464.95791107132","736248.3633605926","311354.81679655926","162444.91244650463","145266.95083798305","179418.74579000502","212723.0433573491","54952.41882531004","357557.75348594895","487843.69508026936","456145.07432958035","319680.27060819144","97465.10635166231","273379.8648693785","42313.96083429895","106058.53676190082","141568.90059771747","73627.02608009709","536208.8695687078","90905.74721293256","1387013.5720335976","480121.61381161644","48821.61999300662","581076.4753409851","188071.1848376855","209462.27339014178","694063.2724832215","51669.48989420574","197161.67017034377","43411.43852858241","314283.6829470146","1626062.4935557405","152365.36685961168","29099.712730190655","466176.4897631896","494908.83563288103","69008.61871595023","290524.38723632053","36397.262483405444"
"2010-10-01","18157861.735510673","191493.581314187","52687.51995525205","303841.2899970278","112408.32239741278","2613100.0558845513","330993.9069216038","236367.8218306654","62150.18199690767","121693.98508053063","898486.9609207186","512312.8372121236","78494.33193207727","67864.75636234065","739146.5649504099","313045.2446775222","163465.34353448276","146356.47731789597","180082.68656332314","217108.18782074517","55141.999373118124","358712.80385068525","489231.4290988684","456498.9497577698","321293.59705128585","98044.37759937771","274323.3688981048","42750.99812530833","106982.82173495817","142017.6149164924","73795.9200947493","538281.516857333","91639.82926193064","1392419.04292892","481678.65448691027","49378.52943764573","583719.4367469326","190262.35707900586","209937.29476963574","696752.8543091975","51839.38255761771","197694.83848406913","43830.891761444786","315015.38558800885","1644469.488358113","153209.83515721664","29184.626027480856","467358.7259527197","497233.6324519807","69462.66651337624","291409.4997554564","37004.78972370896"
"2011-01-01","18255384.89607257","192682.48524550168","54119.27739997597","305486.1300176998","113235.80628755515","2629793.764110861","333512.46786504425","237296.8414935657","62287.927416580664","122116.81007814713","901729.3778046289","513781.3441072531","78817.47531696128","68704.50449764711","743188.6655694955","315426.4193294739","165629.2676904177","148236.30667557425","181271.43864483872","222032.56177686565","55361.13077237149","359769.2737811605","490633.9965466062","457729.83756470046","323832.8856476414","98789.85591058516","275530.5242585228","43521.825611064014","108994.15865823676","142779.31243595344","74017.91239026193","540575.2069634481","92817.77971727104","1396515.87901526","482901.38672031986","50490.54043518153","586967.0703999593","193595.7140062376","210768.8434462816","700110.694930638","51998.95930537353","198256.70679523805","44676.43368521972","316055.31917458656","1669793.4906302693","154323.38932606674","29324.294301021397","468350.3048605821","500347.33091693773","70436.48992361598","292764.39019680314","38215.376329935665"
"2011-04-01","18375158.363874562","193955.7185308038","55395.39300256355","307453.01071124646","113964.86284402283","2644791.397449084","336171.67452609655","238799.59465506522","62673.1473144394","122648.9951497458","906141.3745896626","516495.35724421736","79168.9985334809","69080.61812912913","748241.3917780974","317770.5476099523","166559.16851976523","149350.52726043024","182655.78536858497","226739.81114620395","55598.67122154037","361415.43457865337","492878.2012239902","459582.6224813768","326029.6919535838","99429.62503337245","277023.2526615164","44070.122386479336","109614.8428638818","143881.63974421652","74372.487784022","544209.6176593426","93830.00043529079","1405307.5875282593","485404.43959884084","51143.211898798225","591108.3154319056","196623.68516657993","211326.24426478118","704590.891048135","52265.80968772462","199142.71648501497","44945.43568680952","317745.8628589199","1696405.0116687221","155623.4840489867","29451.117014585365","470255.0512806786","502951.3494766356","71577.83093068597","294147.0373881349","39375.996109162326"
"2011-07-01","18493702.443768743","195501.3408889113","54717.051947367305","309480.4142295156","114656.61395168905","2662784.2726113866","337657.86919667874","240757.3714026126","63203.06945380984","123423.23297454692","912745.2739949228","520138.96754834405","79832.89361206346","69595.24680716735","754911.7812192854","321027.12442329","168102.69706094463","150673.2078050212","183926.04103310776","229266.0369553784","56028.637709239614","363952.5599916087","496260.4529543264","463030.3268507992","328649.9740463437","100271.324518481","279162.50379061734","44423.07308255985","110704.1315810189","144742.62811629148","74925.4825106184","548759.1936618643","93944.28320003208","1416220.247634997","489615.6996803604","51348.694823412035","596309.3754947566","196430.9734369811","212619.37071528923","709262.5938742025","52659.75808621677","200742.69434558036","45387.09590109542","320149.4481237135","1703082.443772141","156677.03801500594","29661.757452391288","473424.73175982095","506468.4777429532","71867.83707872978","296491.96075706265","39190.43394342436"
"2011-10-01","18521740.62848526","195397.76580668858","54155.21564381237","309658.19408542383","114461.42464079603","2662239.4409889984","337542.69917115365","240978.50370489398","63246.48739387575","123555.04891873458","913494.5489121596","520112.17478228617","79971.98427982378","69345.95008161449","755634.8125300185","321261.3823034127","167395.19544911393","150310.3433046856","184047.9705687811","229431.9655247915","56013.206940293356","364099.89622405154","496898.2569388639","463670.95836819254","328518.29253833595","100247.68673290708","279186.42983623286","44373.62094124199","110063.15791503897","145385.0492300084","74992.62118095391","549197.1146671488","93655.46105055486","1418640.612384228","489710.4288223916","51108.92847214438","596942.7959839001","195391.4649962466","212392.57644107295","709524.751203107","52719.90500040068","200801.856804491","45053.65610642756","320672.99367372406","1699299.8170348564","156818.5260777705","29659.637258505143","473700.88379105815","506757.13399449264","71942.76969256885","296363.8519569275","39091.87649023241"
"2012-01-01","18637569.49326692","196655.45698003998","53785.77726868327","312165.77776576363","115336.43410226722","2680746.041839048","339707.7261009862","242960.27937754884","64005.942081810535","124269.91798711334","920979.7365548026","524575.4276375067","80521.96729824","70027.9496036036","762834.3893549544","323580.404896435","169267.84462983737","151643.55715818677","185639.64877406743","230319.7604329312","56460.65094892687","366337.58551052626","500555.50863879605","468014.2775287195","331443.2741875488","101021.52258980324","281678.59311236924","44764.86743417122","111271.12494317153","146695.5372176688","75561.90369622299","553499.6194878948","94043.98754840571","1433004.1860042182","493951.933531125","51732.66318865747","601799.1631569471","195705.7998813295","213941.26170993393","714242.3683766591","53116.541459176035","202234.8300514481","45772.18212045169","323542.7162170047","1705425.449696638","157962.74176750862","29883.796567234138","476971.2820875657","510483.6953014478","72484.40684323863","298750.60159475514","39285.94506605806"
"2012-04-01","18711300.626851045","197876.39411320753","52518.92054199848","313689.710509678","116001.2083687252","2696319.048056704","340554.7281294346","244308.79671213712","64357.6510452789","124907.75387535495","927227.5610988989","528410.5848449736","81155.60419108471","70538.45900479617","768479.8037750316","326389.0910187854","170676.80168649714","152719.10765746207","186876.52306873992","230732.91605557356","56903.54518520716","368556.75046301866","503532.675216029","471839.76772452396","333496.88389318174","101812.6545321159","283852.70338349236","44898.069929059515","112295.82684481781","147422.12197636734","76045.7778045984","557022.5516427228","93762.70847400837","1442082.695470184","498365.4384762707","51550.49167412712","606184.0288218479","194470.35151611874","215324.68975225676","717897.5798207978","53429.987407230066","203924.16884829834","46137.13356461405","326297.52289935824","1699223.14410004","158647.9756055571","30088.428078555215","480312.337022004","514172.7503432975","72373.60431106936","301140.21416539734","38714.30775906175"
"2012-07-01","18807426.02056997","199012.4401133919","52625.67747844293","314898.2960053289","116851.35417265103","2711311.968269866","342176.3978901601","245700.20092679703","64788.3562395873","125357.51153807766","931510.8194145359","532063.7873462214","81468.31719218248","71015.77617862793","774124.161343966","329182.4430717897","172274.204586279","153860.82471631895","188293.55578947367","232848.66095524616","57265.09355154764","370165.76245366497","506286.58496147796","474752.78024797345","335777.47043420124","102553.0750872898","285998.90502293187","45157.2197560488","113365.19940381797","148037.99283840347","76365.79738787729","560441.0597240448","94088.95231833217","1451265.4113416309","503185.4007407852","51982.74724924784","610351.2195290733","195424.23994982438","216453.62967664673","722206.1952808765","53693.81751063701","205310.18637382652","46542.91666371819","328541.77667834266","1708687.960712214","159370.1313735943","30239.39708555562","483185.38510339044","516742.8034440639","72702.99998191535","303551.0326737147","38870.64928097682"
"2012-10-01","18903575.02222222","199938.18324384763","53199.68964972347","316522.82065076096","117674.88701198845","2725458.2570493226","344059.2257556787","247122.28620063458","65222.636861727326","125846.45283697535","936899.4398392998","535232.1439229314","81853.36412363498","71559.7437057352","778587.6110082326","330528.5729630229","173765.223890785","154852.00943067248","189225.95538489486","233694.69250166166","57639.58144307847","371864.8668758513","508771.4174378684","477120.9931698231","337763.9261954345","103144.70283924545","287749.769414931","45463.037937281675","114431.01905768982","148666.7142773404","76759.18657047834","563575.5710897364","94723.76885687835","1461060.7365764081","506387.8953763105","52620.33996707482","613283.5308994412","197054.42758422","217633.64253458983","725795.9851938165","53981.941860208026","206502.3231937173","47065.2551695295","330333.8819433352","1719363.696418338","160104.57921395902","30408.2838480245","485507.0142659599","519253.88841800817","73031.70617181237","305437.6245504466","39103.592351052444"
"2013-01-01","18978986.582987305","200499.9836123765","54044.35365621156","317829.34289966454","118370.91603374295","2737915.147679071","345965.83537125157","248366.7092118638","65580.28727839305","126497.31030416199","941298.5760669002","537514.5349158837","82190.48730610797","72020.93495424015","781736.8572970716","331054.35575770005","175106.51702178954","155667.9617597686","189708.559169067","233568.20429498644","57935.976284422526","373410.67405296053","511337.145871808","478910.1419351649","339365.291586579","103552.32620073002","289130.60160018917","45704.7381216782","115494.42826677006","149217.73495677148","77081.74208337022","565712.2390449245","95416.87827856817","1469977.3660086722","508225.2896651242","53189.82013986014","615245.6090429683","198880.33593880414","218824.0976761905","728925.7687633812","54252.493059582266","207362.31569951758","47618.5706904978","331596.72002422524","1728196.782551471","160687.3083665182","30562.672262062595","487405.41917519027","521841.3076115537","73177.52051586594","306955.02737802383","39273.75609789905"
"2013-04-01","19033736.086182892","201074.67004935286","54764.940852971806","319242.96212066873","118676.17052559726","2745999.1363056893","347657.5343029215","249633.6423299595","65893.85119047618","127133.71533193417","945608.5633853566","539572.042776145","82590.4816750179","72056.75178804868","784017.1616953518","331013.6166766972","175026.01691835554","155823.64187731425","189904.54071635552","233336.96001573122","58156.51216753163","374856.78544359695","513670.4245583039","480653.941985474","339899.3052048202","103833.32645540596","289993.94312008313","45754.75790726271","115415.46208350373","150000.8807870277","77437.3563266474","567623.014953029","96006.83392633984","1479546.547766133","509290.8873459702","53341.56839420244","616786.3589003035","200589.49519112453","219579.75780153894","731515.4398768953","54504.383957943355","208240.46336784592","47597.79279476417","332667.0953654969","1736971.792319828","161288.33952777207","30691.377896778886","488917.4502653949","523910.0824091084","73395.89187711687","307841.1522865519","39428.37920798041"
"2013-07-01","19125159.683812432","202085.45482182465","55583.94290698782","321034.5700112236","119206.46839790352","2758291.0214081528","349751.27197653207","251195.56676859106","66375.55097698836","127746.32797467719","950931.6549631777","542315.3931039241","83085.56668783992","72279.19710709238","787817.2407287838","332315.42092880106","175558.47222010585","156341.85177236848","190707.26269315457","234382.14376763653","58491.91202968797","376695.29101498","516444.74918143795","482945.56363528845","341004.2784191579","104346.23665221951","291349.4258010919","45932.03193666502","115652.36123157066","150937.9367848175","77883.90646845412","570273.0268098385","96789.46404707938","1491137.8695832","511952.03060126986","53654.264609288155","619657.230657006","202865.24815727226","220533.78047564402","735046.3944653766","54818.93811979373","209437.66135712474","47749.493358286214","334490.53910137067","1751910.7956181446","162206.63397579387","30855.20338591923","491075.19090310216","526349.7148778338","73848.7148850199","309280.15673913044","39751.16385175089"
"2013-10-01","19237603.836199105","203795.1362317684","54996.98763383927","322648.33718720987","119884.4406574344","2775155.195183157","350994.0539690722","253498.2286092203","67050.99455646395","128827.6567538538","957420.3794650577","546984.3150497355","83748.97609345906","72394.48283962354","794220.6119978623","335744.40291157895","176286.49327457426","156953.02753305048","192112.84304987133","235846.82290932754","58943.89288363236","379770.74808436766","520691.7513474868","486628.5156562029","342740.3128715363","105027.93162504902","293709.2043595759","45894.9371140442","115837.03338394922","151452.64373138614","78463.32059759548","575111.0685279944","96681.38039846727","1506078.8313081425","517887.09243929415","53075.06681591183","625023.3692477985","202405.33319512033","221898.23205194753","740195.5486171107","55274.316407599305","211485.29794117933","47692.282523903625","337375.7165352232","1755432.994134174","163214.82109327198","31048.80295577043","495307.8729395316","529608.7400391193","73798.413262589","311847.65697807615","39219.13652818754"
"2014-01-01","19308503.925006334","204641.6412215751","56109.16955399445","324166.12751250074","120448.6320629224","2783290.8189851367","353417.2327824998","254525.95062431405","67417.4382709818","129555.56589257205","960972.5138392987","548685.7722899669","84144.10966849726","72706.57069479498","796329.3369185383","335961.48713573476","176818.16667456392","157538.78841210404","192564.85887873548","236456.27557889515","59084.72247786013","381021.9863195641","522344.83124177274","488065.9925711968","343676.8153481321","105505.89116598443","294425.038158316","46198.60562960036","116214.00653361039","152056.08539550912","78706.0343439556","576393.3586353689","97804.98140660938","1516270.5167992376","518493.65171442815","53790.199175949085","626596.7569829156","205949.35567168472","222634.63602077178","743156.1127896844","55464.05188068474","212071.36248711415","48009.80717237859","337527.19346707466","1774769.8663359033","163930.45055226123","31171.571831448786","496585.7082465514","531243.9373410805","74584.15653690301","312336.47689221665","39930.71751059558"
"2014-04-01","19429303.964969344","205944.67975838066","56375.74081144547","326245.1415355086","121257.7209607578","2799805.822675321","355354.70920819795","255937.72212278057","67944.75303105796","130088.5389507389","967087.2687970395","552057.2316056159","84731.03103601997","73383.40527218458","801632.8482496808","338455.32647630613","178554.4735631417","158582.23242125675","194055.51043212955","237938.59539778056","59488.60241486438","382901.03642109415","525177.2677467213","491018.6633381023","345963.56100488297","106236.36677124105","296387.8968292466","46630.01540038062","117462.6134233428","153299.17061971553","79110.09431673735","579649.1424833752","98355.85375805794","1527560.4308529322","522060.40563503734","54432.333094858106","630399.5997305969","206880.94475515294","224073.24329338258","747191.7224032072","55788.43130047783","213224.86035920828","48575.492973968234","339896.67970829515","1783480.3832155725","165035.71303501577","31368.732594642614","499274.9099163644","534468.4995234698","75107.45213619218","314378.1755483299","40271.20166690097"
"2014-07-01","19521222.07593781","207223.3466804402","55549.937734949155","328065.88991375273","121519.51384924604","2811539.1930659646","355775.2045182859","257474.91677598254","68382.18011976735","130866.53683476256","972320.5201305364","555446.7394130317","85264.70375764238","73498.39392199898","806712.598411646","341388.4723244352","178900.3624863768","159054.04910080112","195499.4117005686","239119.7736588865","59851.65211986791","385267.8974712058","528506.0210636931","494560.9085116023","347526.8604723131","106746.3951694585","298090.65247219696","46708.97598959193","117356.33833832023","154358.2026067027","79542.00344864665","583489.2223393461","98003.80897478403","1538048.341447721","526296.6110924871","54331.53884596357","634183.1011082982","204220.1636820416","224970.91949774933","750337.4878335438","56136.681148346244","214789.2470914154","48465.23803586577","342562.3025203331","1774808.002201313","166000.59954174384","31517.887687285252","502697.08371886914","537054.8111327452","75309.09144868221","316320.32340316265","40046.41993553186"
"2014-10-01","19559647.614767984","208497.16954034404","53417.79745279772","330111.43989740586","121742.70638511478","2824465.0623038565","354536.6709448221","259128.79313602013","68689.38759630933","131752.35589748068","979453.2176292107","559211.0148065505","85972.77727731653","73910.07345615451","812231.0608204259","343861.8008732467","179871.8827559277","159653.1526016385","196839.28948994","238081.49578699423","60311.86206437726","387880.7126752233","531888.0307455803","499074.95757605025","349624.8819433767","107355.28031029704","300188.9308305357","46748.780985636986","118007.28253115885","155480.97813501075","80065.58565477617","587684.3032092933","96605.74682417656","1547388.227861478","530123.0182021802","53643.46236454337","636839.8941254058","197665.7777037943","226422.08570108877","751448.8241964891","56525.800242557016","216564.6871406844","48683.15172269951","345348.11585836223","1740443.5921038468","166607.3236233826","31728.28871527604","506264.50699081796","540607.2903924047","74653.10671015935","318527.9603537136","39028.911807944954"
"2015-01-01","19543614.110879563","209290.76427113308","50304.30285579974","331726.33099808433","121272.7343300519","2832656.7009561365","351510.65009861224","261214.15232548735","69180.41137426459","132927.66950633633","986895.4360715623","562757.3356705055","86777.06493947246","73738.57685324157","817724.9576036868","345411.92055232386","179838.40779466074","159469.32056314748","197462.4396372292","234672.38338346768","60673.706691935564","390956.61073917337","535985.2405124727","504057.5048471793","351040.46971344156","107611.68238417523","301891.18287153647","46314.96185275843","117767.3190874697","156450.13883137665","80668.21778278436","592042.3136898302","94014.21119208293","1559962.1136681845","532827.6990258546","51852.29148506278","637914.8370545291","187645.83066757722","227551.25928390547","750298.5151715403","56965.29476838703","218374.7430179778","48499.62620847026","347878.7442692437","1686246.1048177802","166823.5655372129","31900.744992482414","509665.12105638615","543356.2166689582","73019.44600193882","319985.8195161758","37086.0699815413"
"2015-04-01","19654282.38736046","210460.49658537545","50828.167215639805","333787.3493485029","121874.85360727519","2846008.588684482","353657.20685822354","262536.7100613583","69633.51055188046","133520.9606543069","991200.9768050516","565524.3237549311","87060.24015332786","74163.65536803914","822240.4818504334","347751.05015542655","180986.65108460578","160214.71294288483","199046.9858622868","236215.45817961902","61012.68340508961","392668.70891990414","538984.1487211433","507785.280926021","352784.95713825023","108116.38846670983","303667.8210198679","46687.43029181734","118173.15514145505","157594.56665528624","81041.16822625234","594806.2894703627","94886.69925865786","1568932.0934889023","536730.8894560944","52831.34241602806","641625.1258164096","188411.3341385211","228526.24767666767","754309.3829195574","57267.56164043242","219612.9336710464","48755.84262700405","350275.49824883835","1697402.6675274046","168054.19071377048","32076.285827293348","512563.21411488624","545778.8543089166","74090.8279327828","322300.86293803","37850.552446962036"
"2015-07-01","19725330.051064856","211443.130881992","49915.97994600723","335184.39719739463","122331.28051784264","2859789.4882095493","353658.1897948877","263916.0497609007","70060.04899231603","134151.60150821126","996605.5225169625","569114.8624958458","87495.71547890021","74586.1459303439","826932.3753942486","350051.6690378262","182307.27726514675","160874.35732870773","200155.6660572275","235500.298362644","61421.931132066165","394807.26495872583","542005.8101970882","511347.8171558417","354543.2450992262","108644.07685228436","305560.20672797115","46673.43939043066","118801.78394623408","158189.37787340052","81463.60965170912","598110.4423372131","94232.02483590836","1578138.4885205992","541236.5269699073","52473.853300640185","644191.3724481274","185659.4303103007","229703.04581978466","756203.3503105473","57584.058311459354","221235.65802873686","49078.44721859894","352705.90894106176","1684591.4441546483","168803.37172528458","32258.850940870954","515675.7181482599","548541.9259842944","73725.70999460938","324429.7871964234","37226.60389832639"
"2015-10-01","19730771.08052035","211627.17468844427","49301.39427433113","336005.26975858165","122358.59951824734","2864071.946754946","353475.93118013075","264468.0329476451","70184.4026258415","134614.19377865535","1000098.214005818","570798.4083679622","87829.84787034936","74673.3310562802","828562.5951430318","350306.1831870487","182395.32770925068","160806.15530740225","200402.4176470588","233200.602813057","61651.01375","396052.7548171667","543579.3531118425","513137.6250248225","354893.82736183284","108701.47273725287","306357.66925070685","46453.66251326361","118775.75838597144","158755.58451045517","81687.25856106251","599712.494886807","93628.31789339859","1582723.6740422458","543067.5710172745","52016.820203782874","644611.6469430014","183495.6605058331","230323.06130839442","755894.0192012939","57767.02764309504","222005.37729203166","49123.986618679344","354060.62313708925","1671170.938064516","169162.1743922394","32347.949715565417","517503.47933109914","549444.265758982","73269.99149506715","325080.87342478894","36615.460150816034"
"2016-01-01","19713724.734307554","211054.01035017223","48270.289208173686","336170.2318481022","121938.22754894434","2864339.0561934686","352539.68681330304","265019.14914711507","70420.73106101499","135028.93157640094","1002808.9160569785","572147.8398524587","88046.74022921505","74369.89854359851","829102.9178468244","348931.80828711815","181842.0091038593","160109.2165862368","199876.89475703324","228962.06385011016","61746.84280579416","396871.5961594085","544954.7357047561","513382.51408077014","354445.41894143034","108310.67340166903","306558.12638337974","45934.405671619286","118301.94069899901","158961.9976662952","81852.91066630364","600769.253713998","92426.91562168725","1589899.457189213","543507.7634833192","51012.04918597588","643383.5281083774","180170.21004203052","230536.63450869443","753879.0664473622","57921.243652209916","222107.07808751852","49042.947595165984","354737.97728529","1648730.9711189284","169167.85727295323","32350.41114547401","518427.46068848437","549452.3038894468","72152.27288995108","324778.50986717263","35419.366910958175"
"2016-04-01","19849455.856030732","212351.3677597718","49641.79458007332","338392.18990605295","122744.01600748263","2876648.0247586626","355648.9324157769","266350.8027603437","71064.71707065697","135679.1623836496","1007253.1901078268","575170.2918646935","88406.58869836759","74793.03940055647","833155.3252045827","350712.6254944493","182938.5833420556","160722.32273871012","201090.88671869686","230581.22017802944","62067.051843899244","398652.186119582","547748.5035003074","515844.03092985315","356146.31038454355","108847.66039992041","308151.18863310205","46358.99251457302","118745.69838134151","160389.12911690716","82200.89486228616","603298.7687180282","93932.56882837141","1601570.5496273637","547352.5707785727","51955.73690547619","647931.9143048764","184041.05626743994","231464.6277725937","759120.0597859098","58220.91949414483","223270.65028208238","49402.21322735539","356558.86481028434","1672423.019355983","170558.8981076839","32551.4096105745","521246.09073704","551197.9309972905","73663.94993632377","326645.03353231837","36692.18383199137"
"2016-07-01","19923454.95090605","213216.99594711576","50303.495404635134","339850.7407292175","123148.37088829833","2885919.849591078","357516.47423729685","267438.3749901364","71668.12488708","136377.6244570769","1010757.3786766329","577210.1858224364","88716.43532261679","74939.92055889095","836373.0580041944","351907.24456562585","183476.6058827889","161043.97548479453","201754.23732746893","231823.6533852379","62290.76601633394","400189.4970158647","550269.8148963862","517375.35752805846","357307.6627726127","109183.28706772621","309228.3194565936","46565.75374313647","118927.61329676337","161252.73351231898","82474.78235244997","605438.2062523569","94703.07246298582","1612717.1913290548","549883.2593342012","52290.27991760443","651065.9927199624","185998.76820874313","232054.46066426713","762672.2392068885","58470.51999805928","224015.0480117038","49605.087727999846","357740.31249988475","1684771.435413607","171466.75690030854","32680.315807516134","523301.8534679543","552384.9213985284","74409.4457226691","327692.65185178176","37225.89366151702"
"2016-10-01","20026224.361970507","214504.5752437258","51111.933777503","341713.5325995575","123796.27098320659","2899251.867090686","359931.19356973673","268706.62924956443","72180.2808748974","137100.81444661543","1015409.4400117825","579826.4184494707","89166.78790327074","75213.62631846909","840731.1678387312","353988.85356243356","184138.16893477153","161793.9512356389","202864.1528326238","234371.46131719323","62569.22901277762","402052.3939051982","553113.1719873023","519867.90941396914","359070.9781718764","109777.43615445045","310656.84196497017","46878.12244604181","119267.16891973278","162075.97074220152","82825.27556456283","608519.2320921336","95678.57426646132","1622824.774389567","552794.5020127363","52760.69988579586","655353.2871452544","188656.84539473683","233095.4749967676","767408.6689486827","58772.35593912362","225097.9056345051","49838.07622373003","359439.7781935543","1703583.633879791","172591.49828649525","32831.968696773685","525630.3979385329","554738.6439401081","75247.5712163247","329127.1940426985","37830.882494352685"
"2017-01-01","20130355.555555552","215809.38663249556","51895.452165058","343555.18010093726","124496.10795744641","2916137.1262204074","362501.42005070293","269460.37400702067","72431.62098389203","138063.04665084954","1020540.0858647776","581475.0945944757","89715.3456765099","75862.62183169574","844240.5458451584","355779.8513422975","185070.68341352665","162864.05445268578","203854.70502796533","237329.41282941986","62880.54835977119","403786.9488834163","555455.7822635369","521990.89122036623","360998.5488096213","110552.69874035989","311960.12354690663","47397.84869803564","120186.23003945933","162904.4573409603","83114.44721759076","610913.0650720934","96832.20088749674","1629806.243093532","554378.7937196471","53498.2030677087","658758.3312897244","191597.19508494023","234457.7983933608","771382.4132162026","59001.40081195035","225929.63781176135","50397.16721311476","360658.13007686974","1722229.5366799242","173499.32929682088","32999.64278379251","527472.0667299607","558165.861423827","75918.55481395395","330157.3965139697","38366.69629272891"
"2017-04-01","20187490.36280175","216700.66002516207","51831.145476258615","344401.1681656427","124970.10891307837","2927199.444612915","363455.28145548864","270351.0330476983","72841.98034554902","138638.43983912255","1024339.7590686381","583145.5921496769","90180.5600348461","76154.62251446607","847763.8688519681","357545.7715963361","185749.45964912281","163591.52718236207","204599.82809241876","239481.82579420946","63124.79498199325","405208.84581187717","557447.8076193257","523429.6557935646","362313.4041150475","111137.96889775897","313020.61430892727","47585.95050205063","120689.40299252559","163163.36825333457","83363.24085274887","613306.916356416","96999.57936210131","1637289.1777390433","556352.7228057194","53491.77058703917","661473.2684172392","191977.91287777445","235388.61627873502","773874.5762910582","59232.71440341924","226736.84816502462","50675.1345501084","361788.2724494981","1728223.3774276664","174101.06265661147","33091.826952499905","528862.4659035088","560297.5133601741","75823.78978115355","331163.4486196377","38086.873813108905"
"2017-07-01","20284559.085289333","217944.69388101765","51971.64896270537","345603.5008880613","125694.05873479968","2941575.6277638352","365036.5347243693","271685.78553483903","73403.50359177367","139281.54224859565","1029212.0058570227","585847.8534877459","90677.50810142864","76476.58455783947","853042.959071734","360323.133716043","186739.8733139895","164559.3551572032","205727.19719575907","242651.68190922387","63457.550979445376","407163.3609817356","560332.6808254996","525502.8338574086","364202.85467743844","111877.46148259552","314609.76331087505","47837.99743204274","121215.28013952414","163701.3401440217","83733.64304363166","616925.9286732156","97390.68854606566","1646847.6960120888","559897.6437057295","53586.44063009904","665799.5871989584","192979.44944277618","236497.51597272494","778170.9000685439","59544.06330005193","227994.0010165709","50909.70789196236","363665.8567169294","1739918.1441330365","174993.76092052407","33226.68696666796","531278.5873906183","562603.047706865","76042.91726724053","332894.5443886019","38018.5375687794"
"2017-10-01","20421074.725800574","219468.94348104714","53154.321263548205","347733.42728661123","126617.09800134189","2957963.933587239","368184.89606941305","273388.21289640805","74233.8507661559","139818.15322158972","1034906.0534945199","589066.0276989923","91175.74857404944","76893.67573322078","858885.4836712361","362732.1031861953","188078.20632463926","165670.70170837073","207000.04947787646","246439.39031048265","63829.99675707882","409054.571043944","563392.8011199826","527515.4090056797","366543.6764485677","112734.88228677794","316395.8900423749","48330.58461538463","122018.44157212244","164849.64150106412","84179.58622390269","620518.9248094513","98820.44874041516","1660376.5096489182","563156.904100741","54403.47458422042","671534.6062295021","196918.07861595612","237707.14068434743","784451.3659775534","59902.73812335641","229135.124125724","51328.22337999515","365580.6791540325","1766369.95430288","176344.54119320816","33415.23953452213","533623.65576","565532.8557058243","77193.03780843671","334883.07427628135","38924.52377662867"
"2018-01-01","20523596.694410067","220613.44330380554","54081.66167394016","349704.8929953608","127313.82676305919","2971147.7674854705","370998.14801891247","274835.12108021695","74933.92750162154","140561.86573486318","1040481.0218628126","591241.998118159","91729.31281404501","77299.03617162493","863142.6080962385","363897.7171456","189023.67555077164","166436.49196989642","207772.23961922814","248766.6217003802","64153.82720916884","410912.25421716546","566145.2992098285","528924.2469631963","368387.5118573288","113417.50045699059","317706.0591430063","48765.4309232733","122644.90619048933","166061.75552077533","84585.04257270816","623206.3554967889","100079.84886527689","1671811.2473929941","564883.1487866131","55095.629596302","675705.3518230828","200133.73432264762","238940.80244120274","789170.2524932945","60245.56365940776","230041.0182389718","51691.938882396884","366752.60037892027","1786456.972542141","177449.3600014939","33590.44474487866","535614.3363034555","567673.4962792879","78087.17757605985","336265.5040920527","39620.529161510225"
"2018-04-01","20691607.90046373","222496.99245841315","54767.29512803459","352077.2181665206","128556.12576161427","2992725.425380751","374133.5133831272","276941.59246627794","75733.5505452691","141176.67047543204","1048176.9586338274","596171.4102652075","92286.79331825809","77921.09133097429","871222.4224931889","367769.2941658886","190920.92867547908","167969.24805337214","209649.14911395518","252871.00924165107","64682.03436430295","413551.1227071381","570253.2201623359","532319.944038384","371523.9413530231","114504.49552610914","320347.6101168944","49223.59390215301","123653.88294739333","167130.60936162737","85202.5395050941","628415.3393916636","101062.13939428572","1685570.1045745132","570313.2679778408","55656.33817824008","682631.0574471354","202767.78338877604","240590.01926462635","796489.439644409","60691.57329878345","231923.71666001322","52139.97494930262","370000.32164590334","1809208.0088049357","179100.05050172727","33828.557030132564","539416.237394023","571957.9547239967","78910.32556930231","339314.0004470966","40081.811836142835"
"2018-07-01","20769170.341331344","223389.80448262836","55292.87989476812","353544.0771690284","128956.52860329332","3003384.907446545","376039.59221704974","278160.3955526239","76092.86225263441","141781.38716395304","1052318.3514114565","598041.8107049608","92723.35470166199","78071.1446838396","874534.6424557588","369169.4002067828","191301.16150669468","168468.5289480937","210346.59573648171","254434.32718231707","64906.55477293189","415273.7499240446","572559.0079306839","534103.3945074106","372762.43623262545","114957.28726288852","321315.5206937731","49428.38617801047","123758.17059386362","167930.04417906277","85565.40390277852","630772.0948411215","101813.3772514966","1693082.9150933218","572039.7138201841","55937.2968238787","685896.2510120445","204629.4165775545","241533.28537845667","800128.3510827088","60965.53980374147","232836.25424556332","52190.523880737564","371287.6620226715","1822080.2284524662","179952.91338748496","33957.10693389552","541211.861862355","573766.5906701061","79466.79708515231","340457.3268547754","40443.1562151243"
"2018-10-01","20865140.0","224653.6","54851.4","355310.9","129812.0","3018337.3","376993.8","279652.7","76537.1","142501.9","1059143.9","601503.1","93419.4","78640.1","879947.3","371629.1","192607.7","169558.0","211621.1","255492.0","65349.3","417775.6","575634.5","537086.7","374919.7","115749.4","323286.7","49634.6","124741.9","168752.3","86046.3","634721.1","101451.8","1701398.9","575605.4","55657.0","689139.4","203250.2","243085.1","803307.4","61340.9","234366.7","52543.8","373663.3","1818585.4","180861.7","34154.2","544348.0","576623.5","79167.9","342470.0","39898.8"
