Corporate Income Tax Revenue Year/Year: Fourth Quarter 1995 -- Third Quarter 2016,,,,,,,,,,,,,,,,,,,,,,,,,,,,,,,,,,,,,,,,,,,,,,,,,,,,,
Source: US Census Bureau,,,,,,,,,,,,,,,,,,,,,,,,,,,,,,,,,,,,,,,,,,,,,,,,,,,,,
http://www.census.gov/govs/qtax/,,,,,,,,,,,,,,,,,,,,,,,,,,,,,,,,,,,,,,,,,,,,,,,,,,,,,
,,,,,,,,,,,,,,,,,,,,,,,,,,,,,,,,,,,,,,,,,,,,,,,,,,,,,
Year,Quarter,US Average,Alabama,Alaska,Arizona,Arkansas,California,Colorado,Connecticut,Delaware,District of Columbia,Florida,Georgia,Hawaii,Idaho,Illinois,Indiana,Iowa,Kansas,Kentucky,Louisiana,Maine,Maryland,Massachusetts,Michigan,Minnesota,Mississippi,Missouri,Montana,Nebraska,Nevada,New Hampshire,New Jersey,New Mexico,New York,North Carolina,North Dakota,Ohio,Oklahoma,Oregon,Pennsylvania,Rhode Island,South Carolina,South Dakota,Tennessee,Texas,Utah,Vermont,Virginia,Washington,West Virginia,Wisconsin,Wyoming
1995.0,4.0,5.310018131988096,5.854962304285127,-47.30015043602488,-1.4021895194772591,8.394626962679668,17.220185352632623,17.561910855337242,-1.6126325473907375,-2.7379593901277177,0.5769701237982356,-2.0341257124568046,20.930353659923977,-3.0241183156486953,30.403538558229513,12.458418354532265,27.444502548533663,-3.1560827462148167,4.1410066940502155,-3.295340784569705,21.27124082058899,-26.169877464041857,30.661227301051124,15.301976514656394,-2.7441594650545067,1.6547968961748543,20.583869009332137,21.65891651403233,-18.938447086276696,4.1014991433554036,N/A,12.36042382614995,1.7281871522512502,29.17841608433499,-9.57093866508926,8.872041209401244,20.356159011443843,0.4615599239061298,7.680202254727504,8.796315411429672,-0.2864652493558417,-5.197011208810571,6.063171491841319,N/A,18.538193322965803,N/A,56.59507511167268,3.938797465130559,3.4112277283141057,N/A,5.3929352783561715,-2.715705199262736,N/A
1996.0,1.0,3.885690522587637,-10.906589641269909,-38.865756774596406,0.7250463897068355,13.959898753262332,10.594461344900537,13.658591080378127,18.186775800528434,-10.24860046114714,-5.941505358759157,-2.2755943089315522,10.831798137790068,4.14690740435398,39.90863396082607,8.574519416795617,29.84734202512014,-8.650700511815785,10.810560932227267,-9.203221647867007,21.85349528565578,-14.974892073251937,23.168537260303026,15.089749543841116,0.20813354687689561,1.7644090034663211,39.408071094657686,27.067850789011644,-9.83628962066444,4.839505106840859,N/A,13.678207095056127,-2.744299549012798,45.3081079182633,-5.610867653524475,12.447966989650453,0.21425223377462924,4.4605400909344315,2.013344642699713,3.9333116628741864,-11.83106450198765,-14.72386274245753,1.8691767669000954,N/A,8.303260691760189,N/A,10.983193062787516,-10.801835724207933,-3.8938896439723583,N/A,11.5996468280699,-6.348179774647504,N/A
1996.0,2.0,0.6998769082568002,-1.7783838146125643,-40.049707315801314,9.606201847549158,16.09001963559597,-1.1899268593276864,5.7900235540519756,17.416040028838434,-14.167471691588892,-13.32170125229854,3.6910325939790987,7.21347884040657,34.70530612110568,25.90062901033314,6.450542878385286,17.563172690018263,-10.696918123721716,-4.822490914255728,-18.36404863797752,8.44707651778159,0.29206600770651486,-16.1551003226828,9.964410346312517,-5.2635479129017915,2.680382808260947,23.516101492627474,15.608842996807502,6.899194261352398,-1.1200085008697396,N/A,4.902019423255819,9.009059565371423,63.59389438354904,5.224334033025349,1.0419524867307144,4.345688243378517,19.058326204580986,-0.23480200907621665,-6.624833614955988,-22.72339622268274,2.976386286690047,-2.23870380035795,N/A,5.05819296314727,N/A,5.517890438180865,-8.799885474503924,5.7500418315691535,N/A,7.4083562069169036,-6.323299707101497,N/A
1996.0,3.0,0.1518251675280695,-10.592461591029313,-34.34103975073836,16.39165812544902,6.522968885798852,0.43146051641252914,0.13266074095981678,17.332162571018195,-13.290525309799648,-18.706573999112678,3.529788905985419,8.773061799730455,21.388980907354416,21.004357367177402,6.808670103529801,21.988743703436477,-5.546106135865632,-2.0020827923473736,-18.8001676580515,9.76391939213999,39.56464522462898,-30.043399089863332,-3.8584921279635123,-4.440744825940913,5.892800754801395,27.473141433502406,9.537886775966504,10.138478967734027,5.036413047667778,N/A,4.019695608473363,9.78881625151849,13.775238529996074,1.3356474480246858,-3.5697516058121286,13.245425501681238,17.535354328356707,-6.002381445999917,-7.283061641942594,-19.984703429705434,16.960960440432732,-6.490054297786502,N/A,3.8921717267016085,N/A,2.4538844416430257,-0.5600973263712602,1.6891998293778587,N/A,-1.1835155675657414,1.0565063147524818,N/A
1996.0,4.0,-0.41438714978008495,-9.918967892502078,6.519928882328312,31.67288810811012,7.32569724286452,-7.467708305179806,-4.186017527973805,-2.43794853831501,-10.52757364193806,-11.904362776268194,-0.4574046414100396,1.0853765484294968,11.42260577914545,-23.790902301445573,6.961646651568076,26.901816061423446,-7.120524345779689,-3.5951422134571267,-16.69936568115288,16.40499026106936,18.041117012432732,-32.21890572198015,1.2737839624085903,6.138181596151764,3.0173782786892636,26.173852104331097,2.035256594415304,36.0269860686682,9.105280654084954,N/A,5.7041431229737185,5.424306423834786,5.674495347976198,1.3806478052029227,0.052771685343158854,1.12194898650067,13.545460167520625,-9.707706459447625,0.6649827212323689,-15.604476297313688,15.324509143222631,-5.505895391375411,N/A,-2.461143579704808,N/A,-6.083046191327794,-6.989081925311965,10.11410112927235,N/A,-10.274539066968629,8.598280289517918,N/A
1997.0,1.0,0.9881105502220411,-2.8444077331722517,-11.477495526844082,33.75692452778535,-4.550179939542906,-7.637636556217959,-5.636260078100857,-9.129618718608109,1.7930926164728398,-2.8966424715259014,16.559189831597397,0.3408045505341805,8.945489298958982,-35.12692738297361,7.449603710791827,47.104799653584706,-7.197703205172044,-2.201866269837488,-13.048610232521952,10.702341877977178,3.237918937311678,-34.705895959195814,-2.83339950413873,2.9607023592189785,-1.4159104875611612,7.187974645823303,-3.7591952766690193,23.05302404793039,5.709218078312033,N/A,13.799371422226756,17.951847439180572,-6.176948200584969,8.19487180643722,-7.109478777002826,7.057002405089976,10.747333763191461,-4.537167729225998,5.98287645210783,-7.049912368696671,22.0958290035376,-9.821175327511904,N/A,-5.0423615647511015,N/A,1.6740987755942696,-2.8223024060375956,13.427462928059311,N/A,-10.9330384509673,20.945106978880798,N/A
1997.0,2.0,3.648541814151101,-6.565503676563818,-1.1943937164701248,43.27505897992693,-3.962327236656614,-3.1743383383779062,2.2710475650455,-22.226749965633726,2.0855183918917852,-8.313763229395036,20.659425341875796,-1.5934083349994084,1.8665876885784662,-32.527956065279334,8.387133061455135,59.38622774483194,5.8641473868444125,11.057366972772158,-0.36482851677083356,18.096491554685215,34.79071315787446,0.7308158923822706,-3.8190576887919354,19.284779455414487,-3.1884921207102637,17.847416822133972,-6.0754387025364895,3.867301907203491,5.877299997834511,N/A,-9.043176373225116,5.4348695496855655,-16.591060459208972,2.005689879376966,1.7183967711140058,-1.3087518548617485,-15.230901672593353,6.2857375763266425,24.80843332506356,4.486169311820213,-0.31117610986634453,-7.393899514554005,N/A,-12.510937479557228,N/A,1.3436347366764403,-4.871843300982044,14.339324720452689,N/A,-8.982954672769274,27.15322593607377,N/A
1997.0,3.0,1.4548805963922153,1.9662713818837565,-15.966390050759788,18.931919448699553,-1.566279859380049,-7.306068795466439,13.637574090832988,-25.16966925757841,2.809338009823194,-0.2873980535800658,22.505728249895153,-3.8881431760717162,12.056200508939357,-31.21980933076094,7.959680346814895,43.687707649028425,16.83918052622559,10.270196345331986,7.937183802285444,7.691469773984634,17.746043633553693,26.98307127281033,-1.1288856317044023,17.931697300643826,-2.882550677184282,5.124003459537424,-8.832235887275942,7.899839353632738,-0.3024257939645494,N/A,-4.623962790789407,1.4561282959534807,-2.5543745565625526,-1.671291689169873,2.427375415452435,-5.0632954312555105,-13.512815201030524,8.235391230364659,16.598093113390416,-0.9049463869447124,-12.906234533269542,-11.083465978686155,N/A,-5.689921768183362,N/A,-3.0718749269093197,-4.748768279764056,8.787401518355093,N/A,-5.644537437981949,10.730597533597654,N/A
1997.0,4.0,2.0269428185697453,10.68247055911319,-15.683813563257134,16.087672017092093,-7.56501461320567,-2.9356372918950546,26.488149032916958,-15.981547508786193,5.499956116409929,5.49779356854516,22.414917293080784,2.469901577252719,9.893918904868219,-5.377495105309296,7.8322967199631295,58.077141197460094,4.388083466722878,22.29584835983572,19.03221625181875,3.08086665117899,12.767457250315392,7.5297608985372095,-3.044748164783859,1.0065485977306479,4.492088593568894,2.085915657541592,-4.77474798162367,-4.588634022841515,-0.20100846532584857,N/A,-1.8133447644878589,-0.29363018578794803,0.4136245844589921,0.6867279621216327,4.9048604387419505,-6.1289403139685525,-16.37338300169365,13.603578752661052,-0.6023282940607007,-2.3838190496203686,-5.785518057192867,-10.24190919880825,N/A,2.743846344923618,N/A,-8.223910364302808,-0.22560648371970737,11.81448291833076,N/A,0.2394149241786751,-6.23594264089637,N/A
1998.0,1.0,2.331869366440453,7.395403089987421,-2.711065292188554,9.730843922030692,-1.100774767463611,-3.0781989408715016,30.41140781018365,-19.21288111175462,5.841258111633692,39.570820990859836,10.67399106320368,-1.5482125572630987,-3.427602187392139,2.1178090254346116,7.55025815717927,26.372393783577124,9.875247059410688,20.238979996947997,20.04608576545259,8.409360297961133,21.43158849941989,7.855870599213671,12.30907769073161,2.260518442790059,9.295612300601814,10.707332150130581,-6.777273782488838,1.5343697432618562,5.194163349432054,N/A,-5.893401773144683,-5.708805995478357,9.214066443894108,0.7678141276663671,8.716227465075132,-4.589133198176464,-10.766484064835717,25.509965780846844,-10.762799306052063,-2.1117674899071286,-9.633607981169646,-1.9844903729711687,N/A,14.439561317408698,N/A,-8.572681914213929,2.523452044769182,17.233808186064444,N/A,-0.7683245917802645,-13.249290082299165,N/A
1998.0,2.0,-0.7159228736350738,9.67749360914741,-17.84358680128465,-12.535516701194338,-0.45316301199992,-5.423887090661507,19.448106258757925,-1.3662005640488608,17.00026925105434,31.597230370483047,0.10890143227372451,-0.08926231496337794,-10.282566558628286,-5.708564975915994,6.855299547132342,32.00577848208594,-12.751472967097358,3.0650456218942455,12.06641172555177,-7.812286109051217,7.330357245697544,8.232573819216196,9.73797588795978,-4.689848215525416,1.8338389044273478,-23.754030897480384,-14.640303975412186,10.36922062832699,6.848961482351125,N/A,38.53207052838009,-7.3228332356313,26.27403340893744,-0.21156800892855213,-2.907436864402138,-0.43669042250110474,2.366573936647546,16.59802386811786,-28.81651046870981,-2.5798097175823416,-22.611288638166926,-12.019373114857686,N/A,24.565400643262738,N/A,5.328833827754042,2.7840677455751495,3.134437627850026,N/A,-13.818896049057344,-15.228298285551176,N/A
1998.0,3.0,0.5577645928626259,5.817416455480422,-22.35321628305748,-9.921080625346598,3.26124110947553,-0.42063419982178224,8.117865712467806,5.158583412511533,18.655425832142967,26.806168763218974,-0.9784494617746794,4.255029712832026,-4.407813997050402,-12.67909550783103,5.295259770983408,31.581458636442488,-30.556114401262697,-7.685819595467261,1.6569633982601701,-11.534453858075624,-12.913685831818796,-5.0563922294146755,16.073681380678746,-2.814164364415118,3.392596897074518,-20.134794206135066,-22.55501099194197,6.5665574540337195,4.206489247400487,N/A,27.953023728164833,-7.1300567046352,26.557624853653238,3.7404982095208457,2.8668299809162505,4.816901169203508,2.4679050404039877,14.990177390585222,-27.337997515664224,-0.8964642828869258,-19.073179164966422,-8.434534927978369,N/A,9.855870097579613,N/A,3.314189915809694,0.616932956849446,2.939283624447956,N/A,-14.00834169276663,-7.855452612121798,N/A
1998.0,4.0,0.8286303559931776,-6.339323805958637,-7.042143740193896,-17.51992492350274,9.12982663502418,0.18664460108246742,4.1723085679540475,-0.16450555307814543,22.38272823014229,14.53568240032768,0.14168907190324453,-3.9939257982090637,-8.525431174992434,-21.97983282119423,3.934924900441144,28.73733210649143,-3.5015801513142266,-30.675803585487444,-0.6591152821893421,-10.837731472059602,0.49494475642732894,22.85375058031638,12.599113341287516,3.9060381151151327,2.9591055898728174,-20.46560752090105,-24.28721269978426,9.284405627787805,1.3197682289495103,N/A,26.947980551859473,0.49371767541745454,23.15163783768572,-1.188104702189398,0.7541371098824076,28.004538612939946,-3.3110682581007382,10.40021360034055,-20.838083533904957,-0.5448667106211481,-26.647348778049484,-11.053765332102355,N/A,5.551341431712637,N/A,15.439414365406416,-3.6535992224009566,1.616398141727149,N/A,0.8017153804467291,-2.336804069475004,N/A
1999.0,1.0,-2.0878033465671293,-1.5696490756246173,-16.90559445506177,-13.478325303649957,10.766280418602506,-1.7033388296371883,1.3396676480955125,0.4496489013622397,19.47537635547285,-25.07746218794948,-5.665326390224956,3.950889710788072,-6.147302314364151,-18.37545323891653,1.80492888625769,1.9631767546466072,6.052740338396437,-27.2188329251057,3.3494388020436734,-13.71298567461608,-5.3873768177344665,29.112917609492968,-5.760850581395059,2.8296516994715954,-7.218954763035415,-31.683518915004356,-21.428007295748905,6.657640202235725,-5.602944598192765,N/A,24.63499664845166,3.7721216460490465,13.640435035214047,-9.130914168383427,3.8166424483870904,24.988868911552135,22.23387886253529,0.218794581813758,-11.086358996669874,-7.553967487115817,-30.413332737634185,0.017745331640638923,N/A,-5.6830160251087625,N/A,16.143925740005553,-5.84593406914933,-6.070780655415485,N/A,-3.2364606266077853,-0.5550131562511749,N/A
1999.0,2.0,-0.13015941550803142,-5.4237443457584025,-24.75570181551167,-6.575278481685963,-9.032742725810984,-3.996197022999463,10.76470601541282,-11.685966121630539,10.622401645085308,13.314495845601943,-4.299515981395636,5.43158899285533,-17.561848935594806,-20.15921651858426,-1.7847740733061328,-14.075541841705814,17.704156414769553,-18.288297110502675,5.551584117802717,-22.845360879504874,30.279899931128252,5.023957779995101,-4.020684064247038,1.925210985957019,5.597227854061929,11.851674668420639,-7.394005076080067,-1.8198398889206737,-10.971499211731787,N/A,5.706437622524789,11.217704343291283,-1.770638168494413,-7.173503933525621,14.35856697484553,21.63859148177541,84.92533049353287,-4.383473424446766,13.916685338491957,-8.338787051123802,-1.9855381508491607,6.537853353805248,N/A,-7.400976407188139,N/A,1.290872762395649,-8.131396496986213,-6.199259851155781,N/A,17.440949321617477,-2.0495549880476984,N/A
1999.0,3.0,0.3379917137358414,-6.375978635941411,-7.914613887987672,-1.0301727446451492,-5.778383294736916,-2.52046932729785,10.445699392679478,-18.625071365992984,8.787609707271148,17.53825429516689,-5.5102258516266485,-3.95807660977669,-29.50556580167993,-10.069397658378188,3.3282526241237522,-7.0299112341745404,32.90153310783903,-7.635426594299802,10.434119522149828,-19.39677239330796,61.878257541697,3.526339277642671,-12.136396236117474,-0.08417568773044837,4.396551596533282,-2.5632927484938404,-3.104332668904065,-1.9783928141029736,-7.353601675265439,N/A,6.531478530942506,14.870754378044888,-4.600747805489693,-9.768953926751738,7.724697327430433,5.546311693151523,82.98786508198754,-6.729298083896607,22.48076173780935,-5.912356513740828,-2.0739152165642887,5.9327342980466895,N/A,-0.7203149109604822,N/A,3.856983663155288,-10.420922087359772,4.460099812483327,N/A,12.758005466399897,-4.481947948326213,N/A
1999.0,4.0,0.3470381877792111,2.0144664897302063,14.252793631614507,2.7712433669429273,-7.882256374960979,-2.2293870247653893,16.748116358326833,-21.83544313573998,4.151355613709453,31.033334639180758,-8.244582253200123,6.940020886945051,-19.94061448550842,12.577057777859025,10.728764801510144,-18.573493696811052,14.429224081389302,15.334051366987241,3.486018902376781,-29.47899566679133,69.13663612590261,-15.555049632079657,-8.89578549968929,-4.691658909578832,-3.1714034280254646,-1.6151707933261266,-8.94018800833236,-2.1484550277878225,-11.58784344837442,N/A,6.049956876879261,5.28512631097433,-3.6804070111940104,-8.417499550879597,10.069048362903338,-17.546662340408187,109.48614976338153,-6.867844012505649,29.09990356260857,-3.5399693732922533,2.683607302760276,23.226345079123544,N/A,-7.886445702152766,N/A,-10.508859896179937,-8.619355160260895,1.691112842803949,N/A,-11.461248503994579,-0.5702552680774938,N/A
2000.0,1.0,3.6541550882866902,-1.1895504099203753,27.543832236406246,-2.1334223227368665,-11.30280409409868,7.927501652923265,12.840752421224977,-26.99609781587809,-3.1996226977372997,50.448202374013206,-4.380680961162406,-8.370645811960193,-1.02434189481405,9.027705318409694,26.06331871933534,1.4932932954701945,-10.340716522163355,-0.25761914600866026,-8.643616107343876,-34.909124321104805,74.8457111104339,-12.341152998815023,-1.9129634608686317,-2.374087706620927,9.569570272781226,19.334349879634296,-13.87853469174895,-2.3126921658028756,-5.999921153292351,N/A,10.746488064768172,-3.4764872350883915,-3.593901451022101,-6.4762495470326265,15.348190564064678,-14.892699489523656,46.8419549412389,-12.082906269618434,29.514204463784537,7.866821942275035,22.741683708193722,-6.581526203379898,N/A,-0.2675435669139437,N/A,-11.220835007458259,-6.958054469828964,4.110107736599367,N/A,-5.204020984047088,-2.3554575362044665,N/A
2000.0,2.0,2.743925593436763,0.9226433111748996,101.01592208977736,-0.1750831855547566,1.249425848434155,16.99875589828455,-5.004659689685559,-18.32743527944272,-10.808662793291798,-0.629577720429543,-7.348577052218094,-12.726729136075395,39.79219127911045,26.514591791949567,26.51682106091507,-1.6240203136749103,-11.67234094495889,4.431895347191229,-16.870151973140736,-24.822508092001655,3.049265957436007,3.0800925686155116,-4.05836263245885,-5.6977082145958375,0.18306078451696223,-9.626923730559906,-23.420840631944174,-1.8396715830028505,-0.035593547984072396,N/A,19.80851984184513,-1.8969162796182764,-10.440200117978215,-2.9209579348959824,3.200905845880396,-19.438886305746397,-17.83654401124106,-8.757698192326673,14.609095740257395,13.510974925644428,-5.8475311254208595,-4.451204207382239,N/A,4.256240077593608,N/A,-14.758057905258642,1.5440554947220304,27.14132066232174,N/A,-19.856966913564005,-4.943023983775201,N/A
2000.0,3.0,3.3122635730304766,1.1031862873791674,89.16069459914614,6.598229375743106,-3.250256151885522,18.251712468080616,3.630018869266727,-18.719760740043817,-19.60192855620396,-7.930348520899461,-3.7527276122529645,-12.326900594720778,36.69884467429172,17.201161144340226,17.85226918514546,-10.870784296553587,-15.929855911497137,-3.5113294290879353,-6.754583575329401,-17.78815355298386,-12.931529231632178,9.867128616426806,-2.7630719093739495,-4.683282370153369,4.932308981798279,20.817018030395783,-9.720918899293252,-4.182655165574458,-0.38993580607045303,N/A,28.079899740378515,-1.5292046269724882,-2.587127011548215,5.457426058374662,-6.056104861600169,-15.345411506300158,-18.614910176218295,-4.576847179046992,16.008684248439227,10.89467091832801,21.75975089329861,-17.131841229484518,N/A,-0.7929117605740973,N/A,-12.094976855747621,6.05644824368884,12.81216900806207,N/A,-18.3644900927191,-9.397483545999195,N/A
2000.0,4.0,2.1830491054089585,-19.759088554825144,25.296249311076856,9.63579895181049,-6.707114852182877,16.768119334289906,-10.083081634531847,1.0152877015451942,-22.241777197879074,-27.38218464584048,4.169476245066238,-18.71022163429233,25.638527879824945,32.12352659226694,7.667868503648574,-6.757243147213263,-24.845032415000546,-12.039132833443277,-7.241494113017864,15.236990322966214,-35.0132720307197,61.96855777913425,-4.696002813091426,-2.5226295484247556,2.484775849116041,22.51655093720094,-11.197370752175166,-3.2613914839469946,10.846033214845042,N/A,36.687922938718714,-5.727046836630004,-0.5840693248256125,13.978111766259651,-20.94660497730588,-27.205830770809392,-21.61640140494682,-14.141261971973321,5.6954936061511905,1.8938300264723515,16.92408419059554,-28.422252336571386,N/A,-4.319711831042902,N/A,-2.762345926053523,12.783714524971657,0.42050274640487095,N/A,-4.122259820604492,-7.790351217536415,N/A
2001.0,1.0,-2.0585196020721748,-19.980521184286857,17.04649261249255,10.352796778816087,-10.23196472934758,11.986208636063047,-9.914642657517412,11.46781251690284,-24.28998390495329,0.8652523483825786,9.353153492884744,-5.352288123378768,7.820329868402891,35.61433828027105,-13.926979542524306,-9.480057169342041,-16.88802227135283,-0.5599638147321152,-0.11809058556096377,25.672040127073842,-42.72881523154797,59.59974341442079,-7.73354907704567,-7.737223859071005,-8.218352554621648,12.052237722804318,-3.9900699433045297,6.13251130164565,5.334589951062694,N/A,20.92919687782103,3.202417517952379,5.803411477875466,11.690829485473685,-37.53165372587677,-30.366163918677124,-41.78600607646936,-10.913339510880881,5.729192822804453,-5.720142725951936,7.348377006091687,-14.527809036968693,N/A,-6.3929350830149225,N/A,-2.2293054361245837,3.7893624916019317,-2.2119402826162444,N/A,-7.085515174107576,-13.3684304874369,N/A
2001.0,2.0,-7.4910882911375865,-24.56083925258824,-11.705884591764711,0.2558669955829489,-18.566759580834017,1.5677982947039113,3.755182501472594,-7.677764590445234,-28.334385207627307,27.8461410126316,30.059905467740162,-6.049834283298773,-21.380843250684887,10.200163587138226,-16.07184004681977,-15.923810840585976,-24.655769458074595,-16.399894117986815,14.075702450213571,24.05431305464226,-37.137546352789805,13.292766849513107,-10.37097022167935,-8.028164075352613,-11.73943646663361,14.190849344743443,-8.588855908296392,9.250014315519463,-3.8647777884333987,N/A,9.161773946513268,-6.716168929534421,10.82146466878885,6.469184405681904,-41.689161111050325,-22.147486573117746,-47.626101815446845,-19.864816748178598,-5.430051877048925,-20.993978048105898,11.358299298159787,-18.720748957343687,N/A,5.842804837598286,N/A,-8.727300363941232,-3.210264052667919,-35.33079909522358,N/A,-4.563086285617006,-17.788154048489464,N/A
2001.0,3.0,-14.75031046710499,-30.4142398779671,-6.390100704870344,-15.280467141852347,-33.40665367604268,-12.105575219879402,-10.384351565340564,-6.962953630197462,1.1197776395699797,24.951852846169192,28.427238288440947,-18.378241742407468,-12.9545355715144,31.33502991799313,-20.594145072582094,-16.201528345609518,-15.751627650024203,-18.775393523918435,0.5082840678659802,8.38471155611352,-33.897079310845704,8.224099875986022,-11.245422239451077,-14.230358369831938,-24.80367596720237,-5.932196865976121,-23.378137248004965,10.90429337336324,-11.89154027960584,N/A,4.439580453746764,-14.78557139718813,-11.186056698671257,-11.90337239526357,-42.293509162715445,-23.82789360894587,-47.041850866257384,-19.941051298896294,-23.025269606876854,-24.050465125637423,-53.19214160380812,4.550779331925682,N/A,2.5027750802514563,N/A,-22.926113445953682,-9.37657619197928,-43.27394280758975,N/A,-3.4894232338518294,-14.224664342890932,N/A
2001.0,4.0,-20.63608654313189,-11.150294896285834,-23.506573075599725,-29.415220273036052,-28.080468951570726,-20.54180729323264,-9.891461961355317,-36.56244012288028,5.716000572813675,31.61393606539854,14.411392284179081,-22.018333213651196,-29.396534748881813,-10.115620251053283,-22.8887515843303,-17.356829597253405,-2.023349430315958,-34.06879163251703,2.7130215497705783,11.335903511535374,-25.501640720549574,-47.81314919013198,-26.195555536942738,-13.017331030548721,-28.21372070958069,-26.927235530142873,-5.260231470934348,1.4608323828416254,-21.093656532094624,N/A,-6.283004789245193,-13.235867941426724,-18.21481328499965,-28.490737332456284,-25.60695008652746,-7.926406267179526,-53.40641878888044,-10.270319982653213,-31.52482999109018,-20.39992456996111,-37.712146429399986,5.869049269560369,N/A,-0.619002042144694,N/A,-34.524423795498706,-18.728227774386646,-32.157081591411675,N/A,-4.100843799960179,-24.030754241699594,N/A
2002.0,1.0,-21.97781256390826,10.010272012349139,-23.644685380202095,-30.511208638051002,-35.09664356409436,-24.853237035084575,-11.429068935966539,-53.70174556315369,5.121364153356068,-35.17348458552449,10.20669047859637,-22.46113007917547,-22.436970520747863,-11.563629570528278,-24.836744066288684,-17.592089903740767,-30.405175303479425,-42.54355263628818,-13.954760001785385,10.721210338218718,-25.481965272910173,-53.775319578684886,-31.084343797070446,-14.061456765072206,-26.675957835797675,-47.1816327804915,5.666587128875774,-9.373029411821209,-26.935492507825064,N/A,3.7772478405532834,-15.351914570191594,-33.78463871744095,-30.99408364462964,-10.52067180137821,-0.8808768653278441,-23.113166847224008,-1.4406223969082386,-40.69817454251978,-21.610892294862417,-56.62380078801751,-18.423129582623677,N/A,-2.56023937576959,N/A,-35.459300031152516,-15.423811427808484,-39.89478648555447,N/A,-11.84197926541162,-15.736912144314857,N/A
2002.0,2.0,-22.252992162752907,23.327591629033037,-33.63850494501869,-32.329044524025036,-15.15152860080155,-18.677204729538406,-37.08713249862775,-62.24649610660475,56.17170293651422,-58.37539065373195,-24.46473632121059,-19.440863227688894,-16.146551724399902,0.31372472262509776,-38.60222971552073,-18.585413720339304,-48.043034811060785,-49.34969851856527,-18.13283996233022,-7.223636756445158,-22.001742547861074,-30.16899853873911,-34.183601817250405,-11.715271166873114,-28.500760163810778,-28.024063803805138,17.933852077174944,-35.58639463743485,-23.860702482597212,N/A,4.698944745102032,-16.75154546352061,-35.34406035015688,-37.44152012318539,-8.96647514986329,-21.85052624422634,13.235518690406808,2.474889300170144,-48.175584003879386,-15.160549294322372,-64.86670315560595,11.479353786884182,N/A,-26.625954008647174,N/A,-33.20466707455513,-21.370237312251778,-26.334103963736034,N/A,1.4364885767635374,-12.203161325759229,N/A
2002.0,3.0,-15.389485193745758,15.337655271492542,-46.324196477629236,-34.548134539224804,14.499482275384185,-8.83210618573218,-33.9814982037118,-52.73220954537241,-4.318792166537941,-54.43370133238411,-28.004914211734334,-3.5245680377024184,-26.87802610542261,-24.82285439514166,-34.40781720399673,-23.61506500775443,-57.7000531525,-56.481597727676444,-23.515680945235918,-5.527225875843065,-14.288383119442544,-22.756276843845725,-26.83756765197479,-2.453980681192852,-17.440533923478053,-16.329392710578823,26.96256884978861,-38.71971698995144,-21.509408607309652,N/A,3.1710278119188646,-2.089432259905678,-5.328446569375793,-26.30847411931285,13.387102697096353,-9.591965095295423,27.12882235102962,-8.075640112909015,-40.32866459160317,-11.077039575136684,1.101785708686225,-8.573125081389037,N/A,-14.844799881570792,N/A,-18.15197030698101,-19.8136833822551,-8.255901518965299,N/A,1.2505228116691725,-8.540394262915116,N/A
2002.0,4.0,-3.6617382165373273,14.275722330917546,-40.94830293613422,-24.233650516392654,20.2109101965356,15.884147653208686,-36.04716576966883,-2.085796650727486,-12.969736856797908,-47.71841703631425,-14.827612702173031,-4.10816534854599,33.369399576982154,-30.16831142870914,-34.52736165962948,-24.3523290531214,-55.26506732659762,-33.72976424695844,-19.38313315993206,-48.36954425818825,-11.591388696833809,23.697469311712773,1.2582281207184165,-1.9377901632034642,-12.492739048595192,9.735407839869962,3.4359508932753977,-34.58070495189883,-24.255297494929597,N/A,7.084222552614658,25.581176918064408,-4.194000181377368,-18.638625327790756,6.736483843874271,-4.742488962176436,72.33131467300967,-14.811299622064912,-27.935811873153654,-6.877843961965384,-18.58785690472258,-22.418644440609185,N/A,-7.255390072925945,N/A,4.1984050760021185,-25.51754167784475,-11.20661812801877,N/A,-10.484887834737638,4.715813294319482,N/A
2003.0,1.0,1.7762730848422597,-17.895997499251735,-41.94572767578393,-15.911434610239583,43.97436227593533,21.72288278199386,-33.59173260982091,56.99576218158127,-3.5778557098372668,-20.982227667026706,-16.805959365576857,-6.0024072219425655,-68.71273067671567,-42.99163986497339,-26.483013369397913,-20.592593237063806,-4.162157594114733,-15.123828719690218,1.3740850202754,-47.699398435375706,3.0355550548435315,24.72795628939138,27.161595309907803,-0.3964202910410361,-5.443977202974995,55.343785026294235,-16.72025583702406,-42.91049829547141,-4.676834273303627,N/A,-1.6301572722265394,32.96143660032834,-18.75033858196659,-9.373241793032703,3.432686105949568,-8.445349978935537,36.954099503912644,-45.80663013724086,-19.858600801488084,-2.5110265338962003,52.27688105316659,9.53729906667076,N/A,-4.755898716701916,N/A,4.849352199191155,-4.525189365792559,11.916638130606914,N/A,-2.755124856581433,10.965980275580643,N/A
2003.0,2.0,8.923287755321502,-21.32075838999815,-25.349149605017356,1.7697496740174032,7.940573657493625,16.552517981168545,-5.483542795525262,127.68550291510043,-73.78537454991981,10.62104333006624,-1.3920074860899367,-16.64640672777658,-41.55298794385158,-37.320159936379014,-8.581214938104967,0.42123492427303033,56.89125445637542,0.44597619420098594,-12.54256761215878,-27.584529938694697,16.949844382261585,3.3866875651975255,42.8306048208029,-4.130061097034769,8.763471252526351,7.145230906757696,-33.25854565418834,-38.03962185783668,0.44787900315713225,N/A,2.462765519758743,112.95188654686332,-9.098310938139278,-2.7948995078779113,31.47472718245577,9.608757445448175,2.36378966149935,-40.58660387592299,12.315609908899141,-2.8850359837320414,134.5795139558557,-22.00643004768267,N/A,19.038672864180647,N/A,30.585648898489122,11.259872491152153,14.950456867221298,N/A,-19.79924903765849,19.949690331297823,N/A
2003.0,3.0,9.982149474574168,13.299456817571423,0.04216942133709692,17.700719994984926,-2.612757374876438,22.514267491300544,2.029949966401474,96.61253516486126,-63.72471971775844,10.030452980762398,11.428032534324787,-18.042006189222658,-61.50363882848888,-30.361996093950378,-10.66911222940429,6.645307740146743,51.254798729554054,34.78815648500584,-6.878548752769996,-19.620891286696786,11.05539397735395,-8.308610828388103,34.22460900918196,-12.667403881587083,3.3008386900325997,-11.220248355747078,-27.605355733178854,-35.88777513162541,14.797687589364712,N/A,2.852711354685594,99.22600993737336,-33.24764502146042,-4.885394327566255,10.61599669942946,-11.17051921483391,10.845703374081586,-37.099349292228844,25.68976633063191,-4.2475359149127625,59.05999209570584,-14.176738138536068,N/A,10.446614496222569,N/A,19.24088893996956,25.468890023468347,16.403861477044117,N/A,-20.065383421157236,20.055883076256833,N/A
2003.0,4.0,6.643739168891839,22.56757367743411,45.11801657948081,41.438859310235074,-7.234006476420081,5.044968342570986,26.099036744080756,31.83523209645521,-60.5694554046863,4.007284537183062,-3.7885610025852987,-16.121910166018484,-93.03401477303495,-14.744429704376296,5.1383344260558665,8.722854361522318,-11.723612156923572,45.45144941545903,-15.697026410455075,25.634631530349484,21.14186514090234,-13.487284688446193,17.01666637978598,-14.561845737504564,16.910176363229155,3.3073397588321494,-37.50327014031729,-27.1841418932803,48.07729336408813,N/A,0.5357569018920886,64.84929339997446,-26.00524760376023,-1.7612178429553376,0.5718203802946519,-4.106041045938266,8.790370679555116,-31.134063216565256,43.73705722493827,-0.08862829043296537,63.46091158659628,17.55151655068983,N/A,17.035121934459283,N/A,16.731085073997555,60.89355446887145,10.755133874485564,N/A,-14.839186874737464,32.996020438815016,N/A
2004.0,1.0,6.236720195084136,40.576359024725264,53.51365502490092,27.491673520851624,-6.550850965768004,2.7241270888120277,20.502541284772548,-12.322327336632313,-59.09773073068639,-0.4191597851630998,3.980662827492402,-10.99524085932635,180.29428074963272,15.354440614635333,10.6337127585086,11.458020727626337,-35.911829373468684,24.630659967396113,-8.83555942335883,18.233011556506128,19.888880960288972,10.230986287042686,-1.6363026706289725,-13.22521266403958,10.375719794134238,-14.455338194735786,-31.265773340042102,-0.4432338058594432,31.98656300722066,N/A,3.55636733017308,55.577744797146366,7.793116498844927,-4.050979167101558,5.004764629953223,-5.497893572498163,10.792841306460407,22.462830959009622,44.78522201603075,3.0815760409213637,24.51311299970369,14.2641318709853,N/A,17.197833160438883,N/A,20.214343458101286,39.350993424365655,12.562525184280362,N/A,-19.471817581189956,21.572500141658356,N/A
2004.0,2.0,5.48554126082756,49.32482810424737,60.477649005156586,25.672323391504587,0.4896621807812524,-0.32829909737173474,15.89596634582629,-4.540795714771785,18.317626714866638,13.473761117385205,14.878852855701222,-3.8934345880830867,81.00144608016842,-19.995961529354336,15.020599189213426,-13.491693676590632,-38.23606410280019,30.10405339089039,9.904663296380471,14.750810207570572,18.937129367214432,15.433949838203237,7.463866704488911,-12.938376618641126,5.195042158549185,-2.4470026028153016,6.889476845717442,54.28474576710527,49.427160985525,N/A,0.7077871457991757,-8.246132803447614,17.614171917468102,12.523441058994027,-9.011674239549672,-10.963110597433747,30.783576688673953,24.04797376122321,38.528165585969965,20.182802919561503,2.185269819850958,11.397901185597693,N/A,10.7244672594189,N/A,-4.88684011205491,47.9280128361534,25.522720861730548,N/A,-1.8287655754673486,22.32174688889114,N/A
2004.0,3.0,8.119940492220344,20.445223438771276,62.30308314869565,34.33170420929726,7.404075224120706,-1.1487527988250095,18.913692105470993,-3.2638866487428952,38.87929878235851,12.877475302867126,7.241091098037694,7.738077249845136,,-7.848988147818379,26.58431665281188,-5.532452915480948,-5.544972905397369,28.015079691564885,23.90903035113364,30.305754033578996,31.534042533304568,51.540308885644535,4.637169533692101,-2.488039310457878,16.882042486165012,12.104501290951465,-4.957588078463543,74.34240923306903,45.01128511984158,N/A,2.029615828705877,-11.592009986154759,12.436817840850104,16.836720144515184,6.23425543766978,1.6984860938738842,13.696096136855168,34.24508785151933,26.4314116526393,25.119232441113233,1.8190807130272533,9.145485494409671,N/A,7.592280413545109,N/A,4.329599562100818,45.46709169399114,18.98809839713798,N/A,5.573159370639572,23.732652758584287,N/A
2004.0,4.0,10.208370453383992,15.71148811047341,61.84262690147078,22.810077919826384,25.362409003209535,1.5716833501784586,11.56818491582294,14.544116864701802,55.92429667841774,24.418834654599983,7.120683881011468,29.007822510407795,,3.813147160801802,9.879082409690778,13.320676619960192,105.49292619125714,3.4819837120226635,39.74698357724083,34.191546194392465,23.847564880382468,111.6032927871617,3.642064255833795,-4.166816616459249,16.364531716243807,-4.842730959934196,28.613103613570374,59.631309965252555,30.515916899543384,N/A,4.9177494567609426,-16.4662493556634,36.70299105118093,24.085358811202195,16.52799257103012,15.386788078088532,1.5445655709674548,61.688144282836745,-6.879340998895877,21.787611919654807,20.353778596246222,5.773778091944733,N/A,14.216336841669246,N/A,-0.14920196006290312,27.997473526524864,44.867081747781356,N/A,19.987355174712913,10.560660175182687,N/A
2005.0,1.0,15.128007174958915,18.575589786299034,64.21056498698067,36.855981353687795,33.7388075026795,11.12362979545956,23.408739794286756,65.46793342046051,101.34772171959287,37.1585443505345,5.8382076557722264,18.131513011637647,138.2745371697004,3.767953081349788,12.633808914776267,-2.3087564816183357,84.81343469005415,13.227117120821871,23.990958976178526,35.76608131453713,19.55782398633197,85.2169236664346,11.828622855076306,-2.1128559806216516,31.542743257496035,12.124671859847577,24.93019095818692,34.40125518420998,33.604065596425855,N/A,10.804220068029968,-17.56773356471414,64.63684479691092,32.23713805896571,22.360336766128103,11.492038699531797,13.632373039558804,28.837456142314128,-3.7903099358569143,19.836239154956576,44.8064618462128,1.9137000131828767,N/A,16.58765045206995,N/A,3.244115242804076,25.969517219535092,42.51358274381724,N/A,46.68706988677557,15.078446002290136,N/A
2005.0,2.0,35.212583213400265,22.38077874270767,68.55450710771724,36.61581907991099,48.03192615288685,74.40498402897687,30.091535340612584,65.77202643553528,197.20381877825758,19.71728964230456,16.83366024768945,45.48904468381878,111.26544836933718,79.74557932913459,25.768715599166665,24.278934551730867,94.65644144065044,44.78361858583444,51.3512605880597,55.742685003008695,17.96350827593775,90.07220188716468,-0.502160929706603,-9.434625882858178,42.287277467250156,13.02347437242255,-5.831906533090912,39.742890552349884,14.569000118870939,N/A,8.315832789133331,-3.9976885511576112,46.43794694401077,38.64234828749707,47.4010254171782,44.63621095426378,21.623081756209565,40.129739461512216,-2.1473969192922553,13.094273461635195,55.75039815066628,17.666923444146278,N/A,12.893419448245202,N/A,25.438678469035857,9.73519721928224,39.40765176176772,N/A,49.94643426845613,11.466311849306997,N/A
2005.0,3.0,34.247173073035285,31.678817325119326,49.377052327158445,34.342162431938654,48.58191016961826,69.14376701184011,28.64100788618825,61.50519657770578,145.98009016005776,24.462293549211996,24.50955202244158,41.17954203251226,111.59554553624717,69.81238748927787,24.377915279257106,25.875854411466026,58.88612031965135,46.724918712342536,58.893805054146775,36.404342087728125,12.377906991814209,48.17338047864643,0.23387241711368256,0.039529146213711175,39.74152865124251,-1.1590932191450245,12.624842174768695,36.67675282950838,17.5295408053697,N/A,17.665001208057664,0.4841262241471641,92.67152982174525,37.72580025624446,31.833373786273476,49.19664705624172,9.438495974838805,50.56473746563298,3.936247740208772,14.714281536830251,61.11232293192147,33.32688241511153,N/A,23.262471844165965,N/A,29.850732459121748,4.087061911096436,22.705000125793966,N/A,45.27327944785429,12.288818146619679,N/A
2005.0,4.0,35.70708226251587,21.292411686100507,41.04201814395251,23.161542903136546,34.05598476375955,72.90358427977569,32.07157493545452,25.0788933788301,127.30770474240583,16.152122087795885,38.173189669347835,30.56931454817347,78.32998280424046,70.11972442899004,34.67040546268128,9.397873726465082,11.862423122574576,62.104564752952264,79.0098326972937,36.41115551865855,27.265223374304483,-1.2277212412215122,25.165170780966495,4.394851233167676,29.610760451885803,-12.4585884799802,0.014334690058841077,60.483940319172326,23.724014705420483,N/A,21.488316229585823,11.931511082780585,62.82594784509069,39.018045803121254,35.552081312763626,40.28949290378346,-1.3212156458031559,29.53453293816824,40.51548651322516,14.190856602284798,30.75888991718074,17.68632331712251,N/A,13.291494524227726,N/A,48.58675222596481,8.334171509823367,54.26099497448062,N/A,71.38183409242767,5.157734259446094,N/A
2006.0,1.0,30.297479635015062,29.050627956308134,44.141116895759666,16.206427797572022,26.798864378073546,52.313678968496156,35.40097736925355,25.22468406346951,60.51259132898315,16.876136078745436,42.14529293006366,44.69394493546287,8.053449002784438,59.69323924643071,26.658549379276497,29.785914414456716,13.40421933675573,57.3508107513398,95.41757950723577,63.6781530405801,33.50144619911966,3.4013476600150216,26.167754764908334,-14.704907103035634,21.160321447513,1.7163488421016881,8.37859783753155,60.390765549221136,20.459168448443172,N/A,16.276588789547557,16.320257140389018,42.00091997971189,39.534823618936684,23.01809019055529,57.47624913977481,-11.064326775733933,57.51144112352588,40.46513491843285,15.491959777876582,35.70462934996152,15.875112066485055,N/A,5.03498571785895,N/A,52.064356781345964,8.99650331942781,42.11112006838499,N/A,73.29656001490319,0.18614908705826275,N/A
2006.0,2.0,9.46458312607045,29.353678333704053,34.065505416094524,20.741731432519988,28.00467489102964,-19.326712846431946,39.52294204779866,6.451994240509061,14.074032685870568,18.15987631203179,33.50993469211801,20.422557720694456,13.629023516866837,35.212184125911214,17.292095448298355,21.772121298035742,27.778276731772163,47.89168370842129,103.82286400822487,35.24066268145924,33.926064502117256,-6.485066021344633,34.42493121892002,15.166352907259023,10.56429749203247,7.272082099616299,51.6566482474759,51.32713664143769,28.031644557111086,N/A,20.777141013798037,23.12350207655484,59.40823188569231,19.487491066993908,-0.8639451799418965,52.03785816380522,-19.91607082109133,68.92986522783619,30.854428747556632,19.6072640588981,38.53832786813442,27.543062376994342,N/A,10.871722400905071,N/A,79.97699528416165,18.27286598270358,37.54658405095668,N/A,82.65863324646985,-0.4650662076130019,N/A
2006.0,3.0,8.285449420886051,35.555890609151696,50.520480568048484,14.948154108995979,20.677705044960355,-20.255574226124114,30.95099322501152,10.53684126049857,8.06568938535324,6.793318207944203,23.25083100247471,7.523093417691822,-46.205448340082214,32.793099887880075,16.391787568325945,14.005173647984575,29.18327480282229,48.98194804023529,89.68231611045589,55.98604161947485,32.807665633333635,-5.18826004214854,44.51989661695724,-4.762802843807319,4.567791951506797,22.450293090374085,45.53993227147614,54.68513253627607,19.35597576077047,N/A,6.243777610645183,20.210922689103768,64.20918348749967,19.484146580004296,3.0616986101188624,62.60066374102008,-12.618986618381015,65.12585354752798,23.186533809210804,16.970822951107323,34.69953457381762,12.892645867919375,N/A,3.1741285750240626,N/A,75.85204454316599,9.942962035597985,89.4922937192338,N/A,92.85515868938691,-3.299201780859249,N/A
2006.0,4.0,5.284693689006182,43.38204356150687,16.883174102056763,21.94878881085488,2.5644215941578374,-21.918669652194104,22.323010349418052,9.440406379289326,6.459697032348259,12.149721652723692,18.527394613385013,7.199944281681566,-39.82457515321606,13.078117987470463,12.806163378118013,1.5661058596953548,37.149473526376354,42.8561867416467,61.08103344562853,43.97492968240723,-0.1282226788032768,-1.7430258621086436,10.34505990704335,-10.09589912573363,11.656901262541835,40.8549769624108,53.47156487623036,35.31649597850281,-8.307978535882118,N/A,-0.25949681271610203,8.535642642567062,54.570137309310354,32.94652045175857,0.25605499565554857,35.353808283751135,-4.220421421147403,77.67148227927521,-4.108780776757169,15.116449718451408,26.56691837480181,18.314605761584072,N/A,10.007788470954514,N/A,56.98887225257818,11.010047128454541,45.93486639021422,N/A,46.27870046861266,7.9459160196480525,N/A
2007.0,1.0,6.544451767413262,24.53525604845473,10.235750639306005,22.570935998509665,-4.025407964228438,-18.91444637410025,10.294557630187407,-0.24989117888398865,13.919886740496008,5.437030776943046,9.044839638686248,-0.4262645509280983,-19.460790631803533,3.1441089483854463,16.33647043399162,0.9176056547780201,55.461718098366234,36.54768787908749,45.46637135098878,28.621889116683008,-5.172519947422108,-13.717665531409923,13.025986959649623,12.392307454690876,8.480171171654348,20.269850895551333,43.43297934241325,42.366394877277884,-9.989755367230641,N/A,4.216313521538295,7.286624692883158,43.2482159993636,30.955658594621383,7.955784262831453,28.836750666345427,4.953803947419959,95.06434585015054,-12.279725653698545,15.86839616335569,-0.2564618879241341,20.62438943572518,N/A,24.437964661508747,N/A,48.38229786777257,8.174711055394157,48.950524136422004,N/A,17.596676907021312,14.093175174063022,N/A
2007.0,2.0,7.307415979076865,7.807661554588069,-3.3161972283273973,9.037579958687758,-4.047364459534827,0.5794856965121692,2.042325643029412,9.04849078169207,4.091108021934095,33.38793527603744,-0.9226758693824817,11.39386054496969,-33.29109715689804,-7.547975121618333,19.14269295684662,-8.116619786688375,19.14873487855859,35.00674901724109,-3.5316250578087702,33.759725550126355,-18.542444818103927,-10.25583275899848,10.445264006935057,-9.11219726546595,7.764433052451325,13.557584147450166,10.502794578930134,13.563318593170068,-21.12838184625099,N/A,3.5522034079923777,-1.0831976840230348,28.7003527246527,27.14954414203329,16.703097287045146,11.369081570116041,15.139382810199903,59.74743617156846,-10.097269654036356,5.3735491050623345,8.666635814996267,-4.502409993844063,N/A,17.811076538653133,N/A,11.622822539394004,-5.818944277975404,45.2263829016619,N/A,-1.3057174055761824,11.282063429594292,N/A
2007.0,3.0,2.7067404787897185,-11.42390270288393,-17.80750857503763,3.0683472316405096,-3.593418754640488,-0.9309262287310325,3.7287650848679217,-0.6714884969875397,5.6054844341164465,61.968988349460666,-5.47247672761105,22.26958456365046,6.623438985595717,-14.361233344946086,13.12105397751851,-7.818825251150363,12.35263665106884,26.46646772102138,-19.718404395437872,9.465417102804413,-25.141920603638397,-14.98005675231893,4.6380125797276595,-7.448572607569711,3.0290029401526306,10.717428960522131,-4.155995106505518,1.8639278400798998,-23.33836986009569,N/A,4.186612543283905,-1.0122720994676244,2.78184008867563,25.4472765703615,13.792265160558898,-3.812797558982205,-13.659999457770718,42.28819690456269,-13.914275743501461,2.5229739435741263,-6.030133848923359,-7.143713335074386,N/A,20.39462564193283,N/A,-0.675386921849066,8.413391247006654,14.127844991654856,N/A,-3.7794428952276853,3.9356578517547347,N/A
2007.0,4.0,-3.6601281692654966,-14.299685496763578,44.19693488883848,-8.408318823277309,9.312025716095858,-6.78645048243349,6.544672176726602,-9.916324172760564,-1.2641397610815543,58.3510687325593,-10.2930866626747,15.38162388860133,-9.73046508161409,-7.766813774600351,12.405347115147846,-1.5149718879942413,10.286640403314422,17.086773820982472,-31.894683365459937,10.736268664729325,-7.20693371006869,-17.815539043692365,6.592168406590037,-6.0311723023449515,-9.948931905176721,4.2556580257687795,-1.9098545635044044,-10.83632654400524,-4.35712407446268,N/A,9.197261640217409,6.748194679720545,-1.7571514017560816,-5.179165502539566,-5.253000743785392,13.674598270230105,-38.26197459697635,16.280346546044917,2.9180952327515253,-1.4260157508743285,7.94954170361357,-1.137279473886878,N/A,3.643506645159897,N/A,-1.470201420846383,1.8027832569391156,-40.97852341643453,N/A,-10.392910701514891,-0.912294834779472,N/A
2008.0,1.0,-6.9154576670149055,-6.863800252762175,42.829788656999234,-17.73525897204787,9.33191885613252,-8.74733592131436,10.699738122707593,-17.491584365574777,-17.614324064322687,61.14673376407279,-11.546375299081083,11.355294246461293,-9.739566877989295,-3.9516396736744492,10.289032909864723,-11.118314320257602,3.6644402899455577,25.749998125176532,-38.34041032344656,3.279668571238783,-6.971897143638245,-9.109863779745458,4.334843862176843,-6.789380293173508,-19.52476489244609,4.317748397541056,0.7270495294219821,-17.575531951648983,-2.250949765614731,N/A,1.553553466900122,4.047973506807473,-8.35188807124852,-10.049885093876984,-22.28798334204071,12.093711371483645,-23.33026132292988,-32.68420677114271,20.536269368593953,-3.7731941682516763,11.483549317107746,-15.749981203498598,N/A,-7.645355592631338,N/A,-9.889567223455227,-6.401760820651157,-41.01396294346219,N/A,4.46988291307628,-12.728757519711076,N/A
2008.0,2.0,-10.278043414607344,-5.360438609190702,54.53931010398891,-23.310471279867844,-8.582771520523663,-9.370103980717412,1.3477530309445918,-19.226907159680373,-6.14234664960635,32.83128719572232,-12.73754123511778,-10.563715977344328,-0.6927950287132816,-2.696295021026716,2.1422232184659147,-10.876555789501623,11.712685648661909,-3.421282550009925,-47.82783977151827,2.7759682926637375,12.760116628053938,-9.520123805772098,-0.25423353896512085,-12.739243740719136,-15.243775995319595,0.3193657667350633,-5.05210670313254,-12.939417672561193,5.590701667332827,N/A,-2.2056711527576245,-5.788935054759095,-25.646043428913078,-13.917710778095394,-25.817606422622298,13.27090222747758,-29.21120379088818,-37.976838750763775,13.54200838438592,-7.629365107950529,-22.32847165636159,-5.406577687507717,N/A,-13.584612973571767,N/A,-4.482565892328794,-1.2322401991048324,-41.09330436404448,N/A,-3.400968402927966,-9.818606629127116,N/A
2008.0,3.0,-12.779426417162504,-0.4580065410366342,58.36602335426527,-28.661874211199507,-14.66419026363962,-14.644334574455453,-2.947920025978893,-13.380269332872373,-0.8723692975546864,15.157972661488717,-9.53570028577661,-17.12865888467493,-4.555454976726395,0.5615902110558462,1.7224870276257707,-15.51890102269825,16.575443899623306,-13.030858812327544,-52.22015221391977,-3.7522236993138893,13.497183266535915,3.9661448939669013,-1.909142882432975,-37.70847451498889,-16.29233460241667,-6.6580483294608905,-1.5622239303273684,-9.975123477041691,4.138862583007815,N/A,-2.177758520193123,-6.8603595512974795,-16.9981506774805,-17.335173249503242,-32.12444890529479,24.024687164447638,-9.531454421450306,-35.79356677221887,10.760690265790949,-10.08834134570459,-13.247588943883843,-7.47139224770212,N/A,-21.6569342555338,N/A,2.8182023787112187,-9.619383044984076,-42.70577806364157,N/A,-17.931158528517944,-10.365208103516268,N/A
2008.0,4.0,-13.81725060453875,-13.539576187191487,-30.29694903405048,-28.6968260945352,-15.612644721555563,-13.118183208493491,-15.885312146720466,-14.528708641869159,7.519835804574745,11.439832752478933,-13.185426970143382,-22.970789603432642,3.437385758956201,-4.918566579124295,-3.472756212642287,-9.3881152256475,-6.408520596981686,-12.796542790492015,-46.78838324044298,-5.549761635317169,3.837578695368661,22.519048971760114,0.7444446686060859,-48.3618914162368,-24.467032207188122,-5.065510279774387,-15.205002988902875,6.678893725924438,-2.0770683336202858,N/A,-13.46723858914675,-16.80996746030079,-19.66220826811124,-5.583666114816659,-31.152839425854474,1.9410445646781345,8.314299245749025,-29.954192633272626,-5.417669433850988,-11.474441142007386,-19.831333584210515,-32.02896770145433,N/A,-17.115139088917427,N/A,-13.044917456148678,-14.691587705454042,-8.474871871616436,N/A,-11.359653220411358,-20.086945944878007,N/A
2009.0,1.0,-17.07387107397426,-14.31386292651004,-29.814843461764596,-21.527741625428785,-14.97706014488286,-8.20011011155779,-27.82831014294595,-16.191954981440738,20.487617695261257,1.051044562647172,-16.66075739114447,-27.91354695247487,-10.165494004629613,-7.115789156260906,-9.974801944446954,-6.881014792519465,-13.374735216392782,-23.998520245713443,-41.19865171561932,0.39090772066834867,-4.873260036124921,8.702756328925798,-15.819468333242416,-53.34202280557354,-19.019103808897345,-11.796498103041586,-18.790424793218055,11.878809953127776,-12.578901744885924,N/A,-15.133306490336281,-24.71312670168787,-29.769325689968575,-14.276993496452448,-23.07615908005846,-3.6570745656762016,-34.95904811762981,-2.5318428248652913,-31.448851083475564,-20.280422295361415,-34.59503437646328,-12.386797295684483,N/A,-16.700137502701097,N/A,-11.4992959452668,0.5712166201852995,-18.094085194493594,N/A,-31.338284065507516,-22.264558151353814,N/A
2009.0,2.0,-12.325761143418983,-7.635036711308493,-52.247947898824535,-25.432584491679744,-0.6116082713322142,19.760370762534134,-36.50703446989008,-27.364663024866516,-32.553826530497346,-13.113492614502514,-18.015312496654985,-27.268768961268403,-26.18839236368742,-25.9982413899559,-4.283073963247366,-8.943768374176136,-28.800222584425374,-30.50180856071621,-28.217030984920775,-24.33425932034793,-23.074481353117026,0.8810676843608398,-18.79814162789405,-57.7627341284372,-26.340637096733353,-16.25340749339333,-28.17767572922829,0.7480146718585416,-16.22713592500842,N/A,-20.552057556004673,-11.256424487335991,-30.112111559478016,-4.478538680818116,-26.146566401911585,-20.151103803116442,-46.02558261841547,-5.852221903751394,-46.436225330781994,-21.583231027297455,-25.854432668013956,-28.19402986992626,N/A,-19.483071208434115,N/A,-38.619184181298664,1.0731454365611344,-20.472726765158367,N/A,-23.246385227861516,-25.544661321404387,N/A
2009.0,3.0,-12.607746211015044,-5.507021138152161,-72.22645620368716,-26.56186282474748,-0.45692478194762204,25.205200221966823,-39.9276972512497,-34.12348033141966,-55.05231299151043,-20.917984973276795,-19.69338965771461,-27.172847535994254,-47.16727214893874,-32.38440593676,-4.563992325064152,-15.403998261819348,-44.09200560046533,-27.917154156271028,-15.41806833301437,-17.72891974512343,-19.0980618405139,-17.075323476596026,-22.428358425581017,-39.222373384930684,-27.50927939764213,-16.043626206849094,-30.01087185400937,-17.24778372538331,-21.572383171191284,N/A,-18.75366240978166,-14.35893919503079,-61.44372477111282,-7.609004065654705,-18.97139687083039,-36.32274235259755,-49.20338043785776,-20.67003852354547,-48.42900279235023,-20.275743100314074,-31.699373880605076,-17.009016474589927,N/A,-11.163270827820446,N/A,-59.14831923881266,-5.252430019585916,-16.971569972550775,N/A,-16.049661504287023,-18.907005046722063,N/A
2009.0,4.0,-7.909586546755294,10.755169230327063,-58.990472953711915,-40.34614640621503,9.1557199361147,29.91685547699984,-38.94371960988055,-11.541166089539745,-61.57440847251895,-22.936608119748,-18.480158161682795,-29.155685374095157,-55.96764949857176,-35.07484541041638,2.4539209574113117,-25.4578240413378,-26.82584165912702,-29.55541644135884,-17.241484107486222,-3.81788469881207,-14.394521158998158,1.1174806700912618,-16.406783575041985,-25.500945952362102,-15.796290864039717,-16.85779929232485,-20.033786383004987,-41.88039938205174,-31.963322683881255,N/A,-12.48580505996093,-13.615109274932077,-76.12757234042114,-18.27175291730572,30.19109963189414,-43.70112618395305,-45.24230976606899,-27.291749025980742,-47.356038489941085,-19.334787929032437,-28.02497496691486,-16.31624614537168,N/A,-7.456512249143857,N/A,-42.6457142292049,9.558823710251179,1.041144878949881,N/A,-16.146919071484394,-10.046324591025844,N/A
2010.0,1.0,-3.578080276639074,1.435067702596354,-49.12983098173183,-38.11443943591829,16.307843419924925,24.931331017440375,-9.395586443755194,1.737645299368298,-62.071171488805454,-17.039591517515216,-13.197537921232483,-17.323359584440862,-37.97156469682275,-36.99960706051652,10.346288665662815,-26.685842994375324,-26.993957625766342,-23.568800976384477,-17.95850552553469,-17.027744288762218,5.026011592886913,8.580207128525014,-6.9772342633899695,-15.529129118848624,-13.317893546368758,-9.506950599645984,-40.743951002847616,-42.58408172134212,-20.202142505149077,N/A,-9.92438514113166,3.5799253302831158,-81.46337279644851,-12.375000816708285,35.22703303992431,-41.49776507896,-68.50887738654009,-45.249676178450336,-30.398988871295867,-12.370068937331034,-3.0088672355332786,-47.53456970467209,N/A,-6.701932353284494,N/A,-35.44382944127648,-8.083524100865336,8.599297367139211,N/A,-8.815273302956289,17.82555993083054,N/A
2010.0,2.0,-13.100868165112084,-15.118189180884798,1.0552626992643381,-31.001707061193308,10.295732122753568,-23.8122876285687,10.136650497195172,14.63510571323399,-32.2687488688093,-7.687191999322167,-3.3228069075862114,-2.3571033501309273,0.7489075549359377,-31.578954251343465,-11.664229454464504,-29.481586290179283,-23.511381400070913,-6.047304484817516,-2.019834790944523,-26.324381565696413,20.46084192511048,17.982221224488914,1.2972744310253248,-2.004265135378684,-8.260468749282698,-3.9059297665593635,-26.379902205764317,-44.165712219922845,-22.421834772235652,N/A,-0.06932733699630522,-19.855157114476114,-76.79026643052485,-19.62896563692916,42.23687352739918,-32.2165737059291,-73.12705756915177,-36.84383296502324,24.238463782134755,-6.081806254809781,10.35509415002956,-42.959689306109794,N/A,9.066352216615456,N/A,-0.5144936665758921,-3.3152449496990304,23.46373096786376,N/A,-13.630808446047437,29.327626645427273,N/A
2010.0,3.0,-8.9176722855649,-3.474314430349073,76.35165798183013,-12.848497437477524,24.000416466541612,-26.009088428348164,20.745414613825563,30.315518047092016,2.8888828138344422,-1.9391809688804214,-1.8199346794191897,-7.9207178062433865,20.728162358120034,-17.17381388374298,-8.683416229521269,-16.765722299320643,11.212794443268562,-2.4596693559955822,9.851554842762008,-35.606834919531615,21.501924603735418,35.71663170358166,9.868505908433649,-11.430249366750342,7.4502229667491395,1.995317480818893,-19.16705157380141,-26.154661591741096,-22.676717786291718,N/A,6.684678186524611,-17.979098203981206,-12.400134559685668,-17.995251820796224,42.934500758262345,-9.948288414286708,-70.43349274747922,-20.686778033685055,54.281462151356784,-3.203753088215353,36.29208403495001,-47.569315490900365,N/A,11.736846972326934,N/A,70.99371744342777,20.01111244702553,25.672044130777653,N/A,-13.582009359314034,30.96584543960396,N/A
2010.0,4.0,-5.6767520442880866,-16.26855456100862,102.48004749125963,33.710399180055525,-8.363709138833542,-22.15601502767415,40.68956014282143,5.6034150945212104,47.799426039261064,-3.8987209638835063,3.6957972138685355,10.527893250632578,79.77586335463843,-6.669082683631763,3.225705266251429,-7.795399698573904,0.8857045213380735,-8.683318538675426,21.148073418847684,-79.97394451019005,30.615482561653796,-17.97429616765764,3.102284040608118,-16.937809269315476,23.829269405468327,1.7620637195239943,-28.936750743771416,-2.5902436419673003,-10.526940105603899,N/A,10.236274036222412,-9.089834277882762,118.58801790758335,-1.70457886368141,-16.307180349200344,42.85291233536723,-58.34725395088506,-14.847228320157463,86.84084277680432,4.569490060840822,26.444658369389845,-13.096471162466381,N/A,22.37664379151593,N/A,15.782633119070555,19.656787619422797,5.836223377947877,N/A,-6.713336491127478,30.28065516032381,N/A
2011.0,1.0,-4.277222335952648,-16.833675606352536,54.77967501216128,90.7623971600444,-12.870558582732444,-23.61652204357379,4.068064541533138,7.772813849457674,80.97507593100323,-8.328585519900509,5.470548982858903,12.475132301696561,5.184872910952023,22.928869629087558,-2.6117730476959955,4.685504817007562,-2.2041106970679833,-16.134146395625358,26.001027003589904,-84.26706138692904,14.553697778306814,-15.985721275657799,5.229920711694177,-7.680233749738659,33.024837641865645,4.113879874491657,39.65205989002797,3.0459661274292706,-17.726191898626258,N/A,11.334496216979083,-17.89965251592082,256.6522883808526,1.3725864822277973,-21.1826143977319,43.21916348976595,6.58041410085237,40.85097522470675,89.92094933792522,5.89164625085778,18.792087950519058,43.09097935531131,N/A,22.48147395017586,N/A,6.1778786801856125,26.46862269431066,17.090912963599354,N/A,10.551368275597644,10.542772639075372,N/A
2011.0,2.0,9.681510079553304,-5.590795757585762,10.540662220564288,101.99660539818312,-4.23076580223706,1.414254172400589,4.011677647048262,74.74674933555437,98.83475186702209,0.685315114012482,2.0505123456241754,-3.762850386650305,-17.49902259031329,69.3804098785652,19.48361981695411,17.687428593764697,30.285114322808827,-25.67417607397971,31.26649377243519,-41.50094224767492,16.99462858528171,-15.032761042809053,3.2200084738813,1.50234875206275,36.45265127492156,7.51379315407952,52.016451395084594,30.14580889993777,-8.619332845091057,N/A,1.7980636840876967,5.791963346065172,293.8347627064143,15.882362818334537,-17.540091236234474,75.90420626104188,62.52868252096609,58.0674596939368,41.82870238419479,17.199550052421294,6.033965531738398,59.663677202904566,N/A,16.054301224399804,N/A,-1.949842018301705,21.207757145162766,-1.0065047267447278,N/A,15.382292336428824,-2.1382464524272264,N/A
2011.0,3.0,9.052506043378356,-39.494540654837586,18.23300213411955,81.87496225039112,-9.978769423089629,4.597148410578607,2.254064243370718,67.01011781879784,84.19668008205443,7.575832260735041,2.722143239258341,0.7202441805290436,6.691945718424268,61.69182241144209,22.15775729786241,20.131900918760028,12.071396914938715,-26.419560396739328,26.15146211959517,-38.816232394865814,18.637664593546784,-18.28715488746761,2.4269561425229806,11.938326726364537,20.12398895000262,5.280934617942116,34.26428887653159,26.16063455643226,20.050519549927028,N/A,-9.17936126161087,7.298901552018379,75.63606279942682,16.130507621089947,-16.06330603468335,55.967398657934766,54.77479019344897,48.40467899882881,22.091407741989784,16.45719414933788,-13.777756928436554,68.94240581555103,N/A,7.857114401598271,N/A,-22.39791241277326,-2.58655643421011,-0.08792288096185791,N/A,9.683303780444954,-5.08104757126974,N/A
2011.0,4.0,2.8740062683442353,-27.978700266646474,-5.955380558283389,67.80401124510192,8.384308517051451,-5.728722649668621,6.240663058242721,81.02003464234828,32.48648537439578,13.07856406509067,-0.6449292507552223,-10.95985243514055,-53.88878128424037,63.61051723658689,-6.063971038483198,28.85713218787222,37.84276414615864,-25.654990366659757,25.587182315798394,38.333368236763796,6.628767371454483,8.480963352192338,-4.02674559292555,36.60583913431466,5.601558233923542,8.43051570521343,59.77855176850244,40.462432350075645,31.915758179705804,N/A,-12.323565299618158,-0.0349404788349013,1.964451923354077,6.868143184442676,-1.3581882022610827,16.847445058766457,21.495936651608556,63.667844468352165,1.4804007368365901,3.2350465894623612,-9.973951864137042,41.61792967638192,N/A,-0.9687795422162129,N/A,-5.245200251562967,-14.066867852578207,-0.886806620299669,N/A,-19.658668155342067,-5.65474188829209,N/A
2012.0,1.0,1.3517164882739594,-12.305180912819774,-2.9990687815871975,-20.275502059985143,10.752041785833084,-8.60451050493022,9.006008914405086,69.6899120426651,16.468323745632222,27.70475133700788,1.7958952774945742,-28.567281749857553,15.566068082678107,26.865750811034093,3.0558829543680015,17.423320285985564,62.140574716289656,-15.393803534343494,21.53072120407189,101.44558430597608,7.976438018679429,10.387196072389735,-5.562952784162758,13.924096665125091,-1.9890458822149168,13.203908742239854,-0.39692210873872824,22.55924727602932,44.95469041672537,N/A,-9.687304386580863,7.004435027855882,12.82056930957447,10.029771085835568,8.146504160409021,22.671330134782572,-19.83642669529531,26.907124460477437,-8.91890271713783,4.991414921924565,-17.07341472281376,2.2986227136309814,N/A,7.952665847284446,N/A,4.783021604392716,-10.722154542014582,-5.046452882603406,N/A,-45.6061301765626,-4.544355422763835,N/A
2012.0,2.0,-5.224378771967017,-9.616454022446282,-10.046916232155402,-26.02709224703314,4.221621981537198,-20.022870275799924,24.998597412536437,-32.730565937781186,-12.324961332882916,17.754151292421934,4.206559272063857,-14.989056710929171,16.36870912047452,8.330947973939942,3.6010815538415946,30.0119047379274,50.52883706963974,12.996851371852783,8.515689802636327,-16.238331019299906,7.905297506075239,10.650251044919518,0.5732962662095178,12.78438592938191,3.1584532390417004,10.692242896392424,-9.172238171550102,3.943479013593047,57.23055102305427,N/A,-2.314366573957128,-15.148507094114871,13.683617749673477,-2.5747104365055984,8.704393092893966,31.145491678190073,-51.908869321347986,21.716222182302626,-10.237919214337525,-9.534124693971705,0.8522552685554231,6.379788925123835,N/A,11.697328905633947,N/A,2.109007641866671,-10.329651460309856,2.216637437185333,N/A,-56.51926376179107,6.758619024858172,N/A
2012.0,3.0,-3.475994095024414,33.65177220281293,-12.65632823929003,-27.39714408963345,1.6403431476029444,-21.4021534641957,41.7152263855182,-35.01472741675023,-6.407474290866606,18.521005117103527,5.008137871783182,0.3446500473295286,12.807054443689726,2.790270778032277,2.9228628773415095,22.43410324656739,51.25771172526501,33.392655590035886,7.002759499738954,14.864036691451007,-3.1946409497002692,23.80465843523885,-4.377454181231286,8.13546909432919,8.449327252251686,10.243932000485463,2.886913171479848,-0.49749137072302607,32.348264480577555,N/A,2.1918689777555924,-13.05166825054623,17.182785338196087,4.368440843014314,6.835021356068968,39.56301708498652,-29.64096597917419,35.444581984083264,-6.367478840291552,-9.30897195514118,10.229181062442622,22.031981247095896,N/A,16.9284441202246,N/A,12.647245077223534,-5.325141383135828,-1.843739811991844,N/A,-55.57179929270355,2.4245517532800323,N/A
2012.0,4.0,-0.8284266687196029,14.279529052234372,-10.53413248770656,-35.82595448040713,1.0800520079778078,-25.649673893018697,32.75875438980948,-43.129462675767414,8.545797846339658,21.440064949224098,14.238775407685045,4.285037387055898,187.5446907871929,-4.605375062335493,22.833009267885394,9.471978059432388,36.09133928203013,61.65413904893953,4.649165934663783,43.02982132911991,-13.124668462159885,16.271062875615613,2.945239752441867,2.1200962033332775,13.599654416348544,8.857646133590368,5.2218599943068345,-6.540892446767639,32.64372902974764,N/A,4.954907074040864,-12.419387825930281,32.60288435271178,5.610453406451543,7.127684449945784,40.233246626831395,-35.651454617322216,28.86125642524664,3.5364633625405326,8.766605700981252,23.577482324197483,15.610012893908976,N/A,13.445714005380898,N/A,24.59857739060537,11.538400326541758,9.321493974079232,N/A,-33.96834243205557,5.532908541586085,N/A
2013.0,1.0,1.279554105378957,2.423178263793425,-8.244341569137,-10.392216324506867,2.1930205444364828,-21.15786541980845,44.47601519733867,-44.842388435508845,7.698293847121936,11.979268742444143,9.650934777806196,30.65287415889963,24.95392868696683,-0.15524480020877807,21.34475376489258,5.828184222830229,14.525982333400139,47.81238097556226,10.092224504879399,57.82209732502255,-20.754922334275197,9.78870863454526,7.614147257247493,11.09746907300594,16.363291813157648,-8.419281085766913,30.926451124879605,16.587468315820775,23.818728537188615,N/A,3.639406554169117,-19.094328966659372,16.92264758217575,5.9466047156137325,4.310912135415466,37.32985461311466,18.87739545969781,36.84943293983011,12.21020784146858,8.852209783073317,22.342865733457757,53.714357520851266,N/A,7.210058674115023,N/A,21.11676591532251,12.556535205901728,-5.045999051388749,N/A,0.14674491247830518,8.592062329849053,N/A
2013.0,2.0,6.609962448966493,1.7126442814439733,-6.963716051761586,0.5963772453806816,-1.8360451151110866,-6.951501735838896,30.714059456837706,-10.800319658267627,16.908987434226486,5.425226986192971,1.8605012708750555,33.17260328420432,51.89303515188378,4.088671384637988,25.67949637692264,-19.37812657075868,-1.7314948595175639,39.359620602554045,10.550993870677614,25.560771500654035,-27.113554587085233,6.3897731830428155,-7.126297730033292,5.958604802053637,12.873267640709626,3.534083453018359,23.523831267453676,27.489078993085847,16.08055561918581,N/A,4.605405008716858,16.325332735755296,-5.478478978728287,13.409682580000473,3.64055394289942,2.60508226873675,120.51862882209916,29.454934292968893,4.184726751881977,18.293891076669226,4.332466340742052,66.66575212776593,N/A,3.399829835749704,N/A,25.534318849666178,6.584218259152181,-9.383418112619548,N/A,22.96096752465061,0.6116229830109253,N/A
2013.0,3.0,5.186920472915393,-9.244863099660334,-27.202150147295512,-5.556938237141674,3.3964096506273944,-3.433786444026879,14.311234808405434,-5.886773143946569,7.627649637673138,-1.9197745299537643,1.084442843483153,20.967849196968736,57.596738378014514,10.495331855187494,24.195199541491785,-21.737152910753608,0.25088512635391547,13.350705480814362,13.490391351247363,-14.13990262054633,-20.358572684537748,-7.427121201233724,-1.0983267392216614,9.756566154948331,11.750331419994902,13.75378285728806,22.92181871945601,17.412525947412107,22.860727316967054,N/A,7.291110565483298,12.411707744950268,-5.795793972846864,7.438688978219782,7.5743610125310346,0.6005736086872,27.31593488319736,8.010389395860361,6.3300132924440495,16.889787101004732,0.6858646559355992,35.0491202063892,N/A,2.0541548822894997,N/A,16.59010815033712,6.756487121052134,-2.360550504016173,N/A,24.160249101402993,8.733443582189123,N/A
2013.0,4.0,5.272664585888173,-0.13556810231008526,-22.89613601625218,-0.9350530680722972,2.521306620436399,11.593772505904116,16.072411648743344,29.947767250719203,-3.726667802127712,-8.157237119639447,-8.826853285563232,31.184534043390784,40.15754839227894,14.09624650026991,17.6898501417623,-20.251370070816872,-19.357644412814427,-0.6707276115892855,8.869772168696786,44.40674036204923,-8.60426113129839,-6.689683482132071,-1.7594310203916335,-3.8988082317349413,12.010352463535567,24.22540996919835,11.447892968783844,2.1540899706328127,8.399449434648227,N/A,3.585801060664441,16.64482769923879,4.771271677098594,-0.28445014178095235,11.734610465870226,9.044178010014454,15.647512369356726,-7.570267898033685,-6.023641821335478,7.074311934037746,-25.297310977727527,28.55952755574324,N/A,-1.4283609099070889,N/A,0.5896560407819232,-14.292757940603106,-22.324114692949966,N/A,2.788549081598431,9.751399018282125,N/A
2014.0,1.0,5.110293548572792,-10.427998785522552,-30.662078842032862,-0.3997259467661829,-1.870168099988561,13.537547920072415,13.527496166927833,19.3920808343285,-10.70380532929783,-13.471397504956778,-9.944867502977365,26.516867634468426,62.46918373385919,7.733724067116353,14.014541454970775,-7.541420772434583,-6.817934568011758,11.715787107439757,2.4810548450082024,64.05098609730689,-0.2874336714449626,-4.007631385798363,5.410110033680424,-2.3915117447315253,13.971708225134307,43.17561485398763,-0.8693003266943229,-14.57415068230617,12.919289230246575,N/A,2.6653666770272952,29.4220321739952,-10.423899893174044,-2.5884792210691723,10.2050018156949,7.115971125812834,,-19.842798411849778,-15.106837364910614,7.954605113885043,-16.76384456080018,12.2053129721414,N/A,-6.814076063632163,N/A,-6.028836449381913,-13.07748836339952,-6.637276954316057,N/A,-9.463372240185631,1.8113548551100478,N/A
2014.0,2.0,0.4547200559155469,-9.353929413631063,-36.62103579564595,-14.393229511391867,-2.531091746645706,9.81394873729525,8.028766834276563,9.035446347125191,-12.11699207270534,-10.392795167327991,-3.026917847334918,16.611957428400242,13.13815133823098,-6.507603170600605,-2.0228084754124653,8.603076779045443,-2.96634681825698,-5.666791166359485,2.4845300340892456,60.22590324531036,4.692045488851949,1.3854426364163308,14.472499020702486,-5.412634626224154,6.708133330309285,24.873662387691837,-6.842035417978444,-13.851858738191591,9.122946932145117,N/A,-3.5135115281727107,-10.714745794899105,-23.559424569783246,1.3928757042986477,4.143168000147517,9.799598096323264,,-33.25935396583139,5.9788955995006905,2.5729395578560315,-5.913351760529083,-8.962409317658532,N/A,-10.227214821069362,N/A,-8.581140125761104,-0.7681658577129361,-5.668050799432719,N/A,-17.052501690051646,1.1711359379485162,N/A
2014.0,3.0,1.6435486970763202,4.421735174396363,-22.119458524448717,-7.055357620850715,-7.067537869221374,15.521714812962491,11.810925117379153,7.890299924009714,-13.896961770872341,-8.931496762844212,-1.8565741666994806,14.266994875628066,-18.718029981711105,-10.142642877428468,-6.159480496685244,8.026322222848533,-1.2987682270998877,9.687104688887583,-9.566400009061457,102.34619352964631,5.641968080434763,3.882811313392545,8.973453222130903,-3.1784850211357663,8.258994672011678,13.862953570283487,-9.474945926036018,-6.697575518363714,9.428660604480038,N/A,-7.348970862603789,-5.584468733976855,-16.300566989255554,-0.6566488720611989,-5.879741709156671,8.448078680033023,,-31.726148411711474,10.313951572867424,8.514985844264576,-8.050102453469874,-2.6906485693771756,N/A,-9.264024448571845,N/A,5.587948953353292,5.773140166620807,-6.958636436804842,N/A,-15.920388827357673,-3.8496820065151685,N/A
2014.0,4.0,2.936335905627312,26.490499518279336,-27.261930186826138,-0.0653054645182784,3.607392696694938,20.6703189754348,3.5445630443093554,-28.23689037077176,-2.3590973868800096,-4.071976276736383,5.23770600415193,6.6697451124149865,-38.48804825929397,-8.664985425924135,-10.826784722181209,6.561001476256941,19.933496094269987,10.411442359946737,-5.644953204285379,8.458466911020116,-0.6000508881730661,8.937252054918494,7.569841258470324,5.370959453308554,5.922729874315815,-0.7634944951488748,1.7865499129402724,16.092804843877186,18.67321500432247,N/A,-5.693989927837823,-2.587059586076769,-23.9592955900873,2.581841044877863,-6.118127096365718,-13.153834722850299,,-27.71721348063177,26.031737099842573,8.902748626828181,16.515164324486264,-10.782085916860465,N/A,-7.0370686119734644,N/A,11.030513064536182,26.921438255181684,13.550679050830619,N/A,-11.206997930174122,-9.987862210458545,N/A
2015.0,1.0,2.218293513923262,46.62722164157864,-20.77367344534767,-2.054412101845949,6.933908795767707,17.548402984338168,-3.42829661643934,-10.089330230060138,-2.826206924648832,3.293326633613536,10.244094522503119,4.671924461969264,-34.16548497575071,5.33545235226422,-13.031369707836978,1.245321153716243,9.568739314394673,1.1883812628757198,-0.07283244354867861,-40.47374269188641,-5.277599948266163,9.860073810449133,-7.368367472726302,-2.7355119493365017,4.370122534383064,-3.2596231058372545,3.0149710579116653,24.848356187799396,13.56268219071185,N/A,-3.7723002654515807,-7.898777570975629,-5.561835673092988,3.5187857090774606,-7.3208888128065865,-16.792821675698395,,-16.656569154035953,39.68662163161443,7.454423813158051,29.91844921429684,-13.209396632985083,N/A,9.514848586418644,N/A,12.863904687906485,24.24253060520246,7.920945700505618,N/A,-8.889805897431154,-2.944452376407389,N/A
2015.0,2.0,6.383918906663714,37.37994868874782,-40.69476835828076,19.15261827554407,18.52216933354441,19.979329910487042,-7.307013688959854,9.217293056539047,43.293818716772435,11.650987519219933,8.776236855200361,5.191469902524326,-49.27402667925839,13.53431525745386,-9.227017882174378,17.540233792548204,21.550244641364195,7.8198897523463335,10.658986704985072,-20.751243296958137,-8.2795067326051,1.6399411377632258,0.8733234206472623,16.414354190087053,10.730947124667654,0.9429271886294638,18.567640603987147,11.430010988301689,11.725779581061886,N/A,5.358543940235728,23.802525108915777,33.71611625927062,-13.670212134440938,-2.8295495772567807,-25.993386644547595,,-2.723297808060609,25.12818747816818,8.439943179932213,26.603498414557354,14.356261083119854,N/A,18.550974810300314,N/A,19.53868580069263,5.091889346891369,9.764095939312652,N/A,-8.09898536442878,4.475008919867482,N/A
2015.0,3.0,5.260699352715603,31.432112985570143,-65.15808407202692,14.034407747864785,21.83095170362369,11.014003620627625,-8.753985458014228,9.466345650451084,52.64925135143962,8.883989406113212,7.320238527860178,4.455657581637991,-8.976839841005123,10.774535939333202,-9.633644055105835,24.890976173295844,12.966975879675385,-5.647947940840293,20.943831304352,-54.37488479496086,-21.462041266245347,8.80570022102853,3.5855817853913283,33.78884537815544,11.053472710756186,0.34384123727038424,21.754332675639237,8.94917106724554,3.785682962829596,N/A,7.7469544599142,15.235565352234365,-5.435129228607694,-2.4224000072254146,2.783054966384424,-41.22030800326563,,18.142469979929356,20.927877774536675,1.4274286968013614,43.578572069841215,12.249598393775015,N/A,21.515647726009313,N/A,8.562600575070709,-2.8002268527051344,1.4817534786070672,N/A,-11.718264219265908,3.4931242005208336,N/A
2015.0,4.0,1.7239145033699912,-8.136018214482164,-84.30687784502122,2.074397061426215,3.5439008815849626,0.05894604675968985,-7.525842642751145,33.3696775108426,50.88239324080121,8.792857384674948,2.2107675741454424,4.589270869365107,-12.31431481472358,6.0507105410461826,-9.727411526200124,31.544538611000956,-7.58273686934624,-3.3626781251592526,19.714688493079883,-95.6692650720369,-26.42210699009031,6.968141204731855,6.26062306631178,27.07776640019387,5.222979277346627,4.718630867606807,0.5809205992272505,-14.294782012204879,-4.441385125237143,N/A,14.867807807589939,5.479255709182403,-11.634662716037477,5.941696702892475,-2.386529232781957,-42.50118171201488,,11.841004252636715,13.027019120322167,-8.996221348373435,37.56871275652236,30.7385964995072,N/A,32.70589394413162,N/A,13.4459060606295,-9.210397380994738,-7.605609576941154,N/A,-22.11463213775503,11.81028960554611,N/A
2016.0,1.0,-0.7629756403963512,-14.230322272438112,-75.55706301858174,5.524680611776649,1.8383174000170164,4.728744535762821,-0.9766722925146486,17.96348242442431,68.39005223172852,10.526293794997397,0.6086072599606345,1.0309067647410828,-39.729454750507664,-11.382212745257121,-12.627694340116802,23.080565494337183,-5.552607580692497,-7.065040524410485,8.577897583691364,-62.36580953308688,-19.1593577021249,12.91977286836255,15.620619143482548,32.812678896767004,2.2977838624031968,-4.90739926112433,-1.9802362663953517,-18.560837581423954,-5.582380617589293,N/A,18.288423696677494,0.8963061644328812,-40.6370651831742,-13.819280157432498,-13.056298110975902,-39.09156870002713,,-9.325248932758576,5.122800417882717,-8.939192326284308,11.561050542015309,38.005434164437816,N/A,13.746974524128913,N/A,2.04008800272331,-17.5371461695401,-7.9874799720196785,N/A,-30.19277361206134,4.79244149563538,N/A
2016.0,2.0,-7.658216717714425,-10.969012281272885,-72.51601740024434,-17.90724152286384,-6.153641700706333,-6.190197237148257,-0.5101751583054221,7.169734619065291,-20.857928137921498,0.5383665653335048,0.8592871133337266,-2.406605581223711,49.78441014076939,-13.111349529959535,-17.545056326585133,0.25548244979167123,-19.249683762586677,-14.968423876002696,-19.571959451892532,-61.81168497637858,-19.520234656980275,11.78455066233891,4.328120470690353,-4.555233252288964,1.869069026981401,-14.098992893859652,-23.26744569170422,-29.593778924480894,-11.33435410317013,N/A,20.475307219818994,-13.51937061231962,-59.28233828057948,-8.962961320574921,-20.423979191236054,-45.353736292962225,,-16.247909385592358,-2.562241302757365,-2.9523460674604345,-18.33802509853969,6.302980972527037,N/A,8.994382733710063,N/A,-10.14144473350678,-13.08644911923784,-8.479403940665389,N/A,-23.38631038819873,-5.111107316643899,N/A
2016.0,3.0,-10.067573729286444,-30.056461045003896,-99.65479617121234,-20.962355107673154,-12.255960606111802,-3.4009100881196725,-5.596533812007418,11.404111192821226,-25.742277619673114,9.496871617363754,3.175477277463439,-4.976010842996209,-30.837973119614837,-8.93812041152087,-18.008866119229587,-4.561041532917166,-20.83501678053156,-15.63643507181334,-20.74818360821319,22.956891640504512,4.9691865768166155,2.817386960678205,6.306800091212876,-24.85210577620222,-8.293425539837642,-14.968128995469273,-36.18961277286055,-31.575360495071752,-19.01414301358087,N/A,24.09115707468979,-12.240821099993235,-49.35805392379182,-20.553457770836197,-26.02790940561361,-38.794346321562486,,-45.93416009551832,-15.26331046019539,-4.527256356286212,-28.891044732320864,-4.392171843658322,N/A,3.3685462405272224,N/A,-16.40841200550546,-17.254181327370045,-9.08647206653514,N/A,-29.467845803504,-8.479999177765855,N/A
