Real Average Weekly Wages; Year/Year: January 2008 -- February 2016,,,,,,,,,,,,,,,,,,,,,,,,,,,,,,,,,,,,,,,,,,,,,,,,,,,,
Source: Bureau of Labor Statistics,,,,,,,,,,,,,,,,,,,,,,,,,,,,,,,,,,,,,,,,,,,,,,,,,,,,
http://www.bls.gov/sae/home.htm,,,,,,,,,,,,,,,,,,,,,,,,,,,,,,,,,,,,,,,,,,,,,,,,,,,,
,,,,,,,,,,,,,,,,,,,,,,,,,,,,,,,,,,,,,,,,,,,,,,,,,,,,
,United States,Alabama,Alaska,Arizona,Arkansas,California,Colorado,Connecticut,Delaware,District of Columbia,Florida,Georgia,Hawaii,Idaho,Illinois,Indiana,Iowa,Kansas,Kentucky,Louisiana,Maine,Maryland,Massachusetts,Michigan,Minnesota,Mississippi,Missouri,Montana,Nebraska,Nevada,New Hampshire,New Jersey,New Mexico,New York,North Carolina,North Dakota,Ohio,Oklahoma,Oregon,Pennsylvania,Rhode Island,South Carolina,South Dakota,Tennessee,Texas,Utah,Vermont,Virginia,Washington,West Virginia,Wisconsin,Wyoming
2008-01,-1.023813656702946,-4.5353325732873495,-7.789878056586201,-8.319831788993934,5.195004567817249,-8.539956288843232,0.5047393020909818,2.054365314568649,-4.042291316751321,-4.672983833937871,-0.672596062024996,-3.5312392980452536,-4.5436916075975,1.6044056340036388,-3.8268575543825194,-3.2481136822534595,-7.512143279624826,1.8901416841440133,-5.039366733400303,5.297960530538221,-3.066782506055134,-0.7257325008483496,-0.9980182365670868,-3.348733520938865,-7.939887678911495,-3.4847431261921082,-2.568946706813433,-3.1473913263289877,-3.8631756696314072,-4.286399604712888,-3.776647063317419,-6.654641279219825,-2.4964684487026796,-3.593231412605517,-4.553295873600851,-5.844316398154073,-4.441039943642386,-4.050542586106054,-5.002001322556772,-2.521116099531553,-0.27794601145735603,-5.342338144652811,-5.4994730113717125,-2.2346083879638896,-4.260594224572831,-9.991934517191869,2.2236568507467833,-5.526427352369168,-3.17177696224471,-2.7585031449116864,-0.5343677149947896,4.082776636218477
2008-02,-0.8390460642572033,-3.738544132704598,-6.49966854511914,-7.353184790716054,4.00696127603919,-7.114017762221718,0.35456308717954804,1.3448761440181807,1.1669358179050515,-5.81334434780608,-3.097434777690484,-1.5993037762075148,-2.66173590202579,1.4927148403559984,-5.3126700010749826,-0.5358529096008621,-9.034567986042353,-0.357285933386882,-5.699678032661444,5.83290275233636,-1.13886433592436,-0.5188394605729542,-2.5881330637634052,-2.929510246386315,-6.4161982248844,-1.7483792562582283,-1.9519623361925746,-2.803938050804451,-2.6598704651498775,-4.265878739412841,-3.0709724922186323,-4.974281846131655,-3.0594309247204055,-2.8214828593922103,-5.122735030790935,-4.562230647211895,-3.837933702483145,-3.3739901059897894,-4.266799254235408,-1.3471533931192792,-2.260508509087293,-6.134553514447308,-6.084503478489106,-3.017281461400125,-2.87005019864792,-11.21304836649084,3.688667500127275,-3.6781990903132096,-2.3792637961202048,1.356624866056599,-0.5404870908317368,0.677872220534559
2008-03,-0.9065600709426106,-4.66605287826117,-4.558812825002052,-3.4076326696868784,8.21446145491848,-4.275212082742924,1.8815359937944258,3.558519076117757,1.3513805951994533,-4.376493226084284,2.6557824798073963,-3.364655409978344,-0.8994519298545415,3.494633232072849,-3.6080084336869005,-1.2935503987522725,-4.998896965548711,3.2121030261678243,-3.470290694338453,3.109826653471851,-3.263593462861747,-0.939823042574838,-0.08464356193006217,-2.970039270122002,-3.4596857786624557,-1.947133977221658,0.7823485141622354,-0.7923288319337151,-1.5011503210563824,-4.697443681755006,-2.277521947682853,-2.0226951205980837,0.7770896915775596,-1.1363573790629975,-4.3998420371376685,-2.8163381238615637,-3.784154080397342,0.21704390884798153,-1.411826250877708,-0.3412667828533147,-1.5079112231566396,-1.3192672581575646,-6.981383758699694,-3.093149611554668,-0.6490701859256773,-9.746912941446372,0.0318732878875645,-1.4030332326950798,2.3617000050054,1.4066735176109924,-0.6237859846036262,3.962631740046644
2008-04,-1.2977700747317469,-7.030623349507671,-6.063722870483651,-5.6776309635425,-0.6284265967822414,-7.174646486857929,-2.1120294784966314,0.7642962138916314,-3.342621912582576,-12.378471174084552,-2.3081965110142812,-3.490714422674701,-4.77714521395359,-0.10147710840195752,-7.335354511349779,-3.7769732049021045,-3.9796990343223086,-1.5537107643155004,-4.162215800920126,-0.9835606952922821,-3.2877999714926984,-3.9843565441785453,-4.121243790025017,-5.387920079446965,-7.718934740581347,-3.306440004703216,-2.261193086764272,-6.514471225538533,-7.474574994092445,-3.754842624638135,-4.930573469847686,-2.658787445042138,-2.9576164270887144,-4.088770347689656,-2.5542248602245397,-5.394363809305371,-5.804895703451612,-3.787769466025536,-6.3355034068394005,-2.544418357809217,-0.631971956370376,-7.466563114513701,-11.319078979713836,-4.484659444215302,-3.857924602079015,-14.538244051511887,1.5113166236029514,-6.735455454730357,-3.8654109602945486,-1.3351471302159086,-5.088371761083424,0.18789837720008135
2008-05,-1.061074228028496,-5.233161440599256,-4.572268524694458,-3.796515444248237,0.0732580064430197,-5.271916655312971,-0.5266048645126812,-2.5718232539786743,-0.9482403972406229,-9.570863906321748,-1.2720453432809413,-1.001969775812112,-2.6862585171384916,1.6905979437537526,-6.416993195651628,-4.152311632508468,-1.6402480438315554,-1.80728661742839,-3.1400539783676136,0.9138479446893595,-3.8314566877908787,-2.9159538144817905,-3.4992549135050197,-6.31131662331804,-3.5038379199433,-2.6834483832999885,0.5706804706768954,-25.218194539937915,-4.641732119341198,-2.0423213598086116,-4.6007539570231755,-2.8435411931947048,-1.1280515089918077,-2.118563701407057,-3.5557687539693723,-4.647147930590361,-4.6333769962466365,-0.4179345254901514,-2.5591316267892434,-2.7571065921671156,-0.9039471537158051,-6.304118161918416,-3.8817763570388077,-1.1461116119993575,-2.4574661221506524,-10.330753562929562,0.43431331676090495,-5.7656660806134905,-0.9885119560478334,-0.9741269736288432,-2.5445472500661857,2.8816663802807443
2008-06,-2.5207692936010533,-4.206744527003333,0.1928915046393203,-1.8737826238093984,2.1477799196510583,-3.9146995159866913,-1.3870402536375928,-1.6328751456734663,3.8377300929299225,-9.741521793677126,-1.207965397249571,-5.887601291702946,-2.3003356927856595,3.5747411784746093,-6.664536950686403,-2.9208037314175233,-3.6662211212845874,-2.3859247466666593,-3.391573466043364,0.7624052269978864,-2.766579870604532,-2.739914762752799,-2.789543697129245,-5.697800823280152,-4.781664876722352,-0.8976626364298851,0.393382135306339,-22.695752053570555,-5.8447488064647075,-4.177663622111912,-4.943379027208388,-2.7119973996917612,-0.42337724857775644,-2.8749022421505135,-1.5753913992339084,-3.6815008292957816,-4.64656587272974,0.3432982576434708,-1.791710616653545,-2.6784486390595847,-1.5279022415925987,-4.088433718442813,-4.0854050131775015,-1.4151805974634672,-1.8402422666682012,-8.593545706191543,2.2240250267231936,-4.739234084298895,1.5005013655415238,1.6181478488573164,-2.8264191247994814,-0.4363270394993332
2008-07,-2.694780649551902,-6.533939659233099,-3.709309079582776,-1.5379010997227867,-1.5702430126897502,-8.669474364372418,-5.268832543651529,-3.9643045335481775,-0.6461450696101587,-11.953989057932684,-6.151488639197676,-4.5401236465255,-7.230375041434176,3.0907574345926023,-9.161139071922744,-6.484931681429544,-5.564956910224616,-5.083846538048451,-7.529379787995956,-0.5699141746701963,-3.904809483185097,-4.8965606830644,-5.183299770974278,-8.722503260547143,-4.681287521316037,-4.270112760844229,-2.4205072956304186,-24.213838503657495,-7.841063382993675,-5.706002141598548,-5.57167552100699,-4.70040715952462,-3.357750207609738,-5.354469684653591,-4.69293856801958,-6.381626609183573,-6.693191208332381,-5.364528339317858,-7.349786994357424,-4.443922974808155,-2.2595302882938166,-6.499597805707423,-6.545661595173501,-3.9653443153095735,-6.1684368508396155,-7.2150391196677655,0.5398976377186435,-8.12664904208717,-4.540622417248979,-1.6759653553961578,-4.197048712408725,-3.955088611429037
2008-08,-2.219671824387841,-5.148938466157445,0.13614893750006307,0.9151333561888026,0.30693585438981974,-5.225464329273734,-3.3177771201784187,-3.2514537702071085,-2.0050436927840893,-9.538065288056723,-4.776695996157106,-5.370171361421154,-3.6714100339107465,0.8366042134400309,-5.995828508559194,-4.921704536087424,-1.1202272558130315,-1.9883841325656408,-5.522586328188249,-2.7353957965369027,-2.325433019197267,-3.251472398263759,-3.47970935992101,-7.90909428274187,-3.090157755479389,-1.5385034375907352,1.0753171858630468,-20.297136533774754,-4.80882416088143,-4.471569350823318,-4.170638132742729,-2.427235794636129,-0.5103961586941366,-3.274703146960106,-1.912057997289114,-2.9642254484398416,-5.334426932835848,-3.269580898418994,-2.0091807315516954,-3.7693700190792705,-2.3936699820964455,-5.5544222472400016,-3.02459289714095,-2.0322693201532536,-5.689264753822725,-2.993639676528035,0.33790641404296895,-6.4072557735599025,-1.1907999650471337,0.11385142036773133,-2.143905654791789,-3.0259238826233967
2008-09,-2.1517082997229866,-4.807601303513747,-2.943905785871064,0.7174799086214801,0.08330972153210106,-6.689615893326691,-5.148705863659504,-2.608748919742005,-5.614573066350327,-10.896306949910489,-6.050633788314376,-6.9003306093448264,-6.911125332702806,-2.0342064423779482,-8.519973375284286,-6.7484907312055835,-4.146866296392836,-4.642683228421276,-5.472788960502217,-6.420423015411189,-3.889284885077357,-3.761355507244326,-3.963773996138554,-8.345227785996334,-4.9161493050067975,-2.016919011631473,-2.9189423219876507,-1.314076260835468,-6.012045566523834,-4.927383941911081,-1.6485205039452018,-3.7988533214171443,-4.234345994418241,-4.764851912495151,-5.955351943120221,-2.834436852063632,-5.766349364293714,-3.5572536630296256,-7.040060411563983,-4.140201301339585,-3.2520043693121745,-7.772089999904054,-5.903432358553953,-4.423698822355495,-7.764716453670833,-1.7699778761210478,-1.7332239482392513,-7.320598196399292,-6.061656833775054,-0.22390325096719263,-4.88721981610462,3.113926502401659
2008-10,-0.610820767675222,-3.07044535476602,-3.3102789783598556,5.0000611953758085,1.0991012432213418,-1.7493978203951401,-0.5206160024982129,-1.3955590181027278,-2.957232651503923,-8.942589757229163,-1.2346425111077488,-4.954253690967633,-1.0722285866532493,-2.29638254516585,-2.126855277713766,-3.2902690176183627,-1.4659686486071373,-1.893282584845533,-2.5553971603921948,0.9171764609696762,-2.0082192277788833,-1.7023786312782685,-2.317605402803178,-5.254773925963362,-1.5452625871832355,0.7143088011894357,2.978156219075227,0.6258413527816385,-2.5537264978442304,-3.655434819574098,-0.4573911080199073,-2.873549775574061,1.1963425527554654,-2.924794596661337,1.900814720157974,-0.9138528844085423,-4.141202178740068,-2.7422887210607656,-2.1026401670631403,-1.6598939244907185,1.523024799616682,-4.317850376594291,-0.5941673731628736,-0.12109985661947335,-1.984911986939868,1.3837077653103607,1.102611643318104,-4.6953121786616006,-3.636185514491793,1.9771912505748528,-4.064412130171453,3.3678273493873214
2008-11,1.514417338741369,-0.19721219551802655,2.5248561561884237,11.556981414171652,5.855248196775905,3.896345495680419,3.4250513930049715,0.4955340270876009,-2.0129501413650734,-5.063190996770263,1.4693292806736116,2.2992227291593093,3.313751139454571,0.251312016127181,0.8742904926196676,-0.9481300707753851,2.545492147093495,2.7819586998571957,1.79692633710548,5.579613447595599,0.16506792366671383,1.3669820681108087,1.9326394052104394,-2.067086033841407,1.2636996112147711,4.408775129244901,8.314029331148756,6.856256735789907,2.723062974400171,-2.041416817604693,2.490773906475216,-1.2830401023268154,6.619466573688995,0.8939290595067564,7.718099099287662,1.648739200653124,-0.962163883220016,3.464869364444455,4.724664383749113,1.2937390296107545,2.155159864441343,0.11432107080307347,5.659232073546994,3.826670404719624,1.7595481920915215,4.418717380741239,4.153344935812012,-3.3275847543348123,5.0212354522888925,4.178247402025116,0.7332132915220769,6.427423952758477
2008-12,1.9902440630716067,-2.645224940079959,-1.0856480420090968,7.422836526939227,1.584287702970721,2.557175567829088,-0.18801132555987682,-0.05179463081311188,-5.300140538886253,-7.649463227820952,-2.7463582689572363,4.1399629315774105,-3.12808020174511,0.7704787207347092,-1.37308406069037,-2.9531283015898975,4.117236227518953,-0.6238960943438564,1.6956424138363624,0.6712235927170531,0.44182118902659356,0.4191587592793658,0.7520802623773704,-4.644550195036143,-2.8476298541442553,0.5085972034965162,2.416107749613751,3.2051710401910642,-1.4179066469653239,-2.0869182183267627,0.2335659619644278,1.0440500350694282,2.95410533919436,-1.110992276055164,4.128214498689116,-1.6155633598150878,-0.936886143806513,0.1929885052966826,-3.4506737176616697,-1.2336284387638063,2.3092645875038103,-1.1747955930965448,6.799506596086892,-0.1742749870408326,-2.429676677430076,1.0996955450660368,3.516030504803659,-3.2721845115398156,0.2901785461490191,-1.9718137309891495,-1.529647361263154,1.9321207540873697
2009-01,2.3498821518051174,-0.6033849175360442,-1.5660744129664192,11.695441283898642,4.401783778214522,6.138047691942263,0.6828107486688355,-0.5255697732955908,-0.8399751500129964,-3.051202911567156,1.3119618265706952,3.281987919120994,1.6492884570190043,5.0107775671022905,1.1562270318148524,0.1747165592509975,10.271931521549563,-0.695210794251164,2.6206636894220474,2.868822280559013,-0.03453206159089886,1.2217047594804475,2.146996438798447,-4.5944848400600025,1.3251103230140935,2.887342291567562,5.109524382461707,5.038108640067041,1.1271369443386157,-1.0342724494775704,2.776721705972531,-1.0461928962272455,4.428830398160232,0.11984612607343806,6.305466730867702,2.5004287933578833,-2.9633814197381536,2.213332278854285,2.3908286080233916,-0.0738075851972216,-0.36103733278595285,-0.6156177357419207,8.613786503172696,-0.29558144373977335,-0.05499831836635637,3.715397374628405,3.6884985042218608,0.09923522681622471,4.3829828175460275,1.2950089036812669,-1.1993728738061065,3.3679316225176414
2009-02,2.2881643426886598,-0.21280712488067924,-0.3118281266951977,11.736496926396029,6.445618260364587,6.667522419140419,1.3945576442802936,0.870761878617551,-6.539252606547284,-1.719340153872524,3.794115927901503,4.642018058078855,4.930490008588025,10.264677609378307,3.661044204762545,2.9111961100293415,12.622687677913103,1.2738060758788516,3.9752842338498504,2.6005815266757017,-0.9991960076478669,3.8967208051436018,3.605080661457205,-1.2720369889915568,0.3317335700554477,3.278309389636639,4.355783826240992,7.081245303812326,3.0376869873603853,-2.2878942143546643,1.5882484493259832,0.9676779146816609,3.5710758128934996,0.8782868762412765,6.4830389210827635,3.2027063090380135,-2.4052925970956816,4.707503242579196,3.9946364562705576,0.9825217588191808,-0.14817003414522623,0.13693625515795982,8.758916999373746,2.105912548965353,-1.5502189050273472,4.992461060288141,3.948337509589253,-1.366735304196619,6.548780759617152,0.7679094298686643,1.1252228275851852,4.239248588436116
2009-03,1.8673510581191006,-2.0323884459730497,-1.945132426664186,7.993512825303917,-0.15930807224375773,3.9396311684563443,0.22655233979381006,-0.780979811597208,-5.344233325985478,-4.037853599496591,-0.42992416939647593,3.134533896843408,2.6542302941929874,9.344286901282405,2.5142645046813663,0.040296613259124356,7.455848638549628,-0.5943121192515096,1.6279973116820434,3.2667048739356255,-1.292914427145642,1.6032043087604104,2.6260114878476437,-1.8876256961737639,-1.3379745078338934,4.458483567955456,0.32024127426051185,4.015338918560539,1.5890425688643381,-1.7301577394168626,0.2176954457965607,1.0337680010931356,-0.07378457355890553,-0.8857068267029108,3.856535876548313,0.6348054654439338,-4.016664761200285,1.8506389057063537,1.2582389152813822,-0.7377285821310064,0.8631379063966345,-6.031326912976914,10.444740389768677,1.391997727760712,-4.3886545835516,7.572894357542667,4.8916047682215895,-2.3174765195403926,3.5541066539386774,0.2341683941930398,-1.5384306362360698,-0.6201214552609631
2009-04,2.6175461359274643,-0.8721372605950283,-0.9570912778290306,8.221980315321304,3.5998003381484116,3.4846714470009976,-0.5106766292339946,-2.7328746672290816,-5.831729492749003,-1.928566253138728,2.224144266555028,1.6978650064869971,1.0422684284203698,9.3619299629745,3.3014292519855095,-0.4105837950608803,7.916722873889281,-1.3577753164644928,0.07045331739323497,1.4380885149222404,-1.232681261488404,3.541321104814447,2.9257329109888137,-1.6930397170406244,-1.1523050348904078,4.481460680039399,0.37033526059454897,6.044677185410263,3.824786294371024,-1.8356556801845711,1.6813569071254308,-0.4016094825080742,-0.5985690734400835,-0.9519509146320079,1.4407559352292965,0.7187819018534043,-4.181730594421936,1.3522929696486738,0.37584318160513114,-0.7413375435882816,0.7120856810560064,-1.0312662489818007,7.536428501219795,1.9171940019676992,-4.215188283728876,17.224302828379813,4.316275050205348,-1.3755731545477925,4.002682876105056,0.807698891817954,-0.16056722186032238,0.1942883836815862
2009-05,2.4510068479226255,-2.152043114320586,-1.5655044060048366,8.63994745684044,6.310343482650042,2.979415828088395,0.7201570452938709,-1.457664517537986,-4.53252735876057,-3.3999579731033345,3.348436974617398,-0.40820078419116074,1.7864900385010627,9.737273520344205,3.532046458367608,0.6528316342792477,6.990480485287643,-0.14054502704608635,2.551100687307558,1.7708288589194308,-1.4550627927773598,3.035347775897492,3.003658040642799,0.14032204272038548,-0.05494169400211467,7.60813687401438,1.2131955352328294,3.246897148818268,2.062860519254786,-1.6320168052337425,2.2901869870405767,2.3157335868306395,0.6319574372874763,-0.3403217149755416,4.242974621645434,2.7081613400055162,-2.1290148582444464,1.24714058400056,0.1675430616809125,0.7566536025115815,1.3488839101162375,-0.04134794542599104,10.880192793247694,0.9826153057520843,-2.472219517652356,14.745821322796978,6.441536404395744,0.8333332539235143,5.779781436785279,0.8445578174741749,-0.004654892630576268,-0.40623999370370906
2009-06,2.2463557204911146,-3.5837857640163806,-5.281256508184442,5.014629186997603,1.4408655583957102,0.19385139779960808,-1.8965793048542057,-4.5715093946353065,-10.448049500201737,-3.0730035503616384,0.05025792125671149,-2.932837321058569,0.6675181213182606,5.29937879196096,2.7623954029140982,-0.7481721999215452,6.361236806010043,-2.5650601702112223,1.2123359375795013,0.8734676074619675,-2.8581116062506897,3.299613690485015,1.5874009730962275,-0.905575631413112,-1.698865333145025,5.860288127694741,-1.059323301489981,2.871798516322327,1.8695830139883136,-3.418492116248691,0.47871656315334893,1.1465653631684367,-0.438206698415623,-0.3032041154089583,1.7135124592916002,1.4821404267279872,-3.669175059870288,-0.035015859963737385,-2.8295915912001144,-0.5324561845994326,-0.9337196839097226,-2.922165133284385,7.52153810438001,0.13370937365575453,-4.444216533679595,12.291497089874857,4.7456738294562575,-0.8958120035301944,1.6646108191199864,-1.9824555047905172,-0.7140605613937435,-4.497424205063249
2009-07,3.3553041945226245,-1.9819540688230453,-1.1000002659587012,8.049008016156664,3.2949066529411803,2.7647020923159102,0.6439116342231587,-0.9285105665949397,-6.381734973386602,-2.767070121937938,5.31946724194967,-0.31688666069760074,2.78335541834326,8.367523422586492,4.293370819482634,3.2987125184209924,10.25562888721928,1.36082965874114,3.2421580814805373,0.26618204855285055,-1.1915917514096643,5.172021346722498,3.4412201632028565,2.9931739459770634,2.054821813111395,8.908032959804164,1.9881640296019873,5.247545972316261,4.244347920363739,-2.6304296970598906,2.8689643796627062,4.082532291041121,1.2499870304229241,1.562207029298955,4.498163743508302,2.968581320197878,-2.202976912201607,5.067339262792977,-0.051884556659346215,0.9466344103287925,-0.307035619300895,-0.09351875745083542,17.377947955996884,2.142084318159653,-0.5389079187984094,11.97946168253733,5.68391467448893,1.634888787873294,6.202821820777575,0.4925565005644296,1.7121695167913005,-2.501103791714089
2009-08,2.469534625448754,-1.4055289798097237,0.6432118724371195,7.340416739261005,5.399975440292041,4.010790059084828,1.646213621993189,0.2245738378853667,-1.3357206285560328,1.779224237993932,5.977212840742392,-0.34868581841843566,2.3803984561965605,13.025562546218838,3.520962192986406,1.6065234372142148,8.176451560864068,0.40953947815514935,3.41238733229645,2.6443707692023466,-0.9914807131502005,7.360900634311128,2.2527173430069594,1.2739414892987588,-1.7113802952243493,9.214008378335038,2.337025549955925,6.012211571561929,5.976397786435784,-3.767346903346422,1.8350668439325726,3.5640242899648946,1.9606096352201496,1.7689537704362748,4.115890729138696,4.724651864184102,-2.5465574467752057,6.4845642179470335,2.2161750957699384,1.4640215521327922,1.345050941508336,4.141877810979167,14.567662330912368,3.475004101289065,1.0506405927923501,10.885940364107354,6.975685917904186,3.69777716313285,6.635412696794769,0.15987732408444957,1.7228427062804985,-0.1268851046527007
2009-09,2.862373683864831,-3.2226265569185544,-1.9813564393328913,5.774829131438676,2.063820405435469,1.1232841872006663,-0.9155281464917486,-2.740257221090413,-2.031763727591018,-0.6942951759976356,5.191182182703553,-0.8771564158475221,1.8438608694110952,7.74137247552652,2.9958023593837138,0.8211620037383023,7.672542455436268,-0.5289311120279783,2.7284836895595417,0.7298844718233388,-1.3723465178335794,4.929528586146551,1.6121744082134182,-1.259260905426562,-3.751764025693511,6.306157591188777,0.8949050609212247,2.851513415629846,3.345369443576496,-4.588587497872689,-2.944455767779628,4.700371131058503,3.204662059898924,1.2529087291187846,4.696570493243948,0.21739261143063995,-3.4193430341907667,4.272068859236482,1.631861180987623,0.39280778540023586,1.2576795897003814,4.962702337966316,15.1095454365581,2.187467446048179,0.9481217404938588,9.157945589063111,5.095039852217297,0.6568883675537295,4.273287741932834,0.7447552466368977,-0.5368450726871399,-4.541311853015301
2009-10,1.5145793496290907,-3.269549756034698,1.848125846528675,4.83515885454489,2.846895820600619,1.5549768972111726,-3.6710276855855435,-4.821232666796994,-3.6762475553315674,0.08771005151732424,2.4007162301455747,-1.3972869520596822,0.46897473657141925,11.848164855154856,1.7679874777627766,-0.24753793578070615,7.917494836279163,-0.7713693300864491,2.4708765942823487,-3.2481785064793476,-1.250400272487426,2.1942824961345595,0.18767871776078388,-0.18781003373895272,-3.5486161095207107,4.767795414934906,-3.400887648363186,5.176951208395578,2.199439119477096,-6.620207527842788,-1.384901382140358,4.864129890327598,-0.7376071537163797,0.7262003744727085,0.04340998440248734,0.6548554622625766,-3.677078198931609,3.87431399636322,0.389280517400441,-0.6727990585307595,-0.4820437553873281,1.91250581110852,10.350265694897198,1.113641065388741,-2.039643339493272,7.451481303975392,6.254158679366191,1.3050739155872673,4.770745959674644,-0.7142347394773274,2.30344654494304,-3.7764987303979556
2009-11,-0.28301741112932327,-4.6780694203443005,-2.6312002593723216,1.1028556490567016,1.4719007007007399,-1.2201931274953564,-5.697014664971112,-3.627602643943141,-5.382522486696974,1.073853080877547,1.2140490658082699,-3.368254233150524,-1.2653783656932345,13.071946519557374,-0.12040555666172356,-0.18271898465729797,6.404694488160256,-3.247028481454773,1.8161982009624096,-4.650760317994893,-1.4885561424169378,2.011012500844075,-0.7806778604624943,-2.703075489310211,-3.47295570365064,4.5725854892727105,-3.3285556385561583,3.279965690526132,0.6921129752751252,-7.324638277456957,-2.240212386145916,7.076334397176426,-1.9441825563286368,-1.1236776147105396,-3.460518870517065,0.5127787968557267,-4.201184985982026,2.0724984717828128,-1.3643266806166872,-1.9933599330745337,-2.1659643494938012,-0.38132308706495416,8.546109872335371,-1.1269924914781424,-1.8441727852335585,5.893188650670608,3.7147145414814156,3.159065811199255,0.47166233529768464,-0.7617579170931535,0.19496622968610708,-4.32744981938288
2009-12,-0.7421946333420965,-4.303648594670681,-0.3864365642743437,1.3787580956318966,1.33973918044926,-3.301772559602773,-5.907228028239978,-4.87954115719319,-4.802097951391524,-0.11007320668836157,0.0920267204969729,-4.203946713810751,-0.38744447144827515,8.60510162542585,-0.5763525458261841,-0.3493191528418168,3.5135214372616295,-6.7394092165341934,0.5965261587148294,-3.883283638500671,-2.6189291120442646,0.3088799424744158,-0.5690318234542527,-2.3484359381113484,-3.5614910902952754,4.86592829859733,-4.394652332113859,-0.30593525561194507,-1.4692186187697167,-8.377104625144725,-1.4844245088500507,2.766719713060576,-3.3978096660912707,-1.5115196306802037,-3.788936764926888,-2.246509895462216,-4.552588434148644,1.849284670868465,-0.927720446294481,-1.4949134192526252,-3.2464419243371943,-0.8699237456569043,5.6982938805323045,-2.315746400925816,-4.314463663197998,21.582719960847093,-0.45269413039811984,1.203626671846909,-1.2679305008986916,1.1472554510108823,-0.4481330817484811,-5.315969601221148
2010-01,-0.5174054157490137,-2.483654561853319,2.1812334461370453,0.42851865371059905,-0.2442425665876781,0.33909699360424944,-5.101744246221455,-4.161849317525205,-1.9936857013049223,0.7446444265752474,-1.1923076799997223,-2.945593563306187,-0.7952724217381937,9.69643449583463,-0.3223687575791203,-0.9929989680282768,1.9877782904273278,-4.702320619938625,0.6619479993596135,-3.0179955023939407,-2.5005672878388765,1.8778451739863915,-0.9149065939821985,-0.8705195857605081,-2.206841632824856,3.8799175897467224,-3.1564719367832774,1.2038878091033116,1.0132270033374313,-9.221170639972142,-2.5105271199027035,2.8281125871191715,-2.4058428500296776,-0.9650897599820633,-2.4890501564940086,-1.4018771034174715,-0.31362379958778136,4.292713250007344,-1.5072519026192785,-0.6247922852985891,-3.081352205590741,1.3200146586895547,5.820558222052035,-0.7724624651668808,-3.430006244830503,21.83143807143563,2.3937385222428693,2.77316681696237,-1.98700555591437,-0.16421152104881528,0.8377300144488231,-2.6506638870305896
2010-02,-0.930375547433397,-2.869621862915186,-0.731880651946002,0.04704801008378133,-3.785700255286091,-0.6360623417539055,-6.778297754531243,-4.567541180242912,-2.5355543775419793,-1.5806404349399388,-0.9707076319530848,-5.452166457087336,-4.1579541130632505,6.592418693616629,-2.4543047760571057,-4.834070125599778,3.351107921102667,-5.5017167721616484,-2.19424786630008,-5.0410211471050275,-1.7450747564210143,-1.5180623711263244,-1.9588929389144323,-3.733498795143422,-1.6186312088321928,0.2617648202728085,-3.1100474073483944,-0.5558056551402711,-0.8024575793004076,-8.90102924206775,-2.7805255846771804,0.9012622695559768,-0.28818879879079773,-2.379497645913641,-1.955217841319166,-1.2247084010309222,-1.6150239097964976,1.287589232229691,-3.5080163338674835,-3.3304491523618682,-2.547617398385043,0.3919222334107273,5.397284730041202,-2.0601600632191754,-3.2972211283843595,17.229618184229974,1.1439831552076996,3.388336583517898,-4.001366924384987,1.0664196190581394,-1.396935595687058,-3.580062249692207
2010-03,0.09915329150119546,-1.2158167684653307,-1.9539837966386384,0.8157107535077648,-0.025781181512422056,-1.6496307553749807,-7.509230661819551,-3.5540759250340592,-1.5641593445860136,0.5210974749078424,-1.1336365041574863,-3.8511336438300807,-3.227328862207098,6.77797468485634,-3.0388259909891064,-2.177425308582628,4.130571225418534,-5.729825840749294,-0.5016210161381917,-2.9345144189326806,-0.13905090288302668,1.5330441324043707,-1.3573556632552763,-2.978030495200284,-1.722679230496181,0.7865523248713641,-1.994034186790297,1.0374443476327904,0.04513224381444015,-9.270943217562182,-1.1008161618644707,-1.399696167724999,2.3170411322095084,-1.33781680356081,-1.6681357909552026,-0.24443836791841253,-0.23049796093779187,2.0233741570661845,-2.647200724469689,-0.2788141907522206,-2.8793503714558093,0.8645122799600986,2.466042802295566,-0.6662245403058393,-0.9215135162676527,10.020655157601096,-0.8099892607029726,3.387961564523973,-4.23098399159237,0.7960097581814638,-0.2830174137256295,-2.221462360610342
2010-04,0.46670851756740367,-0.37605005269723596,-0.4840203889433271,1.3910916034091636,0.9393126652742664,1.4670754167179987,-2.842618080093404,1.2088386579385495,1.9863524624555609,4.333885249124486,1.2347548592812403,1.400772877981017,-0.6726562569404375,8.234454260269626,-2.2306618872820945,-0.23779707504027803,6.781309177468704,-1.8546180920753268,2.1977687698427264,0.467750110352656,-0.525431604434804,1.8522630803771996,-0.7590587394398655,-0.6712083248898147,-0.33459589831355274,3.233637326393573,0.5209465021565007,4.833704064120928,2.9044801663648845,-9.029795853713235,0.4013316332306702,0.6737339396920915,2.981984792436223,1.0067118223656464,-0.4524445860420447,5.194117304286111,1.8825350628166033,8.660622969997716,0.8371147298659476,1.3001818192938184,-2.0354173599072864,2.683488645541482,7.443252997535119,1.556424673138144,0.7085256373168847,2.0020201457675166,2.805959989551705,6.418965044992657,-0.7227093595815579,3.2729192964838423,2.222276168465505,0.3591564339714297
2010-05,0.7668662944308663,1.6060761112523834,3.317624025351994,1.8279815882042492,-0.07794551057700479,5.3915498533593285,0.4589871431403737,2.298258917822686,3.84565925116149,8.117900730079484,0.18469527507476208,4.381717718154489,3.8859502618905735,8.063071070179637,-1.5542260369694127,0.9928851112918082,4.255261354534799,-0.2316105968218911,2.0414478896171047,-0.8202766283930187,1.4218719667475237,1.4521955683337684,0.7171638840305989,1.4431467474621078,0.6165137123163992,2.8443560667753642,1.3779264962904025,9.771225107598239,6.57437851464191,-8.493261923924793,2.6349920492833414,0.7372019012778385,2.748698579524269,2.128455677587177,0.34700818730947186,7.3631198913958436,1.5220397981696625,7.816500146317293,4.362178913385336,1.9635843196592562,0.18917392776741138,3.295352180720839,3.2105950036066657,2.300025020446943,2.3710681312956887,4.13735947380827,4.333056036209332,9.171131054483567,3.0423133644832396,5.81088179127625,3.292819883507387,1.9030508368805847
2010-06,1.8953774515563793,1.4718115848190365,-0.09798038303234637,1.7236495179948161,1.3517541355689826,3.6624458179742683,0.17675843759716423,1.6211366601787014,3.5351364726140573,2.9163595325838876,0.3807735365296436,4.191161378054955,1.2532534902304238,7.403694132170359,-1.0298565267101192,0.869746888450139,3.589613257627733,-1.2289861656360523,1.8300612072019915,-0.645412546332895,2.690243202574372,1.7318964854075698,1.503574398909707,1.8063158222706888,-0.07053765772931832,0.9095008993597586,1.1736089942335433,4.596553615755721,5.217720669390397,-7.206219172526188,3.2741420521452396,0.6808601196907054,1.4440185630153675,0.7378331655393672,-0.31437147010744376,5.213304344814264,1.7325848342952785,5.470375863666092,1.8694894990273683,2.3940950296417225,1.434997728328494,2.6887502954250886,4.767077004575919,1.3142123750141315,0.7836718134323911,4.13101574328125,1.2276869141825073,4.754856894680919,0.7456329790881,6.28704476735698,2.208377147432817,4.11831340814839
2010-07,1.7972444332195174,2.4160913667659436,-2.188285972346154,0.6981969864850196,2.761870288805583,3.932829722088921,-0.47220208789625384,0.18232449134548342,-0.4357967621674611,4.294462297342346,-1.6152936006503125,2.8250304364555654,3.2174796890000064,12.262672298779517,-1.37944229688758,0.5051750760645113,1.3980972560243468,-1.8614940464617171,3.221211423407857,1.5698039183503014,2.2969610987498483,1.4680068382484919,1.395452944086549,1.5696025302523473,-0.20785468252900322,-0.33575555384025296,1.0624645326916167,4.840678742646288,5.0383382817287625,-6.996533340386213,2.6188025168333544,-0.38314052754838346,-0.451128572500178,1.0071854463932841,-0.39350608856949115,5.981035156957097,2.5188194223096643,5.747262196334898,3.7700347036502895,2.350130331508045,1.495458052274594,3.420340136227335,1.8312357043306118,2.008942282497979,1.4082026255219604,4.599251383609968,2.3971403389780823,4.499862486821119,-0.7283813909171961,5.0958744321064895,1.2589069701055329,5.076614211997247
2010-08,1.7899406795436723,0.501982919090318,-5.954445071807588,0.4709832260611921,0.09160526301012696,4.261616149801201,-0.06281628119226348,1.440586011826372,-2.9166828041476247,4.491686989988575,-2.442775788943636,3.80519592688882,6.390539436001011,6.403359630884799,-1.6234231403689612,0.1427071928007028,0.6830227434670256,-0.36730619260201164,4.204029262173881,1.349501056804372,2.371519749139468,0.42706189795588345,1.4699445308595374,3.7974241815048355,4.293652228385696,-1.3001808644545376,-1.0925661139705434,7.318334912479591,4.022998310526469,-6.877617312628521,1.818298137941292,-0.4204907092327399,4.344213200446289,0.6651357867693533,0.3685169597523731,6.491327769441513,2.6881335930935664,7.114527264026297,2.1319014623130266,2.5298850992433675,0.5931801346278415,1.7667696823331902,0.9779009585398103,0.9518119791432275,2.0078406904614154,5.377148482198385,0.43955761891256395,4.97060856163229,1.3709409078304602,4.865597116097361,1.2014521141101675,2.246271305982876
2010-09,1.8787864676574524,0.8764592531831193,-6.814986002227529,-0.24398449571281,0.3096841048661933,3.3414129995885546,-0.1720243039353086,2.5850792201756887,-3.8030367163712935,5.541418255094153,-2.193888689933896,3.2915118802431427,4.127480606525943,5.898702582049718,-1.2038822716026314,1.4152869347230665,2.648159383600922,0.5751705735753441,2.027892781197719,4.1062188323583,2.6133611343054164,-1.3386609237959821,0.014291508953120712,4.553483098801331,5.751391646615254,-0.08238665088641675,0.4211814766649079,8.37676725762043,5.511484021651857,-6.332212910389952,2.2174597072024373,-2.335087963996931,1.5730129743268297,0.25146392643836746,-0.8879470881443415,8.465256958126668,1.5724415972491923,8.139689465380146,0.8853925384258826,2.799597380959137,0.13333601872241257,1.6975968972320419,1.2768657805183474,1.245941757865863,1.0958558669314915,4.2011965391793025,0.9964310059783932,6.670524825565299,2.547404413225298,3.4017698246894943,2.2970136068720928,4.316888284805964
2010-10,2.2362482137071646,1.1165929074196776,-14.718835852430642,-1.459594548174573,-0.9550083808798423,2.624096576093899,0.555030243964663,4.176752099020577,-1.0288491031007794,7.1907936033277835,-0.21586524213458835,4.450954156813364,4.438540965647957,4.779306835160297,-0.3554223299323869,2.7303690726384158,2.395648961958635,-0.6226856436066918,1.833405092291679,3.3920784920954175,3.8589809572304237,-1.2765946066871805,0.4701780795382667,3.2162451477714584,5.002065481276401,0.49957096500735454,1.516439276776456,6.035689773315235,4.131782064087787,-5.305341471892481,2.381648935949504,-1.8536638082073336,1.15064027673048,1.1925641117707468,-0.8711458498778272,9.379407105639396,2.6530503738826225,8.253457721055188,1.6332860010588486,3.2169182560117573,-0.02245392007832033,4.308238816106404,4.079114335679277,1.518716128899569,1.5144130737397754,5.093198887610249,-0.46891955927942947,4.446128969216503,3.2882227705319087,2.9948433509170984,1.7795032074191783,3.573656386389735
2010-11,1.5303773834781258,0.05372603158593397,-11.889636693058174,-2.592482377642035,-2.8462154069442525,0.638429325419777,-0.7141219279535388,0.9432901917366091,-2.6056277236417142,3.605688334163678,-2.816248369429858,-0.0916538344396003,1.5692944900257042,2.7692527762228534,-1.0335996189598966,0.004510083869700226,-1.3244863931950055,-4.69216377188062,-1.4512321370732626,-0.5830419715115575,1.5000137838655176,-2.63321471551805,-1.9802074245584382,2.9557858562432315,2.147442582708641,-2.6301837900766496,-1.4200853155052224,3.0814655168083904,0.8489385559067428,-5.172213476959413,1.731989770643354,-4.324915490682443,1.3764512207605775,0.07589767187746871,-1.9828065376395112,8.253752245674969,0.8436618932995585,4.107527591133613,-2.4870044634701336,2.062718220015792,-1.7876772207815677,1.820189920339341,2.089078901948912,0.14136913617498625,-1.8574759386926245,3.436757333757387,-3.292338065892598,2.3768881225784777,-1.196577317665719,0.98739181021935,-0.5886540603764189,0.16537749596218276
2010-12,1.4275143035066578,0.06389454436780106,-10.701184126639046,-1.2835514344006784,-1.329641532115834,3.841880847499277,1.6885017747311715,2.5321810098655484,1.347443292529836,7.76444233960853,-2.3015795717296044,1.4152158698344226,5.7224855909511705,6.208656615617338,-0.6893147932276354,-0.7565908829856959,-0.2821375004130795,-0.4624798848926398,-1.033161110906953,2.1661444563401777,3.441748904449985,-1.4097504395257332,-1.6317449418006544,3.5974967574159105,4.401157551651403,-0.7422008189765443,1.58028842400374,5.144170033221599,2.1716437025670547,-3.832739665384254,0.19645438330523599,-3.56353774035153,2.778742342526428,1.1549930628512477,-0.6434429573716428,11.20981341600522,1.2828327877653625,7.468210710458625,0.9708857192884899,2.303885157029915,-0.7693078971309749,1.4865934960581872,0.8354419945532379,1.546446983612606,0.8844712494373224,-11.821909536299174,3.222189110790085,5.448690725106941,4.060864402481166,0.5482222914729953,0.8765789391376184,0.2066467828046003
2011-01,0.8713811929663412,-0.9371103758019432,-1.7925398741451202,0.3896119341906587,-0.736118780203815,3.357462194590213,2.1379002331852193,1.2739275228660898,0.003527223704389174,8.575541711462332,-0.3646868154487939,1.5390338463778397,9.074037353866924,4.5819930698468205,-0.5334933447918955,-0.07863972236384506,-0.9217171187145777,1.4949406213028145,-0.7210079167664796,2.9085014050252513,3.4910164545722773,-1.0042672073749603,-1.2038151288446364,4.721593312343981,3.6333644816607635,-1.2196479033045131,-0.2740986381914059,5.598121503846006,1.737239034620255,-2.908113440255074,-0.23209168104996605,-1.3037473845508174,4.468315715280653,1.7457498348174991,-1.1373209809251528,11.257278660925946,2.939794405801758,6.163388900989476,3.7064528804597168,2.445828800647399,-1.5693965429742667,0.1385480609053983,2.412190055322702,1.8530480280288388,6.2582208666142725,-9.869907176006825,1.3009044732879569,6.40048492080087,6.280070343414963,1.7023551139198896,2.764184548488076,1.8670967476549833
2011-02,1.198513132039772,-1.4515506310264705,-2.64104449609553,-1.2799657141185556,-2.5274690863703126,2.4229816358898257,0.4791165001763472,1.7170994058886673,-1.1053401333342183,4.169265299643935,-2.896015774108525,1.267400562001691,4.9829016642079065,0.8145763484162134,-0.8769653253864341,-1.3599031834062076,-5.5122940099650695,0.8131147329568975,1.6297186417801985,2.51928872967612,1.3393880180291473,-1.2072100100848429,-3.0071340330043443,2.666363759638157,-0.1925206633157758,-0.42179369420475615,-2.3125674996529058,3.6110481504447822,0.07999693267145747,-2.93214970596094,0.26738042784398,-1.7120497265417467,0.04810842183493927,-0.2408370507783282,-1.7295363278554359,10.610820580556826,3.2209358292410326,5.826786923631682,-0.6088479082779963,3.48393712862176,-1.6537542877262092,2.4746807285263936,0.6174053564235958,0.13286233243666365,3.7975656241904376,-11.627687612380058,-1.6683150415218613,4.0982208478801105,1.3504255722325507,-0.9915666407092327,0.9572005801730012,-0.7059730233636682
2011-03,0.041091381286998435,-2.5428357519961744,-3.8429088640233653,-2.073097440067055,-0.07394032022179395,2.3061761162498735,-0.9928355279907766,0.34064570688173695,-4.019264206803043,1.970226980921348,-3.933430119997045,-0.7978414452360111,3.4486812966046347,-2.4259811382121876,-1.9466861880408575,-3.3213994810981764,-4.986830049755849,1.0194123672837487,-0.785268401214042,-0.14210121798188352,0.5736532905554943,-4.043293585507199,-4.389712968650473,0.08873340463796336,1.4989017591876308,-2.4411509591046547,-2.945658361621948,3.6154564934691673,-1.986663356428139,-2.994285989174504,-0.9915628212069967,-2.071835156667115,-1.9857400086619732,-1.1916076347391769,-2.7585203716258673,9.11534846897056,1.126981532349536,8.149630564788808,-2.2935251634653335,0.9701251164789721,-2.526526972944047,4.590030084042578,2.10436138010533,-0.30598064894878046,2.606237455698486,-3.8353787839694315,-1.4716091628804382,1.5858789980721568,0.19538091899678625,-1.8137815124184626,0.690854195708658,-1.4385587656889802
2011-04,-0.3882335613441634,-2.8582750809687942,-3.7408077280788667,-0.9428899989356044,-1.654738537864461,0.31456713729298,-1.3041019282954789,-2.6611554311144854,-4.72279920284986,-0.15437665644781462,-4.868766954241467,-2.2796918835077586,3.6266688038837422,-2.512820752029921,-1.5196101595934095,-4.52014335431846,-6.558253849098436,0.13024292068552268,-1.4002890750015295,0.7748221876671616,0.5693568531598195,-4.386272185846404,-3.67154103117089,0.13184847141800146,1.891451590374949,-2.904284435577278,-2.1484013106287123,2.2193886452089373,-4.123732760123815,-2.125442612230944,-1.4252893945029135,-2.5775303906814173,-2.3236886969641852,-1.634328487124062,-2.204672802960963,6.80935566539106,0.6996811270126224,3.7297953712641427,-1.6798976449785699,0.6256666535372797,-3.462482945648275,4.168963104566044,0.27698113164614263,-2.234633407000262,1.6970892619413953,-7.433671995852412,-4.216700706873527,1.861248527266842,0.23679262667363324,-2.6872420264086596,0.08070839161585142,4.6115533187854085
2011-05,-0.6066249631736463,-2.625629365393248,-6.770809201619646,-1.8575807474537194,-0.179473327101057,-0.05318970319906155,-2.8981824210341163,-2.659994810573575,-5.369799139631843,0.6625600617720028,-5.157262183822487,-2.465395850276842,2.593192663622075,-2.734679825040719,-0.5768281111978324,-4.057123614813608,-4.628846612723054,-1.0652250421980027,-1.7584556393225415,1.9511566705694077,-0.417990357737864,-1.6942311864454223,-3.5480061938321388,0.11437700439665083,1.0461611040095842,-2.809014491591208,-3.2187884518440866,-0.2635900940474317,-4.7725548787734065,-0.7046493804628694,-4.9333908293416995,-2.8154229222304696,-2.215065372961621,-1.5427008079199611,-1.5575873836232055,5.785805025643585,2.0253815299764626,4.103410961660388,-3.254017627221146,0.16149494650161136,-2.881080208189202,2.3451276948888453,0.3217770866370823,-2.7763488491886203,1.0360459319601025,-8.623914559566868,-5.398618859490862,-0.32281088677723924,-1.254377933295346,-3.4471443134348765,0.15042582156019732,2.704513348728782
2011-06,-0.8008193114017194,-1.9962753619558609,-2.349614357132566,-2.3919728278759234,-2.195387664357028,-1.1222689108664272,-4.122724023295482,-1.8110558596125526,-5.369239878494885,1.8663917345072307,-5.167638695501695,-2.6459983311989608,2.594440003468167,-2.395559797375537,-1.5259152748454063,-4.0031709272849625,-4.721908132076668,-0.08036901773912086,-1.613016802850962,1.7390069204033007,-0.7458407364895371,-3.9738959593761,-4.028746370362116,-2.557476131017932,1.3907583395399201,-3.649863766519179,-2.811517440554965,1.6834862971064544,-4.916329871199329,-3.4950523216812974,-4.195285971007264,-5.4616279214631565,-0.965240901981286,-1.564741374047289,-2.0593854309199555,7.479638486917452,1.1320786787133252,3.814718426464861,-2.359446495561084,-0.2768690216448361,-3.3825862498832717,2.700234618422291,-0.37566834292764534,-3.104439177588654,1.649571591090862,-10.47462920377789,-5.193573658641715,2.595420974002421,-0.617911751663266,-3.1639247752842903,-0.5176907445949278,1.708184502506992
2011-07,-0.703800929036862,-1.6599104619129446,-0.627232106279583,-2.448361834675792,-2.834733969107884,-0.17090958364416312,-3.297481302987316,-0.45357707473406006,-3.528137898726717,2.696439018236202,-5.275889251435499,-2.463148770133269,-0.02422078839702515,-7.932697649486747,-0.8380905105342944,-3.9529408209121084,-4.015432917528887,-0.5197434551169007,-2.7927958442338268,1.7130877594787277,-0.7764334035740198,-3.976439664457178,-3.705653261673318,-1.985456689247584,-0.12329924148065377,-3.451019162518777,-2.8906384906997578,1.6729866957876145,-5.076483754324124,-3.024747522968901,-5.231239183681937,-5.829444989490589,0.5837606907071924,-1.2204464257222178,-1.3702752466976462,6.895340829481965,0.7324792198231165,2.223959379896496,-2.431490612380182,-0.23665900386065095,-1.3155436651262156,1.3342925580619622,-3.1867890422697167,-3.389529485714396,0.6379206156941178,-9.517626829886511,-6.226570399689528,2.730858329249572,-1.2356403789342802,-3.9160971654265344,0.10976657548641394,0.7947692731922482
2011-08,-1.4716552224421104,-0.8092789879482767,-1.606829336459566,-4.074630206143529,-4.138800197686486,-3.656250622570413,-5.529517445173022,-2.408203288811945,-4.597815003641649,-2.129790173011531,-6.6554123940652365,-5.168340401562329,-4.939916221343281,-7.692015310626258,-1.3965069606325204,-3.327093159448,-5.185420416804367,-2.6651978480056915,-4.45179613906724,-0.8571152306114728,-2.186301813309021,-7.431599768667531,-5.31001141791836,-4.760991281396051,-1.5372373731610807,-4.005368937558834,-4.225980958169298,-5.484894094187203,-7.056334649410924,-1.1302533503392558,-4.846050414473195,-7.077445556327822,-6.930872023778909,-3.3956753326529787,-3.1202308507377094,6.028728953379249,0.11174167404460217,-2.8382852523943307,-5.908006641183908,-1.8801628607352197,-1.3292673885497186,-2.8886300882471674,-2.285231639744675,-4.540507208048039,-1.693164529532172,-12.687770026251336,-6.595939081173201,-1.4979286767688762,-5.852847938599453,-5.1535792403939125,-1.4133855684662422,-2.311302856461319
2011-09,-1.5699150495183045,0.7271024389799237,4.704818274963061,-2.189270406223244,-0.005820371320666449,-0.44125011059776287,-2.138224622541447,-1.6372431305135648,-0.34677914751461475,0.3271753081788609,-5.3248221024765074,-2.932853941190056,-2.159145567964689,-4.173836182914714,-0.9497405657463722,-3.57255961037609,-4.802992132982312,-1.9715678425164584,-3.4367513609979055,1.453560842352748,-1.0081544181113893,-4.671076336213279,-2.5085356434209745,-3.914807306830996,0.41818747861653016,-2.64828919374323,-3.2109069858526422,-2.9617587107549865,-4.884784733602599,-1.4714426014465827,-1.9608711003009933,-5.009043189859211,-3.568074025411236,-0.8435270134040986,-0.42231888487163993,5.558563679660556,2.480573717630909,-1.4296195670350702,-1.9602689364197623,-0.8517380281520749,-0.4732510085337928,-1.3209967642378428,-2.0218294343698338,-3.4857456898115835,1.3282834213922476,-10.492676719062553,-5.388117395007702,0.36210171981822065,-2.413223856778253,-3.4435323133129283,-0.1909815876306658,0.24685791017176406
2011-10,-1.1215015653850509,1.0331784885845219,14.82601159863805,0.06412176628487382,2.734856538371994,1.5517556139742263,1.4048434785810577,0.5186128452087612,-0.6243147235799662,3.178776513968784,-5.173421132103249,-2.0492124969747927,0.6295653706732458,-1.7569294525156622,1.157975918233333,-1.867516080068082,-3.2696211837044657,1.3488939604855126,-1.617848724286914,4.1240309113200935,-0.6845024943569896,-1.6075314075585374,-0.8147727395575939,-2.0968875007589274,1.2266666408917566,-0.2640481083814792,-0.9174699229895518,0.7410625317650728,-1.531739895659536,0.7789186515709675,-3.6136087201990152,-3.2322160042650454,-1.6794450480559049,0.3553381913521862,1.621757918888524,8.730549249437109,3.4291403582583793,0.4822999863204282,-0.6266496942359315,-0.011899865255879731,1.1559106002177157,-2.2646064810461777,0.6182225142487696,-1.1493373236796198,3.714836175204074,-7.088862662391543,-4.329142392164726,3.570800781027539,0.46150041313477486,-3.137687788751906,1.118069669160137,2.6691452565370746
2011-11,-0.79198449498167,-1.676529734821766,8.452683858211357,-2.3058376644302117,-0.8748002074890786,-1.4648512206992457,-1.7026556506411672,-0.5695775686576552,-1.6830448898919275,-1.7778898830931553,-5.778134110622032,-3.1950163820336033,-3.078158709616685,-4.583958399104642,-0.16506810729254276,-3.853509104111378,-3.0477536700682566,1.792621903812342,-2.9241238881107434,3.287052386301676,0.3091437413212956,-4.664489578568152,-1.1094411857408444,-3.947261323842673,-0.5549136980278842,-3.1273715183634123,-3.504562032587751,-2.5577348415816172,-3.797517346357756,-2.8737937852026296,-3.6051325234125304,-5.428231230884024,-6.14058247519169,-1.4760662867526704,0.4965200841138693,5.454766600088866,2.3162146006033906,-1.029139302449298,-0.7803370276838508,-0.14037975193068913,2.5906913861202403,-3.417442942709598,-1.1283729022527242,-3.8806670083289245,2.504221976989501,-9.375382218086646,-3.4739894040027828,0.28903693943787145,-2.39164204063557,-2.622221496951228,-0.6744049824382653,-0.6966860961317858
2011-12,-0.5830722006758533,-0.5734216960566811,6.788186047718038,-3.107603510802384,-0.3327549488389687,-2.081767990741041,-1.2928147278135185,-1.099395833785979,-2.3947369782154477,-1.7601401808879906,-5.328354500596281,-3.2778857485103674,-5.118339265938603,-4.597098933962541,0.39410714774374994,-2.224780548714038,-2.208828159597312,0.4653556992400253,-2.383923545865594,2.116638225205946,0.8771330544534236,-4.330052604717626,-1.1849164298913708,-4.149409990355334,-0.2832724464042985,-1.5453897099669034,-3.4792514125554233,-3.275001969943734,-1.9491065685902216,-4.735298672747165,-3.120145836169187,-5.316783228225402,-5.691751009286123,-1.2990766502302489,1.1972144541631846,7.157389685173941,2.000257205571442,1.2422707714953891,-0.6805845951269629,0.9288304043915454,1.0545929090563444,-3.7833589593222103,1.0468919430944341,-2.5636864579334917,2.0587394389173856,-8.385670427240147,-7.01835908970785,-1.4138667533715557,-3.741007970560812,-2.987005018308249,-0.1084973025718661,0.9880988491674956
2012-01,-0.2734812683092561,1.2961072827585203,-1.4249091792608628,-2.537566943319931,1.6954733282438839,-1.1823600251270452,0.9092684468400218,1.2470982507751027,-3.5835849034272886,-0.4788053511396429,-5.267353071553559,-0.39500523653982644,-3.713582041762928,-4.694263609577288,1.4339607317067256,-2.249238154434914,0.3009847545522618,2.2169482726425263,-1.3031475097885634,1.0698482210677687,3.9181646723338175,-4.445155521539095,-0.500822627577826,-2.9821452002737643,-0.7108321546606786,-2.188889598532504,-0.451610299162397,-3.396800962033425,-1.2506158523366355,-2.3571791042446657,-1.7199576401002374,-3.545325880796623,-6.212617056864339,0.032491037491358926,2.5803097762822484,7.48835785679559,4.216061818632003,2.0424754366348563,-2.013933386666854,0.2420004622764216,7.1801420899949315,-1.8699497365251738,0.13571711429440383,-0.9673767929477957,0.31769368395179565,-6.053691648044246,-5.384002054050661,-2.256249649261248,-3.3665815955254503,-1.9956011420760427,-0.27320033996034493,-0.09116349184759666
2012-02,-0.47115564927951176,1.4579688130469686,-2.7274631649110708,-4.156922391315216,2.464427521715983,-3.3632129328566096,-1.7256139654371099,-2.28173635972629,-4.926463234316026,-0.14016839681850926,-5.703329633591271,-3.037461499290364,-2.559848693281991,-3.0668824627653404,0.5379014551563631,-0.9544051751877833,-0.2122572814774332,0.22292073390542808,-2.7019085866819252,1.1448481872503018,2.5657209248314135,-5.211756284422661,-0.5021923411940609,-3.0105383533105696,-1.17943915051277,0.48320448052271997,-0.4147465527751301,-2.9000455454623353,-2.618899046441415,-2.7836126136553356,-0.993919953538499,-4.159553510973886,-4.710229789833474,-0.13746210089207056,1.876417409763358,6.65355523387559,2.8575529334655307,0.01438108563017247,-1.3557108343295563,0.02421898674551359,4.532417402120451,-4.215851077113052,-0.25004723914077065,-1.9532307486304994,-2.6697926564271173,-5.792807764847754,-4.665701336216521,-2.020037082470434,-3.1447112561587818,-0.7438411795709676,0.016096202159257736,0.8786547095596817
2012-03,-0.20597968449302403,1.6685224038146491,-2.652599649696965,-4.10023836776554,-1.2826993194650296,-3.6917340360463053,0.01265895551013621,-2.1772529960529896,-3.280618817182885,1.374901069547379,-4.381826431123294,-2.482882622720795,-0.6126726718908093,-2.9071752238280664,1.3719477431951308,-0.2082839785785735,0.6386910933297052,1.3230946776876584,-2.263556254281847,2.8520893476418188,3.7414934533867523,-3.9410605583997156,-0.21827075140914168,-1.8752659510898748,-1.9352365550264607,0.5073006409648143,0.7225374455946135,-2.6627756171266688,-2.6933337477989268,-2.089607851686679,-1.3421684012240191,-2.6559801404755574,-3.9426100606422785,-0.18656106961574645,2.8598537083800375,8.749537343747313,3.7643462326440087,-1.619774363803627,-0.9785029142461537,-0.29930287495052194,5.562661576382859,-5.174649695125436,-0.6915841049603,-4.1784568604319885,-3.8286886968973164,-8.952921009999587,-3.673498575233073,-0.7560675647666059,-2.7252854388295895,-0.10063215698536164,-0.09832779285939015,1.1567339335605171
2012-04,-0.24621093325166724,3.1103383614200526,-0.3531852485956379,-2.6377269708631297,-2.8321719810695223,-0.7007678602545654,3.8723925168709075,0.5118710763756931,-2.484540826550718,5.486294453786849,-2.9147403208148215,-1.1153402555849923,2.9540159245335094,0.4696934918785327,3.8778172345858986,2.4217566660398897,3.235142741883163,2.419228347430433,-1.8114235540042176,3.1621581233082314,3.709650743206669,-2.441593121213123,1.2719990115478257,-0.798680449302578,1.373834771293205,1.7956715763808788,1.5213736186678781,-0.4610689719329907,-0.6259223559490683,-0.7437465722889187,-1.0538254733474803,-0.7754200751219839,-2.15868177839613,1.5282211553441434,3.847160924363942,8.53042517964364,5.808019563080094,-0.5458952426220278,1.985082299827938,0.436467813387851,6.8620451279490595,-5.5809242122190525,1.729511657282292,-1.0921215626768808,-1.1884568657108259,-7.150472246171812,-1.4626081385070184,0.08881968731022521,0.1086935615355407,0.5017884734654161,1.936230899171442,-1.2745051824041214
2012-05,0.07729814996528195,-1.296171720030735,-0.22630304627207914,-3.7165701508871924,-6.4541040582066875,-4.860136844935531,-0.7239697552343912,-3.5097527947562543,-5.654189585238616,-1.540985859764808,-4.471895153569632,-4.397168502218232,-0.9233858097723273,-3.1326822005900414,0.8293668217253192,-0.37583873946638596,2.1955992181414037,0.3381057807318101,-3.2911682663319937,0.7569056886149576,3.672849297253421,-4.8867457746220495,-0.901429275170822,-4.328446147045111,-1.867241962505287,-2.4521750458822926,-0.7186041399365695,-3.3544958179417788,-3.168018764481125,-4.257098466110528,0.05211346368363868,-3.081625395352051,-4.0546686022339875,-1.6183043605646552,0.848771512045276,6.248369291074334,2.2715096142095437,-2.403495698950404,-2.437632501865674,-0.8141874779196026,4.773516613764939,-6.578925778893967,1.3962735022546617,-3.429320389370713,-5.345629751187324,-9.508162146954716,-4.477854388885097,-3.6843193069318554,-5.385427693243721,-1.2913952513848705,-1.107253653459209,-3.585380861949148
2012-06,0.5791690628639533,0.6616304123374515,1.8085293850148323,-1.1537244311001487,-4.096414296849702,-0.6517944652170209,3.5625750007130366,-2.0240150652082556,-3.435811555581827,3.125692990055326,-2.476811797991606,-2.389804467631671,1.830989011265333,-0.6597053653356102,2.528933191583168,0.9780603842537742,2.6586114925860818,1.7450917025495851,-1.6638194222331963,1.541711099398868,3.7639688453996802,-3.0386069772585795,-0.028319130326185375,-0.9247777466511826,1.7345154819072364,0.6599680498703384,2.217637358878984,-1.250728661597961,-2.3079843814085006,-0.9761218106942193,1.4227414131991383,1.0427112213610903,-2.922329144899734,0.40990573295537397,3.7244364200000697,7.788935010107066,3.6344828803577784,0.05511097408694453,1.0391636048668789,0.948179179954031,4.433438603918158,-5.083529921988187,5.035080229093293,-1.2590729026601357,-2.8416627357936357,-6.204556479016555,-3.060308690253312,-1.6663801995880616,-2.137071295101788,0.5006295196076891,1.9140767274522037,-0.24135181289060953
2012-07,0.36134731551596305,0.3233360067915192,4.0490284515111705,0.09448295575353931,-0.09827626550189443,0.36155355911442627,5.2998144845001605,-1.9417286382778947,-2.2484956643100706,8.10814286928554,-0.9001613024232925,0.2946583282757444,4.861177184850915,-0.677409010742354,4.19447173776576,3.1234944005254626,4.441881004381017,3.1639354035084555,-0.7936794444765104,1.2202104097452877,4.102607903427855,-1.6711736685486769,0.6742364091624885,0.3040057224606566,3.548447715455115,2.282752876577095,2.5602465175023665,1.6857066538973329,0.05068937550690828,1.4241087142354247,3.664811893131777,4.438893613000759,-1.4398755892594535,1.365098371096339,3.717980180432846,8.582149713249027,4.879033850772216,1.3638269871500681,2.354268256591682,1.7100588608664313,3.9631557787814637,-3.173064254880549,6.041649209541364,-0.3812289276368727,-0.12786150549081626,-2.72029662096162,-2.568047260620045,-0.42443276102432387,1.2450442071625658,1.9354539923385834,2.8788474719734203,0.3205512117820264
2012-08,0.4617364780876842,-1.8392472903184525,3.5388902560804723,-1.833542388801921,-1.0785509951738081,-2.1442257207981106,3.050523525424019,-3.425697562735569,-3.854823010214798,3.3226960638624585,-1.8318007708716264,-1.5443449310264725,2.7274235730085814,-0.5746601883957121,1.5118138658425468,0.279116378222128,1.6702032054061227,2.0032624394999634,-2.3102094944998317,1.357411806065481,3.6588097181561268,-2.181050727653707,-0.5699506521782526,-0.7694343176597922,1.564569768415238,1.111270493833668,1.0242798882297564,-0.2925683047919742,-1.6809638338839206,-1.413573198073878,1.8205476142526236,1.5892906663614248,-0.43058531119073995,-0.022044019956188068,2.3249521123029764,3.9422581317131966,2.8526050747923435,1.4239509904987977,-0.0871321004328219,0.011219309862574495,1.4043461334130232,-2.43309481600878,3.9344972257420037,-1.698948558164851,-2.3800432056497,-3.7901903042414626,-2.2316199631882068,-2.053926078112944,-1.2883038832331657,1.492482271408782,1.195901705868036,-1.1762842881088535
2012-09,0.04189706488976158,-0.8168376748378046,2.1364278160344234,-0.08073383437753417,-0.3193582642124611,0.17282319877421146,4.940713750608083,-1.517123029546002,-4.191906554561255,6.318603180898065,-0.7331512330313354,1.4363914967622646,7.327925997302655,1.2226434209611723,3.03116179611978,1.914013754183571,4.104272786796786,3.8080573977960595,-0.46983397938800286,2.284642024209542,3.6002209952600803,-0.11364717428217275,-0.323220993993871,0.7174972793733948,3.773896965522536,3.7448827664285735,3.4708466475543744,0.15705476769652735,0.1117557058843436,0.09787066993783995,1.1824068483371737,2.9126183437312405,0.3327639980931158,1.4800981847598398,3.799044187538507,9.517088151240888,4.263241920568676,4.0348802866813465,2.656015480064204,2.334654934835554,2.4858274599249115,-1.4844557142998873,5.593704003275252,0.4376833636788546,0.24185520353296447,-0.8111834308515928,-2.2664773965361364,-0.20295878085717173,1.760339283953458,3.0553549572880043,3.852368682898064,3.3849352797125443
2012-10,-0.5976064595488997,-2.9097356664340683,-0.16804555654302294,-3.4128993651539097,-3.9952267123704255,-5.5878030812242265,-2.0278567672110386,-5.089948495090642,-5.82759876121877,-1.8262535677315272,-3.0063421191016104,-3.6048099970578673,0.060871271872517535,-4.240013982618902,-2.06526092194485,-1.407170478636912,-0.025991168212286524,-0.74115534165105,-2.589752915316626,-2.3071936172717864,1.8801635264220091,-4.1378805282635005,-3.3137658489276802,-3.4068936430116312,-1.8165127023408292,-1.4586052432625922,-2.5153538955196963,-4.66594235813221,-4.989562805274705,-2.102205846739553,-0.14296137735534759,-1.6742141011242038,-2.8854708947780376,-3.0070420367613955,-1.4989273029732373,3.4957727159123317,0.4908078194333598,0.1633843796945671,-2.7257844210269355,-0.6454773058165911,-1.0979788815333567,-3.4620525733961496,1.0539059525327563,-5.3442990887321775,-4.866871312342943,-5.174866773247027,-2.4019178157105703,-6.5842345388262045,-5.607603252428667,1.2508874113636248,-0.757083953574037,-2.6156922130866382
2012-11,0.17329093120266056,0.2950042948790565,3.3161452992356977,-0.6839414641573366,0.5791728620813543,-2.3869232968779923,0.9562019374857542,-2.5400634268671025,-3.2366024914743274,3.569071813888424,-1.5420691297215838,-1.1346499580801093,5.828347935570867,-2.5018069301591055,0.3223065627970978,0.8736996051864855,2.972964954090603,0.46264698986509706,-0.9456240129860003,-1.1745202093597038,2.374250784080907,-0.9962127850788843,-1.7505161021116151,-1.519474790063438,0.06994014294298413,1.9324727104671855,1.3145871390199644,-3.590584779678225,-1.7016541876472306,2.4791911603133387,1.2873873317889157,3.2702244969458616,-0.9061815340705501,-0.5569210961630269,1.1623399595063426,5.541229256013762,2.9126512489709597,2.942532287223452,-1.1740055521624917,-0.21773451878625052,-1.419849019093666,-1.7042275763974732,0.4198347002342549,-0.462678845853728,-2.6352217266182825,-1.2145212959771838,-3.698678571171823,-3.302916178509832,-1.3012404578484469,1.966464445836011,2.1700262867878353,1.698395331078562
2012-12,0.6970674080405734,2.3719103039984137,5.192590260832436,0.9880862309990153,1.6609822219777457,0.9865331586567968,4.6334273369577295,-1.7457331480592628,-1.1874277779217697,5.7530482020949405,0.6757020135645957,2.246568334750894,7.80054325063442,0.7036523100439076,1.7031601674469037,3.4737224450021658,4.338802076585711,3.0517172346803534,1.6412269503397543,1.219200707281179,2.495175319614055,1.5529402981886118,1.1906425326468564,1.0303319938073383,1.9736269228721521,2.680004508395429,2.602091528407523,5.716290186116059,0.2622803265516402,4.084013187137446,2.3361354946766206,4.892415506290691,1.433428292170334,2.6373548863984153,3.22033905264534,8.210530478793686,5.381397454870879,1.540683514014143,2.003785991058917,1.475300836150381,3.2121862483350188,-0.18975734291256685,1.8201752129623099,-0.10240578588985229,1.5044376610777328,-1.770861678808425,0.016033843188416236,0.5917148694939559,1.0592493140464854,3.9542453137956484,4.910414763693444,5.890056895629575
2013-01,0.25488448886028336,-2.293898942704537,0.27079839320893184,-2.823440238760727,-3.5631588698879884,-4.861667670182668,-1.298225395365255,-5.744657466768004,-3.7825747215267858,-1.1842294359951338,-1.7238679236116605,-1.1079368086158272,-0.24578906971853023,-3.2860006251838727,-1.8921694421831041,2.0764808387183193,1.1255709985149753,-1.181121527034713,-1.4955421710242085,-1.4510554816171881,-2.0078429850758037,-1.9568203344580974,-0.9382591272859132,-2.161084063374578,0.6719263768339774,0.8699430291836692,-0.7654765731629188,1.2474700092216737,-4.534380616088226,-0.4085324218217939,1.7212241112379887,-0.7466419421228895,-3.3742977141051234,-1.7121504356152288,-1.411159264637076,4.487948814699662,0.6518280990297491,-3.8388348192396187,-4.155497691615348,0.19604288022543126,-1.5311014103998837,-3.412303400977302,-3.2165853416823937,-4.623946037495279,-4.50138382071837,-6.036535750331843,-4.0132519592437275,-4.253627037181938,-4.514390609549385,1.4773102093084063,1.7003037790856224,-0.19042014335237117
2013-02,0.16654860917889772,-2.356684356550958,5.7198037409721545,-0.4979761720147145,-1.1863408680727094,-1.8668423263345149,3.714117954027428,-4.293912222474756,-0.12550666004735894,5.935771755791622,-0.04933798645746231,2.032035448826126,2.708273341947183,-1.739986844287724,0.0795118166011094,2.331754996791177,2.759916368572231,0.3511191704426796,-1.6408394500615275,0.644454106395008,-0.04208148798921651,-1.7548766548170325,1.160851082034674,-0.8501141110832519,2.2215580369264267,0.4227044829508549,0.951455895156216,4.205740557424898,-1.6837829307719074,-0.7896786478731823,1.2447617831724478,0.5361474655376349,-1.7681286706174508,-0.36954820776347874,-0.6535176023617956,5.8485078519008855,1.147851329570181,-1.3778681341874157,-0.43346088191679855,1.6109836191862876,-0.1469282990461813,-2.1471670985957876,-1.5099127039292997,-1.8049545301145207,1.570041128498327,-4.396100371506781,-1.9988941212400828,-2.86161815116132,-0.2517605779586499,2.7650957483852987,3.4634023051358978,2.704175016066097
2013-03,0.7390100479999192,-0.9672733529889375,6.123463966951621,-0.5523089950616753,0.08743570796611823,-1.309181474133064,3.9769668103067755,-4.274042878068612,0.7631013177773642,3.7485687898381705,0.15993772155206792,2.360018277823546,3.750490891146806,0.6590001088556576,0.6274163619530853,2.5514082454030755,2.2739498760984125,0.6676358593360122,-0.36677700590186696,1.952390757150628,-0.7863375939177754,-0.35491670629474437,1.103247754797438,0.23299208616695113,3.4320418610132712,0.8317942580569375,-0.04904741620686698,1.2450876508694373,0.1284656561122291,-0.0014726424336082196,2.507601585906262,0.769933127173794,-0.9315549845590942,0.5765583591520945,-0.15516247002971956,4.610609177748493,0.8295108810733596,-0.6790485382347065,0.36851172489582595,2.2860387023979998,-0.1770182233800457,0.9458814198731167,-1.334438440623861,1.1434251178691934,2.4531458315598447,-3.571498954878769,-2.068329472805611,-1.7254947189835925,0.3567934520919427,3.178636208175005,3.336334538406945,3.046825291045134
2013-04,0.9784135232806782,-2.902753632611122,2.3685863353262966,-1.0755397291228135,2.7525919219655837,-1.1164840683133397,-0.6075691932416903,-4.499472898829469,-1.6755478567452513,-0.1318474977946629,-0.8408866351890292,0.8888383385524785,0.4333041770838833,-3.10610768648307,-1.8421473540997553,2.0833584613017093,0.7328753317460261,-0.42633717733673443,-0.16756027921011696,-0.6394819666408145,-0.3258279093656834,-0.13184531686480236,-0.20740449071913455,-1.2590168051602437,-0.018762521311711303,-1.5328275845846453,-1.5710859092721936,-1.5189996026754815,-1.2690215728049785,-2.3124716120275863,3.8775014716761627,-0.3498305342802376,-0.018772010584008274,-0.7128246380419749,-2.5837083827612783,3.055637696476995,-1.3146958313250232,-1.8144518076375837,-2.6805768726614714,1.885285632062077,0.018863997222107687,-0.8460467988486794,-3.30544881998863,-1.7750582558844292,0.7892133940673727,2.6516040817301705,-4.022230400001977,-3.38274783763344,-2.7895128240442553,2.546905395215126,1.8149959488515257,-3.100446386510631
2013-05,1.0156256509604014,-1.3809092354231298,2.0948017618090793,-0.13770520854679266,4.887713295666129,0.5329443930545267,2.645638122787455,-1.882884899769982,0.24862151777928376,4.443496818725946,1.023223599999337,2.785937631029057,1.3467041929280064,-0.369060579179881,-0.17934558708928916,1.983034901609631,1.649983664496717,-0.47781789358901866,-1.036458368528576,0.06877474630779958,-0.47658578669204177,1.1688228859401846,1.382009113306578,1.3395174845574993,2.587134990236294,0.439063497678858,-0.29749240651414466,-0.7169703565592709,-0.7878505307408776,-0.6727255656021183,2.6739336322683522,1.0565955458438536,1.1010785316902563,0.8096307229338585,-1.113562574080779,4.651199682175679,-0.14628231678169068,-0.09800058169489781,0.26563432746658006,2.5762958502497413,-0.5392817499668786,0.16331295614346175,-0.7266373100169545,-0.64931846183947,3.2122395384784217,5.615813094916602,-0.47915980615495524,-0.9159374955852931,-0.03394917442399411,4.463940117337514,3.100277929981227,1.4072104667333334
2013-06,0.7466717226781757,-0.1254465614432058,3.590503099012078,1.7835007586483735,7.315996019753461,3.1988856677055804,5.486406370588231,-0.03952266944136165,0.2593534513857285,8.134342654168316,1.7810030027338861,4.97069377070207,3.790730013713136,0.6112768614530947,1.0823108087606041,2.821923641313398,4.171300748666038,1.779055716693419,-0.6964723907015447,3.2147154267361056,-1.1558253020303575,3.011252152472526,2.8436126726211977,3.8647025346910704,4.086037050878933,1.7211073626581328,1.0937397249998755,2.925120691823855,2.38621789602006,1.1988584857642275,2.8584848177868216,2.380125720864602,2.3341879176212736,2.7619301179366778,-0.2964026712032409,8.791587320785471,1.7246684653283006,2.372288749423472,2.6600172874464203,2.9655678317722196,-0.3096165820088847,1.3463312450384388,-0.3891770554853518,0.812504020244346,4.996440445706947,8.382489940206066,0.5483086678635899,0.458601285714151,2.871846273370456,4.307476079562191,3.164699999868792,0.9524930783951437
2013-07,-0.005294703738107364,-2.187490245603405,1.2322448398072874,-2.7935929272756144,1.6425529186042238,-2.6266650811228818,-0.9466992432024655,-3.389575536911453,-4.696462119505342,-3.2542524099500003,-1.1533021079481098,-0.5209327033248795,-1.0679978316154464,-2.927222036509122,-2.94558755565066,-1.4457017785256812,-0.10550808602746269,-2.3584583236723002,-2.010257813906938,-0.7789303256497979,-2.397700175148433,-0.6364739883293243,0.35898639980258956,-0.33494838563495105,-1.166135982144203,-1.4052327316478603,-2.9701241052527605,-3.1526704154282847,-2.673957054461155,-3.9095193572535694,-0.4996918762710521,-3.201492323854769,-1.9215687780806276,-0.7752412946103573,-3.7602141867167016,2.6611327368838924,-1.7157962432887628,-2.649857780243837,-3.696340786760069,1.192935273533589,-1.8064621651455715,-2.324270715696184,-3.76432248914032,-2.1057269340542226,-0.32700200775994276,-0.23881713414650227,-1.2015398872154481,-3.988989859660283,-4.395559782775946,2.2406005672934532,-0.08850177936796295,-4.640636956930845
2013-08,1.0618514877392329,-0.3306325313459734,3.339254585546402,1.1914533812727475,4.103924946070803,0.921387751305917,2.565248471658317,-2.121458403871268,-2.6783481809978107,2.781131619296555,1.1168824129019488,2.4280907124724074,0.5705054664387792,-0.7778863506764214,0.24681470145157489,1.20433374149825,3.676074661522878,-0.9489203617905115,-0.9142712284419547,-0.9750434457428223,-1.1626902400000516,2.679393681162301,3.354665223166116,1.3127587334075186,0.8464856923349945,1.7012315199160042,0.9291671731603683,-0.17944423180483396,-0.5181521168516808,-1.5204100037206802,2.2127348203564345,0.04327816697211759,0.7741193092670338,1.6320480671039221,-0.8642796543611451,7.196480258134246,0.2649604214507022,-0.22709726285690346,0.6439207081508402,3.514796743342389,0.001996762231499805,0.30342446085599195,0.51268867701803,-1.182402137396691,2.32122758245262,2.8141152995526837,0.17151766763093154,-1.2385589675459392,0.19025364932912098,3.8666512156649735,2.3392195215585008,-0.13386949026680553
2013-09,0.8831406630515855,0.2093674257479273,2.9570288071386783,0.9379661069872172,4.662469175967684,1.434313030906415,3.032201102902236,-2.3420302046081867,-1.2497260339826202,3.030336131401848,0.8652979226764254,2.661287633727026,-0.23544322299672518,-1.3198365911349281,0.26831871144787794,1.6609966329084465,2.3724414840819903,-0.2921513286995682,-0.7991290185617191,-0.22946524905566973,-1.792442767425907,3.6963057605347203,4.0599827651146425,2.470017404572119,0.11104630851461238,2.2892275777129485,-0.2398507224159405,0.5500989856824222,-1.0770639012568979,-0.9804604136071369,2.747781852306889,0.9792454953632032,1.5576773535429422,0.5119285150014109,-1.883518645283715,3.7286164169255183,-0.060872635818453084,-1.6257517589059383,0.8970606843545993,2.540539284515965,-0.13166974065669892,0.5962436757531651,0.13822687835831035,-1.0579554518530783,1.9971148490489903,2.418093835654539,-0.06393638956759612,-0.975213905632406,-0.24966011131491508,2.660839637758556,1.7159063040630296,-2.150751769942515
2013-10,1.2724942937121106,-0.26165533274781955,1.011675850978266,0.14666195912680932,2.1986782421681417,1.3435852094458904,2.6481825909433465,-2.566897384237922,-3.3651286364504402,3.6454037968906317,0.4304825506477818,3.1624347249942613,1.355813190271858,-0.4229181135510157,1.2087489729095036,1.6347943550386175,3.0177290718294585,0.0077944807020292346,-0.7883653173297857,0.41745597046141325,-2.738032114707736,2.9421780108895206,4.358564059485761,2.2748807415942296,1.812102616603263,3.7664691540533255,0.448175816381258,0.8614487923536234,-0.9599905261945205,-1.4211045051480231,3.213449707641338,1.2601160574976549,3.552487144833564,1.270147814774634,-1.411901209644431,4.126184690277772,-0.7089773494706407,-0.5895383829209085,1.656189277689616,3.14291648507143,0.6248213591057172,1.4204807743642642,-2.027164308562824,0.6169331543666078,2.30630881472999,1.3026128411407996,-1.4164749585058949,-1.4414629732749888,0.38100875969173953,3.857479897020285,1.6409517538706893,-2.208491601575279
2013-11,1.2863035532223206,-1.2436717526617427,0.9572336161906154,0.39343248461796937,1.902588784385216,1.2522722980651988,3.9012819069297127,-4.528695611823123,-3.8822128969772045,4.5829708916417236,0.7137700272927714,3.3117201254944066,-0.9542161808687704,0.6904557352994117,1.1789361833433958,1.9061371213599898,2.8681619881670497,0.3491126564438658,0.23257090047057918,0.9362027961642231,-1.8850618209096943,3.40763332824936,3.4822175128801107,2.2679500299452497,2.1312419205926965,2.7055802390331456,0.16454231506022135,1.7209191741858494,-0.6463926958949805,-1.7650009021390987,2.687550716699883,-1.5461975887130952,3.5796348116978773,0.5799299442119811,-1.5269357842882076,6.73019228490965,-1.1570802919269623,-1.641121147632372,2.085639823054176,3.693136349021238,1.3096943542841828,1.863761874886101,0.8681787713627185,0.010214313908769375,1.8349414937874866,2.15830036521797,-0.2814838715346088,-0.4794015223417573,0.17415935555758352,3.1067432940567,1.3922104872194363,-1.5124373718710438
2013-12,-0.1112607128324362,-1.9519045832806572,0.7716699586254838,0.5053097460712793,1.291685560493032,0.6435083986719383,1.7202404681179302,-4.199463997475624,-6.555819724789356,4.419470364262368,-0.22136135596981993,2.290316374215364,0.33967735280285516,-1.1149970152030084,0.5265456284217379,0.6951559587320302,2.874312138106681,-0.3005403105958798,-0.9178710258788596,0.7912692952461168,-2.976030846123474,1.0464825411327334,1.8732122139021066,1.2929537852026793,0.40415691155908434,1.5208534235388786,-0.6646861221898699,-2.7628929905100525,-2.60735107694066,-0.46963919963510037,1.162794616605791,-2.848689835233529,2.1961766146935275,-1.5425428500891627,-3.1515641693948098,4.001312722226693,-2.463696033298888,-1.8543655170741542,0.6595981332042007,1.6371707954837647,-1.4223896665377291,1.231438056629634,0.9378172483981558,0.7417867812307161,0.044785381845191874,3.0123928254551733,-2.3696552641886344,-1.8802561996519382,-1.047539388494506,0.19198801441094976,-0.7113853891717273,-5.121316023816528
2014-01,0.43499216773105953,-1.7432935438511223,0.34224499757624705,0.36370844319879503,3.0819661463628902,0.16166747152439126,1.7946686875406601,-3.2573362754676767,-5.187347775122218,3.1583303161205416,-0.13795870401419968,1.669332164567761,1.8895215786407527,-2.606804550878644,0.17576552842604679,-1.3728682930777567,1.7632241093751406,-0.7759079875229015,-3.8881078502286197,1.1345205599398067,-1.9078126956394392,2.3115322594608245,1.6307939343934887,1.4917001150873017,-0.1430806792374588,2.406320841748718,-1.484152137802766,-2.921940767434903,-1.4303926799940878,1.050410535161832,-0.20596978671786462,-1.8849655566607775,2.01170460827131,-1.178492354746681,-2.0930941360759325,3.392714482910812,-3.863978241380897,-0.36399697281071647,1.7416248515750858,1.9583654986828514,-1.0557701859994062,2.5787004340856265,0.8915421436876397,1.6684040085802316,2.7486899680336454,3.527109984606848,-0.6412280995666797,0.8523679753529144,-0.44218012855413974,0.9965546786833025,-0.5377542739425367,-1.99194012665515
2014-02,0.5869118441702358,0.10580202912411556,0.8964693112926457,2.267828946609937,4.153540460568636,3.722423519848216,3.8463602818382863,-1.4354676371042316,-4.90840672127493,4.660955537662242,0.8548520853207073,1.669014729454557,4.521458522749537,0.3131820563644839,2.4285730714635445,1.4887373860010544,4.2961269352836045,1.946428559635873,0.49637139238987266,1.8577578885947106,-0.7737532245424894,4.674508842412415,2.268698321368933,4.33941777686309,2.552490447001141,1.709945373302895,0.14422348036938173,-1.2726953181201384,-0.7514263718505477,2.87619034424768,-0.23595141755570473,-1.4619869996825725,2.8582922039759935,1.0376059490045304,-1.6032092940327778,6.978163348844875,-0.4751514969736718,2.8407255133213756,2.315129881006232,2.8106606217739545,-1.1173473893135384,0.8396889018114716,3.3055662175482876,1.4713928165516807,4.6898246984722824,5.376469614331276,-0.9146727583795087,-1.981567684317689,2.0306298810371923,1.4254959218364722,1.6645214056032702,-0.228319341091418
2014-03,0.9531450351341867,0.8952083740610824,0.24831213209868466,1.690658366827895,4.731713421079214,3.0027811510255424,3.5104658768542016,0.19571892127717988,-5.040411621816095,4.934545882183381,0.3390625712844023,4.486542915370249,3.5006810272385933,-0.7869271446728542,2.3532721155562752,2.0255958956988462,4.346185571866766,2.483247607975824,0.5572515689712082,1.292953316910066,-0.0860243441183297,4.827311917395239,2.402737832060416,3.733045545681389,1.37892916837475,1.633537126363474,1.1790791578804023,-0.2567056270664754,0.12348887920244449,1.690384308204886,-0.4492075529981361,0.3180740599336187,3.283102699008021,1.0275785936087478,2.40279333971684,6.1779295079235155,-0.4918530694208729,1.3409422306850474,3.3489143353903086,3.231695320532401,-2.1348022893071392,-0.11906209542045344,3.4591146336119682,1.5832842443797328,4.528909195379234,5.6241781667433415,-1.4637562762544012,0.45422733379524444,2.524525018271608,0.8610785502412682,1.941899510903463,-0.04167598917656305
2014-04,0.3063310577887506,-0.5457148688948625,-0.760198663457371,-2.491491031797885,1.592466165557604,-1.915451845852746,0.509647946567847,-2.2647550518198782,-5.339146363391372,0.3109194325386164,-0.10472441204915539,1.4124907284327064,-0.12222941147334192,-2.644301672600517,-0.054453368616301276,0.7279669611965045,1.4372719012251665,-0.061531569315988494,-1.2438698660228902,-0.5966680051247003,-1.606517705477387,2.1382366207286085,0.4951854749755436,2.636164957643993,0.2588871723196213,0.18368465225129568,-0.49269335304258455,-2.4821700871711165,-1.275229422928448,1.6416549010141932,-2.5786832007643437,-2.312502574992217,0.2326726767114529,-0.8926877367599435,-0.49968713665128045,4.496116334145568,-1.7421850053568575,0.9057501918539222,0.17844399803348815,1.4419499562165017,-2.9899304641297886,-0.5925121736938233,2.16181149454453,0.7043071397464176,1.8900025512279552,1.0294036724923614,-0.4169486162571404,-1.1233190309315217,-0.731058946593737,0.15887774723763076,-0.01089751276248186,-0.4542094036493127
2014-05,0.006906380282079176,0.20854177342041216,-0.8747358601292973,-2.871534036015515,0.5743488884813123,-2.155330591746262,-0.5805946655709943,-2.618839484445968,-3.3987932124474027,0.3280621843165915,-1.0547715567243907,1.9650297204021518,0.3293390169192762,-2.275212466191525,0.016654949663987638,2.034284946974294,0.8741323350359863,0.362017465779251,-0.006232793736336029,0.23907077531005555,-1.4501829829038462,1.5994389961990048,0.20436333396082756,1.4186137066769908,0.8086309387445213,-0.397640164061289,-1.6223678004508912,-1.3501721539495244,-0.29757122109039674,1.0306792816533499,-1.809390814731219,-2.302274835413437,0.4702111246164906,-0.9848426841563382,-0.6203489272015156,2.915062220516758,-2.1362974550155256,-0.027510538985829818,0.42312475373695757,1.1904130604893208,-3.536768836385408,-0.373634702523323,1.5089437445664575,1.674749248793494,2.5520147665440054,0.1922038892436551,-2.592141602580718,-1.516583921768838,-0.13388924479570669,-1.5525376549767722,-0.08931632816300127,-2.9040945462480967
2014-06,-0.02779159353913701,-0.2675076259340347,-2.7003721069796365,-3.7255902025650705,-0.39346956163621843,-2.5232415255340963,-0.8000525463636384,-2.4335489461009447,-2.7432081790138336,-1.1358438657767702,-1.3196980730464962,2.384661941658248,1.1626461499710719,-2.1839613173750183,-0.13834735191849862,2.0263339037929518,1.553895774264822,-0.8238168344804173,0.44267327206021717,-1.7653725834338032,-1.382732076885479,1.8317085749892488,-0.31382746388972055,-0.144467811910862,-0.7648002361433547,0.14225509087150845,-2.815252503836331,-0.947019794596882,-0.2826787684870119,0.7708328821982434,-1.998690804486991,-2.432810397659068,0.4243856220578301,-1.1699550102205682,-1.005593128106324,0.7242768859250689,-3.6204433565925753,-1.245435461859047,-0.015945787520516667,1.3138640586723076,-1.674761034430588,-0.48098616684193635,-0.7869749214356021,0.4186377670035264,2.123991914797798,-0.9740661187184245,-1.2247594661224122,-1.2274278472223985,-0.4444117824153033,-1.0528519873256899,0.03792916686151595,-2.9776183518461083
2014-07,0.38213600407652937,-0.5066696795194239,-3.5172629927880465,-3.4404430227362357,-1.277478069831799,-1.1258885171544206,-0.667141045254486,-1.378609201050598,-1.1611343688055085,0.531027528443736,-0.3663839781191748,2.358934288057455,1.941567398799391,-1.81983751006308,-0.5460484772736837,1.9492004258529618,1.7671521360792344,0.9906323946086651,0.29041538928900634,0.6915464764647081,-0.6211877241758595,2.2645565539874264,-0.7429076836047556,-0.19760544664345997,0.5125640821873922,0.23948712732610253,-1.7412595321179014,-1.0204263520315855,1.2404025415023194,1.880387506204811,-1.962014527329775,-0.32607639680055206,0.2219275408648863,-1.5353056161302543,-0.14962373373037352,3.687882398261612,-2.8023721224167017,-0.4131037425920818,0.8309888215631948,0.7627085724222945,-3.8113503823435235,-0.11556122642962724,-0.10953466259229401,0.12876376737324693,2.48186090241345,1.6683732205463215,-1.4352732296110964,-1.433072914534193,0.7989001097518501,0.9065312628337717,-0.7757461121203848,-1.196815406075337
2014-08,0.4565772899818671,-0.006063155831606421,-4.335971486033728,-4.524454486434689,-1.6464993875097342,-0.84023306065777,-0.8550219992917085,-0.37383252653929316,-0.8083571433981205,0.2013208578292866,0.21912723567001835,3.926307040439556,3.9775217459228953,0.3154574805402771,0.7789739352403168,2.539773205844667,1.804374641988251,2.4702751397309335,1.4190654268919662,2.0447982286765196,-1.2916447221653566,1.7118441025438746,0.15776503529931624,0.9740666846248575,0.7882186760553564,-0.8207159048376154,-2.9416388132380193,-0.7874581839735981,1.4208322411019563,2.3528342425669084,-2.749010260720458,-0.0031682429452664536,-1.5237461126377914,-1.2146822636949954,-0.26547219719273796,1.5094577102607443,-2.0983048502600656,0.19419083211976917,0.10365252604488699,0.6231817558727333,-3.436183640148905,-0.7955899312556016,-0.9866443028971025,1.6633574693458826,3.3374660871213666,1.8596256076946958,-1.8007059025871428,-0.5972595285008117,1.0920184596455855,0.3226485003278798,-0.44812017424017503,0.6746305141177843
2014-09,0.6631837160391775,-2.805006938694991,-4.998986838191553,-7.057702468977782,-4.5507039077854365,-3.633598494583149,-3.5231277873205133,-1.0524872268742127,-3.280770056566347,-3.6132657510640485,-1.7147026752873038,0.19668064909758284,0.6034228764331452,-1.856759416037606,-1.7017665376985254,-0.26578862838035583,-0.5424428978696789,0.5035134449493135,-0.12201783081576352,-1.714383121796132,0.3844311490033202,-1.1117623047864762,-1.3368826415313937,-0.6810435233838349,-2.2796926388816625,-4.014096388006595,-5.0812165393674045,-2.691213855814568,-1.5401298422121699,0.7759934697748183,-3.069872110907499,-2.2452722430808163,-3.727848511474949,-2.357208227540835,-1.7540358680284842,0.9306704903574093,-3.247112936915523,-1.4632983775753055,-2.923761340606646,-0.9162833675054729,-4.47639348541679,-2.1358286227959824,-3.1159718360138804,-1.4303865837367122,0.599071673439972,-0.9067781382042032,-0.8713165338759422,-2.8743797584594537,-1.269848005481926,-0.7859918642859781,-1.820250253942182,-2.40874655433522
2014-10,0.6136355495709546,-1.3332958277799787,-1.0292385606011933,-4.487335292045371,-1.6880609117348857,-0.04605132025631221,-0.15836620095039997,1.1248093029234913,-0.45886962917155993,-1.3812731083943013,-0.922311283604761,2.4833720630863434,1.555580261458235,0.27269063728465454,0.5936335161888316,1.3260083929551887,1.5789395873177001,1.6148581326801654,1.0082433223262008,-0.08530585009153616,1.0186634399883894,-0.4676361893294131,0.630100684643303,0.9277900428334814,-0.740494514297618,-3.73468487841814,-2.3857819158791407,0.6004780114077971,1.5256787593077525,1.8474239783311392,-2.381168606715583,-0.9414791702012386,-3.3246789240954007,-0.26812349811251474,-0.05547434490493371,3.6363861816470946,-1.2600247677204017,-0.4512202695332905,-0.2572633854621334,-0.12073314951866938,-2.495516077598563,-1.2696037674118423,2.6446445853145564,-0.8332952840768573,3.6862254569353894,2.0097429552478183,-0.8117705638133563,1.544837104789956,1.1435018458577613,-0.3448835157903843,-0.2554241028139411,0.6877514500729093
2014-11,1.0691575186830549,1.2123946556633876,-0.8703736338306474,-2.2475830337935188,-0.9519692748456173,3.6707607141591083,0.11403096156938186,4.351426825921473,1.62359719233274,3.0649587849766604,0.780080070562779,5.04706229792229,5.946537693253349,3.282152324368702,3.425729107006125,4.019982753031451,2.1189344244518002,5.6821643941678905,4.03059733862046,1.6823158437468295,2.5904993418091986,1.739255222284993,3.5047505391543297,3.3536437926630454,0.7042083620215365,-1.8745424620429865,-0.1022016073520108,1.9878690905136869,2.850798286147132,4.3012850422427675,-1.8026764070562036,1.7285710936267855,-2.0237360525052277,2.325741649804035,2.202169405742781,2.416354957251657,0.23273937611520754,3.146886795663172,2.544315046695856,1.3533807467553134,-1.6550623169433694,1.2903481968175827,2.0990717991511763,1.3776593125135486,6.145710161562438,3.6897198079111106,1.236061316950311,3.438276599152843,5.6254209388403895,-0.01727811729220543,0.9362601946542988,-0.06556515331567751
2014-12,1.8139349776565845,-1.4199900979579723,-3.263821553553322,-5.794324856000706,-3.6188909162357965,-2.4094567574031815,-2.7696164122136135,1.4440181389238158,0.7746037307402426,-4.920013108722038,-1.6807054663476841,0.7998225194470453,0.22188111034488353,-0.5651312399873072,-0.5245915542865424,1.1409059090934184,-1.495902440766728,1.7949474076625744,4.236311325201985,-0.6889759172619406,1.6874907850641048,-1.6639408000537104,-0.3040788909640961,0.7413139058532583,-1.4622932597144584,-4.655288261287955,-2.749119186824552,-1.0930859900944743,1.5643899804677037,1.6766319544592536,-2.0258679917619924,0.358116042340594,-2.598204965308865,-0.5289705033367713,-0.8882595336948607,-0.5088218414244399,-0.8835684192631338,-0.7625774451281613,-2.505288101584688,-0.07614848337394794,-2.944664962161738,-0.30087479003555506,-0.5175335903993215,-2.8197906468038694,2.9605862406223658,-1.4387016499983574,-0.7391790168881298,-1.5526570023617352,0.667543041251365,0.9346060593580594,-0.927615632261015,-2.146534977195822
2015-01,2.8741264680279737,2.236641692751008,1.2426312989299193,-1.6612290068057274,-1.3008253290824838,2.9201968053272083,0.5985460950265404,3.532983611985009,4.422000685669343,0.4154734654038659,0.6075948034574253,4.115726153590151,2.300814457179115,4.727914586352093,2.5443632343701026,5.022774692585725,0.9118688925233144,4.0983036557366,7.981282625867858,1.4002142750634285,4.312847655891164,-0.6006575054095376,3.729249484877168,2.523110380517315,1.3046010698193828,-3.0284124264432064,0.16080234878574456,2.5037794850745265,4.49250847474599,4.050135151322501,0.32743532742783865,3.297451531420454,-0.007843202345487837,2.825158150125141,1.740173565993616,1.6979327243771567,2.0914314720234204,2.175357372430327,2.5348113972041175,1.6337631611545345,-1.7454200171840513,2.236320902462865,4.171710681026093,-0.3430312996763974,4.646166061286736,1.4758718131184276,1.904242305869804,1.4438985387252268,5.51837558175567,2.499891379433123,1.6911897533754452,-0.6952748602363367
2015-02,2.849025548265485,3.489021478051055,0.24986882642598482,-1.2464993752411553,-2.1407453641222456,1.9112460157753193,0.3371011013497427,4.509258503721321,5.779006502147691,2.370682929759065,1.896786893997204,5.694919637877844,2.182760664437067,4.30360480937867,2.8464105814562872,2.2553011031616865,1.0745468311800452,2.9973928996429158,2.6325594153478944,0.7599718219836528,3.389439538757297,0.519510153098802,2.1938974801269615,0.8704569749339798,0.5254266675408205,-0.7672689564531269,-0.5795696246152624,2.0486844153036627,5.330481493374916,5.394204289744197,1.4512017704173132,5.400522500954208,-0.11165858881137189,2.9473677236753817,3.122502350828218,-1.856256682147301,0.46910206034664,0.8264406431587478,3.6803179656179554,1.7956478608255784,-0.6308095046276796,1.8553516213149428,3.0957863827607084,-0.7847729716911487,4.097307051860928,1.7427527653542951,2.626570087743121,7.702056273599556,4.593957455366338,0.807002995718624,-0.22826992532270057,-1.0768377262998754
2015-03,1.9995116702310654,1.1116001796432184,2.8063351605542595,-1.208736358898023,-3.180574454783871,2.47704856064328,0.2095122378496375,3.2372324028555477,5.207686724105356,2.546037525733737,1.9997216750416837,2.1792833684650073,1.8065641835088453,3.563064410309801,1.7264288372455978,1.0700678416513616,1.3941492761206935,1.5317725484555538,3.880081020071493,-1.084228617540277,3.412178867680349,0.5045954502833947,2.8792213916652134,1.4176958300185454,1.6724185051592602,-0.2175010259123978,-1.0646516456805823,1.3509289114892489,3.7987576461709147,5.972043404236685,2.272613132827535,3.6082502026569494,-1.1559683617980385,2.6227059018358623,-1.360642758208154,0.09765921503726385,1.6011452786525722,1.4013560249124197,2.6479632543705383,1.541040563256746,0.1824440252589317,2.719494761440413,2.450523008230604,-1.0507318462681519,2.7724368743698333,0.6440746230221587,3.7222116637514624,4.309519742481231,4.0874510685727135,1.3433350821713845,0.16055243745812375,-1.7410730915949886
2015-04,2.547018780248963,-0.8292871256367159,3.8590058438303294,1.3825265520620946,-1.4028118212334428,3.111507030123239,0.6035975047626417,2.5798681625623305,5.476665303090502,0.3022233193748466,0.6278079305075703,2.082757878826825,1.0969277623231073,5.0200142986078,1.7080134224058974,0.7352607932696731,3.0073098576406005,0.3417768145920997,4.985333942668932,0.03878272336527772,3.081263322552423,0.19991631410107916,3.655476288895488,1.4682696851656485,0.36663256536953065,-1.1561771455490075,-0.6360243631529907,0.9560437075720543,2.9803423307491848,5.270207484262096,3.0177486197963117,3.3111343979477708,-2.3007192020238207,2.6055975919692322,0.6472788529897064,0.7621603334988316,1.186224215179481,-0.6162384397288198,2.180806429165875,1.9776204192264446,-0.6168263869632169,2.5192036747159237,2.6575676491096267,-0.7050709560639257,2.5247159759398903,0.47007895570486263,3.5488284527179106,5.111228488216794,4.355354536680591,0.29705836751635784,-0.3114890338546376,-1.567030718733498
2015-05,2.3775417015951277,0.0878042342472162,4.770520755055971,1.3127021113634207,-1.5995908069319598,3.171435941311372,1.0517745493051618,2.5163391568658917,4.015810542482877,-1.4194358969250234,1.8040371516910885,2.3694319212754285,1.0515466861567104,4.922626670612059,1.5646661863852909,1.3309516768839031,3.1084319723658984,1.3003636755966492,5.442674335924591,-1.330598975872611,3.3176227148113266,0.5890058652595443,4.4023928286287015,2.2456579348808567,-0.6258138893066761,-0.254667714062886,-0.5540221938293219,2.0852391939937904,2.977814589278879,5.9546345886621594,3.5134039527473147,4.030276680086171,-3.0709269982316596,2.5292786806028,1.6721436456193253,-0.19726142701280447,2.232444340332498,-0.6496140447094613,2.6223564841979514,2.6380464525559257,0.46331734304668937,2.3226980664453114,1.7429521949575564,-1.1032011094919032,1.8012031032530758,1.2288225250019378,4.9256447595502335,5.124663151163319,4.793265121872626,1.8479252044185899,0.4731548366771324,-0.9035032517530595
2015-06,1.875755011321533,-1.8048590628282748,2.8563670779799644,-0.5209564277273476,-4.827236958303209,0.21069169116243852,-3.455590546612053,0.5686328292583609,1.465941106238506,-5.204169914251724,-0.4376088339775472,-1.7829208561652055,-3.7664275641699123,2.144247971878374,-0.43067564275000825,-1.0362743499204774,-0.4545640593489426,-0.0023821037899879488,3.657737417789471,-2.6475834666069153,2.9260743351670784,-2.7309837902960945,2.547972259720704,0.055202717858493164,-1.359007437370458,-3.104512414073474,-2.2994139305986105,-0.7664469205267594,0.8168221702006249,3.683590177542933,2.125314629387702,2.4424563647135655,-5.535233748735302,-0.4092701364166922,-0.6660055440283976,-3.31020076941171,2.0496024919892224,-1.8220806688662499,-0.20934899977975924,1.350105814804819,-2.730601715284782,0.596650789892051,1.477405470220302,-1.812446806244308,-0.4164143014480013,-1.2043461367206971,2.9374231000961815,1.6426049430669016,0.9944123355956423,-0.8632171204318942,-1.6691014600032523,-1.8889325827957395
2015-07,2.3697480189127393,0.6943378384074304,4.2112485210734585,1.7052327298657637,-1.690998127297124,2.430846482175266,1.168889028472676,2.133694477904168,4.2707743383710195,-4.46483101953069,1.0174473107424773,1.0928336801751817,-0.938231470349874,4.698955558142615,1.846868866979188,0.849788011739292,1.8009917476137203,1.06050263459606,5.025487114355095,-2.061401368688525,3.2091446040696727,-1.3538512382898116,4.062430570005032,2.487656619280854,0.6106447513974305,-1.5616984322928593,-0.4477505579028297,2.010265624141274,2.773746383445477,6.00074229863512,3.998727008509842,3.2480575545565675,-2.619615648616192,1.9078523971139363,1.6914216172178234,-0.6791048128569513,3.1291185822501997,-0.263025519787328,3.1521197773921696,2.5054577279723365,-0.5803094920376203,3.127001353263364,3.492918032028742,0.8460658361861094,1.4607577439907957,1.0934947625968834,4.548676150973697,4.471163694695684,3.9976189260770143,-0.8191613380687012,0.056161306783602906,0.5095507616117196
2015-08,2.4177394408492034,1.8686163113650092,6.308685834040238,4.825801059036295,0.937993566736498,5.410874859965,4.464860223040892,5.274199727553902,6.174810522600479,-1.3812041491830354,2.4773191051215693,1.9949409448355166,1.0341731330308106,5.863530782843436,3.349190491974431,2.2892370321394653,5.392497759614493,2.810448905206192,5.280676925688485,-0.15390459117234118,4.310187684811468,1.303525104876097,4.384115786672612,5.253223365195546,2.8436296344516663,-0.25070371510765094,1.770910769562578,6.5579268062503635,6.810374429346991,6.927263877946777,4.578847758493419,5.080262767838758,-0.012820006830947988,4.0167490688896175,4.301820906954515,1.922305366549996,4.71950293730266,0.9572794865520355,6.154781706635061,4.292833918740213,0.042388172761887485,4.127927421279004,4.360711172302337,1.858963500841866,3.3145918196180832,3.121973227082462,4.629948135011878,7.110077599568992,7.307967829502752,0.8427345252422261,1.5850212025515817,0.7066886663643407
2015-09,2.398559859349428,1.1005017013327536,1.947399876713106,3.469605328514734,-1.452691882200502,1.8235815959569115,0.6340609996698615,2.8513267917191056,6.117108162990489,-5.684904347437731,1.449761198844124,-0.03170541408799275,-3.2060163998707085,1.579833388469332,1.624363429174181,0.7608762573034066,3.0812128804801073,0.027030505049537062,4.512312509488324,-1.9973763266205764,2.846423128311218,-0.04161680570927745,3.2563121642575723,1.7281900151333973,0.41437712885605443,-2.702345883687777,0.03614280611065303,2.8444142431942083,5.433459595930258,6.406402462157493,2.6559036258003266,2.8490021124142304,-0.639106122896241,1.6941014262140335,1.1924621450055968,-0.9362525750386538,2.588742095269274,-1.293258677700499,2.7497568290862575,2.9095014233026086,0.700256735226954,1.7750617539715903,3.484866840842381,1.0026556616217186,-0.38870022789275543,1.0819680802891811,2.373702281233486,4.635505693747933,4.408464386762002,-0.3773554063841784,-0.27867177946024446,-3.5021901567069054
2015-10,2.388999555326169,3.1944863374762202,1.4928842244476654,3.232343463577315,-0.06086047993341227,2.2291192508537687,1.1044426717132847,3.303626738093545,6.241541046180625,-7.87186131048911,2.41166658144326,1.588995314273128,-0.7378830311526807,2.1472854084972686,2.647572836215375,1.134373614520198,2.524126629305398,1.5927362465487378,3.181246506780539,-0.29098652079452253,3.5182762156745255,1.966587916591478,3.940078722197335,3.212353410947618,2.2887220372109054,-0.8015298170449489,0.4215012328075858,1.175684362234939,4.337426007271648,5.463418289808483,4.4099826014673456,3.6271437508090956,-1.4240898715708763,2.0062191694283844,3.1311315450645214,0.3239827538497411,2.9242531798328812,-0.04475521909972754,3.5309885930971814,3.834177783443856,0.4063383695679391,2.9018246240593957,3.517255860693094,2.6362294556332078,-0.4688354668650836,0.876289849722502,2.464566114436174,3.929459588463038,5.7307016374777024,0.5116016323627941,1.2214698906687056,-3.4231811881815544
2015-11,1.585267087556684,2.0142948511153635,3.3982107834567525,1.8796255170902765,-0.2274203683682767,1.0323473963227414,0.5943368346447253,2.521723525499236,4.7922648635565634,-8.252629471497054,2.329977294138853,-0.33673986042686344,-0.593550193972293,0.5581682510414245,1.4146065496742533,-0.893288728556559,-0.6125360845142389,-0.8168609467192743,0.39648148272984474,-0.3668599672872982,2.20254003609054,0.4410949075566958,3.164743628045471,1.4572162079596578,1.1914666936996832,0.08099969930615164,-1.7208221371359158,3.998433581388089,3.74489639464091,4.086973695566576,4.314029662665877,2.3416278676831626,-1.7319086944875273,1.585947979964975,1.3670436003697206,-0.8336743580026184,2.259400543326899,-1.5659270742935356,3.7216995790850333,2.8941665654025828,0.41221951130498913,1.3210789235012383,2.792907196292015,0.8373204748645962,-0.721421538574384,-0.09049523572007673,3.0606052697864214,2.7418978859624503,4.436861248166939,0.9147560451339106,1.173833098533684,-2.9830384883557968
2015-12,1.6028581672014441,2.2363483889209226,2.405085063984884,1.7418698254201312,-0.6874740728112946,1.446325903560311,-1.186701076206271,3.298212221713933,6.859082280916355,-7.504319014948921,2.3416577641987355,0.26682574595986935,0.64023283279689,0.540501790819276,1.8314556157418067,-0.2646606388846247,0.3711865503486126,0.4665139801385134,-0.8760079087989127,-0.8132507220110372,2.1099828373889693,0.7846410836805923,4.134223702282347,1.078995218384864,0.7536149129258776,0.038943464714856005,-1.14838977895397,2.198050808712035,2.4884625627198953,2.953161077256973,4.051375385510635,1.9965515873797655,-2.8271268038695667,1.6925348643351874,2.1616641542294057,-1.0510599604541275,1.8292735054596911,-0.8693820791785702,3.4801823470907274,3.0724200853930985,-0.8899280732727597,0.5755814536129773,1.715853994696918,3.154794024764212,-1.899190145596937,0.33019077355966014,5.25674539863107,2.6877049144168232,3.409524510562879,-0.17721653748468694,1.2815263815917588,-5.6535941816467075
2016-01,1.1153915190060724,3.3500918326809486,0.43728891919348106,0.5180363616300553,-0.6987044309773265,0.17039343837383739,0.9300846690308355,3.7228008871523937,7.9642525886264695,-9.133361869735902,0.7075657098437402,-0.2816994163014678,0.0020342592221518144,0.6238384029260798,1.7871458929620245,-0.5585016744708367,0.35916760564749517,-1.104730340652207,-1.4517707383644674,-1.206731945095729,-0.6074454404877021,-1.4016457830583948,2.2047545319549275,-0.21577253275190728,1.0290005786037653,0.3970038883153331,-1.4353933213987873,0.31942761056252733,1.5373037303011177,1.6580185026579815,4.959097244544252,0.33830101267396984,-2.950552621799912,0.2696816977141042,1.648966772320991,2.091010381793578,1.917963923442872,-1.1834012628392465,2.8373943308545364,2.524219444811625,0.6080075022396448,-0.2915752055618427,0.8771958573426272,3.6890579055422776,-2.0091387381307007,-0.6734330171286319,2.6399264235542055,2.525875747222827,2.7989647918230243,-0.5085336619535156,-0.540002680859275,-5.89525380490628
2016-02,0.6421754406111576,0.10472978592165247,-1.1823545483942548,-0.9045874432522268,-0.9018857286038037,-1.7504754454599636,-3.0318183340602927,2.1769998140522864,6.517332996860518,-13.09899738433874,-0.7580980326595119,-1.3152500726355376,-1.7471573499588882,-3.4452393446381255,-2.1620944514485463,-2.0109555758233673,-1.2731114589255907,-2.561246747000947,-0.3781319725511253,-3.320716736058301,-1.01548556073502,-3.118341452916573,1.9039978049496424,-1.1893548427510177,-2.009662907320497,-3.31514081828929,-4.089737202277816,-1.0650772394732275,-0.360372791772283,0.0337273892110557,3.384389100600598,-1.3121824099224582,-3.2702696070411674,-0.5947011910465905,0.49837073557493056,-1.1379100891191716,0.10850616980038451,-2.6171154911142764,0.7968645129184768,0.5020402599346597,0.6945424800426114,0.401543077405712,-2.4458058856782117,1.6575213789585108,-4.979286041095828,-0.6954349456806318,0.9276687294746155,-2.095986940618501,-0.34675158632924785,1.1428320717318248,-1.2365674172038976,-7.5458441418326805
