Individual Income Tax Revenue Year/Year: Fourth Quarter 1995 -- Second Quarter 2017,,,,,,,,,,,,,,,,,,,,,,,,,,,,,,,,,,,,,,,,,,,,,,,,,,,,,
Source: US Census Bureau,,,,,,,,,,,,,,,,,,,,,,,,,,,,,,,,,,,,,,,,,,,,,,,,,,,,,
http://www.census.gov/govs/qtax/,,,,,,,,,,,,,,,,,,,,,,,,,,,,,,,,,,,,,,,,,,,,,,,,,,,,,
,,,,,,,,,,,,,,,,,,,,,,,,,,,,,,,,,,,,,,,,,,,,,,,,,,,,,
Year,Quarter,US Average,Alabama,Alaska,Arizona,Arkansas,California,Colorado,Connecticut,Delaware,District of Columbia,Florida,Georgia,Hawaii,Idaho,Illinois,Indiana,Iowa,Kansas,Kentucky,Louisiana,Maine,Maryland,Massachusetts,Michigan,Minnesota,Mississippi,Missouri,Montana,Nebraska,Nevada,New Hampshire,New Jersey,New Mexico,New York,North Carolina,North Dakota,Ohio,Oklahoma,Oregon,Pennsylvania,Rhode Island,South Carolina,South Dakota,Tennessee,Texas,Utah,Vermont,Virginia,Washington,West Virginia,Wisconsin,Wyoming
1995.0,4.0,1.5235211072731392,4.495464667710905,N/A,0.8567407992156967,8.45038234234911,7.54263902744548,8.408998156998473,-2.062561554344862,6.9225958899692035,1.9304990343690258,N/A,3.546217568665229,-10.88521183652038,22.279067909603274,3.988519419202923,-22.133806456159743,-6.093019832895666,2.7101293342469166,5.2878673907463165,6.389629954159568,-1.2229193008031531,15.315418208348333,7.321952254968335,-2.7205124562034633,7.160176370635132,1.5011502196996878,11.640783624176384,-0.9322968669212912,0.6577118961549022,N/A,N/A,-16.867958456365518,4.101534367515124,-4.039362790123565,6.101991761919294,-2.7707493458881043,-2.04786648550333,7.135765409438571,-1.0927901449878608,1.5056736139120617,-1.083599470120521,5.95609539374819,N/A,N/A,N/A,13.04623329892573,-4.209512853119693,0.5924765662842324,N/A,1.1253293613963193,-2.6916088987404327,N/A
1996.0,1.0,4.627469160030069,-10.274864397277629,N/A,0.6965696304379217,7.0088935878864875,9.738624350646031,5.156130033360081,4.876012542850279,1.8436329321367388,-4.856379110123571,N/A,4.914071636547403,-8.269934479846142,24.862751926278225,5.038621688992996,44.075886971476436,-5.84810288712196,2.788383262078116,0.7670417526853812,5.865346913473254,6.4315344266800025,14.026358720786114,3.526831943578631,9.832919400632466,10.273899002740947,2.178225942859246,15.569974952985174,7.348235642267968,2.385598879392864,N/A,N/A,-11.65916398766209,6.348413450980006,1.0460403022375853,2.31878862524859,-0.05101152376507309,4.781633361765822,7.028590555826426,0.9034148466834826,2.731659738145788,5.75067055710297,6.971495352359189,N/A,N/A,N/A,-6.769691166709792,-1.2880350184007916,0.2937225301340539,N/A,-0.9726646637524863,-1.8923312426746244,N/A
1996.0,2.0,6.624684854552854,6.380178280320226,N/A,0.6095497200842747,8.416887194560262,10.139900899410762,5.855012067830684,1.3781504462704093,3.9158896955216522,-6.204871907744556,N/A,7.4896673990022045,5.034080973532271,-11.10404737444277,5.914973153916935,42.152110270884016,-4.4994998945870295,8.653668174156785,2.787223469259703,6.549951352908291,7.5974773494812355,-0.2065958525625738,6.492460071148011,18.68607749093525,9.926356222327662,3.3122683702468745,9.084400413123857,17.88343493802786,10.406141987462469,N/A,N/A,1.1413788160532103,10.418095569492342,4.898125039651472,2.8353651639400996,1.2681969556841992,12.352485034297752,4.966633363526627,-1.816271939930287,3.0460287786039695,6.480047646415869,6.547504624718998,N/A,N/A,N/A,0.6855797655349158,3.1644914922791707,5.942256237563689,N/A,1.8768220647465792,-1.853568067229457,N/A
1996.0,3.0,7.76758582646941,3.473168016589031,N/A,0.9952553145152107,6.281798899833187,11.017245822194583,6.632552927397335,2.4861759646752777,3.7469428367699167,-2.3022842603783418,N/A,10.050332378740087,5.607759109159573,-11.304677925869361,5.834032454325504,47.115743801016066,2.8114065543533884,9.134506438283829,4.859738076616194,5.5625409044204694,6.689458341882205,1.7417709943704653,6.0590209639808545,23.77385687531636,10.045487455675884,5.870467668859015,7.872780890332236,14.505525603463129,10.034342926716047,N/A,N/A,3.044843313639043,1.6226372946145196,5.048533229602246,1.3108832579819332,1.1515263965348868,17.344033026318726,4.862630499580072,1.2007210506484791,1.9277963394977,7.706301845974544,4.968573089749271,N/A,N/A,N/A,-1.099625300326112,5.003520559731076,6.57304811214032,N/A,3.072850094646896,11.821251745112978,N/A
1996.0,4.0,9.128885746410054,4.596629717782199,N/A,0.4690852872409213,4.054399676320706,11.24079364313309,8.168828140163203,10.573560326931199,3.9605651927330134,-1.5982128382980478,N/A,10.033844678848956,5.32208392299448,0.7645321640635205,5.6928356268922595,45.32797066928611,5.934152442020137,9.730313100694104,1.2559009002877115,5.3239806921828325,9.25397204025832,1.7861202292760823,5.55901361581251,30.83058026154908,8.154091579808005,3.191385555303704,7.654499504624058,27.425091964013898,11.358366494402809,N/A,N/A,6.814817799056843,-1.0364563827391655,4.859621341002811,3.408037901733698,5.158530740355262,18.157024680966774,6.030139283256737,7.049060546546892,3.478039599415105,9.882555250603076,6.128805683239367,N/A,N/A,N/A,-4.124980521366237,8.859436573595286,7.722319878528425,N/A,0.878844169308006,29.778516824614957,N/A
1997.0,1.0,8.115983637184241,12.908007658312965,N/A,2.0085635846560206,4.233801769275631,13.102321898339008,9.458435497972177,6.283465692744845,4.665846111651435,0.777740918970356,N/A,10.545486408719395,1.8523418721967295,-4.114658836091216,5.631578900373649,12.709329801811883,4.114202494523765,12.047600817887385,2.9457768449503345,5.362077792795928,5.079490637217832,3.5270309421319603,6.768360090453425,15.732388079024648,6.319244268271729,1.4116297034103609,7.384906490201628,10.652906786480445,12.860223467916635,N/A,N/A,12.963828673937627,-3.16476441589915,-0.9807189911001761,4.742322281650019,4.380219081188831,12.251574492775681,4.600194245267252,8.24254146100686,3.1473444381028557,4.938548406047208,4.248501774343573,N/A,N/A,N/A,3.446671881228643,10.458895101289405,10.474658752340886,N/A,2.958122706351413,46.865702611329525,N/A
1997.0,2.0,6.540437534681431,-0.056883678357251,N/A,4.304999845357862,3.6797990914751812,9.060365356084885,9.586367340211664,-0.2707139340200255,2.188293136351524,8.234136678172522,N/A,8.64755338503059,-5.110789279500218,-28.483596571905657,5.775065269436088,17.895651090422227,5.190754601835564,6.916622172670611,3.336547766538796,7.440641557861097,5.887205846220295,5.162365428921156,4.1786507950174645,9.244530398087011,12.341942603659897,-1.7639002961160117,7.810585350319091,3.2242028743291082,8.48378710601788,N/A,N/A,-0.9216671288639049,-6.541426632105758,0.7302083269400281,7.679043337572939,4.337815764840768,3.5332289903977654,4.617474065218382,12.80643835166332,4.0049977783074855,7.138281761418982,3.678637614731822,N/A,N/A,N/A,3.55539209561876,11.805119926312905,6.896197094161575,N/A,0.6101334492555525,54.87719929109037,N/A
1997.0,3.0,6.0012587687136785,4.325748035441109,N/A,4.969154248733738,2.3976865647315444,9.365352677932423,9.81584948435109,0.7800174131243314,3.3277046594271527,3.8997532116616545,N/A,6.112959256963314,-5.630589898832063,-27.779394429666898,6.515803839990836,13.607073375281024,15.439915356685209,10.543150440236188,2.957942830600627,8.642876044749116,8.782270379567974,9.671597411148298,5.055287421655564,5.914924977139103,8.968022446315803,-2.316235956325756,8.177461376034973,2.2569166343835043,10.230766956662778,N/A,N/A,-0.1419281899527955,-2.834238369107198,-1.3711428388972078,7.4600155686422465,5.031147636203582,1.1312221103777618,4.928331758580244,16.034037007667155,5.31528851199354,8.49345521227986,5.700208191211934,N/A,N/A,N/A,-1.223844064949455,13.871492153703926,7.850279064267077,N/A,0.27656003034168014,29.855131096645813,N/A
1997.0,4.0,5.620769365494467,4.4016769175292,N/A,4.964801894652945,5.236929623493844,8.577410491712074,10.131559834210284,1.9299935549781106,4.872384098562301,4.366340647210136,N/A,6.470274355488831,-3.3775485762840627,-27.04404373556089,7.355252395221126,20.62711363578361,6.309196022780066,9.063449344142063,5.128716866292268,9.984503183011457,9.078590440164284,11.719412020396613,4.615084747154737,2.836069339875005,10.702011623490987,0.8989015193164999,7.933609734451862,-4.892965412827804,9.081205542628071,N/A,N/A,3.461638126726194,3.4088926828605426,-0.9006156127691425,8.041845592393232,6.937994949471152,2.585975970353344,5.4680278185833915,6.712021655885718,5.101988498419121,8.736734413312343,5.234421400396904,N/A,N/A,N/A,0.4722828927303741,12.915854681996217,9.79324494015641,N/A,4.370315215450931,3.9456805442117604,N/A
1998.0,1.0,4.901540280931094,1.4876399412833965,N/A,7.002836706166497,7.07270066216817,4.8236996355665696,9.061467997417065,4.185936151570726,8.233204429708668,9.140494541815867,N/A,7.95137519896426,0.532382618816035,-23.06041011411373,8.381182011494964,16.103466227892348,6.169018542126023,7.292613414297806,7.038437906347558,9.753291689819543,14.847309635034101,14.676952910827929,6.354481062815835,0.5390821744963364,5.746330357113197,-8.584385464142901,6.739732342683929,6.649951801101263,6.738046356326303,N/A,N/A,8.810835716103032,19.296492479122612,1.0918776266207906,7.8348757252847,10.326864805173052,1.861508749487405,8.691097293387173,3.0416502315375173,5.702712347974566,13.74626598568982,6.321823545746508,N/A,N/A,N/A,1.2463371767336486,12.444066953936469,6.499079586333337,N/A,4.32196393155285,-12.78786262365136,N/A
1998.0,2.0,9.765265773663256,8.421945090056761,N/A,5.34921547062642,9.214858739267918,17.274153676532,10.806594379040972,19.535285466879497,12.890761244707495,6.865722132757022,N/A,10.164254277484543,9.026554590363732,7.655684761247766,9.218351031868727,11.091084351600017,5.192117618404641,13.34377897251899,7.765947992747381,11.632789446020498,15.169113607656728,8.023551212548147,9.860433538174957,4.2952072577684834,-3.9078023835793263,13.736364051322722,9.082255706555943,13.951557621135766,1.9504508096970785,N/A,N/A,14.070368096283085,27.113104754016927,6.593389640629009,8.485429108896406,9.076398693815932,11.968522517695373,12.769038132102128,3.2676127263561003,6.197102499906709,13.14316806486768,6.009848997501777,N/A,N/A,N/A,19.46461709485674,11.32859346910267,10.81747720953204,N/A,8.244137603662185,0.9831046508730448,N/A
1998.0,3.0,9.950256420611755,4.456393119315028,N/A,1.6830928462098986,11.431296819796678,16.583408779271057,10.891276942812567,18.193620996797648,11.419158289330586,16.98595411417415,N/A,11.693608797775394,11.476196814347569,7.928708642162366,6.690175266873031,9.072333439886172,-12.111192226048361,9.934803940933259,6.473097283735439,11.634730082564781,20.025814670517764,2.321991025677188,10.707453341897812,2.496999510274726,-0.3641037932547611,12.282773148272556,8.988967002373284,13.050962566695674,0.43892323778735864,N/A,N/A,18.0895325819506,27.9092954332679,10.126115150894753,14.992712961733206,7.864418208518943,11.91373148106908,10.349144842494269,-3.203319317080682,5.703522916308859,13.380347655307137,6.978990047913481,N/A,N/A,N/A,19.98658754498446,8.153622491625908,11.488794952461001,N/A,6.62744498064239,7.212519467074041,N/A
1998.0,4.0,10.533650462570387,3.9891933305797247,N/A,1.551359372250461,11.124387213051259,17.11079313463634,10.562254602775544,17.254138021712105,9.720233607119836,18.24113161050651,N/A,13.783548561929884,9.3145951542723,7.832483403672619,4.275507719777982,6.021954686105461,0.585129839862933,7.699460930731429,5.647756589213373,11.44191057123494,19.938772038224283,-0.09775304856473721,11.211497946524938,2.194726207336634,-0.9499566247477215,13.845917284891543,7.365861029683959,12.077323898014134,-0.42857801966098774,N/A,N/A,17.633658047341218,20.60836951490536,11.323749819237507,11.830518582151166,3.619081050067279,11.598051940438605,7.578891240346216,16.37770797157906,6.097294998816491,10.944892890960473,7.940518641455012,N/A,N/A,N/A,26.833927743030944,4.53086428526923,9.260668436496488,N/A,6.818082769721391,16.816253648629655,N/A
1999.0,1.0,10.365535615038217,4.938041810559599,N/A,-6.112069181714897,7.5804241829094305,16.86461933053036,12.936730962519496,14.701112005328653,6.103141352746881,14.97863854466388,N/A,13.246300125722508,6.126267443105016,7.454419688974539,1.3296520551594926,4.921638234298144,-1.0465220448960282,5.578177289004607,5.176344884687056,11.264313957301733,16.33376234277112,-3.201425683147583,6.9851965040414745,7.411906091676132,7.868139288760253,32.18246822651668,5.458651976149484,7.3678747726135185,0.011398727405210808,N/A,N/A,13.757937598337271,4.618718028363649,10.766722516956973,13.59100872491014,0.6327788953728377,12.017074221376783,4.687747491711099,13.437021562236474,4.930182767452587,7.293267513602972,8.291607362896881,N/A,N/A,N/A,26.33645346167075,6.56194857472263,14.90029172636346,N/A,5.451868209971159,25.024470023296814,N/A
1999.0,2.0,5.065174926980024,-2.024967380040538,N/A,-6.368093739406938,2.2780275966394,8.662507277873157,13.146438028597235,3.5542274611474536,-0.6641471789045832,11.842134538789079,N/A,5.332597148763088,-3.046577478793543,6.8343415859101295,-1.7203930015226692,6.67672705857536,-8.341203554078142,-4.425657369617197,2.8628099006471217,3.624488896022291,15.955088646427807,-0.7813568058241196,1.3902277284579088,3.5749543885280213,11.631058851538853,-12.989687721270334,2.8552831140481967,-1.7672491144748739,8.130431279019824,N/A,N/A,11.141871771660265,-1.729483541610897,7.40447892294565,9.813544210010742,-3.3637478068267805,2.346508706660401,-0.2419951704240602,6.0424923198759535,4.536765635814198,1.231094543921962,-6.373407013283712,N/A,N/A,N/A,7.067924287790708,0.679415492340031,12.177422883121135,N/A,4.480545698261104,1.1139768518355657,N/A
1999.0,3.0,4.696791431925972,4.358470851200918,N/A,1.2116144402874527,-1.1937492776986554,9.525883052018399,11.632533791158739,3.099214692090003,-2.2545743161613356,5.845580091449414,N/A,5.198055221628008,-5.017426224844788,6.532370720532697,-0.9795189670743607,5.7774136845187645,0.3294022015725915,-4.805476564056135,2.7684273051546633,1.1456666932598931,6.316239866579977,-1.3999888117992343,-0.4512969870043352,5.513163361883306,8.674853405913996,-8.04095613422578,0.14646429905369082,-1.9170794873708,7.742334183364578,N/A,N/A,7.298317489857959,0.41373277537613307,6.637013327955374,3.797566366906525,-2.4634937477618934,1.7591281465607587,3.7218629716447085,7.8864572041041985,3.5623704068176285,-1.5082446791108444,-8.030289280099792,N/A,N/A,N/A,7.512403088703044,3.7115597373927853,11.0724512841699,N/A,4.75082184370837,1.1539287947200676,N/A
1999.0,4.0,3.9459921618124816,4.242972353154633,N/A,5.185704165330052,-3.7619281436680527,10.012954779313429,10.39052904516967,-2.6990050513848347,-5.5247716373811695,3.4084889736518504,N/A,2.725124214943171,-5.647142779674572,5.264652761931584,0.12072020562506759,-1.5990958064344518,-6.440417218613933,-3.542957572310744,3.0495909125276084,-0.32321942206885074,4.065216416721748,-0.5734455596391683,-1.0406937279855295,3.521082816406721,4.165881635076375,-11.155736012384498,2.8911224074773942,-2.1085647464678523,8.049543311533215,N/A,N/A,8.25398742955846,3.107290599335126,7.078361667641811,4.460822068132162,0.5469143589553618,0.3113403885122117,3.508121067065445,-7.867723032975747,2.1067898110519296,0.27471110043315666,-7.8379643055279695,N/A,N/A,N/A,2.43606534197355,6.982693982942371,15.05496230759836,N/A,4.284393804730208,2.2308872073732924,N/A
2000.0,1.0,6.1547411122426805,5.201275018270756,N/A,21.23898266691863,-2.022689380392675,16.023524262484855,9.26244735027184,-2.518249756802311,-7.969514554198185,3.1783550174787885,N/A,1.6416099402317201,-4.48834288193765,6.165676324275552,5.182570713890673,-7.686523350623756,-5.700873084510462,-3.551843555303143,2.3137138493269838,-0.709186402382018,1.7386354600232061,1.757077580693737,3.4731649706807817,16.856675385794194,0.7668389201214069,-23.151327586178265,-0.14707604225435972,-2.450786674316277,9.427530546496895,N/A,N/A,6.833456768756655,-3.7544948353437335,9.830675845649651,3.961749731809576,1.2121650857834334,2.4831183192042534,5.812532641577579,0.9664971436865635,3.0318742797846783,0.6879150618827439,-10.781248072654884,N/A,N/A,N/A,5.9055267661477835,3.9097453797088315,9.354225017315459,N/A,5.222799464263417,2.2328408377914295,N/A
2000.0,2.0,10.56064258805671,12.270436851206934,N/A,30.52689182050325,-0.6849816647786674,24.043385098645842,6.828837961728997,1.555722927063733,-7.340953180243695,9.476916493842008,N/A,8.578263760019595,-3.2516823958123093,10.72972005283542,14.916563729903814,-17.343709208219646,7.0231059090846495,6.483235998775413,3.6865865375775955,1.3954842408772752,-2.1810964881753785,7.2399300072133315,6.004053473059651,17.372532393381498,1.5632529334160015,-1.8920239291231558,-2.3119264786622113,-0.01881085812564038,6.467632155832126,N/A,N/A,10.588302579913393,7.078093703899749,10.730193925481165,4.0158152264131415,7.970082621500758,9.954125170682845,5.063514857136994,9.04872342579589,2.6000855313163376,6.2431814959813385,19.540246211812338,N/A,N/A,N/A,7.1789173065378105,12.163646277166468,15.176375231479023,N/A,1.803504370498344,11.464904214049207,N/A
2000.0,3.0,10.941846744888469,5.213195889283635,N/A,24.9890205336646,1.9171283838867526,25.38115072538228,8.061568912351905,-2.781823276687861,-10.245499670632599,12.281806454896472,N/A,7.564784434224801,-2.2585380314692385,7.762419757399424,15.306314813864471,-16.779983695908648,7.001428352293095,7.921105890930982,3.3061779637486044,0.4223462427376946,1.4879186180824104,2.5567879399557634,9.215859485784037,18.22930239507776,1.9751098371072677,-7.009245737236178,0.39175361046324086,4.651260354064568,7.644136473583505,N/A,N/A,13.181699877397005,7.742920811599713,11.515993744824353,4.454317407057646,7.030558994299377,10.642042500296146,2.293358964639559,9.02893079936434,3.6756688198141214,7.912307651444227,20.46017401337715,N/A,N/A,N/A,5.695761755727166,10.196338892569285,12.465703941039715,N/A,3.2804029629485725,9.670439660815795,N/A
2000.0,4.0,10.507269093730724,4.242960051912449,N/A,19.55103124125144,2.7883113524810947,23.692983042357646,7.681303274164956,6.934932757923411,-14.359951549534086,14.127615044419306,N/A,8.285047774889192,-0.8736891159754684,5.091974733249317,13.531976927758574,-13.003187278379697,4.883801368540029,8.53591127067937,0.5050018365106146,0.5351547676742717,2.2933072648699038,3.3761559919893975,7.875533754731906,13.452127742203473,5.745344422907948,-5.941717219029415,-2.3279949443388754,10.019503354729784,8.170910560170153,N/A,N/A,13.949191545707516,5.308320254589277,10.217597544333845,5.0387809043450185,3.0046214654196293,10.017469165344272,7.6715655084562835,17.361785069606338,4.16888333418487,7.830086962093015,15.662943498460447,N/A,N/A,N/A,4.4841127652508135,8.440019661046033,7.554903163779457,N/A,4.327054042726918,7.77900981940461,N/A
2001.0,1.0,7.495256361122113,4.0909089664734175,N/A,3.5703426308646584,2.0119628581342788,19.229645450999765,6.9425131550353365,11.306002145950773,-8.069030773911264,10.604003645889005,N/A,7.1765942397528635,0.05707318925371856,6.689289804944955,2.4335578573642556,-9.757561575170083,5.030957507657359,9.003346025783502,-0.3030517107290684,0.4836966508120931,3.618975286415766,1.726689620285281,6.508114940721013,-16.876197755013784,2.332311362166242,3.132699875620325,2.640969876837188,14.3327399803139,5.549921208806722,N/A,N/A,15.95271260798032,20.90379143811088,10.242095315864857,-0.7516544346403687,5.378453338933981,5.361195103400177,6.4758061986978435,12.299500883093538,3.658611240627739,10.414244632859262,19.72684198778146,N/A,N/A,N/A,1.0064957175015388,12.941638289166155,10.008284213144918,N/A,5.163912968191086,-0.3135345494366145,N/A
2001.0,2.0,2.4011339135063423,-0.46457367787746845,N/A,-2.8340535342593376,2.893066358538338,9.896164590881181,2.704505312989352,8.850248359553552,-5.2583243372802295,3.703562763965803,N/A,5.240007592290096,0.4240853883589319,3.143490456519031,-10.282789817061417,-2.6239823310769883,-3.3254464156608052,3.3386048389836533,-5.135455154202233,5.170594967428583,4.436743994135261,-1.0085544834684104,5.927125394508523,-25.096832807163157,2.960840565995402,10.527705335757148,3.930810571001416,11.173262468334215,1.1165928175296669,N/A,N/A,7.2810758735170396,-5.429302729624876,9.711486423297103,0.939483973652629,3.4850598344653085,-2.6330340801167624,8.08439600856297,5.62210647582497,2.2090069487146806,8.247996399932308,-1.1389012497173117,N/A,N/A,N/A,-0.17121057867678424,8.08542053476561,-3.151007107691194,N/A,2.3832272933484004,-17.545010609715696,N/A
2001.0,3.0,0.4722498883567248,-1.4922637204796285,N/A,-5.333970688527619,2.9325639282178044,3.7914494170404502,-1.693731276528583,11.915840294092877,0.5968795083494047,-3.6149698711763047,N/A,2.7033254992114344,0.15819193154366507,8.942882792500948,-12.440506547168791,-4.084598603467363,-3.86192123838486,1.9265362322606825,-4.520840057133733,10.633815997740594,3.1026887580861957,8.936531308239742,-0.23023771265699355,-20.245446719018798,1.1527611568716942,19.36518926383421,2.8516240650299225,6.864283377204456,-0.11759016833567157,N/A,N/A,6.429417225014548,-4.8505690087864926,5.799324323764554,1.5057449349943157,3.1235141063692757,-5.320341401852311,7.949953388423903,0.1814777276207887,0.12125821995010394,5.170381006393975,-2.8605087004179355,N/A,N/A,N/A,-0.10865258559904438,1.5597369140497477,2.011118187858132,N/A,0.1656653568937312,-16.291219813446585,N/A
2001.0,4.0,-1.104766538508199,-2.1337622665067144,N/A,-6.7903936149087185,4.271698696112501,0.11721932184738003,-4.5967400410720245,7.082000966268804,13.076698612390627,-5.290594158601709,N/A,0.31045258479185833,-0.9231708960820366,15.205710730305025,-11.877152311616511,-4.0034035439297995,-2.5085411087622327,0.29581221417216885,-1.4891469248683997,12.237714542684266,3.18020006977675,7.950903254857384,-0.9746526053209406,-18.66284086849226,-1.6924421636886937,24.290521736375144,4.691116381580345,0.8425903123796954,-1.0585239682665573,N/A,N/A,-0.3281614649704717,-2.324387845968478,5.107302513965786,-0.37145531106177276,6.9122159428563705,-4.677314850895262,3.2024157979032624,-8.774883674242444,0.02092207054666703,1.6710798638708275,-18.016892812629344,N/A,N/A,N/A,0.07098788998479232,-4.460180138188511,3.0540814414098985,N/A,-2.284238281809618,-14.709467052550023,N/A
2002.0,1.0,-5.176044369571522,-3.2247276891696792,N/A,-2.6292107134755627,1.807134393389865,-9.281796186772565,-9.06092239449195,-1.384742969988748,6.692644203437938,-0.43611749921549614,N/A,-2.7815377783588358,-2.154960262412049,15.496603385382521,-5.927291276549444,-3.9742545746630005,-4.658394056468337,-0.7243701797882762,-1.107686575466833,11.021538714077622,-2.6042010880058846,5.405715607587774,-7.926030706626469,-5.940772094136082,-1.9200580573021875,44.20539645944923,0.6349619131421513,-4.447883115219504,-2.658692380708496,N/A,N/A,-7.99112171531005,-5.570408089874998,-5.362440869465001,3.0404424723774053,0.053644000212152466,-3.886686896113081,1.8913835138540656,-14.165215129004762,-2.177713145574235,-5.205304460741677,-22.139179225615518,N/A,N/A,N/A,-3.8202890567774386,-15.08096905123236,-7.45375818407675,N/A,-5.117642737789003,-8.983422118741451,N/A
2002.0,2.0,-12.809624889412358,-5.513412960052398,N/A,-10.837400329402284,-1.7567107214744804,-26.52793604727942,-12.40580179847757,-14.19863402811388,-2.158945099124599,-12.826583344558543,N/A,-7.924815513872423,-4.761257384529586,16.9261507598412,-4.196858329414627,-7.910171484888517,-7.9021518481655715,-8.22614162756389,0.24783707791793227,0.9991859480316693,-9.156208761420872,-2.0735174582945466,-21.390587765080856,-0.3229418648819587,-9.393264685110054,24.96972182374288,-6.812390580765851,-8.715558375488104,-7.597566485884758,N/A,N/A,-15.782205985623484,12.287389174756212,-15.675202314680655,-5.091111373356187,-7.604182427047437,-1.3845842310635892,-0.8170737447945531,-20.57068450613042,-7.4394805748511565,-12.693189477903541,-23.314792488618046,N/A,N/A,N/A,-7.449123592531979,-24.019077934420988,-8.263937975119843,N/A,-0.47742921186724513,3.635777831476613,N/A
2002.0,3.0,-13.3481116922786,-4.917891911008397,N/A,-13.913676225276413,-4.348782890477596,-25.008606840580345,-11.489622085803306,-14.156626853437663,-4.734634938364054,-10.319792878127341,N/A,-8.071359939170936,-6.793233811227182,9.89559105409529,-3.304849423462292,-5.710020569172239,-7.594631494469531,-9.691243667754494,-1.1597166111407808,-2.51257695116327,-8.25664392509028,-7.900589138422866,-20.29793725601988,-11.124213997145397,-8.794016147377379,-1.669779364455712,-8.33187611337009,-8.308815453457012,-8.288085307165014,N/A,N/A,-18.81327737708438,3.673324057364822,-14.606330076554155,-6.499697720150459,-7.851819336809878,0.7137546954819616,-3.8030497260913108,-15.394227649222783,-6.949114382149127,-11.03935255959048,-39.200864215803925,N/A,N/A,N/A,-9.077927210329491,-14.56706676738756,-15.863198159785336,N/A,1.4980351799713987,2.4309448579608492,N/A
2002.0,4.0,-12.917516414331843,-3.060884289319203,N/A,-17.70231651557863,-5.756764540164914,-23.767908811394985,-10.703314257634185,-17.259859870067174,-10.698157289294127,-13.128023276228918,N/A,-7.973319227302259,-5.236878444282696,3.933503989259586,-3.5195896312545374,-5.273385323920408,-6.525262746123499,-9.019655903048026,-2.1517856884699778,-0.3020855597310423,-8.641453966346,-7.462505274311426,-21.423894245881918,-0.8302390441684901,-7.051135910819905,-11.05505939412331,-9.804169493064007,-7.74032445425408,-8.135226916508504,N/A,N/A,-15.770133651778254,3.266570619623885,-17.247048372702263,-5.791166087336396,-10.075578744236482,0.6881935928509222,-3.647949202962929,-6.052253328863444,-7.977145722364246,-9.210850780514225,-26.300243577597264,N/A,N/A,N/A,-10.664853119474223,-5.000767385333385,-17.90011778652466,N/A,1.3395381745970978,-3.362094513990016,N/A
2003.0,1.0,-10.740578599911196,-4.507244603857617,N/A,-10.569703561721767,-5.102352465726955,-18.724433110822837,-10.492876846564075,-16.377124051176605,-9.053891717539724,-16.066477982247395,N/A,-7.930541807612566,-6.708830978048913,-12.027106443375226,-5.996872921069974,-2.9236651874153927,-6.724790012033691,-10.190311502560338,-0.10312636919459749,-1.9503880184092617,-4.930030081081566,-5.412901054836802,-18.055263213364455,-4.441662666170816,-9.357473579436894,-25.46857578433133,-8.033159666039985,-6.061942490362724,-1.1186165870777869,N/A,N/A,-13.157552013488521,-3.20049432846549,-13.249463418073429,-7.229991679485777,-8.859717497706807,1.8659855328583903,-6.257688429180662,-3.642175666899048,-7.306119692288891,-8.080341833995693,-27.33708890084034,N/A,N/A,N/A,-6.938879515096547,-3.5577112474712895,-6.026464885116943,N/A,1.8642230961678437,-7.845437598450847,N/A
2003.0,2.0,-4.462169628712369,-2.77154944041449,N/A,-1.39463118856822,-4.350686742040367,-3.865090246987518,-8.974732708969578,-3.4163184833397695,-2.8330973352210247,-8.341599302372424,N/A,-5.406433765014453,-5.160318203995735,-32.51120882977878,-3.8767587379012736,0.7505872532385014,-0.9236294806013446,-6.209281968993177,-0.34737184995615716,2.239995747468118,-2.004951555489763,-2.546304072547884,-0.7882733778814852,-3.5033782600469605,-3.4117147060840516,-16.91133041749261,-4.6636969013692005,1.4648885756320942,-4.64841070359693,N/A,N/A,-3.6201953664681583,-6.636274419730359,-7.533062594024638,-4.470652712472878,-2.144800548814951,-6.997086512378618,-9.637435121041543,7.1943630407648325,-3.194004812524186,-2.110434163474401,-25.818450630074103,N/A,N/A,N/A,-4.104850645485479,7.639343177393434,-1.615335494758469,N/A,-0.04047441825138516,-5.149427108816849,N/A
2003.0,3.0,-2.4888346944748165,-2.108108540004238,N/A,0.6701526015320086,-3.2083991603594693,0.2569000640994618,-7.388808576354057,-0.7609665808335481,-1.215457476479325,-5.543623099346745,N/A,-4.680567306977328,-2.401262049865218,-30.48506676571194,-4.2296799750658245,0.4130381374501525,-0.640649850954946,-4.549871300019926,1.1420961573602426,4.524715298329833,-1.7757210125869984,-0.9772495092369682,1.217046054707068,-7.162197670574638,-3.146033650735876,6.616365089112936,-2.347839164455974,1.8311321812466888,-4.231143914922516,N/A,N/A,-2.300937529030845,7.105540711507932,-5.534574253692996,-4.277960475954097,-1.3143368043026615,-7.910436278686031,-5.093568096100127,5.4604346252790545,-2.375206316630047,-0.8570088206874505,-2.7661599492564948,N/A,N/A,N/A,-2.6143292589482314,1.4377369967355338,3.7335987792102,N/A,-3.0151187076795436,-5.660719675361543,N/A
2003.0,4.0,-0.7346251189520782,-1.3263148168065604,N/A,6.621388436582473,-2.347645979383729,1.123411397428281,-6.842106222939474,3.528276720935189,0.8139004731367026,-0.6323309601948738,N/A,-2.9554522484411714,-1.074621582748325,-28.39691596541295,-5.489615439899154,0.7934888789059944,-1.158264862926238,-3.8738708567853544,0.9610677376016704,-0.3257500571206146,-0.9348003310895269,-0.46087604470358007,5.524309559930851,-10.120630032242916,-2.6412009902912916,13.167956510121526,-2.4830673234975373,3.960872557168887,-3.1809083320863274,N/A,N/A,-1.376544768381871,6.100144671300675,0.052222084171210326,-2.8839522763266094,0.19376580682063674,-9.04169027598456,-5.0010766929531005,1.0369418845378917,-1.086149482860201,-1.6291313010458588,32.657755767319664,N/A,N/A,N/A,-0.45115875494702107,-2.2362818689077057,7.657433625472885,N/A,-2.225018225567968,-0.4046355738835662,N/A
2004.0,1.0,2.0695561178293063,-3.5263843082191686,N/A,-10.601882367721498,1.1108219099734271,4.298710392096669,-2.9274840927698937,12.573091376820086,4.098936713452381,-0.8479507721518545,N/A,0.8012379418077217,1.09832431043472,-19.274276414038688,-3.636313726299128,0.28887084394943874,1.9221381709888365,-1.466816087178804,-2.5289539368602663,8.459941279286108,0.60907481511124,4.784214141696683,6.691132583744601,-10.509527245726154,1.4991125582103921,18.807713317766865,-2.031032171137034,4.424464826311461,-12.986749896302651,N/A,N/A,2.4499360644666086,9.39688846107043,6.625095320578697,-1.2734949769157113,3.004792152170847,-7.870318374575,0.18724629264148376,4.925283257317452,2.2203803243051854,4.083136523653478,47.56014487329529,N/A,N/A,N/A,1.1969932730630513,2.3930441201258494,3.4944215335872983,N/A,-1.97352600466203,3.111201560211007,N/A
2004.0,2.0,7.167674424970209,4.928246660737719,N/A,-9.751659414087904,7.914136915259304,8.851731129349783,3.0108120889071612,15.881414279351953,7.420751096206494,9.594513173480433,N/A,5.061379620794431,10.21519749560936,-6.401271362377472,-3.346958768071706,2.156887801368973,6.892268590123053,5.349627317954876,-0.6186623746677685,15.132760348380991,5.478876148739906,10.244606609236381,7.579721075580895,-7.969015473963892,3.8876449727283977,9.905663215981347,3.3445341460228457,10.482315495252287,8.221371953183304,N/A,N/A,7.4118275166221865,13.336134853575048,15.32534128085214,3.6191377038789154,4.604221364059511,7.507841340129411,7.869852207983004,3.778745151596219,7.337499635980503,6.785322316964932,61.1276731901994,N/A,N/A,N/A,5.234680924393481,2.2975696245681614,7.1302076848328095,N/A,-1.1169156060113072,2.3948485814387963,N/A
2004.0,3.0,7.019614897470867,7.724648215869209,N/A,2.3690484861443677,9.744539195352182,2.760744098667485,3.472244513267126,14.323715252772883,7.059036347095715,8.785737505042345,N/A,8.412694788720836,13.921052476229958,-6.1673636245593055,-1.808035220165169,3.5680021010596046,7.2482234399227785,5.076587596737985,-0.595333549653105,14.724287517285074,7.479751563844585,11.525210290662775,8.43987319575066,-1.183242013106526,4.046009675571579,2.446832524396885,2.0879872576108993,11.815999971431035,9.710425248753685,N/A,N/A,12.711640709221703,-1.4755159158573792,14.632799370765772,4.830486482285753,5.401862604455963,9.335386435016998,5.718615982908833,4.401207495450038,9.699683798646925,7.539903220161421,49.82221458710128,N/A,N/A,N/A,6.190708109219401,3.3065377552266058,8.18999916835638,N/A,1.1377928444890055,4.3387280895519575,N/A
2004.0,4.0,6.9345563482949695,7.321154022650695,N/A,9.607697526566643,10.029760245135254,5.330455932319877,5.4248426420480955,14.958505321455892,9.315275772497214,9.109187799433565,N/A,9.686446142426822,12.298666930682819,-6.741562903383811,0.3519758960751813,3.7150835225666103,7.64789295957932,3.6301265015376694,-0.18766076578769714,17.01551883787107,5.883870648998833,12.49683639293452,7.80095173613091,-14.262346744210545,3.2806169737718114,-0.23645626000786948,2.323126056649756,11.634789378167683,9.075881189134574,N/A,N/A,14.72638131548778,-3.896085049881136,13.218536771725237,3.3110352058051324,5.002483134470544,11.835961275727684,5.969558101616043,4.3006674099671836,11.587282732606226,9.768311453189988,11.316320117905896,N/A,N/A,N/A,6.6046009949261215,3.2838526739818836,6.471247495732478,N/A,0.36415337324392355,4.26158002195843,N/A
2005.0,1.0,7.806233805967744,14.748099886401334,N/A,40.325296368242846,11.473735198798039,4.550310395674089,6.123528115321567,27.560191228452872,7.856766179329582,18.588759977457812,N/A,8.984841139160004,18.093998377442023,-3.660825130716907,2.5529469297237957,5.540894840233887,11.185520364090022,5.9627945165845,4.572934283157635,11.095047815207657,7.207680610966668,3.9202403596321767,8.786268338372869,-4.996577222638101,6.8445239431984675,-0.6733078059556035,3.0957799197016476,15.866448536671351,17.828176876918075,N/A,N/A,17.376500403294155,-1.8662671087755625,10.744630462367894,4.6592399341427475,7.452513238835292,9.465115838532578,5.63701244448077,3.4647212813125203,10.523432699420427,6.840609158912879,6.334193006754191,N/A,N/A,N/A,7.111310734239824,5.85335729273051,7.628418915284837,N/A,2.396393709195095,7.020575450815462,N/A
2005.0,2.0,9.047883495720852,9.239245311584346,N/A,42.47319240029631,7.97126695264771,13.641251348471645,7.500171327238863,13.281633608532381,9.721305823991187,19.45741745308089,N/A,5.585742295427436,14.652707106571802,24.996189146561324,6.733106508162548,7.404149597905841,4.659228545267083,5.471349704934236,5.407167118050317,5.8212019096152705,8.869389566005056,4.1577925805211144,6.519837651512578,-7.682495684569384,7.80891516690025,8.583229493894294,4.722336816481961,14.218745667691806,8.855397481333807,N/A,N/A,25.02552982242693,-1.3065930670751347,9.328096366742685,8.87051653553446,9.774511714103399,-2.626605257344887,4.113611703115656,13.585729261897567,9.868780233242049,7.654799462744637,2.2343845823589916,N/A,N/A,N/A,9.424946202852714,12.828736594388394,9.235808782485794,N/A,6.326003227436333,4.077829589336769,N/A
2005.0,3.0,9.73986893419115,9.41847531444129,N/A,27.112325423791972,7.114023715638085,18.053513204317177,7.107590778899139,13.3966834056568,10.925783434481465,20.32431871065424,N/A,3.09606570744328,12.435258995200282,25.143911794379154,7.296772072670313,4.965173674368866,2.4800596756852147,7.048598383291689,4.589211417168471,-3.1933390191768454,6.923590740376246,1.9702930327738128,5.423419139109761,13.670033534014472,8.91948995137175,7.188800444184598,5.304676311342548,11.506499355292862,8.418026219776948,N/A,N/A,23.315465841616195,2.698746296650755,9.496300220108647,9.769466110282009,8.867233423658464,-3.581990558264815,5.177715884503041,14.358014006183614,7.960242426040209,4.394606586860595,14.454204966984305,N/A,N/A,N/A,9.412556102075035,12.258140480672315,1.0566844421310027,N/A,6.667118883245336,4.117362146002955,N/A
2005.0,4.0,9.102777834458427,8.097921730263213,N/A,19.906722075719436,6.884626707665907,15.1104314247732,7.05609724281694,13.977273743471,8.77284296725128,16.30609502414406,N/A,1.7577134169280486,13.496228051277809,28.782611867052854,6.937899436499863,4.490822370152961,0.5372943310583855,8.385005272667637,3.4371711680179016,-6.058612892758657,7.5524683540038815,-0.36802551988854226,4.853216288390585,23.8265884146122,9.432351905072755,10.258935906054207,6.761584216279708,13.44954115140379,8.504523754002696,N/A,N/A,20.28004371129837,-9.620842599548313,7.244522376475344,11.249123545991353,9.97212680753801,-4.957722339691849,6.027998383479521,15.199077218426273,6.372354430404767,1.6147886291308433,12.556562975101343,N/A,N/A,N/A,12.46184863483672,10.409173381621253,9.008455619424769,N/A,9.392855696825643,5.427396672261359,N/A
2006.0,1.0,8.069258525251481,5.785558526038905,N/A,-3.361877087491699,3.98517453566988,18.514474544818015,6.640323372232439,-8.281897103307044,12.37911826586109,3.34858556877512,N/A,3.230787280238972,7.917891820072323,26.35464977538774,5.259656160209388,2.895927900276635,-1.0518014379121416,8.814380340481016,-2.2109835651904666,-3.535151675536638,4.655681947893571,3.6414528757135143,5.417230547599272,13.208886993343366,6.026964704422097,11.238948765533104,7.488074755563175,10.559182188638482,6.871413832621542,N/A,N/A,16.790335734108023,-4.877926542340128,5.9810660816373105,12.040771186002374,8.087748096197602,-5.7280751223692965,4.56050047568597,16.316087513254107,5.776176541825472,1.3230282005489902,13.397745268313821,N/A,N/A,N/A,11.503642359568687,10.791852891169091,7.90091018950304,N/A,8.371707838409606,3.8637512435158103,N/A
2006.0,2.0,7.782295080397065,5.976277166840384,N/A,10.80776579802845,3.4827966624162885,14.801050578606823,8.785966144610036,10.508168329954499,10.837107105128931,-6.41570850058953,N/A,5.698903982794941,8.106552782270656,13.125338581676502,4.283505632055083,0.16909292367953196,1.425076705148547,11.16171935459736,-7.317348147505031,-6.598006114433861,1.4492568885615622,4.621626952983268,4.229979024135896,20.735190067368066,4.268096943895212,2.9891396812927082,7.777402732090152,3.9076130341392212,6.819303387392105,N/A,N/A,6.143742400682028,-9.452087022833686,5.7335075792714445,8.224456530098568,9.428089185086652,9.164686833119063,6.624422956586439,4.3908967793740254,5.0152565066486625,-1.55025763740667,15.624338997818619,N/A,N/A,N/A,14.969730132457288,4.612421941774074,4.588348265942669,N/A,6.786504734100214,5.085626942489154,N/A
2006.0,3.0,7.003294077407335,5.2280931046620385,N/A,12.376621486031048,4.326357174490733,14.048582500959123,9.676319266140435,11.278082378779096,10.212273070767122,-8.837260095617994,N/A,6.793510802830109,5.526250970522122,13.912597219929529,4.284840470964692,1.9392422042333453,2.407990242469297,11.085813465634548,-8.917712014563197,10.62934731729116,1.405222355179803,3.740940290438636,5.118321881024265,-13.136304791947412,3.2448161696520246,6.188309926064804,8.382447499926654,6.0022596220529945,7.03462824071732,N/A,N/A,2.5394744977557098,-7.5924367800591215,5.271070036554229,7.781322769904205,11.763996260878622,8.066541830980821,5.660054051964751,3.128323245183435,5.297867047686322,0.6785004595177234,4.863024391001048,N/A,N/A,N/A,16.1218104778183,4.592351623566175,17.179613370981865,N/A,3.850170317097449,4.3545591678319155,N/A
2006.0,4.0,6.8493204405002865,7.425619045798356,N/A,11.033997642279617,4.908184658299326,14.507155758102474,8.686981444593581,8.043522628876747,10.195932959136085,-8.888282610191713,N/A,6.471340353257912,5.408964673070997,11.794113780485562,4.732965578094671,1.1200123965388484,4.612449201648585,12.403609300425668,-8.472630545365217,22.8727650276592,1.2443099141441976,5.259827648607493,4.390144733792659,-16.505591608202007,3.511499565700095,8.094663501901929,7.430664556530334,1.8405429709325343,8.222978082510618,N/A,N/A,3.7333739206017715,26.935424955050287,6.065806920226753,6.967254592089627,10.25394007938666,6.608567323867923,4.304000652401784,2.4154170563838226,5.492347281422578,2.6657362430501896,5.902379937309639,N/A,N/A,N/A,11.795372759117875,4.423652248711483,6.813642234217513,N/A,5.037208648113189,2.969625858274593,N/A
2007.0,1.0,6.947141357243038,7.481645980246861,N/A,20.99032884286296,4.424019701147206,9.079006899217667,10.348944494426023,16.65354227718888,3.1896109401420847,-4.5539791034198975,N/A,6.133404780214144,3.5354562049811293,15.496879766056054,6.393472171124703,0.9778081188077355,6.144271076522997,11.650042300761907,-4.777988982577961,18.600677224706995,2.995360005372711,6.474559061392345,4.636186421354573,-7.906147325002333,3.9555411559610425,7.742653456813256,7.1384838136344015,0.7201742663463289,7.70784060535405,N/A,N/A,6.5644750597543124,9.8671997347768,9.03051875146175,7.322089077222542,13.337807289542278,9.22342124743506,2.889860683575864,-0.7820546432676462,5.793682405443022,3.255819562176491,5.059203460814698,N/A,N/A,N/A,10.28350912891402,1.8381014845347439,6.450164870228568,N/A,4.513718497563007,2.205486925098448,N/A
2007.0,2.0,4.600421156162187,7.6750687769156904,N/A,-4.909456797650671,4.94823181810535,2.145431515585639,9.67673518506071,6.930139190301829,-3.3487128497845573,1.890799829373382,N/A,6.646086450060411,-1.9020531828092788,12.037668906357816,6.1723723117787035,2.636306574916626,9.122841925746979,11.337548878028507,1.4830703868602826,32.75331368593807,3.940002353828661,5.78553532857919,5.944034887091378,-11.349133068203603,2.671864723132172,15.365929904265881,4.8578380583863785,3.3817809865005177,4.084784236291674,N/A,N/A,8.782233495199726,10.827803386998687,4.901874492668117,8.952976430261753,12.312272137235217,2.147893535062012,-1.7009145006873956,0.679304489352056,5.981419887784313,3.675447042464578,2.412286609190446,N/A,N/A,N/A,9.547355244317917,4.223014767705723,10.058376435040392,N/A,2.1959667064758848,4.511962222452668,N/A
2007.0,3.0,4.981344428330485,6.62652188455121,N/A,-5.80016062110535,4.3398110435263195,1.1543420661310044,9.629073671082907,7.154932656892345,-4.951178872398502,4.100493768867657,N/A,6.424799738895022,-0.6180493741127777,12.242674029325066,5.834007442706308,2.901831691000893,10.583500687327039,11.476516590168494,5.636280816147122,24.498171713222195,1.4973065943326491,6.345121033181661,7.938506512607965,1.0771086779192236,3.3875168967456597,13.676237036130349,4.740469153197948,4.894460101112781,4.856274049518744,N/A,N/A,11.988082025943095,14.22013784359007,5.544034456971455,9.012059274396506,10.016831447671647,2.4919243393148047,-3.6979537523160286,0.2556260498799544,5.068731773458097,2.0073498184326883,9.405282813783941,N/A,N/A,N/A,8.43173232607705,4.348641831865152,5.758675991906678,N/A,11.087240510878232,4.907756151855332,N/A
2007.0,4.0,4.378793154974153,3.460315801228484,N/A,-8.63800825337106,4.370444981160569,0.925461226749669,10.916614876609625,9.658121311092415,-6.228455340080286,7.367988633406382,N/A,6.510600299920546,-2.669436105401599,12.318974657023194,6.551044240423252,2.441633354782311,10.370866605273138,10.073276922727798,5.977275925825775,12.51689290990635,-1.5603353677591878,10.979990419731559,8.69295976832705,6.846549650493817,2.8490900271799235,9.591712276674844,5.018977044697907,10.117312010992178,3.4090760814076804,N/A,N/A,12.293290128316805,-5.456884479787984,6.039223609187613,8.494273789712292,10.921771965988732,3.552978302651747,-4.550694794242367,-18.696139657396937,4.696692571874304,0.6504972862018997,9.024217351127433,N/A,N/A,N/A,8.938602832349476,6.369889500196814,1.7147526635500139,N/A,4.846263914817796,1.9511943801682186,N/A
2008.0,1.0,3.1786257861729768,1.8569399583379953,N/A,-16.070183782569387,5.600253541478161,1.2687647863743996,7.33192341731812,8.327110704765426,-6.262534681916344,7.120737652815465,N/A,3.110181563618156,-2.372573542213863,4.504800775980965,6.044186947145044,2.7485962187560156,8.05421523451698,8.986325745068028,6.343486889174665,12.146975029594751,-4.53572798556897,8.9503521010062,9.31468063956568,5.1328029388926435,3.42244986894057,7.078718257265552,4.61304458615948,8.066929684805928,0.8826157200693038,N/A,N/A,5.234237941537508,-2.5213895617462474,2.3265659485674837,5.679255710986498,3.4807295956821394,5.4744203236199365,-4.015315457840026,-16.972647449284864,5.36958062626762,-3.504810338773691,1.6108092028227816,N/A,N/A,N/A,8.526019976147117,8.340584636610654,0.8339148570887855,N/A,6.386790854907506,5.172252933142444,N/A
2008.0,2.0,2.30343671253602,-1.7623521671439695,N/A,-17.82564371532722,4.186724452957697,0.9377815833906419,1.834188249579826,13.863793766283806,-3.71444558512765,-0.5478055451176996,N/A,-2.556273643052741,-4.604700366181298,-1.3806511447304528,5.664768035102722,1.007688390752972,3.3987916927881923,3.396935979207222,10.33812749453274,-0.07061946622390357,-4.567701067376877,12.930589434480483,7.338159280285718,6.78236695587647,3.64232804667128,0.6698020941216059,2.0934123208010593,2.7476353962530875,0.8066808613392035,N/A,N/A,3.479292782567785,-0.8311699346466223,7.917297412229518,0.10461702778906477,-3.6342816898422807,2.9904576739933995,-3.0104678578964847,-14.57896684376575,2.2183324645776517,-3.099656615320509,-7.694603117402503,N/A,N/A,N/A,-2.3845372097438102,3.540159438302065,-4.8004474851672585,N/A,7.657549579424108,-1.6295952509550466,N/A
2008.0,3.0,0.39135403792532913,-2.420162934451029,N/A,-20.00810016274828,3.3180853867514215,-0.5145626845348117,0.48429166895930337,10.037101409699229,-3.866112400360839,-1.2383008630388046,N/A,-5.7790098218273025,-6.058295355511524,-5.049974720288593,4.68190591578486,-1.666208847652938,2.6024950679909966,1.110987593906749,8.301906236283308,-7.303120828382616,-2.8087175179852544,14.794741841196156,2.1174754134165563,7.318633679426119,2.8309268151459164,-2.674787677065955,-0.1414011035364519,-0.9153345032444116,-2.7745481834512287,N/A,N/A,1.1551296519791625,-14.290813833153715,6.150974789958087,-2.159364480868833,-2.168822417617277,0.8336101328759221,-3.3611850783988455,-13.406206999900391,1.2699969528241637,-4.861513258913431,-16.2606179003352,N/A,N/A,N/A,-7.109425460772743,2.438743373260795,-6.919034420095828,N/A,0.22538519779395275,-0.6812383674480559,N/A
2008.0,4.0,-0.29881517234683647,-3.7073870144572667,N/A,-20.33299530964068,1.584180701403419,-2.944440886222169,-1.5139824487236582,4.952234410432982,-3.3428045418837917,-4.10631327133957,N/A,-7.671554781440992,-4.625280400157394,-8.32409151458489,2.5620944020271468,-1.3924095145545639,0.6697598679361487,0.6778658049438797,9.564119936897825,-6.046682188355596,-0.6637114898782488,3.9355847403271333,0.7978311566706257,4.889630028603005,2.580853411633464,-1.6336024588739266,0.29695397318281186,-4.214556898033692,-4.698022740843576,N/A,N/A,-3.0012729216767413,-23.37916252994185,5.2048788134715895,-2.2751253104251834,-1.799712591178747,-1.0647818400189664,-2.010094364534848,29.927188571580654,0.8840515214630199,-5.588266575363674,-22.118607908276744,N/A,N/A,N/A,-13.194674705447134,0.4201152404105661,-1.018612198157248,N/A,5.088889269124436,-0.17152799812009295,N/A
2009.0,1.0,-4.759024663547401,-0.49209669404798073,N/A,-22.233528817536,-0.8697592240966376,-8.30408354294689,-3.951790211980567,-4.304689316954421,-0.4743225684687992,-6.844365525049806,N/A,-10.429701476155664,-7.8279064975516395,-8.9425219344943,-2.681761910888376,-5.366073589360927,-0.6738929685755997,-2.339559302879978,5.588360123167232,-5.6506530152912555,-1.5924398109865476,2.4774790571666094,-5.413322867504749,-3.4652197739085624,-2.6784016714895897,-1.3634964316953313,-0.14322464120442566,-0.9115097494495055,-3.1116358387272545,N/A,N/A,-3.321331190824063,-22.580371497296216,-1.83683009428031,-3.718402012346945,8.062425070517346,-13.848865675498987,-5.418780451700273,24.867130888270896,-3.0205101427987637,-6.18793996643513,-20.762789929860688,N/A,N/A,N/A,-10.730504806172585,-5.748973954818461,-5.7761776811696235,N/A,2.3010807230798127,-6.221332481160012,N/A
2009.0,2.0,-15.246639698950066,-7.23594940460978,N/A,-29.201787354207465,-5.7688957751707575,-21.125246469177444,-14.123466449440336,-25.680474735104013,-10.59001733631643,-11.405336947663884,N/A,-13.47924439907548,-14.512915157192774,-19.154825238088815,-9.241776418879395,-11.873192548470271,-5.932413745362139,-8.266831334779745,-6.029813645329787,-8.5226582080469,-14.627697704124543,-13.442003135798181,-17.527668215679252,-12.367257757276896,-11.769170203478902,-5.4157005470211494,-7.959389494296001,-5.908235515099008,-8.418031153727805,N/A,N/A,-17.626177071923067,-38.73006755824538,-16.26074876728267,-14.15561976168469,15.945691173788859,-25.856983150016465,-10.364982575441555,8.161502982789544,-9.2863940198515,-13.02789834672817,-25.89902044825773,N/A,N/A,N/A,-11.532827668194948,-15.687545709060153,-10.310302816453794,N/A,1.3598339089896545,-8.689167309106706,N/A
2009.0,3.0,-16.53234690677657,-13.111661695454165,N/A,-23.968566470551515,-7.3030621970746585,-23.216629968253354,-17.04995531595612,-25.55115305874513,-11.971066230795948,-16.454985082281414,N/A,-14.5137757518925,-14.92896028482612,-18.19392298788347,-9.087758116667729,-14.605213558298805,-6.866887636333738,-9.688737778215456,-7.688617589922932,-4.578312333185828,-13.94085584967687,-16.61087606291105,-18.33622157394936,-18.60153225453245,-14.273441632229645,-6.351426212664929,-9.00220355803167,-8.729028541086924,-8.148551786984232,N/A,N/A,-18.450094021601167,-16.810055296197525,-17.245385885088595,-14.352760962842234,12.519815147983698,-26.581342476762597,-12.180642297937563,1.9832492665047532,-10.249970903670482,-12.210806602782334,-23.98631894765812,N/A,N/A,N/A,-9.24346229248199,-18.54831956808168,-11.912308802876035,N/A,0.6714308811705052,-11.514339271087122,N/A
2009.0,4.0,-17.06528686344143,-10.649740546389665,N/A,-17.691466373172027,-8.382458556832582,-23.029945482570223,-18.66088444271381,-23.594014925442625,-14.243688715727357,-15.633066758484713,N/A,-15.888877357206518,-18.700610040803255,-18.741502148767626,-7.290707851831386,-15.917706379276215,-6.144685709576136,-11.84408771215277,-11.299417388716098,-7.0179673724080756,-12.00901003575208,-14.372849232901325,-19.324770818505687,-18.85168527434058,-15.879436850592338,-7.78171374712865,-13.75064630265395,-12.957142944420696,-8.379262056779947,N/A,N/A,-17.12347306536145,-3.4131319421732442,-16.70853320470379,-15.949260114730668,8.126976991148366,-27.36406323289865,-18.353454263563638,-21.16486020668055,-11.667878532479788,-12.591880498654065,-19.61858493292663,N/A,N/A,N/A,-5.653973238549755,-20.185677915648892,-14.671203738514055,N/A,-2.3662427051013473,-8.832887785868246,N/A
2010.0,1.0,-13.057494579056044,-15.463626627374524,N/A,-10.436298830376025,-9.308675411717756,-14.833138761009204,-17.49982380755063,-17.840545989144584,-19.87322661002801,-14.789601537632713,N/A,-14.14521316778455,-4.477395305548422,-16.81048654938969,-3.900939366828151,-14.061202616434842,-7.997822108249057,-11.974245305912687,-9.199979062297162,-20.008248468491967,-8.52261864871957,-15.482989106115355,-16.774033051982464,-20.10248693169769,-14.559796317421137,-10.494571969910725,-18.70665582511957,-20.126078325338923,-9.792614899735266,N/A,N/A,-15.26860477827882,-5.060160437730147,-6.007972482999572,-14.455058865574616,-4.021105637363097,-19.794782921767904,-15.502515090425687,-19.860419559917855,-10.731772896758844,-7.520506959463111,-17.94067745979313,N/A,N/A,N/A,-8.932791877702469,-18.771891955815555,-9.96088682111774,N/A,-2.422657065844446,-10.998538775342228,N/A
2010.0,2.0,-3.6306226893200373,-13.975982717928911,N/A,6.537365037572567,-7.453282587890202,0.9971467510214275,-8.003254017188116,1.4544293539252466,-7.174442047813237,-8.779931450278946,N/A,-10.774690389711198,13.10601400741676,-9.984420303078181,-1.4259405002285235,-11.190311422843406,-3.853866740717208,-2.606948985576069,-5.747495437927055,-26.512946917020958,3.3293196949111223,-10.46740243023007,-5.346779330086497,-15.226434962929163,-7.915318826500334,-9.885146405180622,-10.170896904578786,-14.566584980592062,-7.517056309522186,N/A,N/A,-2.5717601170148554,33.96012092554256,4.751269303029032,-5.327045519860294,-18.980052768458595,-6.1051964277634445,-13.566104713685542,-9.803272475957392,-3.0883556338617217,-6.180694912423661,-7.323352126371044,N/A,N/A,N/A,-10.244554611495643,-9.021381816519982,-6.647637713529007,N/A,-8.044481394155794,-4.004794543580574,N/A
2010.0,3.0,-0.6836123750887555,-3.4550473363150687,N/A,4.62674313200411,-5.676590308437866,5.897159118420029,-3.3800074920819725,4.906870181669687,-3.811423813165947,-3.4182496812787013,N/A,-5.423375563048251,0.13242366890513124,-9.432593517081127,-1.247763885833669,-4.117477944916911,-2.0130767281182593,0.5391834131998815,-3.6704472376204706,-28.570104225255612,4.566137184977725,-12.281926080555905,-1.148430517270586,-7.033416783946459,-4.4360314956571525,-6.285547473000504,-8.005765709130644,-10.693788006654744,-6.022432740769509,N/A,N/A,-1.8089552281998151,-0.6553971317837385,6.956977222011643,-4.694396856479488,-17.843198805574826,-1.9840543454641413,-9.732652924391004,-4.846105218589544,-0.9176213570286375,-3.408310385695368,-3.506467034148792,N/A,N/A,N/A,-7.664308602336628,-5.276472484310403,-3.345760995894535,N/A,-4.761015426115152,-2.016069477249159,N/A
2010.0,4.0,2.8832814681388825,-4.551275750621799,N/A,4.168594637134752,-3.1034917242510685,14.229565951953093,0.5928475550171328,7.0658985326491734,2.317828884438828,-1.6368529436100288,N/A,-1.2032571960236886,6.625430179224176,-5.439928593340351,-1.999213485739348,0.9245448284475516,-1.020174076790222,4.012326145790465,-0.1697358113025775,-27.906176855997483,3.2081856873558996,-9.679905466775324,4.110750063521746,-4.279186381922916,-0.9645268727777082,-6.061723308411198,-2.562700009811949,-4.105282688742746,-3.193711679559682,N/A,N/A,-1.2047804155022777,0.0779182720682457,8.120585766197856,-2.1079511854032624,-13.280817766201672,2.50628076617334,-2.2306284257412825,1.6016027535769508,1.1872805580229406,1.0381328460539385,-2.021764348089431,N/A,N/A,N/A,-4.925522944799701,-1.5801822359464293,-0.0987476172619685,N/A,-2.810788582243257,-3.4656752411629697,N/A
2011.0,1.0,4.816116156076666,-0.7903976415499763,N/A,9.28514751164215,1.882499321858943,11.940818485037292,5.376437020149132,10.958508518442896,9.624610727965338,2.291865743272753,N/A,4.452812759476677,-15.390602556443952,-0.14555767713719373,4.220239100457173,5.974030370240263,3.146165191181606,5.019181977872914,1.5041271310776003,-11.65193730042889,5.258667309469895,-5.673505873103001,7.1269691888177045,7.3671552675556615,6.640772984943142,-3.093863879474592,4.52313283515309,5.016949766688127,3.2210201415717994,N/A,N/A,1.395182379361304,13.599666663505772,2.498928599226439,-1.2612329136718492,1.3247195853743805,6.528571496945705,-1.1519792306545702,6.600509729724126,3.7440394237791206,0.26409490286994697,2.866947276579553,N/A,N/A,N/A,-1.4154065784780903,4.48986660009895,1.6684899624826728,N/A,-0.13034965000718546,7.774546480508769,N/A
2011.0,2.0,8.646502957314489,8.905926010236497,N/A,26.46675464412162,6.416758530484273,10.583952746843469,8.744073462808188,9.61065757440631,10.387861993314942,13.764514415946785,N/A,7.148000822609878,-20.22500826772097,7.1778537007687495,20.280309168456657,15.955861253171522,5.672764417141449,-2.0017365959911055,6.183237054974744,4.106048636696647,6.778105066315204,4.904208212093594,12.122564940864518,12.578685439168844,13.462062033280436,1.2508628611624684,2.668697472615922,11.341421173374556,12.760223530388478,N/A,N/A,0.6481739003496928,3.6372029664557965,7.864673046454469,5.9199785432847785,39.402255364770724,9.478661385988753,7.039888568757142,8.772785039426083,2.9592238557366337,10.348597737766221,8.364058416330936,N/A,N/A,N/A,6.898068919277773,11.312496797779042,7.876780110337307,N/A,7.863890616081837,8.696571632357694,N/A
2011.0,3.0,9.26604459706002,4.148160913665397,N/A,26.20861664959941,6.388050795428571,10.173622064354467,7.5315159660789766,9.17428181640722,12.462193302361662,15.282145193115964,N/A,6.548290867921282,7.647195308142485,7.590769106687713,31.678485073876704,14.655468127344784,4.380867125620364,-2.379245887284166,5.7032346736055075,8.513382796024036,4.772986260036155,9.088084764580614,11.746417110658127,12.8530791989686,14.56653228405925,0.36409738019388216,2.8219071598025716,12.800457398902287,13.795528123666898,N/A,N/A,-1.0330258913965125,16.038741142038862,7.933343341509838,7.598944146023766,44.001071739501064,9.231978476758368,8.251791117315465,9.847219133422907,2.479383890128415,9.972572375369088,9.498762605580232,N/A,N/A,N/A,6.7985305582937094,12.133364268306837,7.084331293152355,N/A,4.549281801674399,8.734037442620854,N/A
2011.0,4.0,6.859130279548934,4.460124780682398,N/A,22.896819751948904,5.865597429094773,1.3250652400265754,5.8280148104229355,11.453814250023047,10.422265448966593,13.08450261761411,N/A,5.021265853749457,3.0908358154277593,6.79844047332137,40.53654717232861,12.204048289119433,4.521726465842354,-2.7955081319467814,4.2765861735835555,8.378869522716581,4.710624099649189,8.243575842907177,7.392750577520609,9.838084960863004,13.858375620097588,1.3532048316436036,1.3261273186272473,12.05722671768225,13.044655203819666,N/A,N/A,-2.223689375975338,14.058620644313526,5.8412053004041695,6.725341384033995,42.75709904064252,8.265338480120827,9.868320172113357,10.211569821876994,1.838698953064012,6.617056780962111,8.058546725137273,N/A,N/A,N/A,5.048638212728406,10.799404807300235,6.393539887633687,N/A,6.831423807479167,7.592925387946467,N/A
2012.0,1.0,4.9502112191029175,3.3978846394216062,N/A,24.810357802775172,2.7205844823543957,-1.5876671474187771,3.506451861218749,10.923699929939886,28.48255651635413,13.172090909029222,N/A,2.9648632518037497,14.523903363706445,1.7405783955298153,40.611896313971585,8.43334816250963,2.131338960218057,-1.2154128323063083,2.180937902303048,0.7981307190450979,0.3611064954578551,6.840561198930445,5.466358774962603,13.359903483690083,7.771206014346296,3.3379795361251166,0.9924993763886687,11.846638776734503,9.938621710354637,N/A,N/A,-3.0757726802853753,3.1369696157345466,3.7485536731986473,5.98298875321162,24.027592617388414,4.2867836203439005,11.175614910690882,5.654615935728488,-0.6994276620930922,6.7833521714166025,6.767347935965538,N/A,N/A,N/A,4.050411357846559,9.297373683760673,5.20610137687534,N/A,7.936611931986113,1.7362917432828404,N/A
2012.0,2.0,2.6855358414360855,5.074189288861283,N/A,10.842526127115036,2.843095497216764,-2.2778666734602675,3.875632131947987,10.994201492424308,20.404098485007538,9.59684320404602,N/A,3.109914848636622,20.42590844052236,0.8108565598301513,30.184934236853096,1.1526427822555845,2.465888754196883,4.555445845912748,-0.13099357717497181,-0.642595631696307,-1.2938747130206125,4.130448670228152,0.06654231227223364,5.942698733875576,3.821924348952341,4.342161367859059,9.973106246194044,7.799350753741864,3.8560145193469015,N/A,N/A,1.9423626800355716,1.5731576645369574,-2.918887432658657,2.2126585267079313,-2.7498015956066078,2.6484353379813697,8.901112356041612,3.117602893618884,-0.11296863788112771,1.2978742412858713,4.914388393963071,N/A,N/A,N/A,4.359345388254494,4.766493268232463,4.1544470998474035,N/A,7.053658573296416,2.2762198608022786,N/A
2012.0,3.0,2.344514296960644,5.344138707471173,N/A,9.714301407313817,4.3018420269595845,-1.946572165533838,5.0422626737697325,10.370598318319598,17.300832351691103,10.510409260551755,N/A,1.5912279157696392,4.446804979510365,1.2303926139847075,18.88018509132623,0.9673862809135316,2.9539315057551403,5.368994853421065,-0.3450207035247675,-1.9424345435423347,-2.1692113673616626,5.363420653346474,-0.9149592926403861,5.427545563438734,2.9137027532792357,3.7434070181192,10.78524303414074,6.372257771285749,4.216609718264024,N/A,N/A,4.759874161844837,0.9589651411964094,-3.2637181720012975,1.9754112914191366,-5.2520363119359725,2.779063665850034,7.4042111522962735,2.2666402850036937,0.5576933099036766,-0.7213333565942536,23.639334633354427,N/A,N/A,N/A,4.728014325258269,3.2370439833288334,4.397174912714194,N/A,10.29773605268935,0.5976867563322066,N/A
2012.0,4.0,4.224740349274403,5.784332121757215,N/A,10.931532457093967,4.4377480928028445,5.915251409039437,7.591685701112594,4.676533242529997,17.805666087355117,15.189519007000543,N/A,3.3029116285258273,10.745278964893963,-0.09929251547236535,12.30243406351956,-2.007359170541254,4.0536671852209505,8.10775968164356,1.5007762495998918,5.020686187610266,-2.2549591335458237,-1.4643034931543069,0.5750414991999174,8.45042368070025,2.929662257485816,10.393409048432632,12.288790829914022,7.24006193937213,4.186618794693775,N/A,N/A,7.316608702047455,0.6154003152253671,-1.735763906788059,2.4152308528683366,-2.3101254479316093,3.3128614553581395,5.711191468552277,2.0534688559794363,1.0317764406316368,0.26681945406728974,27.095237690142433,N/A,N/A,N/A,9.663262472396708,4.223537937466837,4.438999943710153,N/A,7.433418189088297,4.810507095999021,N/A
2013.0,1.0,7.7936126885335355,6.963972943783114,N/A,6.065471926044569,6.794482250746399,18.322067488172454,9.877763064263123,3.7290850617386786,-5.715981945649125,18.341744893611587,N/A,3.603443075184967,16.596780557960518,0.45005113869124164,5.928291466272746,-2.0199261258405317,8.080934966525195,7.6470698173836436,3.097816983266042,9.564649121962363,0.9262839129227833,9.8582704898822,2.3504101119406715,7.038667797301705,10.349797741646208,17.550013754266537,12.903792720100965,7.538118147420676,2.5507198735147925,N/A,N/A,9.094834222395285,6.098887205495919,1.9005064243967889,3.0924304729494234,9.006574497618331,5.615249522768366,3.9917779024239923,4.046198157659879,3.5019174354204554,-2.2358839914260207,28.383505398307573,N/A,N/A,N/A,7.904459019293002,3.7513945414080188,5.659685248863583,N/A,3.1891257425876183,6.181810222013366,N/A
2013.0,2.0,11.784258454454879,4.046539454282675,N/A,8.00694520410367,8.517928435732808,30.689542161378807,12.081054416290407,4.274288469901097,9.220441527480325,12.08405789955238,N/A,5.702476888539469,10.751125275157072,4.7687601049496084,4.866019226293713,2.6479548263967474,12.939075422106072,0.616487897403244,4.265387364361574,10.139175056190467,4.425468800022531,6.2988924068409,5.948568288135742,19.032452384074077,14.849179752319422,15.143212786746954,3.1385718954821904,14.307565422905851,12.425511532953132,N/A,N/A,7.042632327556933,6.627660239665258,8.674141411222548,4.823224020026483,46.02785670083132,4.281941349100174,3.3599047261638404,7.089328960311915,4.900433843191843,0.38580086911965833,27.183236085804673,N/A,N/A,N/A,13.770528460499548,8.867663095625378,4.933032524176988,N/A,0.6943094591745234,5.145839231124656,N/A
2013.0,3.0,11.676171326952943,4.4372129302659085,N/A,8.761891401600105,6.550570332214696,31.76996902083143,11.568884519918633,4.283342827471509,18.244232960280122,10.322076231040073,N/A,6.331506414486022,9.271877542649387,4.678683566414031,5.803749394454641,-0.5678534598901004,13.418018656797948,-5.851053659241046,4.66427277269255,13.705852001194419,4.6661303237197655,6.759293237318696,7.558243306365482,15.587297952119414,15.430013847847688,14.826371710140238,2.9090091344108027,15.04945201024744,10.930701257025984,N/A,N/A,7.684249489140579,7.217334817622289,7.886762353267917,4.386066901615434,48.69271412286697,3.8328243806230873,2.608808013512468,6.144505272686674,4.4895540880448985,1.737538647447117,6.302625584163401,N/A,N/A,N/A,12.147379442068017,10.568073214495817,4.0575013400131175,N/A,-2.777699007584632,8.706139115556208,N/A
2013.0,4.0,9.609346885479905,4.664411815024472,N/A,6.033584409884028,6.0389823978910595,25.165263834621864,9.326215298403984,6.016879855581124,8.607749579235847,6.854781158685524,N/A,4.454752600545589,3.3805842909529704,7.860516818392604,5.060429740286777,3.55736163211778,9.9886470955866,-17.368585356012623,3.2427853722339512,7.56011034317844,3.117479872508002,13.603403798719835,7.3453751072690086,13.163708573560386,15.98875359825308,5.56373214272538,1.9434832365230061,11.464978980662565,10.994025891281396,N/A,N/A,6.799179294350047,7.267331188972595,6.168976917560912,3.8386671579143923,36.9468793458778,1.8639662630227232,0.812598406534937,5.47113065919013,4.111774999176335,1.779750276720976,4.133843225967543,N/A,N/A,N/A,9.126745794648196,11.708858073187946,3.296357908961489,N/A,-3.5544333108246575,3.4708764611385923,N/A
2014.0,1.0,5.123533318562697,4.295613131541981,N/A,6.676778414949627,4.662611300205337,9.285417209372339,7.076586129957131,5.195697054555403,18.15071976979566,0.9336624003632518,N/A,4.482999366345789,-1.2478562623249212,9.78952499911767,5.176590576794511,3.9911247136964105,5.324309314288134,-8.362912382657415,2.2857465416121703,5.3108243383529885,-1.8510685117856893,1.5792025346338132,7.242290702017239,2.605764742489736,7.956964400373953,-3.16024773761108,1.058606360812843,11.209404630331555,17.39959500501914,N/A,N/A,3.8925872826621717,3.514815656549934,5.351189190014032,0.36944815232548767,23.13168868711418,-3.6912501269037277,2.569776627271169,6.295307170494178,3.0128315912584247,3.5530077673228564,1.8105169074665288,N/A,N/A,N/A,11.563178497713666,12.528023757445029,0.5588707603514839,N/A,-1.9316972421384853,5.25786661979691,N/A
2014.0,2.0,-2.6662883318810815,-0.01673712109950146,N/A,0.3430726869093603,-3.2969073462676732,-3.192665575064111,0.5869930875716239,-2.1109875303837065,3.449470385342928,-0.2371717227286345,N/A,0.8512757647632985,-1.7244632637997444,1.8517350221494417,-0.9331224487875128,-2.672432039535658,-9.087902646848704,-16.417724776853124,-0.8911404877873764,1.5475872222276164,-9.03242692551943,-0.5431286003914262,1.4388684687501054,-4.63906326805197,1.5513432383539671,-6.661180115892394,-1.8807020518637376,0.0291919190264141,-0.5036897438625141,N/A,N/A,0.04237806478038372,4.650424716760152,-3.1215067567847212,-7.5243197254182075,-23.588796212780046,-15.911333244567949,-0.02278716013835743,3.1825217303653925,-1.2770573767503564,0.24866840546981656,0.2887018309090005,N/A,N/A,N/A,-0.23171442274684592,0.21470212228036323,-1.7466803104565047,N/A,-2.953225761972745,-7.446189134669229,N/A
2014.0,3.0,-2.844559503636818,-1.458014976143135,N/A,-0.8281175072080597,-3.0732764666107086,-3.1770130964469394,1.2723487535989682,-2.986015690068416,-11.585567954121773,0.13300369410970675,N/A,0.5332966130891819,-2.9228165631837713,2.362312347616319,-1.7969763632074542,-0.2603720518372296,-9.388717365976255,-14.40394040548851,-0.4225207543269752,-3.0273853518433183,-8.680457581269337,-0.9515090056027702,0.40103479573486545,-4.674944381453345,1.4447830453035433,-2.8298540226604474,-2.0820004831301135,-0.2700772378647381,1.2811008142294555,N/A,N/A,0.15251566893552557,2.907299833197663,-1.9960780527321698,-11.408364524218188,-25.726347496408035,-18.06317995905507,3.615722630205097,3.562839773465242,-1.3174317538622753,-0.021470323924674597,0.9274717123489423,N/A,N/A,N/A,-0.23354603647894545,-0.4756228103657946,0.10688098067171577,N/A,-0.4280531740482457,-11.070763803590392,N/A
2014.0,4.0,-1.1239313499963535,-1.9465099959002425,N/A,0.17409136418244564,-2.7370935671253314,-0.010058655138834572,3.7770089316756934,-3.130356400393258,2.141067695438776,0.587305486091725,N/A,3.1216312460492066,3.4879030908946285,1.3772671053084402,-1.6397008873070704,-1.393392701152277,-6.876624801681605,-9.181452781549991,1.041056504304952,-1.8477299490511512,-6.220618550237859,0.2826786974443371,0.9916219669552251,-3.7119260622026093,1.0655090838739405,-0.9535006688721391,-1.5234466819711752,1.394927113972722,1.6756586795921273,N/A,N/A,1.9130434091693742,2.6849869076410946,0.7721214551339528,-14.031547213539802,-23.864072747453868,-17.354555300652002,5.6162073493324005,5.148061689252036,0.16569623328195085,1.5574376077593062,2.9823446458189657,N/A,N/A,N/A,0.8588107991158391,-3.074386954724005,2.573981872273947,N/A,0.9095842691520164,-11.567115048981465,N/A
2015.0,1.0,1.0136806143861312,-1.522793596495212,N/A,1.0509421155927163,-3.477216279888605,5.5581047801874774,4.835278879643101,-2.2768969509539443,-0.5886202847513274,5.524871055331397,N/A,3.383850710709431,10.76783111500711,3.5791910111944207,-5.228821709434823,9.594936990346273,-4.2095961197813345,-29.746935424165244,2.759342088956452,-1.4841237827838847,-0.45627716517505174,1.3851411050715248,2.8724479950038675,7.075742317474321,2.7169215764733416,1.014942183740467,-0.6552795197698067,1.355657011607376,-5.174426310903364,N/A,N/A,2.8893670106602243,5.026811182760009,0.5671470133967764,-7.3568103246941625,-15.67761306031862,-11.650630255024803,5.8546888703566395,5.658675630499797,0.4464260435993868,3.1460580657871744,4.8124398328516715,N/A,N/A,N/A,0.031902920381235385,-4.746793948698283,3.694353558445762,N/A,1.9988016923608873,-10.525380449904008,N/A
2015.0,2.0,8.479749309658011,2.1339042716071446,N/A,7.716332474089209,1.5556526298297746,14.54431345837872,11.208320324062319,4.765572907357114,3.6469191830881487,10.722324523417136,N/A,7.1079195875055845,13.977958328393175,9.80760322730765,-4.988880267423424,28.233087330022222,15.742765387127491,-10.506490099634682,7.793375316035199,2.5593191234327937,7.626131967456977,6.744613460200482,8.692328744963321,5.137626284451351,7.041709470283626,6.412182125558273,8.443169579159191,10.253283596378562,4.72383068454128,N/A,N/A,7.068195977311316,1.21877185595845,9.080801176131443,6.977104182923802,6.798261889472059,4.658270329684627,8.988534216603163,8.617231176672625,5.578669196943765,8.659677014163297,7.813606248652155,N/A,N/A,N/A,8.515933001566106,4.312278540162103,8.643070328159038,N/A,8.417262092903758,3.333646804749009,N/A
2015.0,3.0,9.512950149424459,3.747498756704236,N/A,8.882554640827326,0.18150731883516238,14.426977460465974,11.054870906463902,5.791832969441613,13.075686106976466,10.45885617217091,N/A,8.822127446282039,18.37518004214414,9.914281010323624,-8.75076580700477,37.2226351370706,15.652053694766344,-7.903856244156277,8.352043376021303,3.6937981403345246,13.468241244496307,5.8927011467526595,9.265426197825233,11.733325073625595,6.288634941112119,2.6129619575598135,8.94309769841211,10.037548158772038,2.841342917155002,N/A,N/A,7.324455981048916,3.948183797624415,11.03832750626878,14.31582468990174,2.219591451754817,7.336258239782535,4.734237816843083,11.535200905689484,7.501629170582828,9.825455399383488,7.721637942577293,N/A,N/A,N/A,10.425372513831002,4.656787752322816,8.397472717186586,N/A,7.032656894261303,6.465606965559482,N/A
2015.0,4.0,9.024573750045327,5.8456022862978765,N/A,9.587517918612175,-1.3675182914925956,13.222699386393161,8.30825494429892,6.842291585993103,6.776770127358983,10.26503074814097,N/A,7.37368390517151,12.626300237374666,9.67520128038027,-13.438207039983332,48.59456748589644,15.671206273399058,-1.5714571999600258,7.497491388261953,3.301956585149892,13.673464712016317,6.8029099214951385,8.652474234765949,14.420394231414488,6.966154361823147,3.5610667723600025,9.121945447951175,8.87823690730368,3.0977333651672443,N/A,N/A,6.153635060928558,3.044640250105884,9.722377293627003,19.643505435552406,0.9758637411463686,7.7619145306461785,2.7082755277776336,11.564940767490324,5.828024332215804,7.182548064510795,6.446890571302802,N/A,N/A,N/A,9.965368620330068,6.485293999415714,5.310304926028306,N/A,5.870797751780098,10.274717864640145,N/A
2016.0,1.0,7.410675428390815,4.136316815415374,N/A,6.442002131795229,3.1634695407150732,11.586855567976823,6.997683702538336,4.7402915125494065,7.545466449104087,5.55020728782828,N/A,9.595290208665803,7.1598858599957165,5.096859718956397,-12.367422565474632,33.11085470003602,13.666531124418782,14.852396247564172,8.304610083910797,8.14721180056997,9.814296676434758,7.543033468896749,3.3794057480819197,1.9742267382344765,6.386227221052601,2.7812618055425684,9.623865862850458,7.134611717465978,4.23524821628464,N/A,N/A,4.259909108484905,1.9677151486235838,7.183137321530042,16.83296723461034,-15.684911990331205,1.7220428958138343,-2.191991555856225,9.966201583267157,7.434434179744262,8.190878451082567,8.773078336003735,N/A,N/A,N/A,11.250891733349617,8.160554685348359,7.17597179249902,N/A,4.0747584683243225,7.356492869279485,N/A
2016.0,2.0,1.5254512248916818,4.534965412060995,N/A,4.842252184689221,3.7366480019754054,3.3942325538664777,0.9554142491933281,-8.340833094340292,2.974207867584868,-0.21404575455151648,N/A,7.183207928305642,5.711623688125816,2.252843051461707,-13.845672284390275,17.06324199039318,1.6843307535135843,-2.049949939608211,4.530201151086079,-2.2713900776034075,0.5572096039110933,1.2996908430331895,-1.1284994982691983,9.788893918896179,2.778099493409183,0.2172067482530079,2.184334860955757,-0.5208837123615789,-0.5161613369273699,N/A,N/A,0.022869660580686086,-1.438535316588678,0.6773890316922657,6.793510344820547,-34.96579957018528,-8.638760446293157,-8.452695821196713,5.0444026136650795,3.137168480878546,1.0642050867647368,9.77905838205492,N/A,N/A,N/A,6.095619921332707,2.119328250104035,2.1238299329896098,N/A,-5.1568142363658875,5.148536776023645,N/A
2016.0,3.0,0.34202638691411513,3.7042224589805093,N/A,4.474356267338647,5.450098994501989,2.8007474354115587,0.04662980071566669,-8.917357084076539,2.1634975267373893,-1.148984315463209,N/A,4.848738442361155,1.4992803829110608,2.9150006476668926,-11.620504674224751,10.149927979567138,1.2598034449538142,-1.2353347471597174,3.9859931067415033,-2.232295362633828,-5.328695083021766,3.3604832437105263,-1.5558416778772515,3.2830655433265945,3.287751059735009,-0.40307270665982337,2.4510847204028137,-1.4235432022446985,0.38777289671183085,N/A,N/A,-0.9528663518053728,-3.1616491826891155,-2.492812671773708,4.612230322349365,-37.24300314725948,-10.18225360319962,-9.638720996753365,2.1209394492468845,-0.0037261392600577573,-0.09214730180462248,13.028440966386329,N/A,N/A,N/A,5.118075930329437,0.6119208489338933,0.9897417195503386,N/A,-6.1016283955730835,4.470483147202863,N/A
2016.0,4.0,-1.2533876380263147,2.047281748650034,N/A,3.2689359126242135,6.7116734929327775,0.01719359174735318,1.1806060604149922,-10.616467956482326,-0.37719430417559274,-2.5954621919195326,N/A,4.411199784022432,0.2668795215380442,4.068548151188523,-9.354458767466781,0.8589027759649118,-0.8484693448773997,-1.865131723004455,3.670057171429146,-5.3369033093842715,-8.550479492226302,1.145275842078978,-2.0576974610266383,0.5732345024403158,0.8291457737656414,-1.477939960866294,1.0055538296198085,-3.1275938878568508,-2.018279781946383,N/A,N/A,-1.7977683887126605,-9.66449746688493,-4.637813086691188,3.35258599691663,-38.67629939899131,-12.237529315222078,-11.329498897421447,-0.37606271355632387,-0.2090747798224863,-0.28277470980166575,15.747581838976568,N/A,N/A,N/A,4.891174454973971,-0.41986169436734827,1.4511040079366266,N/A,-6.511693967040855,4.109955463810644,N/A
2017.0,1.0,-0.24510844564752413,6.884955976737898,N/A,6.817628484518673,1.1922349273873356,1.4596870899064225,0.6275891637768639,-9.940829259492284,0.19225336218155212,-2.4554968113870372,N/A,2.2038435233215763,-1.5789152408296931,6.175999669895225,-8.624666105177027,1.9828110524565863,6.871520861775275,-2.2417601626050425,0.06405090512615594,-11.314579628562143,-8.406435044933104,-0.9946729713098978,-0.9156445829502224,5.054281832488605,2.3147868535068437,-2.894963357479786,0.6743828892680767,-2.520112873012052,-1.7154927445988832,N/A,N/A,0.6068314682950386,-9.325998248073601,-0.6048176175438164,0.6847726362932163,-33.06741023073787,-10.144494038860561,-7.238049511198598,-0.4565706384682778,-1.7177905631593469,-4.342469117524956,11.021689248902458,N/A,N/A,N/A,3.4137079863112887,-0.08928152273278049,0.005203482017053866,N/A,-5.5628900902034735,3.9101631302235957,N/A
2017.0,2.0,0.1478972927315494,0.6051829073031298,N/A,2.2850581775472194,-2.2873816047022033,2.19144952479573,3.7116799217471597,-4.21794942034659,1.7242724247964514,-1.3329205530372037,N/A,3.2572593215916634,-2.799255904224527,7.105197819337315,-5.771299356653895,2.8107252671395204,-6.767496733200207,2.475603235276092,0.7676782842215706,0.6262911732345365,-2.864167479625434,0.7678646022471058,0.3330057060618855,-0.27667067818882707,0.23620043020219553,-1.7987461863726715,2.172128335965191,-2.1271594950890935,-2.4012269564027977,N/A,N/A,0.984928737193902,-5.9440767436488535,-2.8822600096994755,-1.4644350016142589,-10.560828322634405,0.687693951404795,-2.561036018728741,0.23005153810342038,-0.7872729271489094,-2.257233345341157,8.478964806969625,N/A,N/A,N/A,5.371615994901985,0.2146869181780234,0.47867683908657976,N/A,-1.6633636279995694,2.200934881537793,N/A
