Total Tax Revenue Year/Year: Fourth Quarter 1995 -- Fourth Quarter 2015,,,,,,,,,,,,,,,,,,,,,,,,,,,,,,,,,,,,,,,,,,,,,,,,,,,,,
Source: US Census Bureau,,,,,,,,,,,,,,,,,,,,,,,,,,,,,,,,,,,,,,,,,,,,,,,,,,,,,
http://www.census.gov/govs/qtax/,,,,,,,,,,,,,,,,,,,,,,,,,,,,,,,,,,,,,,,,,,,,,,,,,,,,,
,,,,,,,,,,,,,,,,,,,,,,,,,,,,,,,,,,,,,,,,,,,,,,,,,,,,,
Year,Quarter,US Average,Alabama,Alaska,Arizona,Arkansas,California,Colorado,Connecticut,Delaware,District of Columbia,Florida,Georgia,Hawaii,Idaho,Illinois,Indiana,Iowa,Kansas,Kentucky,Louisiana,Maine,Maryland,Massachusetts,Michigan,Minnesota,Mississippi,Missouri,Montana,Nebraska,Nevada,New Hampshire,New Jersey,New Mexico,New York,North Carolina,North Dakota,Ohio,Oklahoma,Oregon,Pennsylvania,Rhode Island,South Carolina,South Dakota,Tennessee,Texas,Utah,Vermont,Virginia,Washington,West Virginia,Wisconsin,Wyoming
1995.0,4.0,1.5056090347580098,2.626415688509261,-28.254832354704735,1.3404570543814565,6.547177923531147,7.673100752485585,8.672114980186395,2.0299740213007196,2.216991940038273,0.0027657753673830435,2.431074132616228,4.36768805298858,-6.374145694495459,13.00645132064514,4.45944291281643,-6.49252601956401,-4.51512279959451,-0.05449738479912257,3.4222644216135363,1.567882871910793,-1.9500111778929508,5.8675034099682355,4.714187524155884,-2.7268336092928256,6.591591331669555,2.3507272655892897,6.508384906011315,-3.0083546865511264,-0.22796604343988258,6.557800458087873,-3.47496956225631,-8.80145433702025,9.25285037609923,-4.53214138438534,2.3042660190399014,-0.5122907950210407,-1.975435124684958,3.761984024827631,-1.0549248000650782,-0.3065134526002772,-2.9369146623852305,3.0354904583661533,-5.629131858246706,6.938061582892383,1.8553242422387322,15.25859679438551,-2.8692603727770996,0.03577177666975402,0.6151492061359788,2.3800075423929914,-2.728436233861567,-1.3746352412127554
1996.0,1.0,2.9931238731713528,-3.2088226225295418,-25.236585210605767,2.48275519492187,6.702552401761867,8.119566047909101,6.046626175594741,6.867529373878191,-0.5926499345931651,-1.5075710421070303,2.4595018009939595,3.9008684250691643,-0.9233427888392105,15.698553714681312,4.287001539403974,13.181571163050554,-4.098693649560771,0.5750436023078348,0.41804739869129015,2.0384736113098088,1.8258915117716508,5.2667301780220726,2.522797190067604,13.874936581785422,6.665664863562229,3.718625417820095,10.071685103032701,0.5846678100265348,1.0694848191473743,8.030228302186421,-3.3156999606202673,-7.46729648587717,15.30133112133128,-0.7032602719346142,0.32230467435062626,-10.514344072702363,1.293624431232532,3.513977572727306,1.427155072895902,-2.2518841838443886,-1.8047088473377622,3.9733159333624792,-1.4968930813190024,3.6242283402408706,2.66614839824103,-9.502491170683488,-1.5340220940168272,-0.6496895494712239,4.2303577015310525,-0.5735006712338082,1.4265046717136556,-5.727362561185253
1996.0,2.0,4.064734986547386,2.2219726892094447,-20.68061165715908,3.961381135907169,7.096996388166291,6.39256873384883,5.998396852923099,0.8117094866909771,5.1615668532295045,-3.3982934536639435,4.253118217978691,4.808428945595197,4.542645191993168,-2.233077617017943,5.511160729910966,12.203071700356332,-1.876997715433,2.8604443008465026,0.48813444682683443,-0.899655273008951,2.120190591817639,1.3234361087732598,4.769048025041838,18.725523961682086,6.646899609756334,3.4671910545841995,6.713948547630477,5.526421641425567,3.9195618596275272,0.825063084788138,-9.92066556524443,2.8377649996780434,20.949933409288064,2.9067589734247403,4.736596472202808,-8.71126794396563,4.842649977935198,4.841538961922756,0.5771376615401966,-3.464109141032067,1.985115789779159,3.8029385249692202,0.6223005027330123,2.053320560471229,3.4230890486759673,-0.21649926268296435,0.0698819900060641,3.368342466058312,0.6755918105767291,-1.0229783517865232,1.5147562348887045,20.8009908256691
1996.0,3.0,4.285994654532181,1.2882785770555158,-12.384420060215145,2.7556718734718313,5.274012803103031,6.127853975192668,5.262395814244063,2.092158955172128,4.9713279722826345,-4.446283726499381,4.4280029565075605,6.148227247492097,6.00700033485567,-2.6384389871916025,5.284651319867515,11.812108313512514,3.641860883041126,4.148275992051578,1.227535674855848,0.7466451185089695,4.207977429012604,-0.29155759476208415,3.21252261120032,20.95878652649852,3.4403497706378414,4.669572857290769,6.761834888321309,7.370585033603175,3.7416199596964175,9.459628569612295,-13.36115575614529,3.07289612539795,6.729593101182806,3.101210612390064,3.72585934321739,-2.676867816174521,8.799472680276917,5.715915555025661,1.966346238272109,-2.6445946322009486,4.052505532793048,3.3183791154717506,0.20384814565454157,0.4130784667437672,1.4768072348501073,-3.272604051924746,0.23218486256456994,3.9282870553064937,0.7998321310807932,-1.2253064703531742,9.139957057364159,-7.73646823009274
1996.0,4.0,5.026239916938525,2.6164632973245063,16.888783323509305,2.2606011991489505,-1.0755011573773363,3.5610643699532867,5.120918774132015,5.699821736152613,5.5873610213566005,-5.519523232962499,4.060028754842861,5.5659350089713975,3.3413758927478656,-0.8364530047650565,4.7977359202232215,11.075253657067641,4.052625578481471,3.242567842111453,-0.17140470174758302,2.1008436944309814,4.400490120915046,-0.21723373647811556,4.7049380083675025,38.20125031336239,2.3933648534968053,4.474971592138479,6.212402961715885,8.863397376639547,5.1590000605798885,3.1477030031140787,-8.924503497816621,4.0339290352919095,1.4469690822573522,3.2828263425793147,4.645506749278946,-1.5388824326026722,8.839311934007329,3.2743056510433375,5.373028559207572,-0.6803964421450389,5.836766290698586,3.764253605218939,1.8962144711328188,0.4621566284684257,2.7046709789467225,-6.447843929532232,1.9830590891396631,5.63435977260907,1.8728875000421012,-3.0433115009764133,18.512947983349136,0.9661472293560295
1997.0,1.0,3.985760327780402,4.488283033763894,9.321716436871686,2.192946703477066,-2.3525247343503706,4.204236142310787,5.2930745454148465,2.94332792705228,7.359451929093323,-3.5679016663904912,3.8352527035754056,5.49589359151949,-0.1834617125853287,-4.855483887726305,4.448605620366504,3.5045335899655985,1.861758994646177,4.353292061215775,1.6743830606604049,2.0175411320748786,1.886028820796155,-2.2030403134745082,5.50340229616163,17.840313410776908,-2.8788260260509615,1.9487135428241014,4.852448586520885,3.0313773282562138,6.099494293085663,1.8243652723074462,-3.9591926084916613,7.133713746501049,-3.9452218598726994,0.09910412604052683,5.023273675715886,4.306025252575784,6.854304992427003,2.4886177575377166,5.312690304120179,2.0215800160407076,4.765189463245885,2.9271424724385344,-0.3061761826288204,2.2666445548855534,2.942916062580672,3.4688969764561066,3.081646756952374,7.006824178952208,-3.1462647410353823,-0.7896405979116585,22.712101445380924,0.9530440816813937
1997.0,2.0,3.382409360850419,0.05854271584376748,2.9060363003704226,2.8192668792413302,-1.8786579709101006,3.0230285672878145,5.403749550480731,-5.9991263663092855,1.0617646429424505,-1.6909567655777704,3.412625607518851,3.640733154561266,-2.196717104963227,-14.038798470372116,4.382159268586305,4.6021805313058755,2.610255462056945,3.3664732450360133,2.8359370691382413,3.0803059551725323,3.54805364805294,1.7274407857318375,3.9173168189433345,16.274826060096373,0.09586200063107272,-1.2578840316535858,5.424111728663484,1.4148490399268037,4.572927882521185,6.729734526043495,6.1984041704234185,-2.1493052307194795,-8.295222416217566,0.3997150021805436,3.568927221055857,4.544298271508493,3.6839887655754717,1.422306264752978,8.636991496078025,3.702042652360575,2.3808218742550107,2.568043980964559,-1.272723700117198,2.778430740838459,3.696415221129406,6.254532142777561,4.0547545046398294,5.099738575394626,3.1358717314362954,-1.0620035422179743,25.995467184344506,-10.361903103038673
1997.0,3.0,3.4586928824276457,1.215369395253674,-9.350315276341831,0.43560750668495435,-1.5043711302287632,3.3651740413760893,8.249456614008615,-5.064621068332275,2.2256826675678965,1.9853110000000354,2.924616076516642,2.1933022429616074,-4.998936746651834,-14.011774301220115,4.280644016538789,5.577603477141786,10.580808691347931,4.8496587899351375,3.523625042851615,2.7643627348589117,5.5088196692265505,7.217262887634789,5.477817323810319,16.01868809325723,1.0799059788051368,-1.123788144386764,4.965933817219342,-1.731557072192828,5.5996892063501145,3.0248967656454644,12.500849519867513,-1.7233193561197748,7.083328267099138,-0.4518440228234752,3.627489982082451,1.1060302766969854,0.8097117681178576,0.5133922615256058,11.003812432113316,3.5851647004799108,2.8196234055262175,3.125615824255484,8.325759219236023,2.898348900899059,5.549286931117027,1.3980446890199698,5.132382092586972,4.727429098901712,3.151700827035967,-0.5191902372572428,14.434031702029756,3.6021471004777474
1997.0,4.0,3.025714375532037,0.8981555518490874,-19.225105848177034,1.2048543013588426,3.0352869030827048,4.505787639404406,8.615175600330437,-3.1186695348923705,1.9375727332472563,3.7210274707860695,1.8200876624585693,3.073593488589049,-2.6879796820635216,-9.643990011263714,4.526515170287363,9.485145032042382,2.7602942943535878,6.281571130508508,5.2853403778772945,4.765638794250131,6.787732648152255,5.592074160917332,3.756038991114765,-0.5415997142009114,2.7500104836778596,0.45876203959256723,4.54723576165493,-1.5609160669015814,4.362460022095363,6.11994256867888,13.73008477714005,-0.3846233097301227,11.372231233090496,0.008837461708539147,4.192578422052713,1.2656929355381077,2.063747152879932,1.7454263642164507,4.21304921215635,2.4037597481075914,3.517456222215977,2.6561309907895803,15.162503266761673,2.6661719111425572,6.881145265512389,5.160149079657541,4.844948962765981,5.878604339435624,4.097385294584853,2.0436049147035478,1.4623325183053224,9.628040291012042
1998.0,1.0,3.7540136816652665,0.9064213383328357,-10.057147337588013,0.995588859920446,5.777901933982816,4.048676586523164,9.247085400230382,-1.9395797768690746,4.240133521821269,9.457894100309638,4.4625523460583025,3.400112042912171,-0.21571452552267426,-5.703215595395927,4.811151733185995,8.925093494462097,5.020508537624205,6.637154413905122,7.300896947437366,5.178444281389734,10.802317725236541,12.995392357818112,5.3875667617498335,-2.7225487020023906,7.8008310245657855,-0.1789676418517337,3.7350663748035564,1.6696048843524367,2.88518577057706,5.375095035422435,12.864575015857357,2.288678827361085,16.070694674598954,1.103869230665879,4.137380583055054,1.6949652829665232,2.555738793224017,4.074433504668991,0.7336962313890357,1.7773819030897493,7.77471512658736,3.099695055965667,19.34245496059904,3.1371473654395756,5.715056331428626,11.957435360312736,4.760091023639815,5.2219482826480625,16.235879320797075,1.0881851420242987,-9.160617071647295,16.786414921875757
1998.0,2.0,5.427844067268611,4.054623325739564,-27.3062607800155,1.0998357938387242,5.911465932131772,8.591556085454071,10.63430174041449,15.452354258130777,12.376690451760009,9.539350262661001,4.496966452963674,4.630346960702466,1.0208933522553598,7.246876032859316,4.753881225263278,11.1216449495798,0.7352693180455896,8.025114986424162,7.012670746911162,7.675659114859079,15.339191849553826,9.903641132901955,7.033075163893581,-2.1140106408808443,8.692789214762652,15.945756861654708,3.3949836011066528,0.2272234663036963,2.05579804300113,1.1214594982782529,8.1271623856227,6.356381144504464,22.453380441199815,3.6918843060516036,4.800692945852515,-0.6196554271149629,6.169286787545576,5.969789857491488,-0.8933540586137845,1.2550818230613818,6.586057324793164,3.407008293811229,22.19672027500206,3.0714205364560563,3.5275686591435895,25.80566553014692,4.483336104645579,6.903335991017627,3.354967045647249,1.3427688300474196,-2.8465338617161278,25.356512336261304
1998.0,3.0,5.400876830056514,3.429833044490127,-24.8182521685073,0.4769919116896457,7.558540213183784,8.605777722299484,7.181951301661446,13.604782645758082,11.125990362046513,7.850699535500477,5.363410988154654,5.873115824054702,3.7304555984928247,6.472797100058571,3.3159568644403072,8.733554535479907,-12.153608955424334,6.20036702403888,3.988774711409203,5.081722497279493,12.739904231800095,6.103318013896388,7.760783383984732,-2.8842885451056475,7.6610479035763275,14.741221893737938,2.8169777779327076,1.4502183979603371,0.5713689233486385,1.4541417175575662,5.173613343193148,8.263053256670153,11.492885266014563,5.439616303821425,7.946079236164125,0.4483268333233684,8.163941181094742,5.06145110333359,-6.612426482017239,1.6975423440795212,7.211531643283027,3.7063913788496152,3.9511548577258715,3.598422701894072,4.1855242291327395,30.36367557585476,3.14513711196693,8.126261867121881,5.526544599409642,0.37106380125801197,0.5867571104337699,20.76300141148346
1998.0,4.0,5.901307046087123,4.040606576257183,-25.26097918302967,-1.0487816409612742,3.126329625170707,8.578766486059966,7.82915663068838,12.773884926985266,11.012088265803168,7.458574076154995,7.722153946039945,6.673728005274807,1.6025291746744412,3.8505638620165614,1.9269174271793674,9.403712608005769,1.5749151835304322,3.0761175431963683,0.9792217441868636,1.720869125573738,11.724342299787157,7.091172646678705,8.001587020584752,2.5207237404670577,7.844541306926332,14.797113893805488,1.8829080319557296,1.1311770371102703,-0.9931300811464797,1.927417004764776,5.491307784097107,10.00455316641639,7.6229772919060075,5.757207650176995,6.404824525102823,-0.4105317792359368,7.734738762107707,3.52352599744311,6.246983404921949,4.06333888907172,5.642695932685875,4.740484666103071,-5.077139462934574,3.0456638336558246,2.516475801342621,33.000365354317545,1.0341946330071412,6.97715078961519,3.7537826274600254,2.061994717342592,6.715979965020358,0.9417542558327623
1999.0,1.0,5.125065411661015,4.049314874586321,-38.82963896645779,-0.7616662100199216,0.6275494934403172,8.085162852063014,9.217179342301286,10.165778295685149,7.003720945184906,1.5141558723477717,3.637304240687504,7.612432643097032,-0.2680513508027458,2.973913159330227,0.2037017201835631,8.42652639152252,1.3892349224191018,0.5621889567137486,-4.459298537670961,-1.3666355409455375,9.084150008477827,5.066925422882584,5.2024559986572365,4.364870311186059,12.149221378743558,18.35761118582611,0.9181403980459002,-0.22672120358173944,-2.059423799097194,4.136434146006021,3.4975984910850078,7.59037056674529,3.637877840451164,5.358010481140823,7.488587406922262,-1.5795082102025813,8.722802129138625,1.5018121651631557,5.151076343745033,4.251278755324767,1.8736818575540573,6.297371314452059,-11.45206615337047,2.3165789803737034,1.9859592992449084,25.35149388691671,1.6709771753594203,9.543318302732937,-2.8134416757324385,2.1341181025759157,11.754553023437339,-9.422113794878795
1999.0,2.0,2.973651227197193,1.4716794283225467,-28.739675087779222,-2.623436499557629,-1.738309450731353,4.710332022227188,9.369252086119674,-0.12118807550485292,0.1073182064712462,0.9666634160197233,1.824090859478283,5.78428526537496,-2.0092585201752344,2.02903978498452,-1.71696556918879,5.9122151098046665,-0.2607072904501765,-2.956015274179272,-7.322979884630265,-6.698913574546767,7.634176141011675,3.553047644878911,1.7723273332628469,4.265227476298431,5.070031377615174,-9.8757676739326,0.7725445124602489,-1.763182215490422,-1.1363676590066831,3.546482381279323,5.006683907401235,4.9197594075232,-1.7036860235110984,3.3404514925119733,6.202486345963142,0.40071625531215466,8.41076401334115,-1.7938967899811247,2.183831191233543,5.996164195982214,2.685105321264124,0.3590953691171683,-11.667005980323639,1.4817358436869215,4.969538639759545,8.763644616965673,-0.08176807794457219,8.94266790162948,3.0549049624448172,3.358223001367054,3.158561845197455,-18.80311784489644
1999.0,3.0,3.0406674876284785,2.8871463398146675,-22.731876228437876,2.6709857580649357,-2.39808532364944,4.866678570243716,9.479911414390607,-0.2034868567662077,0.7598808715444295,-0.8402450239864248,2.154280554568818,4.994388100555641,-2.9379179775243114,2.6155005836641383,0.699885607035753,7.992902147724662,5.255510087649484,-3.4887919052640313,-2.195734268604455,-3.917308167160219,4.236532644941705,2.097898969550025,-0.3164626998797426,5.186370013146086,6.927186301155312,-7.404417409296725,-0.2804090116026531,-1.8965435477490769,0.11465303680482467,-0.5454911892789578,5.009293305919384,3.48462413794116,-5.300294511972055,2.6500631376179364,2.783474155844215,-0.19841688524656026,5.127530505832891,0.19257396760181617,5.268803365858505,5.381145994040434,0.3526176700596764,0.3909613074593973,-3.1022260227865446,1.8130170199031843,6.74500083375259,1.005910732511605,11.226581051806681,9.03607373931956,0.08068180723337381,3.6767998865055467,3.3880695007798023,-15.577094462972434
1999.0,4.0,2.979975917726946,2.120180683523858,-0.4589549621829159,4.7082136836260124,10.032932669889394,5.818121130456882,8.583386460761018,-3.5937834431815605,-0.3916022438237272,-0.32761390759647163,1.3220173791719476,4.913707452783607,-2.5732702843945297,2.2035985263254125,4.419662473657996,1.7454861124208811,-0.3137515393949933,-2.7504822380715206,3.016720814797614,-1.0431249488618792,3.390884231373136,2.8208722953516228,0.12978408714769205,-0.4608081095498341,0.8087342172389625,-9.686858713433804,1.6080351971027762,-2.102826617305947,3.287083382089156,-5.727240244021823,3.436749025821278,2.467571879117587,-2.258982142215787,3.3353098856198327,3.024009411935186,2.8215244529058827,3.225215957395247,0.3431916445666117,-3.3927736406008746,3.760599979289245,1.7670043268507056,0.17676385464958,1.5333887634276278,2.204530698435284,10.335445216087388,-6.246527347284645,25.0819588434615,10.730472227821664,1.4334983356991486,0.24622737178937193,2.50446888131848,-1.9603852734360498
2000.0,1.0,4.549244823931903,1.5027048625258954,20.543976064554887,8.61217872458895,14.358006015661754,8.941217448059605,7.1909652475163055,-3.0046736006943893,0.23867877997533443,-1.3726741858119844,2.7644966314474457,2.7620830949958983,0.7659477297709658,1.5995146022794688,9.635934599504738,-1.1209190701957472,-3.059145952438783,-2.496780492771458,8.626368101709843,3.3227610105507033,3.808000824678131,1.6475606024126996,2.4004662932882685,10.180920135225527,0.8771541131517813,-12.23656324245674,0.9636211768714896,-2.459745936666293,6.629294527503869,-14.64319756925173,5.492164712656232,1.5383306652136004,-3.9485308325634607,4.836559524022399,2.148344889679138,6.231061639748312,2.8371443252568405,2.552317461756713,4.6340835173284995,3.444003160696032,4.297951243392885,-2.197361585509113,6.202215357758729,2.970340262873097,14.226457047802999,-6.796865641730049,31.46982927946789,6.856417201591528,1.2884589705302725,0.37111138860346055,3.906172387735235,9.29841333025896
2000.0,2.0,6.398664478033096,2.983865016998747,47.537179065917115,11.009027416831803,15.748590675633384,13.436779352285827,4.454283079562268,0.5502905999506178,0.995657793562232,2.996677246278809,3.5511083583094196,5.169156464170526,2.3521276404060965,3.3381727870281375,16.236864772298397,-4.9052862164558695,3.332642328842407,1.7111841462771176,14.450094459687765,8.334720903006385,-0.6074874205490702,5.841975611626622,4.541705245728985,6.197489639032374,3.7030415193251613,-0.24001202433167845,-1.1472526387079625,4.307088179498568,9.003399997504962,-12.975389460980038,4.452509087898872,5.608854315496219,-0.2049519191539732,6.406086241550025,0.9680777244034402,5.973423545772606,1.7423145019343949,4.331891739788667,9.937437746460018,1.7587512865939685,3.9286490398672282,7.302060818976955,5.478670762545713,4.845980765967065,12.948166652156367,-11.480772971581667,46.89309786266689,9.396003103706025,-0.9694704340114709,-2.333374906914839,5.6480078244227006,25.74212864984753
2000.0,3.0,6.235952516996623,0.4561984760225445,46.64261114356217,10.178722692215873,15.10125026889743,14.502133556719187,5.770851066728222,-6.149298372912508,-2.2118196853272454,6.200609548407163,1.3559531791234904,4.716479189352916,2.858785182734557,1.691164755074772,14.583153478175126,-7.3189254975548,3.9908378867329937,2.47473588096611,11.811954241530822,8.177115993042916,1.4414562776055764,2.827844163874571,6.596423208905054,6.63015590164151,3.4307430217257795,0.7077593998046671,-0.18545420205263954,4.277685951195862,8.54797541431153,-5.944288125443247,5.83289966669453,6.535736199436173,7.132148357822324,7.0610671659843804,0.6045582412559101,8.198308917860407,3.8133697543311342,4.046444281600799,11.03642492052399,1.5790314618943566,5.726623933928172,6.282885421974019,5.293436398018705,5.101603248800226,9.794169502703925,-6.347000062811695,32.11788271438925,6.301348600035568,-1.3379849804749666,-1.2204463200310272,4.149006819239793,30.96106016037561
2000.0,4.0,5.304496420143166,-1.0589401809936747,25.31650821022971,9.695922559048748,4.842804208265082,12.42052984450549,5.2785575385445735,-0.24159863645571647,-4.57625376084608,4.312286992514068,-0.25646275778100863,3.9794855280883676,4.487952241492347,4.296124328249809,10.12073294628775,-5.298104714793784,-0.24188474831126333,2.472392714009129,6.916641118245432,6.754639816782287,-0.02663246164486852,2.8956630515590116,4.974835348347573,8.223452013379454,9.808345333519753,4.938748699260046,-2.6632677099850177,6.3151230519765535,6.377623006380327,4.614726534356159,8.12843686247775,5.7538757507379925,6.0788960283445626,5.16357366846495,-0.12170944423794622,2.7938793149765573,5.4542999930830085,6.515023454462927,12.791992808217845,-0.3234436651584725,8.758725910978209,3.8046829909887565,9.596852158631023,4.301532792117688,7.127107785630159,-4.3915159513114155,17.620734665257956,2.96576237869165,-3.5512300889324133,1.716609110406818,2.245635733759891,37.35722550277451
2001.0,1.0,3.042939131272052,-0.8542844983502327,21.96364087318244,2.593463952782565,-0.9331804532944497,10.002618030384303,4.766971227257269,1.326074380594207,-2.852193078890469,11.582819543665874,-2.1675568405137837,4.78269310732876,3.177974763010144,5.781909626230282,2.3027329273188406,-4.914514349552356,0.1146038828677437,2.7964366664698965,3.740858348275089,5.657877193920329,-2.457146575530305,2.4652306097116696,4.406907154175465,-7.197719668791774,0.7115387412479042,7.514915679153936,-0.9864322427928668,7.284071068668924,3.4116184073485343,20.398461221282417,8.316783190509824,7.265081083797277,15.676278138413243,4.169389046095137,-2.010467387377209,2.1342906872752208,-1.6404580186515867,5.850158456350156,7.915621111330713,-0.726770768029944,8.275967847749454,4.342716235219314,10.921591276615587,1.774208811137295,5.130019681858053,-3.108179239014942,11.730849226203267,4.80332795325097,-3.9056938152619227,1.3003898058559151,-2.97834359106411,41.116705801548584
2001.0,2.0,0.09570335805534129,-1.5708603927976315,5.690091624208815,-0.15299597920126276,0.6476118508388747,3.8496966678678133,4.091005484665056,-1.8479452317693716,-3.396974620556255,5.682195766210263,-2.8426338327478677,3.0166331394254624,1.6850233993447854,4.509728666452969,-5.376075915953296,-3.5932761288993613,-3.8361531518121805,0.4351381621384814,-0.9979292367756533,5.282971778684075,-3.0285790474301564,-1.2122204190210022,3.2966153277835195,-8.43123065135907,-1.7841055133831047,12.460306757917555,-0.2715273206873597,0.9594545843380079,-1.4306469367750314,13.70716037371304,44.623936139110185,2.856579719393885,10.009614751223706,2.973045579988591,-0.9977840023018809,3.794798425379299,-6.591343863800447,6.251396725010376,1.920717092023982,-2.6430580851298053,8.992200785603835,-3.096957987085365,12.08015832761189,-0.047065777214384846,0.5748932014056714,1.806457103269611,-0.35538502304255726,-3.168127061571953,-1.7643895588727136,4.028088003606423,-10.092190928325998,21.47791767861993
2001.0,3.0,-1.0995086551596498,-2.0981773506581742,-2.405569198366794,-1.9253831351221515,1.5367219119365676,-0.5752526298616051,0.3897746805242437,4.282643339269042,1.5283585424611061,2.6641298876804593,-1.194504139523644,0.08825214616891044,1.3277194696737054,7.941634469512304,-7.63127942169405,-2.8772134104098908,-3.337407585030413,-0.5652084237623203,-2.837304721504044,4.131864434557107,-3.3800403961158563,5.856231498768006,-0.7839189084336309,-7.563169751126994,3.621099169181895,10.322277823232556,-0.5877273722482668,1.6426728553458498,-2.1534384435625062,10.253357509459638,45.73702373855983,1.9298486642474164,2.6978645508284274,-0.47512125255771326,-0.9612071700578583,-0.4507723439916962,-8.028163828292492,4.314203551631385,-4.148995349612088,-3.7620293702047816,4.789915170900397,-3.3800330042081717,9.671310875258486,-2.4503851350835055,0.44739809386681595,-2.8343393097221967,-1.4240415144150418,-0.6781742058875581,-2.6086017653684563,1.986877616321931,-7.053028365875602,14.827313718519589
2001.0,4.0,-1.9465270332843745,-1.5374062568388298,-12.34497263546198,-2.423717175227342,2.59347942827547,-3.164570175384165,-3.078423533373056,0.30631043986649187,5.420474999522265,2.18545409409487,0.05737940035431253,-2.3418269446504376,-0.2088663492819925,4.692804089555115,-7.38683986630184,-3.4060223970283308,-1.7574088806560393,-0.665131944280656,-2.9006453158281915,8.253726980968239,-1.9031128260691237,2.7105674045686223,-2.384794111437447,-4.686622818412676,-1.809113499545228,6.2940432587759485,1.5652969340755731,-0.0866618445256482,-1.9041087542278905,1.707569543807808,44.89265408288726,-0.9708144580612585,-2.4878076320573324,-0.23761308674644857,-0.91489171085567,4.419307963305841,-8.699081461388385,0.9478193492490062,-9.31451249628344,-2.0465561169847675,-0.020151048269849394,-9.49511939953308,4.746576418987713,-3.166017988595571,-1.298671508595921,-0.4067371593598348,-1.7762478329866427,0.6964206988883967,-1.5991535333706786,2.8578804577658947,-3.4860039426361706,6.484505257013981
2002.0,1.0,-3.566467802124777,-0.9654961726411371,-17.065562014724588,1.3948731109943884,5.046377527439881,-8.435246512905355,-6.234995766650725,-4.109242018136705,-0.5394527756875943,-3.8553663539642615,1.1805453375459818,-4.3403672908767135,-3.443422937498227,4.458868051879011,-4.856469867159648,-2.9216377873013695,-2.060285628663448,-1.3134325626463152,-2.727606648229843,6.703522241359558,-2.2558276817846696,0.8451318020240708,-7.584665075494024,-0.6251707491808609,0.6866784793071443,9.609026690405827,-0.5459879027670473,-0.3093266874589002,-2.6310118260291544,-4.558412053525518,78.43195749443585,-4.401657281120885,-12.712641264755858,-5.395950003119662,0.5435779694032543,-0.06961969359911926,-4.095587218917939,-2.4254584217608968,-12.961685987627302,-3.084056300230067,-4.611519329662333,-11.301005752179822,2.49528636547404,-2.7022359141265198,-4.143332565443304,-4.126791985852134,-5.325409925628569,-5.3414020505560575,-2.3583860132602266,4.59785621090186,0.5696803456220175,-8.12394382264417
2002.0,2.0,-6.048461031437582,-1.706361644819103,-25.537827006057295,1.5203734644665547,3.7057179663626316,-15.49892314072864,-10.21360604426331,-9.962976649456202,1.609687760683428,-7.024839440371855,-0.04296199928922842,-5.808542160432237,-5.27508655977143,4.6417233872947605,-4.555028112109712,-4.022061150558384,-4.558828221696639,-5.311053776613864,-1.835104269019032,3.4912180712576997,-3.1704446644935276,-1.333097504739902,-15.505696393862708,0.11868810921202508,-3.1419287547231787,5.837984251405462,-3.6731363461276403,-5.121886022358811,-3.131371360732106,3.6630070553424683,5.832451879939943,-6.1835274993388,-14.621489525430748,-11.537329467432565,-2.5575621750596036,-5.560238497187836,-0.04701704893826976,-6.092229752561159,-16.953461996693374,-3.5812936280236225,-6.910976159656341,-11.91302657083694,1.1244082330935914,-4.546481948744006,-1.1538577698878676,-5.157970859594937,-6.625968904962821,-4.028720071030933,-2.8527871112595715,3.059430303956668,7.370616153131712,-4.854093011445175
2002.0,3.0,-5.590118904909041,-0.7628592770005242,-28.46586694971177,-1.0277143586174609,2.408560226615103,-13.66476359336725,-9.707209762685958,-9.389009434974366,-2.086391942213322,-4.638781310335652,-1.0626374152998463,-5.541425457633867,-4.112916142746314,0.7901201085341817,-2.8389573943279243,-3.2924149396160862,-5.7312783996754675,-5.1511089886345625,-3.426351108676974,3.7913421883163747,-1.38198236078939,-4.662496785754528,-13.670552707103258,-2.866413728088135,-7.164123311181044,0.6361367734208004,-3.628046230724961,-5.011299320818761,-2.6549687090104706,-1.4523195843396146,4.2784372767319,-6.7606170255996165,-6.590922052438097,-8.912954879041656,-0.8716558848227831,-0.6773570353932282,1.95496897907895,-7.272571364980607,-11.240888723829737,-1.9668587784834057,-1.9478531014372857,-17.48687063016362,4.563524450005502,-1.2024359824207498,-1.297877681470872,-3.5937529770680716,-3.586096534347174,-8.107363879725266,-0.22444497283642778,5.329847541907012,4.313750211029479,-7.137757926568739
2002.0,4.0,-4.672960406626579,0.20328560040548693,-21.79317838291159,-2.865115565766605,0.5094683310738529,-10.613487124112245,-7.944125023373935,-7.7030879072780305,-3.4264669351328143,-3.659115840054207,-0.2740315961503371,-4.844597517847306,-2.838703054932095,-0.4908628170500706,-2.8421141149088016,-1.2542869365987461,-5.172743406441904,-3.2448962654931233,-1.460288337158619,-3.6280040882315947,-1.7767035009534224,-3.1135398323147956,-12.079750085103623,-2.197906158874394,-2.942729357175843,-0.1604654958531155,-4.823833073608314,-5.087147120450676,-2.390276721617867,4.198617129553153,3.340667175495487,-2.4183843246296415,-4.0017052705960285,-11.265022795314628,-0.6044554148509188,-3.9949659018758648,2.6811299551034935,-6.511870131184248,-4.12353848921572,-1.4592053497472628,-0.7811874365891771,-10.988646831687895,4.212263397958934,2.341362907625115,-1.286088078364634,-6.994830149862976,-0.9819534200870651,-9.400702212197823,0.19857070987977682,1.4299999867309579,0.19114524374908304,-8.795484943984256
2003.0,1.0,-3.214475910426294,-0.4728267407275393,-16.26717014455317,-1.89415828085626,-0.5285174055307169,-7.575707701625965,-7.740083554992334,-5.268293281118486,0.7707667112295815,-0.5498147043475032,-0.4706166455454525,-4.208240074082874,-0.3519113707645975,-7.678462092029554,-4.498760372107436,1.7368125028022752,-4.4158691756876935,-2.4063209880256693,0.1808210694805329,-2.2346198595050497,-0.4492800189075086,-1.866470838527987,-7.6063636414491596,-1.4390986085719941,-2.652677224315689,-6.483831449141027,-4.0323251132404385,-5.630727544390562,5.617154926665987,8.071122569585029,-19.305434454203137,-0.9659344183793155,-1.7264035493940784,-8.566485541971284,-1.941386209864345,0.756790155611947,3.58020449855718,-5.91693265194327,-2.162703848756874,0.7079842324337913,2.748976410847328,-10.371005872561826,4.00968474024393,5.249359103226032,-0.675691251371608,-2.766519829750207,1.7627546190397476,-2.289695753738699,0.9531163434685099,-0.6468028229823894,-1.7042265164986703,2.267371626505383
2003.0,2.0,-0.02687778220570419,-0.6532974711125445,1.1170534298860875,0.1266785264340426,-2.847673865571381,-0.27366226129844756,-5.909830149477386,1.8652035056371075,-4.874767962490142,1.4333676627287053,3.819020609367849,-4.740800690591848,3.354961219397375,-15.638952304564308,-3.285329760181803,7.58382060623361,-3.109180841527024,1.9360640428434228,-1.9524735398875808,-1.0590254323336719,0.5062268013736967,-0.8536426908404233,3.0272503606559686,-0.8736925117602947,2.714818093219702,-5.552928138954988,-2.6215449847903827,0.9410920973396195,9.564313307685689,8.88856267585566,1.318890695023909,6.219011175016828,3.9891652057114113,-4.801359402836744,-0.15548855339488588,4.665132118809605,0.41738621768004586,-4.165581602050369,6.352504565860856,2.4818044483871886,3.797663114020223,-6.092421800749716,5.219772043498337,10.811552683772055,-1.6813358597777355,-1.4289946017825974,4.4543041550722,-0.6905361559676009,1.2805242159412282,-1.7582718114527243,-1.2363067923261342,8.459672450624872
2003.0,3.0,1.0468137773678352,-0.031681796182555066,12.418782612629215,2.965716047952059,-3.7628909340547994,2.5731449249262055,-4.214463713875741,3.4642795499777854,-3.4062675703908614,3.3579333895989096,7.961781346570859,-2.535152516768176,1.6476361267997521,-12.50069911130178,-2.7475816744657258,8.388201580037858,-2.814645672767762,3.123162439567151,-0.6132490629589166,-2.5520754855033587,0.6845960323922304,-0.2259419073762769,3.4145487686843654,-1.375735674854085,1.4008113201585297,-2.876670172994903,-1.8251260328106873,1.6821050036199487,10.897374928807698,3.2170642580624977,0.9716289082201752,6.91284562498225,1.8470096446455486,-2.3190845727476592,-1.3366967207413787,1.0060341387751126,0.2169164285061266,-0.2264645664436511,5.451590667332021,2.0981521389069466,2.0415832321257392,2.2928944115412007,1.2078548342592663,9.966643713046983,-2.5837861501408836,-1.2069772259979314,3.2976176534236,3.078309641055447,1.1709690432002313,-2.785018801051882,-2.908444512688298,16.10961125581375
2003.0,4.0,1.9563556414571142,1.256108252400635,19.533684232620818,7.102400937881588,-1.5412464289549839,0.7543002130436717,-4.084114527002245,2.5377663896351343,-2.5418646020172533,4.598927450766072,7.8645666464481305,-1.2470050150071044,1.2459063390445428,-9.092555571786752,-1.2203764453757724,9.142958956203938,-3.118954231908699,2.5414527186969007,-2.845107740441424,-0.039327155564555086,2.0147075073587914,0.857328279304391,4.48174569167387,1.4562572747517466,0.5680544045472832,-0.11675884383225317,-2.272002175435541,4.371347947124785,11.460973168158683,-5.485072355351133,0.06032666761642321,5.769314043886351,4.561858840111954,4.367031445230209,-0.19629328118987385,3.415414709478138,-1.2282899180940685,1.4470606423284742,3.471944506609929,2.0647516265497106,1.7613107324399981,13.768233491525598,1.4659543502019825,8.51638547144209,-1.0060654164419938,2.8121286078014585,2.737406803230985,6.037156292962704,2.024707068281702,-0.6183407305931465,-1.2100601239598976,15.978523328837953
2004.0,1.0,3.7595620031545796,0.6621162603497572,22.692459910572094,3.6025120000586943,0.841847257334139,3.9639243123830736,-0.8755480377154895,4.841536866154412,1.641663267367923,3.87450924151531,12.011237987845812,0.3110552193872196,4.096137752897115,-1.6073194732328506,3.1384757710311932,8.054346749653597,-2.452209431279281,2.6400966431956987,-3.7122146888180385,-3.687199538611516,3.5667509484013453,5.992493864347409,3.273183915089764,-3.963658839156279,1.6675724625762376,1.8973424153695166,-0.6571647444807939,4.6529994507353045,-0.47182118262873995,-0.6008489682056045,1.0418286303637483,8.073847343031169,8.352491569978469,10.880913682342484,1.7851207915180083,0.03643248104473347,0.5558975964156105,5.6662686435358305,6.0028820511606815,2.7796349037739905,2.6097973540129296,19.362565302338933,3.6407076302327916,7.659405388731925,1.2352790323492817,1.5699894431525574,3.640803439266492,4.557224478651172,3.2029545069573886,0.14623242720780183,-1.3758928772165728,10.527748103807506
2004.0,2.0,6.024075895923783,4.579212663289045,12.447654206101756,3.562204634863205,6.069991619563394,5.981859807299801,3.251904655059793,6.007114423218634,10.04940027378762,10.691087231598429,10.825269914462577,4.582588714189211,5.478563744752788,3.5156368511890532,5.5042773098147455,4.3159258641820495,3.2030423629798617,3.2023728821369155,-0.7293909065883344,-2.231038505586345,5.029106453097503,9.855497428046224,4.632415066905813,-2.1263423866288247,3.072355255174511,0.969776786253556,3.3878499801526867,9.65421832622691,6.221359802069829,1.111968805544708,2.7246024466069416,4.651351708562972,8.988122580671686,18.262785289465306,3.92171358692317,0.46162192268908747,6.306266703565052,6.614424919130522,5.155728194844373,5.987809849723568,4.149571977452549,20.57470586000608,3.326851737333989,5.5172098549129105,3.517043927717732,3.9580222088311876,5.194668761410079,7.325351858796781,4.085927625818924,2.2738947005492207,2.6767059705092993,21.26801769502832
2004.0,3.0,5.826129676002415,5.3708163994937115,15.122280189125464,6.896945756073948,10.849565852058229,3.656835146293665,3.4306733194612677,4.262331054046164,12.018986319980742,9.464176583093433,8.37873445235524,6.772893323514788,8.916781875245041,2.956520500450148,5.880870874591448,4.131973978249747,4.298580156586384,1.9788036770434818,0.46173053567160566,-0.30843748077003075,4.971743703184647,10.676107870758827,5.043630590764722,-1.3272919935710548,3.296526983028251,2.5515662689212655,2.8062929140775283,10.0983669435321,4.77846115294148,13.951475626035089,2.7429909857038397,5.8757506949663645,6.265727563163202,14.328518871907974,4.487375995736728,2.6342053737775597,6.476937401463221,4.264759546757085,3.4924102155796803,7.439766506103272,4.64567070979158,17.01230434240031,4.6593383926159815,3.287388232641904,4.989361770322126,5.495711680169434,1.8182069883865413,8.211618231175558,4.569941150212922,2.39976814898045,5.14118566043891,12.571038512812416
2004.0,4.0,6.051620972224455,4.803858338390317,17.72602507580759,7.836936495439849,12.72410112378013,8.659119235443463,5.129488007337256,5.961535238991958,13.601661908434954,8.939771663903457,8.670128204152292,8.5636272416588,9.988695859367319,2.333811126642012,4.453313993640997,3.2278971520111934,3.077707796473008,0.9429662721536223,2.1945433881913514,2.453388701744653,3.493647361507653,12.254901240713087,4.792019394748792,-10.337670963455826,2.8152142708907473,0.6943084043587626,3.3735346275826945,7.528160345932297,5.702918738156493,30.023886613463475,2.7516219745364934,5.681740448181281,6.783572309152529,10.313675341577909,3.924192185489981,3.871912131419992,11.152744687942185,4.220379985536224,0.7817764782229703,7.53147972830366,6.018279891034833,6.529312013699889,4.1501085298774205,2.491734750493613,4.518435187941144,4.458612376844466,-1.2818363845916447,7.6161157769551515,3.8900838502858437,1.7073175340390083,5.538167498325029,15.54711069983998
2005.0,1.0,6.322475815971145,7.7262149839603484,19.845309862209213,14.14698105840351,15.172232154305505,8.506155812569201,4.518327654803627,12.92453083194319,10.03243844412949,12.07876053664335,9.073290811942686,8.392608414765167,10.700519474794419,2.5208402361050655,5.100658901024996,2.165843065905849,1.7336174179843469,1.9976797570047544,2.567238261928837,5.336110055163397,2.5165298654643298,6.286196671858734,6.508984235266506,-0.378052169063929,4.783644132930792,1.6712185995783244,2.4615902596170107,11.713195881553471,11.770720424937748,21.14676589959236,-1.456617365292961,5.164930191342969,8.741894995796597,6.2421047140252295,3.9339651906294564,7.131096438574258,8.303557605224967,2.4599047584757714,1.0730972035646769,7.199633753592642,6.066083266110493,3.856259611998616,2.4537735469102424,1.951619013920215,3.671053018022542,6.421431915389662,-8.041141339216304,9.057482951280834,3.9876109190893705,3.3527731692930454,7.9166699002732015,19.012115262665795
2005.0,2.0,7.606779281809542,6.990213054620745,40.0407838610229,16.266091472057294,14.305606316773147,18.144318073821392,6.068516297411269,9.894677683935306,11.22156711989809,10.663315636759602,13.67042017036091,6.744624108914878,11.784795334217923,14.470895162913111,6.363197321688256,4.356106735450124,-2.95078034837169,3.5655012895683638,3.1314057803230018,6.963075509785875,2.9574419638769913,5.5497638711276975,3.8433042721313253,-5.6424273657139725,4.6231969281145044,3.3769288295813236,1.591936112833764,8.98335025073256,-1.8674719018942216,30.518738665232593,-3.4049110872075294,10.435425745290733,8.132981453832755,4.6893392454325005,7.403423524794526,10.952967101833726,0.8663363748236644,4.315155132308275,9.806819254534256,5.353030828002995,6.375957436056716,3.2615237740565295,1.332335630000014,1.935995037656978,2.7070187188422032,7.718977012963942,23.07309425175263,8.572393411051687,3.4045912749290683,5.211023135616158,2.1627307695354534,11.668900699042219
2005.0,3.0,8.16919363363481,7.484577135240013,39.723789461337674,10.726766889501755,11.088695189249028,19.423594483389646,6.079482176057556,10.019291343241667,10.64685811447669,11.294161091343517,15.227461422177448,5.154295569889548,12.032835660872822,12.720968529078162,6.164892960266008,3.4055394522846534,-3.0534521585645362,4.9815150919397455,5.140414288141377,0.26282261970303433,3.4629343365911334,7.159913771534733,3.2394415033095822,5.244818371751505,6.680636828296163,1.7947626086603066,1.3936463092050388,8.100440371094725,-0.22991246959268233,28.556320734160433,-1.9195872801998588,10.548766720330226,4.982164036342802,6.4021846804087446,7.53519715461832,12.035021180842854,-1.1037142855629156,6.376312499361392,11.237574524866966,4.158077862176901,4.638045066858799,8.507288968174768,0.9035504632146547,4.15553885124805,3.780170739421867,8.32004247902738,27.267335755643728,3.207313851257379,2.9779583535251604,6.3265981480409685,2.223263466654012,7.315848274091591
2005.0,4.0,7.665743362383876,7.174762420107232,45.916769227676234,6.358216392900971,8.425279255005586,15.502874318123292,6.418824493468628,9.625657986623295,8.55844895219056,10.010941341804424,16.438900974654654,3.63881860306235,12.411328649858527,12.019668324790787,6.766710571058835,2.916126790080029,-3.2283493710572584,6.220879475782895,7.111071626879623,-0.8992412972828979,5.521856028340959,2.9830200802467175,4.10914845622843,9.286704647528614,6.820347822581439,3.6299036603650463,1.1251249086137913,11.196418787307794,-1.7314936705730533,18.667038965168956,-2.6812026267497013,10.216201874024303,-3.0239259754161254,5.823299259712215,8.745960623962988,13.006379836728488,-5.47442574203205,7.5691351564656815,15.766970142155412,3.531800190478169,2.314840266471581,7.287760827807048,1.3924576264975848,4.792693006401567,5.325776170374193,8.975746648659822,26.41741165898534,8.400187374810988,4.039919235358277,9.007491431615328,2.4380227778446844,8.588369377295187
2006.0,1.0,6.679806395137371,6.678944241150567,38.526681389819004,-0.2263041742143862,5.373249735955598,15.12667458770103,7.4476984191256035,-1.0244958561352129,8.706758723380254,5.113376234943724,13.492241178164175,4.501315150548857,9.195085826092056,9.093440644140701,1.7997209234857763,3.3447494208030366,-1.7371571911534514,6.409295620752969,8.441743212374323,2.334536587376824,7.320922350158808,5.084763399428728,3.381578041681552,-0.8659648061115726,5.282783493409339,6.39692979145278,1.5962425234347308,8.362082570869935,-2.4969873655935286,17.02810036675333,-0.7657687103877455,10.309771857689013,1.5640052563997011,5.249576327048269,9.62258951701467,13.338924770307539,-6.212006398829211,9.575859331760386,16.87713767241814,2.6209784754796708,1.8844475665187557,7.743634779051817,1.0054416119120313,4.119469393269717,6.7335573812149025,10.619949845893675,34.951167487299855,5.50623223796581,4.8890457865040045,10.115038864528254,1.6304814501296536,11.286312423381833
2006.0,2.0,4.889713272016995,6.076354376224906,21.728005001105693,2.5602454384593814,3.1095907103023994,4.760061781452884,7.651066783017225,1.2542303986103607,5.715057338289958,-0.5916017602170119,7.7298998642733565,4.307216176099642,6.837995501376247,3.2043012718596087,0.21363512681634092,2.0897484564452804,-1.5557540466673663,7.103847225669341,9.456808000089165,0.17498415070696774,9.075858982733994,5.106461386500874,4.0337484015759175,9.19157501883916,5.083986290719497,6.167371563443471,2.699645949245164,9.160705912932059,3.7634950392223745,4.521636804479568,-0.4802764255774486,5.675677848371723,2.234998486286124,3.779228804695278,6.473052701782915,11.28972794010429,1.2882667692497651,10.477613261478062,6.097830023982235,2.6353653691294956,0.411741924054476,7.970566603929133,1.5703189496402505,3.702377536314097,8.575472485913629,13.436043980895478,4.244195174773862,4.021441287095665,6.720193242149253,8.130516141025367,1.2765153766967028,17.09375632241503
2006.0,3.0,3.937596336348545,5.955230829413992,25.01760051684435,4.1622619242922,3.287193037043859,3.689019804934884,8.171348404610267,1.2434066822783716,3.4326388663125442,-3.9332659956211686,3.4862584638313154,6.187063063116761,2.5181581530229735,4.1542158168441485,-0.025491203715513725,1.953819535805815,-0.9080677154079446,7.3315719993658295,6.479717413088226,15.971060513405963,9.704076716631432,0.4080866955052459,4.532621828320126,-5.694426790084742,2.0845247587752227,10.215021556350774,3.0637003962974036,9.870104180250628,0.8621605039622079,3.0789231841144766,-4.244299456712408,3.7353969170231593,3.219348940419029,2.438137171661909,7.31368999888878,12.072793534645262,0.24677424981519014,9.52531767795072,5.161398908997566,2.11289972336119,0.7908074388413521,4.683077666967448,1.9813525220120767,1.8352929607463302,7.853670241097458,13.622304656118528,3.094472207056207,13.306023722671046,8.340876007675417,6.243324598796121,0.6468098972784714,24.7613740919343
2006.0,4.0,3.51259258457128,6.342613727255901,8.221113360407047,6.367843486201727,3.1008115443636814,3.0132533995754645,6.409673631404944,-0.37144445072591137,3.408400742304956,-3.1914095099802817,0.2863901018990614,6.1809969603394475,2.799586522945474,5.32543912945099,0.08433644998971809,0.221951452918439,2.5465203652703665,7.567952732312347,3.8153879321959683,19.018303706498447,7.925786248603826,2.460368983541402,2.3289863186811766,-7.531507995488503,2.3814122467925922,9.193201810222627,3.889032009380315,4.539354681756881,0.31391638910986547,3.450077428241978,-4.119081550276249,4.90927610055185,15.259520819583624,4.161985786512662,6.738559302010096,8.4045445490366,1.2654912691786466,7.219676889634252,2.2252530535995385,2.561002858236817,-1.2939197330021568,6.187086548173008,2.3709505302940492,1.4185843957246929,6.6063174828198425,13.170393839867112,8.361692555736209,5.584051841407754,8.32217811628494,5.324255908340176,0.7252018652878357,19.65427894911548
2007.0,1.0,3.34973496278178,4.830816432016364,5.1309750986926135,9.09715002609621,2.21990574798656,0.9967929143032206,6.041587903510534,2.773325569380267,1.9534169499537444,-0.5220155598076254,-2.677082456320851,5.41664009147886,2.0146697746614635,9.103433904362584,2.598288547545241,-0.031122863480815683,5.159874417807359,6.917244251210435,2.501891976907967,15.397288655980834,6.072585363249879,1.5932642941386843,3.3968763411881215,-0.16276522184786665,1.7894041869793702,5.628979148020804,4.020656618879231,7.241144217562972,1.0987703899054848,2.4878831828911263,3.3344809624715324,6.063615331106652,-1.3622041484577745,6.020046765532219,6.6597300892990985,6.719059258761229,2.5266655726508542,4.857605993301624,-1.9632486709625183,3.738140355947766,-2.5737908310960185,6.841801571318696,2.8650336803714227,2.5753555779981427,5.964713237834317,9.845946196369827,7.784386655728484,5.875898969651859,6.742747804959187,1.0772534400846796,0.3057962358555996,10.181122472377305
2007.0,2.0,2.4722730748802597,3.332522998235677,42.42383408247545,1.519144762858308,2.8289446356961454,0.4763627002800721,4.759113404134851,2.582295123580464,0.3333125949598485,6.60511205914959,-5.13008132565235,6.748922998334928,0.9797266236734261,9.669729955517447,2.553292640040137,0.1567129308619919,9.636034965410566,7.114594839448716,-0.6866354387437874,17.219414186168528,-1.497595755700387,0.6793173547465482,3.55630222239487,-4.849695729556657,-0.04765732565110917,5.359982873328967,2.4711662494863984,-1.9564356616678134,0.13083497958769358,-0.04436943982669589,2.6359604646656547,7.892314752012052,-2.899138546057596,3.664996472126391,6.980580502646657,7.072801219375573,-0.04987074336873829,1.3016708797730827,-0.7832423296213803,3.4708738228506792,-1.751714103055637,4.631543085282701,3.002276691071059,2.7632769405691797,5.66610500184173,7.636809328217888,1.7107768799856162,7.623167565304424,5.166303122149053,-0.5534140800730271,1.8460952199311444,-6.7890795371784565
2007.0,3.0,2.139640861450948,1.5471358606331,30.800130111729445,2.87715032027024,1.5562699865994327,-1.1961999541435322,3.985217591560458,2.721791805857723,1.4727244193181996,12.622863675441112,-7.623308354154558,2.0297976257152093,2.944142975291423,10.819032309044323,1.7758736248140208,1.3598802903665466,9.407814556977618,6.233850353245841,-0.5011716880042119,7.971286350365419,-4.632872431003088,1.4904370144179881,4.654723476177641,-1.730626394233085,1.0732343576295242,2.813886640147063,2.5400958911895946,1.222310626558853,2.7577401795612824,-1.1292731945600578,4.3397048205049185,9.404283630994936,-0.8886789479599542,4.840544698302232,5.840877728552007,5.707163299721139,2.934217793626396,0.4757471337406843,-0.8656091981908779,4.571588070985498,-1.0781240155832155,4.208038613467749,3.898568028180756,3.711430708838929,6.667557895801286,5.113750773806863,1.574774738864969,2.3965175996306263,2.387443687097697,3.708408954360356,2.167968705117533,-7.166026023845308
2007.0,4.0,1.5231229036501215,-0.09924293218686922,79.05985400546018,2.1482896015469723,0.7513434373971222,-0.9195127741862408,5.280988496051867,3.4124579303241185,0.5584948461872478,13.034110840122626,-9.765160327223752,1.0998392049124681,0.7593910550671572,10.197671844064669,1.789690031069315,4.259308788124239,9.15080051632625,5.363879944932766,-1.9851676917420786,3.8783063654439816,-6.237083373494277,2.6788827195491374,4.905345800854508,0.910234761104059,-0.48731930236142673,2.4328495167954944,1.8951642524180035,11.666735856009796,2.7472696152436598,-1.8777752211845473,5.584616512806829,7.979053334435974,-6.505757076038196,2.297910052107425,3.5282811882864578,13.477854542867798,3.1594551292990762,-0.23438081488603174,-13.848206214951494,4.137253620940119,1.0342713577411562,2.26410201660299,5.215178914947711,2.131312547972394,7.396609166296965,4.379998860584208,2.953377016461215,-2.4866211406930914,0.989676746987299,-0.8946197009628549,0.07199247093968673,-4.978142281117774
2008.0,1.0,0.5432858115144926,-0.6965801596579517,103.95592038142229,0.8573462593751082,0.34781098590214254,-1.8482005177707712,3.3906710028413602,1.8081950891561598,-2.353195701198841,11.576312190247831,-11.317097066349797,-1.1771849085498554,0.2846481104226777,4.774641421202876,1.474368884847745,3.8729118019463287,6.9454847555761114,5.359852255834605,-2.2952270779302846,3.2287742152665095,-7.864980172174706,2.4285880659363124,4.7459113865819385,0.9036993746397416,-1.088727790855275,2.3985221848224754,0.6242488234306293,6.352623009907957,0.1838693540009268,-2.782073704830013,-1.2383630649645256,3.4790613695741386,-1.0962203144366287,0.01993905290940855,0.6712032872488756,18.778252621249123,6.3464350213902785,-1.9127239660429567,-11.281602547394467,2.107404259955615,-0.8345151045559385,-4.17250465247196,5.965600684756929,0.0849785947976728,6.0262417849931555,2.8352961909099483,2.4803654024982738,-3.2237540765208488,0.602031925639338,1.961167446302582,1.0905941999993096,-0.1458322778596811
2008.0,2.0,0.03217952317462627,-1.9209403315287428,115.00663065748896,1.3448668645180402,-1.9867412915576212,-2.4810899474985897,0.33299307803405187,9.840381902249087,-3.6991038086796317,5.0162142571809945,-12.45799737987541,-6.118814805470684,-2.5389570015000187,-0.45401098907520193,0.24619996392743765,2.7099246438166817,4.312187113323169,0.30482668289953546,-1.4763295048806973,0.1799091578329339,0.41337216683250255,5.770813536326061,3.3809431566748587,0.5187880647462861,-0.6397224284363336,0.6774162519150921,-1.2242203140646561,10.94847110577307,-0.9676476570647404,-6.267228613558553,-1.163048380413386,0.023877739774404907,-1.4296712948471528,2.7944662491261543,-2.871327316685783,24.956693666134065,5.806065576483829,-0.8023472716258844,-10.42657986715423,0.42146284191610306,-3.779249486182109,-9.159827079979742,1.6567430243664942,-2.2286321435045813,8.478383730916066,-3.023141746046016,-2.4087335130288245,-6.930284539084056,-2.3867890014858064,1.186564034728468,-0.8350942332339951,8.575316191479711
2008.0,3.0,-0.6833480031118002,-2.062812539266986,176.39295414013992,-4.062991042007744,-2.1272774737710853,-2.514947239795406,-0.7386647003213023,8.803454373849197,-4.373744408663498,1.1959612301212914,-10.638141804230287,-6.674835824164546,-3.742378711389048,-4.514601466864821,-0.3291813375072812,2.349170369368523,4.538190775295341,-1.1441214028227424,-2.688516390130366,-1.804262623260652,0.872124797534045,7.735968398769201,0.25760541500545536,2.256578383058674,-1.6561925841444558,-0.5638094685357304,-3.113249665652771,7.520804400176597,-4.931463149291289,-5.545077396211086,-1.485362796732779,-2.2018256048821168,-3.531974207088615,1.3987964256559535,-5.263224579509618,32.419173022498605,2.009989331339914,0.42499594467544655,-10.070050253951909,-2.311264871030511,-6.228944977277135,-11.972933701480386,0.1854807811600864,-5.040483390707377,6.826400622611725,-4.516156754579404,-2.9290861696038824,-8.675717918431975,-3.7441152710022574,-4.320616368501884,-1.1012680613743988,11.768665780189329
2008.0,4.0,-1.8868848612340308,-3.801148636653958,100.94106733201829,-7.706164571039613,-1.9611343745276362,-5.507626465489587,-2.7000584802937055,5.332290285186954,-5.143509752829457,-0.4214377182865799,-11.19076568415093,-8.039516449530524,-5.4109097845115794,-8.248788282066585,-2.3566105339718457,0.2269465211113654,2.5185529423308943,-2.314087764589993,-1.1840661482395263,-1.5621085319554309,1.2870542628825652,4.661005257463616,0.42569824582297117,0.7984184312246866,-1.921085252543694,-1.2757265680199446,-3.3205018596761433,0.5070362322039372,-4.789562726851649,-7.552281249580753,-7.8618024981414205,-5.349529275128887,-3.6953409298896602,2.029860985505753,-5.747763315609052,26.755758045248573,0.3840362986917408,2.482785436373721,19.343895982039946,-3.6906533220246263,-6.683365523624134,-15.278035264105066,-1.0525970283231583,-5.969101469546089,4.665957217445441,-10.006935734715446,-8.175751628015238,-4.245465543315301,-6.133911144384961,0.07134384818103956,-0.5144096622267944,24.05822882039624
2009.0,1.0,-4.401798673511476,-2.556805480618251,65.06850288391448,-10.875228757246338,-2.1764555313061966,-7.856633302251363,-4.189264146119087,-0.09700049952202791,-3.0308523434141743,-4.773249473104809,-10.84515872153029,-11.271371909646675,-7.9509550584914646,-9.241118743900294,-5.477533929651651,-0.39185943678805,2.7772610926170382,-5.655096039035912,-2.251897661590423,-3.549963919530096,0.46937609974411504,4.517563052238592,-5.080766958435853,-3.1933110131643625,-3.54560343159914,-2.925009392923092,-3.1140074282790806,2.653120042018235,-4.480414318949516,-5.632193089057194,-7.043179152833891,-7.180203307704344,-0.7369884710454647,-3.1398332002212066,-6.327878868723023,16.78720050753118,-7.993259405422235,0.9917387769625483,13.30273465364859,-4.9454582230346915,-7.467832440065765,-13.133229934024701,-3.9994139915914473,-7.6631914859192545,2.383856725283181,-9.472800748138646,-8.999377366454302,-8.152960130034014,-8.467426957992721,-3.675256751274394,-3.663087404674185,25.30656225465071
2009.0,2.0,-9.35369177098108,-5.04140010391043,-36.11837586564541,-16.518337263673654,-2.233021339035177,-11.25903130760786,-10.617644228534967,-17.27923502098814,-10.075183914027539,-4.370203022661656,-10.513931939233888,-13.179118542770132,-9.735037879746606,-14.201386192892008,-6.1238771561598435,-2.751329843545221,-0.8756050499232513,-8.282648781783177,-4.097178850835577,-7.887292956266119,-9.181433293629167,-5.841531057606504,-12.478596875541394,-4.471648599971443,-7.464647369582156,-4.92865227242794,-6.8552077375875164,-3.0866784325245233,-6.656990700877233,-4.20628429476386,-9.13434381489078,-12.4799383078997,-10.063690898760585,-11.22060917310054,-11.156135932132278,3.1478867363146925,-14.102948183054378,-5.521594140187859,1.5267863263261383,-7.703534195141031,-8.008744127702592,-15.630507528774714,-0.7201544483812288,-9.576382655933813,-5.031462166971626,-12.448124011793455,-2.3734999082637898,-10.557973915429395,-9.728916839112264,-2.74077246515153,-4.072409309157324,20.04597372059032
2009.0,3.0,-10.944805363812597,-8.08508437364224,-68.31764513444179,-15.202741768725819,-2.441110049616267,-11.99192886024444,-12.690311232902754,-17.937908366265162,-13.747200307987232,-6.59381366442926,-10.11273505848647,-14.056698222608047,-11.25574662209649,-13.964019966585905,-6.706621374118861,-7.353448856874769,-3.4659438383495957,-9.538273989433371,-3.6932821734751964,-9.52207505103357,-8.072301499350274,-8.531793889223092,-12.975044065233652,-10.3435187164953,-7.981497726881044,-6.5445370474222555,-6.754824036423478,-9.052531759594954,-6.6637849003352745,-3.4557999772417234,-8.028082180101872,-13.194939956118395,-9.424212011165332,-12.750523533577207,-9.771418556572568,-9.006635181766464,-13.847757548703033,-13.491359306234058,-0.8918278000574913,-7.171541239627607,-5.638307710424048,-13.617285432562564,-0.9404869486864293,-8.445456862268689,-9.148893047882007,-14.602002537241294,-0.844065270889263,-10.632480546516259,-10.189951387562997,-2.4488907049095596,-5.3043957426823685,11.355776239073755
2009.0,4.0,-10.784011180647056,-6.318668136439495,-67.10974649939419,-12.506707099228443,-1.844899734034311,-9.807632632517535,-13.887583410976287,-16.328065621671076,-13.776972595342269,-7.690719994536421,-8.24265625759317,-15.76320590257465,-11.308089339705841,-13.627836347036967,-5.049933744100884,-9.475941230113627,-3.508822110643445,-10.469943126871675,-4.965927296457145,-11.059249029158584,-6.85917528995207,-8.028493758215422,-12.481487282489812,-10.80305967374519,-7.818214956267496,-7.8933113074049475,-8.903915021837358,-13.746982607296202,-8.559000334634964,-1.4927324898526846,-1.792565481386573,-12.634182886147208,-12.105629188218625,-13.089416138558061,-6.574752626118756,-12.685919748397362,-13.385159136908173,-20.271674791104275,-17.80972288808222,-6.937330130262417,-5.311163241318369,-12.199914681422642,-4.170504799331216,-7.238102025497684,-11.460163149761053,-10.71968438970706,2.0520056172313077,-10.712793343740397,-9.86727034335245,-4.539940682568821,-3.60309921901028,-18.215025850713555
2010.0,1.0,-7.919759063332318,-8.804805855712642,-56.10484207489328,-10.429223211256181,-0.988680604410796,-3.8836531143868154,-12.545181315922942,-11.487952506067014,-13.788769440971135,-3.6743398970508614,-5.960665129760058,-12.852990191559094,-4.024753069368583,-12.160250183458473,-1.6097192928006037,-9.739912006116429,-6.293273187002148,-8.814717711116819,-4.387061558808222,-14.948778648343957,-3.86391069371811,-10.048554983009925,-8.460139159796007,-8.544047993833125,-5.2171006382276754,-8.211577102024885,-11.966797690920789,-17.450533288982474,-8.928028840931573,-3.0496325768329027,-2.0480350136418677,-9.648907200476927,-15.791183704707542,-5.478069076741342,-3.8481795514314423,-4.416655454120011,-10.185783545109652,-19.06556813010388,-13.813591907628329,-6.144396658945986,-1.7882190010060786,-11.888168664614573,-4.246517029996354,-5.291315522604952,-10.273203900705004,-10.934867363413787,3.7963556936086142,-7.125285983721043,-8.282436093769778,-3.964710702942865,-2.271681008235929,-27.65864930929578
2010.0,2.0,-3.129568111971847,-8.23309628591346,-9.550170961516564,-1.2519611672992685,-3.7815228958890676,-0.20194814354781834,-5.642372787550821,0.3135443559214611,-2.3151009746968203,-4.862038602133518,-2.3612306318080516,-9.2791953040234,1.498521533196805,-7.813568282062637,-3.1700005576810577,-8.276783324498327,-4.06673330796077,-3.4039431863395517,-2.7286036470541832,-15.972365181512785,2.3011574624167968,-6.077063894673264,1.0142307441320029,-8.676878630157175,-0.7109841026035248,-4.48923481232159,-6.786613719220338,-11.913454444329274,-7.170333998349414,-1.3007249855353242,1.9458877731511288,-5.333042275017451,-2.936656957418187,0.6650134482513976,3.793936135975099,8.548762422894299,-3.372664816611779,-13.468026854316875,-2.8939591333748034,0.6147272679322039,-1.306930975965611,-4.923892545514829,-2.4749475228219473,-1.8548320974833103,-8.084470772200886,-6.856104634119227,3.7842855622569225,-2.977871967576461,-2.580479819673026,-3.418619602967311,-1.6861448690412943,-29.531735171461293
2010.0,3.0,0.08385068887639477,-2.1128517051826807,30.10848032891637,1.4040014917192927,-1.4089176638581997,3.255298112186014,-1.7528018418149252,3.5061123534114778,2.811350685107697,-2.1632500854224195,-1.3756444486508281,-4.8300442621691095,0.6516513418982732,-5.424457151146496,0.4949936929206703,-3.493871261886698,-0.9367138616640452,0.8235955995780684,-0.9024743530569158,-15.178196973861818,2.945927960434383,-5.095195984552105,5.102292297009392,-3.943042923903954,3.310859879766977,-1.570138373194464,-5.185147905313705,-5.81330636882587,-3.9956151397131054,-2.30367589894262,3.3003072267729068,-3.920449894250498,-2.8782534997982867,3.651910165151299,5.6794173631058955,20.81065773982979,-0.302178072626709,-5.330002479693328,-0.7387352571048009,2.6539672959345153,-0.3910875066246353,-3.6699117660724276,-2.254697475210773,0.14185877145353684,-3.627848897130106,0.14043826200998383,4.045280191260782,-2.457391425003809,0.10998067694180291,0.32216802549264184,1.5404228563167965,-25.10872378656343
2010.0,4.0,2.8820309507954596,-1.9444659766289052,25.104239862705686,1.7137177752868338,-2.122621106468585,7.962109391513536,2.2624977106242583,4.8190543648192055,6.185565312235412,0.22687038228630776,0.5834949601228032,0.6425079711013294,4.841841878560504,-1.709960875693628,2.672274488279587,0.22794321148964036,0.024847725968270305,2.8521132767078448,1.6786223068852228,-16.946892390108978,3.4512458257648184,-4.128969520914028,6.722276279417182,-2.9093756188728315,5.955552068161458,1.5986423739673559,-1.6628234118616163,-0.10110424087802973,-1.988804573819212,-3.106868230130444,2.4985854923170505,-0.4584747061189838,4.213006233027478,8.366470091457664,2.2564409678984916,33.19824608604762,-0.24636046008910836,2.300884194619127,3.742966882514302,4.727286373161682,0.8008704475800577,0.9436306218687235,0.15470946209696745,1.8560585706510881,1.1653257697791777,0.11980326079964854,4.348607483872467,-0.9659487970787284,3.781826789273145,1.711119431274289,0.9030542457717295,-0.9528472888350457
2011.0,1.0,4.50815349962633,-0.5520949787525941,5.290488597811427,5.577788998616388,-1.2496952186910482,6.853025984480324,6.736759632551729,6.9547364530378175,7.633185033865435,1.170172812082697,1.8282482010091856,4.292955245138252,-3.1524239957171414,3.6953557142817792,3.2415595993689825,3.0335328046204637,3.673121837659184,4.426444456353396,2.81519856016137,-10.028281629521459,3.9778263297807053,-0.63700939906945,7.595186485082733,-0.13533238313363385,7.188966292247819,4.794305248459379,3.1180888802103253,4.412211363713839,1.5032447083430682,-1.4354603148199003,3.6136197062073423,0.99561358945599,10.70138398186752,8.539968659525213,1.252476007828114,36.549184322674336,5.718482056235944,5.476420071201338,6.232352374323584,8.164537107456951,0.6572075325054229,2.801883679896416,3.7840583121329456,3.565049318874969,3.4102838202408434,2.3387863487827705,5.44457823509689,2.130728297411939,5.447966878840344,5.980952509995657,3.6113695924647007,13.138350643710329
2011.0,2.0,6.689135124825427,3.340801756749838,12.508856492892722,3.919883089252914,7.381848875801861,9.662481032636542,10.425393223589948,8.404121084780819,5.980956238651827,4.3848271905323175,1.441677904639922,5.122121651186956,-3.530532062751272,8.280971198899815,10.125679163032475,5.895759514193924,5.146395007296627,2.7534379569970886,4.534462927431253,-1.179022604312856,3.474072805641673,4.723028445784553,8.064138924178051,2.799304701287538,7.960884170289641,1.0221548658678352,2.0753556296002778,5.221837558794611,6.6422967736169705,4.42354021797348,5.01901078983647,2.7077297093646084,7.584579064597093,15.116311754254872,2.050690144337276,41.35084773083677,5.551557830342794,7.989724873025929,6.801840826946724,3.8238739417066117,3.7574323222548798,4.486771961369722,2.566604811061502,4.0508608918956694,5.594304426368828,5.211709831922306,4.818389553278314,4.103357191988152,5.288956729480736,7.23273607045604,4.54975727377545,22.015091352070115
2011.0,3.0,6.075044327402398,-1.3920431121827639,44.218817194564615,1.3728745155303248,4.905443075888781,6.197163658730075,11.332246842136264,7.456076477155073,7.312794027798293,0.968802077567125,1.1397149939268583,3.894107136696559,4.256388908686069,7.41357628528411,11.550609924270812,5.737665832160039,3.5716014308374886,1.325119303639241,3.0342141285984736,0.5289095563257309,2.5517348458148343,4.9361290734147625,6.452910279000741,4.404493794760074,6.125788826801305,0.3988062313907959,1.1534261568299775,5.261909970772733,7.176245553065488,6.837056835329326,0.04889215471954967,-1.0825326393981707,12.163817652157013,16.583398990280276,0.46210290900523265,44.31415174015019,3.6647018230067676,8.680321941526485,8.337446701395516,2.698305596247843,2.0282291871594573,3.947842983011671,5.118641688545885,4.606090432823363,6.458547820303701,2.185751989925495,4.238785449515511,5.391249319789874,4.692395615175242,3.514958760497431,2.792268005784522,18.495011180801963
2011.0,4.0,4.249564247375364,-1.558912813257328,59.55747054004724,-0.49952525178043655,5.572303773866296,-1.5924433674393315,11.559031813422523,10.44253966237045,5.792292963065777,0.6133260717518647,0.03880702040642769,0.9138953996973848,2.1544067740380086,5.981524154716548,11.27630569919481,5.593907768902088,4.277013880483864,2.8635774003128827,1.2552288238669822,2.5990295107229326,1.5272881618959744,4.139929906348309,3.1934123928633706,5.9330938260606985,5.884849957175079,-0.49147703450437774,-0.3117144765101872,6.083704689365966,9.246512785098338,7.850499996455188,-0.18090061605288424,-3.621744891979682,8.567584393335816,12.668176497029377,0.6978515010994424,45.22907222965446,5.506665056030913,10.078669585049187,11.806573594815504,1.174907953483876,2.339227468313192,1.3006568956560403,6.969270410185545,5.641302819886717,6.614120713260579,2.784523004587931,2.555064069416485,4.172578485389255,2.81909374991623,4.301073940549211,1.9237003420238046,0.9441690310052103
2012.0,1.0,2.623615432804572,-0.25533630319322054,65.4053793435566,-3.6653999805391977,4.427725229985018,-5.488272399908823,8.117101274376596,10.750498119548094,11.98330662619484,-0.6198475290669702,-0.01858643439689719,-0.9791041322647083,7.886068701106799,0.9403028607384822,13.884148825486948,3.439059942913867,3.189793511208939,2.935271090688568,1.4789410759393204,0.8230658917770137,-0.3213633664466202,4.623044420872419,1.8583353604367123,6.305192337697056,4.59710068098028,0.16663262406612134,-0.6363033226750494,4.87943240129853,8.703765644815368,5.21071718388869,-1.6428347043314109,-4.03223627762771,6.884046911361409,7.645779496103024,0.1341600694211322,35.046414118066345,-0.23685844806464132,9.5605670440457,7.1249405221519275,-0.954110122558219,3.157499705653112,2.240335251637735,7.07729266602401,6.51166175318425,7.187141152887983,3.1657423011653076,1.2932288995562429,2.398520213071972,2.076127987972166,0.7214422535873047,-0.1302364105611337,-4.124289618189815
2012.0,2.0,0.9364980174832462,0.5813524875476342,32.07507862813521,-3.6222092830418906,1.1593234185146306,-9.288462892634799,7.138499683756211,9.53583583951794,8.093024896512288,4.91959663385837,0.4666396651558881,-0.2191807436142901,12.199742336653815,0.4911850824559973,12.83583341308182,2.413276891909351,4.501062187605099,5.483062161142631,-0.011540472512630887,-0.6448236357852274,-0.09989942116764411,3.4776825507441695,0.050380391461796646,0.21505078788513818,5.377871798119246,2.9717160885795515,3.799744835424488,3.8504867149309328,5.136503653521954,-0.5575360960780094,-8.660355354238506,-1.7970722968403678,5.832836085841417,0.7374400639313814,-1.4721716891484116,18.250447019479076,-0.37056430772363874,7.655821393120179,5.87544059713765,-0.8772257576387469,2.798102563349431,1.7708177757514518,7.249018479114722,8.077152456508365,9.167175180696796,3.232969845672376,-0.038859755459680206,1.4503000137204676,-1.437451016846783,1.4023337949116852,1.3684406982592332,-8.978692003363546
2012.0,3.0,1.0051565638447995,2.9552795062987256,5.078717680802385,-1.8640880167810059,1.8300954404857313,-7.139660598178871,6.491254655192045,8.294933206729779,6.290371396678311,11.103039143897115,2.1501091208823015,0.122894613658871,9.733025573972924,1.0766383431432582,8.555549632936492,4.651803771749229,4.737556664925051,6.656945327106315,0.9525583688205571,0.3544875839329917,-0.7698183653761853,3.5022657010374854,-0.7212815501234918,-1.8407042114382772,4.997413166677356,2.9322991929245212,4.911616080393907,1.733006434554887,4.625643327356066,-2.29840861692749,-5.004186815768465,2.3841408412807286,1.3933181387767148,-1.6538368736763869,-0.981487392780716,11.023736392191935,0.12390671375561041,4.308106920635444,4.62054663646745,-0.7041335381820267,2.3210187050506486,9.399434375901397,2.331873333624863,6.405592878618169,9.604885907503636,4.265986292850927,-0.32334073345907893,3.2134701100888887,-0.7968326820150445,1.7852149060280649,0.32418241315455426,-8.554796059186835
2012.0,4.0,1.9048770986372694,2.614192782701583,1.0969198222086645,0.2951123672369011,1.288530576573619,-1.387215517281266,5.807735556990409,4.59599654803962,6.895835221505861,12.444367860299655,3.7436187655639412,1.8623843901180344,12.585303795319572,2.469233569774349,7.468514208551615,4.950465579279071,5.054130928249684,6.530892973072512,2.1810631219801917,4.357412938039962,-0.763402475411097,1.8853156458464502,1.1358951351458033,-3.6329036445619836,2.4667432382495287,4.71479652817923,6.34741748277209,0.421895291318695,3.0683224020381172,-1.3919485142242405,-2.4181645371624554,2.723680451213856,0.3269880837319344,-1.600971730091056,0.5838806370233893,-4.91654539720714,-0.9411183578455505,1.9405507997090357,2.743384351836456,0.44938136098717973,2.580945588442294,11.702792149821432,0.04550907565586928,4.500487848775467,8.457386469181237,6.666878187922422,1.1310308616945284,3.620993257971419,1.1118819225957022,1.580069944354568,1.8912625573252864,-7.029043957567128
2013.0,1.0,3.7158131487569217,2.2447664750371246,-16.345175776219996,1.715424285851904,1.9288535883623696,8.067696590755956,6.868227227920895,2.032630277915081,-2.2171112147228302,18.261117546308743,4.357485122928717,3.1899346624087777,12.305233495610404,3.588337839885548,5.344291230931033,6.93157446012134,5.283916279201118,5.442572045295291,0.9480650292166949,5.7349322328526595,-0.40740028524429,5.5501681437044335,2.7392647465823527,-5.519056546318167,10.147839536050487,3.9034708964200915,6.451364767225437,2.8140985340749167,1.174413981664052,4.911243954875077,-0.7607197148019154,3.7653611351113683,-0.5886140204984518,0.9777444362750505,1.1781670483838709,3.659045639591786,1.4233092954075688,-0.04110642090235746,4.963716886334316,0.042872221843611086,-0.11981497569250854,11.993047242104565,-2.3468361176006924,2.5225147317865684,7.352641682179177,4.513553177108448,0.8069121503734425,3.3759250667178886,2.1592436296046054,1.7498828291152089,2.949352851564293,-9.177171451635958
2013.0,2.0,5.786316874837323,1.336471010287186,-28.288782993845434,2.9027618408456095,1.9476681549140376,18.332688836793892,7.467395637095652,2.0237420087536235,3.9878085964637022,6.930343767229924,5.088648873040009,5.051596068646928,8.642819705807913,4.350450427218795,5.067726466092571,7.516263521145623,4.638248391990132,2.0773218055338027,1.3608271755741836,4.242673779799509,1.1848920064885522,4.782285481772196,3.2411699803064686,1.0329790282973805,9.52720540906796,4.9722895462030525,1.5361409740665788,5.809172489050652,5.747504141531401,6.872044945728208,5.252561516074541,4.190245890888425,-2.87446058051976,4.916147151669361,2.9473781844893496,12.242996671543652,3.5550860923832945,-0.6810679319801222,5.116064567275251,1.1886441834347694,0.5333447148009312,12.446757899608912,-0.8878671247776129,1.0467247494435612,4.798323924680828,7.107923846225648,2.7937838660058536,4.255737524731322,4.6197236330241,-0.9712873506255952,1.5754057621784432,-6.671160590327699
2013.0,3.0,6.212566949354637,0.657355993560549,-25.269381804382167,3.059833010572805,3.108065064499998,19.173318176624786,6.872248551259511,3.5678085241828126,7.88568816056542,4.215291608521651,5.201908747865321,5.972837394813899,5.865763149838014,5.007958218154449,6.543694714028127,2.89576633731107,5.667794966070101,-1.2836165902793728,1.3646524261872124,5.239966435538084,1.704275744454521,6.804318395331049,5.175828459551349,2.5515550920538788,9.841856815540888,6.455870160585531,1.9093523197038844,6.816576836249142,5.340622728744787,7.505651261916539,5.280488828161921,4.7460473115634905,-0.5495036709220743,5.4355005661498375,3.0774019450930736,17.249646578953737,5.034165259458854,0.28282593210436274,4.585243206846697,1.287465926944786,1.5988504047696275,3.4848192274393592,2.429853997199852,1.272650682113414,3.8638140509046695,5.635431512390937,3.3795234454078034,1.5535194341191343,6.051379773378806,-0.2890043835923677,3.7761862100655534,-6.801063513776316
2013.0,4.0,5.88649364883327,1.530132900600415,-36.97887897188339,2.640187405983321,4.252480768795592,17.24840235909625,6.65158848438333,4.542710413211263,1.508163029362276,3.0425630411030062,5.4828656354579595,6.417233254909936,2.976073682577845,3.937727322142977,7.066485786738966,1.1471311017280557,3.0754783075074306,-5.656114621910947,0.2513759565347229,6.6819062265411855,1.6004878214197094,9.924835324712998,5.237502910080549,2.7975475770913447,13.925641277003798,5.039621217087244,1.3700205152822498,5.744002609019571,5.585593867173135,8.003099245099067,-1.426423022181939,6.5176064734355155,2.3865375726966174,4.638971679712727,2.5264983670931813,35.681660791631195,5.075536457149075,0.874844868249046,3.134914073716868,0.4042654774971523,-0.20250551941141093,1.671585592791675,4.884944407019925,1.0053482066173787,3.9996645147256698,3.0911880382789003,3.084514393966913,1.7496404569152468,4.332971035272624,-2.62055515626075,2.6356105775759318,-2.9099660624049917
2014.0,1.0,3.5460670148013893,-0.2124263344193399,-40.40663350218658,4.54949388042991,4.428399555076517,7.6081616360275826,6.699301385905229,4.701244259868028,4.732298382581502,-4.443634228676493,3.6375286843425885,6.334266383324421,0.7198646587011135,3.639871634703377,5.568383979229134,-1.1342613528199244,2.5492942853088953,-0.8334013844042846,0.9496696896347306,7.71665855048521,1.264640779224235,4.087909668474142,5.426920436791284,-1.5986461630314375,0.6174878859332354,3.9113076050002222,0.44376381269901266,3.784905113465225,10.731827779891043,4.152786823873349,-2.6291917169725303,5.048422410194436,1.654731530951004,3.5567317982979088,1.3957038360395162,19.336014117059793,4.47133649649834,2.349434716451224,3.3097088588743455,0.10807218308459914,1.898402036072386,0.8224224658115368,6.175859068525607,0.6927017135099691,4.5527493767191025,4.385096164703191,3.25955732789991,1.4033283737739655,3.284982005097796,-1.7286734625640003,2.8672730989580573,2.5343252189817154
2014.0,2.0,0.19556184410652477,-2.2969676903093683,-35.051161325699695,3.200742439848925,2.293271367441926,-0.08206986862316647,3.836573789472829,-1.8597276308000281,-1.1843764908907657,0.9542362470154435,2.1034910703811622,4.2593388492615505,-1.9050080158866138,-0.010470205395517726,1.4948805190082473,-4.316340903033585,-1.8864986338305128,-4.133178763441793,0.21418794070382113,6.4094849517071335,-2.5412250915254306,2.6162800017043977,3.500595777638714,-2.009873294545537,-0.0516342011215981,0.584504512872619,-0.6380431865884222,-1.7181156294510491,2.4864940727433384,0.16479680080648526,-5.1483602141220315,0.07146471444849596,4.859868086681442,-0.5619323486931269,-3.0794379225409436,13.743674678263956,-2.32169335406772,1.9558100054859078,2.4330003771966786,-0.9365170174483535,-0.12400144944032362,-1.296656062986775,3.280476168961547,-0.6265234171888856,4.716206657252779,-1.872757034305928,2.028219112926682,-2.5039975656176634,2.6692743609907437,-1.255197923963098,-2.4210647319388388,1.8237023173025497
2014.0,3.0,-0.03937843827209091,-1.5433267749672839,-46.74050965084227,4.399849522190568,1.090775187665714,-0.00036452391889866517,4.888840213102123,-2.8790973450495394,-10.732339240033937,-1.7541060799983534,0.5346372919723207,3.2921263649972485,-1.1573417388759932,-0.10468235744845845,0.767098753846093,-3.0999939873955475,-2.4091613996441827,-3.2518909686310984,-0.49046037789100244,5.327086006028741,-1.5129712095525716,1.1035069362127163,2.1299552954168086,-1.0006122997339297,-0.5228499710743226,0.5107185498061293,-1.1939483951896726,-1.1215228875183276,3.7556590156490386,-0.42524679955346384,-5.964235304040886,0.31885524432248874,6.361360667362955,-0.7694758888802578,-5.08619471387794,10.515032436737307,-3.5679756618612024,3.75782588927792,3.249237125033034,-0.10256845511291073,-0.5408685294811848,4.985561017959423,3.338418448195854,-0.16292521051622744,5.006340531230749,-0.4438402857635236,1.4465787829521233,-0.7946269256382792,0.6971071508171037,-1.7507650215777963,-4.265840759480365,4.691303035358587
2014.0,4.0,0.5434319198210397,-0.8157276178675639,-50.647655558606886,6.663303113401556,0.7652886503381421,1.707452894673552,5.572452528357676,-4.512308674155042,-0.2940928208445034,1.5884466012167606,-0.7441802935292988,3.5705526222367223,1.207212161478601,0.5260825685887398,-1.3707221702162689,-2.1621651020104737,1.1152350217967064,-1.3303205786271555,0.7738279330492726,2.0196918953803813,-0.3286828533190159,1.1452563562674336,2.9418485135118635,1.1160287211843467,-2.2871455301855392,-0.43598700541545643,-0.5213422562995432,-0.4257026169851243,3.6906010679880996,-0.13128742557286663,0.22447731640936777,0.8584953373814221,4.443098153229792,0.5691939078611069,-6.092399087241067,2.775777053685769,-2.8328753185007423,3.5800030998363637,5.469762634708802,1.36356319695742,1.6409977548412784,5.369855066330099,1.661231414504812,-0.02244683141520151,5.007423305502643,1.2045035063326743,0.8070966216809297,1.0608696167389142,1.8605502217903123,0.30982362258739127,-5.245674606522424,9.376609241856414
2015.0,1.0,2.0043108660702478,2.5628234760160287,-48.6544647976414,5.7372756164317975,0.6356945858665587,5.481009633744653,5.663946631593215,-4.104600762506195,0.046174148757965966,5.31002943848765,1.1565434318872962,3.741137516491392,4.549404283181559,3.761901255156063,-2.587153884453704,-0.7096265207752265,2.435503825118331,-5.4650265587910996,1.4110660839376528,-1.384127423072603,1.1104592575286094,2.737996358831688,3.236526381964971,8.619370907363203,3.3355203438748213,1.3863881683308987,0.8197480736807097,1.981366301320988,-1.1850803203551026,0.055870773455067274,5.402230926525087,1.0369519203340725,5.9493184016377345,0.8117050585693019,-1.7608401095671578,3.044521448601913,-3.15620335004383,3.9080733410157844,6.442035008895459,2.80064346953417,2.3466896324584456,5.340160082388586,0.4279456783982502,2.415636426280487,4.194432935604002,0.9995058791288614,1.195615194655437,1.7218045427179818,4.0078009324431765,1.0249439150773367,-3.67443661762621,8.759244296222391
2015.0,2.0,4.985440523224569,4.264796358712358,-73.6475660122397,7.920570543404698,2.3207797080138217,10.958479948873965,7.615817721386728,1.376694528381503,7.750679470701577,7.307547826477939,1.9585881528044045,5.367749812403728,6.644605618715703,7.63387945296207,-2.267523082867799,4.6137436973215715,16.979029551621892,4.740636764595256,3.7553414974168287,0.6190933101432468,4.980272332562996,4.641833525769646,6.203372259246807,4.841681653061277,4.426074137627454,3.2913106805750236,5.602487939731375,6.951694617633562,3.4155101645727375,5.018917728193424,9.655631499680172,6.1840100640589135,3.6897542608625,4.3341562249104575,5.853445789502695,-4.786803179929384,3.983772394285717,2.880574081126823,7.964770024010029,4.939638113199302,6.621632041534577,6.426242210649743,1.5588729937303798,5.8398907854613435,2.255415717811025,5.491108433154479,2.0264885833331534,7.701183280730644,5.182282456538932,2.0917272218185383,3.320923342194683,3.701115385592967
2015.0,3.0,5.235205168550035,4.820051930529535,-67.32849989470277,6.485005459027909,2.5678733236298803,10.607255928075894,6.492060098267719,2.147080574865166,16.095760613378797,14.323732634894437,2.5814098521355158,6.960822704168697,9.747946851817591,8.603299959038747,-4.347070717126067,4.426800674474209,17.55903548536647,6.023215242012447,4.7910320400601165,-3.4593051965949666,9.442889392000955,5.745565147511654,7.052540240504329,7.075192888876207,4.650136990702179,1.8092012504390957,6.487368608272762,4.402393039568527,1.3760184980630166,6.2758152231628435,10.030510704011936,5.961369257355813,-0.6634831221890971,6.893609865532648,9.729530177854127,-16.031821556495498,5.434790036401779,-0.6064653042821082,9.804811684876883,4.874514895698387,8.037175599774606,1.5591904393037632,2.3765541001750505,6.413513056529391,-0.35102279711243367,5.692980514136518,2.1933909831346234,8.046598873893808,6.851920148037275,1.0863638030038731,4.417943868800508,3.7303018902579863
2015.0,4.0,4.462137623865607,4.119035061996103,-64.85809261227377,4.757906975428586,1.4355676914437594,8.957334831339024,3.258879128930542,3.729807656452392,11.887773516856065,9.51900470536936,1.757623669286542,7.1552218824408325,7.5368487701752445,8.929593167491229,-5.753499360839806,4.44262243563864,15.833247352836255,8.370724005863536,4.4140768819153156,-7.2663803048007995,8.942713620769526,6.5840051711525405,5.577043764362411,6.451396564377365,4.4832697764980285,1.813718449811482,6.07189741024347,4.447465521301031,1.7893488069159198,5.458786840962664,9.356165195044372,4.645172739654622,-2.8493387550859683,6.709194603003821,11.941675746544343,-25.259488825036442,5.433660606913542,-4.3783095559470695,9.375623022242022,3.4410171630295374,6.733337971399451,2.653211279956699,4.840413102453525,9.2625210666593,-2.4467233272796154,5.5637359728987885,2.9068762265763826,5.791898680818666,8.06113009899888,-1.6711674717277838,6.032125456455952,-4.872602272534446
