state,1995-12,1996-03,1996-06,1996-09,1996-12,1997-03,1997-06,1997-09,1997-12,1998-03,1998-06,1998-09,1998-12,1999-03,1999-06,1999-09,1999-12,2000-03,2000-06,2000-09,2000-12,2001-03,2001-06,2001-09,2001-12,2002-03,2002-06,2002-09,2002-12,2003-03,2003-06,2003-09,2003-12,2004-03,2004-06,2004-09,2004-12,2005-03,2005-06,2005-09,2005-12,2006-03,2006-06,2006-09,2006-12,2007-03,2007-06,2007-09,2007-12,2008-03,2008-06,2008-09,2008-12,2009-03,2009-06,2009-09,2009-12,2010-03,2010-06,2010-09,2010-12,2011-03,2011-06,2011-09,2011-12,2012-03,2012-06,2012-09,2012-12,2013-03,2013-06,2013-09,2013-12,2014-03,2014-06,2014-09,2014-12,2015-03,2015-06,2015-09,2015-12,2016-03
US Average,5.310018131988076,3.8856905225876,0.6998769082568048,0.1518251675280723,-0.4143871497800808,0.9881105502220768,3.6485418141510997,1.4548805963922102,2.026942818569768,2.3318693664404417,-0.715922873635071,0.5577645928626264,0.8286303559931681,-2.087803346567129,-0.13015941550803886,0.33799171373584197,0.3470381877792115,3.6541550882866947,2.7439255934367863,3.3122635730304806,2.1830491054089696,-2.0585196020721876,-7.4910882911376016,-14.750310467105008,-20.6360865431319,-21.97781256390826,-22.252992162752907,-15.389485193745745,-3.6617382165373455,1.7762730848422694,8.923287755321487,9.982149474574198,6.643739168891845,6.236720195084125,5.485541260827591,8.119940492220302,10.208370453384019,15.12800717495893,35.21258321340022,34.24717307303527,35.70708226251585,30.297479635015033,9.464583126070451,8.285449420886067,5.284693689006174,6.544451767413285,7.307415979076866,2.706740478789732,-3.660128169265489,-6.91545766701493,-10.278043414607328,-12.779426417162506,-13.817250604538744,-17.073871073974253,-12.325761143418987,-12.607746211015034,-7.909586546755305,-3.5780802766390667,-13.100868165112095,-8.917672285564885,-5.676752044288077,-4.27722233595264,9.681510079553314,9.052506043378328,2.874006268344229,1.3517164882739658,-5.224378771967026,-3.475994095024405,-0.828426668719589,1.2795541053789228,6.609962448966488,5.1869204729153795,5.272664585888166,5.11029354857282,0.45472005591555437,1.6435486970763267,2.93633590562731,2.2075971385989956,6.105385065632127,5.099339115053262,1.5337385407987858,-0.7216596421174185
Alabama,5.854962304285117,-10.906589641269912,-1.7783838146125517,-10.592461591029286,-9.918967892502067,-2.8444077331722424,-6.565503676563833,1.9662713818837243,10.682470559113169,7.395403089987418,9.677493609147424,5.817416455480427,-6.339323805958657,-1.5696490756246233,-5.423744345758428,-6.375978635941413,2.0144664897302165,-1.1895504099203975,0.922643311174907,1.1031862873791798,-19.759088554825123,-19.980521184286847,-24.56083925258824,-30.4142398779671,-11.15029489628587,10.01027201234913,23.32759162903306,15.337655271492523,14.27572233091757,-17.895997499251735,-21.320758389998154,13.29945681757142,22.567573677434122,40.57635902472524,49.32482810424734,20.445223438771283,15.71148811047339,18.57558978629907,22.380778742707683,31.67881732511932,21.29241168610051,29.050627956308126,29.35367833370407,35.555890609151696,43.38204356150683,24.535256048454706,7.807661554588055,-11.423902702883941,-14.299685496763558,-6.863800252762159,-5.360438609190694,-0.4580065410366164,-13.539576187191491,-14.313862926510042,-7.635036711308485,-5.507021138152159,10.75516923032709,1.4350677025963623,-15.118189180884803,-3.4743144303490863,-16.26855456100862,-16.83367560635253,-5.590795757585773,-39.49454065483757,-27.978700266646474,-12.305180912819779,-9.616454022446275,33.65177220281295,14.279529052234366,2.423178263793421,1.712644281443982,-9.24486309966033,-0.13556810231009472,-10.427998785522549,-9.353929413631064,4.421735174396355,26.49049951827937,46.627221641578636,37.3799486887478,31.43211298557015,-8.136018214482181,-14.230322272438107
Alaska,-47.30015043602488,-38.86575677459641,-40.04970731580132,-34.34103975073836,6.519928882328323,-11.477495526844086,-1.1943937164701208,-15.966390050759783,-15.68381356325714,-2.711065292188558,-17.843586801284662,-22.353216283057456,-7.042143740193898,-16.905594455061767,-24.75570181551167,-7.914613887987679,14.25279363161452,27.543832236406264,101.0159220897774,89.1606945991461,25.296249311076853,17.046492612492575,-11.70588459176472,-6.39010070487034,-23.506573075599732,-23.644685380202116,-33.63850494501868,-46.32419647762924,-40.948302936134226,-41.945727675783935,-25.34914960501738,0.04216942133710392,45.118016579480816,53.513655024900956,60.47764900515662,62.30308314869566,61.8426269014708,64.21056498698069,68.55450710771723,49.377052327158424,41.0420181439525,44.14111689575962,34.065505416094524,50.520480568048484,16.883174102056763,10.235750639306026,-3.3161972283273964,-17.80750857503763,44.196934888838456,42.82978865699923,54.539310103988925,58.36602335426531,-30.296949034050474,-29.814843461764585,-52.24794789882454,-72.22645620368718,-58.990472953711915,-49.12983098173185,1.0552626992643699,76.35165798183014,102.48004749125961,54.77967501216129,10.540662220564283,18.233002134119513,-5.9553805582833785,-2.999068781587185,-10.046916232155406,-12.65632823929001,-10.534132487706593,-8.24434156913702,-6.963716051761576,-27.2021501472955,-22.89613601625215,-30.66207884203284,-36.62103579564596,-22.119458524448728,-27.261930186826145,-20.77367344534767,-40.69476835828076,-65.15808407202692,-84.30687784502122,-75.55706301858176
Arizona,-1.402189519477259,0.7250463897068448,9.606201847549185,16.39165812544902,31.672888108110104,33.75692452778532,43.27505897992693,18.931919448699574,16.08767201709211,9.730843922030703,-12.53551670119435,-9.921080625346619,-17.519924923502742,-13.478325303649964,-6.575278481685978,-1.0301727446451663,2.7712433669429193,-2.1334223227368545,-0.1750831855547422,6.598229375743135,9.635798951810498,10.352796778816083,0.2558669955829521,-15.280467141852366,-29.41522027303605,-30.511208638051002,-32.32904452402504,-34.5481345392248,-24.23365051639267,-15.911434610239588,1.7697496740174123,17.700719994984944,41.438859310235074,27.491673520851617,25.67232339150456,34.33170420929723,22.810077919826394,36.85598135368779,36.61581907991099,34.34216243193865,23.16154290313655,16.20642779757204,20.741731432519995,14.948154108995979,21.948788810854868,22.570935998509658,9.037579958687784,3.0683472316405043,-8.40831882327729,-17.73525897204788,-23.310471279867855,-28.66187421119949,-28.696826094535204,-21.527741625428764,-25.432584491679737,-26.561862824747486,-40.34614640621502,-38.11443943591829,-31.00170706119331,-12.848497437477521,33.7103991800555,90.76239716004443,101.99660539818309,81.87496225039109,67.80401124510196,-20.27550205998517,-26.027092247033146,-27.39714408963344,-35.82595448040712,-10.392216324506839,0.5963772453807047,-5.556938237141671,-0.9350530680722872,-0.39972594676618783,-14.393229511391862,-7.0553576208507165,-0.06530546451829784,-2.054412101845964,19.152618275544054,14.03440774786476,4.614798867282597,4.5541533352657435
Arkansas,8.394626962679661,13.959898753262333,16.090019635595958,6.522968885798859,7.325697242864503,-4.5501799395428835,-3.9623272366565945,-1.5662798593800666,-7.565014613205665,-1.1007747674636115,-0.45316301199992565,3.261241109475547,9.129826635024186,10.766280418602486,-9.032742725810987,-5.7783832947369245,-7.882256374960986,-11.302804094098692,1.2494258484341465,-3.250256151885512,-6.7071148521828645,-10.231964729347572,-18.566759580834,-33.406653676042694,-28.080468951570747,-35.09664356409436,-15.151528600801548,14.499482275384196,20.210910196535643,43.9743622759353,7.940573657493601,-2.612757374876447,-7.234006476420094,-6.550850965767996,0.48966218078126156,7.4040752241206915,25.362409003209528,33.73880750267952,48.031926152886875,48.58191016961835,34.05598476375955,26.79886437807354,28.004674891029612,20.677705044960312,2.564421594157848,-4.025407964228432,-4.047364459534832,-3.5934187546404823,9.312025716095853,9.331918856132488,-8.582771520523663,-14.664190263639618,-15.612644721555544,-14.97706014488283,-0.6116082713322022,-0.4569247819476351,9.15571993611468,16.30784341992492,10.295732122753567,24.000416466541623,-8.363709138833546,-12.870558582732464,-4.230765802237064,-9.978769423089618,8.384308517051457,10.752041785833104,4.221621981537195,1.6403431476029375,1.0800520079777918,2.1930205444364845,-1.8360451151110901,3.396409650627398,2.521306620436383,-1.8701680999885588,-2.531091746645679,-7.0675378692213675,3.607392696694979,6.9339087957677235,18.52216933354439,21.830951703623676,3.5439008815849617,1.8383174000170082
California,17.22018535263259,10.594461344900514,-1.189926859327681,0.4314605164125223,-7.467708305179791,-7.637636556217966,-3.174338338377906,-7.306068795466461,-2.935637291895049,-3.0781989408715105,-5.423887090661507,-0.42063419982175343,0.18664460108245617,-1.7033388296371825,-3.996197022999458,-2.5204693272978544,-2.229387024765378,7.927501652923271,16.99875589828456,18.2517124680806,16.768119334289896,11.986208636063072,1.5677982947038953,-12.105575219879396,-20.541807293232644,-24.85323703508459,-18.677204729538403,-8.832106185732172,15.88414765320872,21.72288278199383,16.55251798116854,22.514267491300526,5.044968342570925,2.724127088812051,-0.32829909737173374,-1.1487527988249973,1.5716833501784668,11.123629795459573,74.40498402897687,69.1437670118401,72.90358427977571,52.31367896849615,-19.32671284643194,-20.25557422612412,-21.918669652194104,-18.914446374100255,0.5794856965121864,-0.9309262287310386,-6.7864504824334775,-8.747335921314358,-9.37010398071743,-14.644334574455439,-13.118183208493503,-8.200110111557784,19.760370762534144,25.205200221966827,29.916855476999842,24.93133101744038,-23.812287628568704,-26.00908842834817,-22.15601502767416,-23.616522043573802,1.4142541724005906,4.5971484105785905,-5.728722649668618,-8.60451050493021,-20.022870275799935,-21.402153464195685,-25.649673893018676,-21.15786541980845,-6.951501735838896,-3.4337864440268686,11.593772505904102,13.537547920072404,9.81394873729528,15.52171481296246,20.670318975434814,17.54840298433818,19.979329910487024,11.014003620627637,0.058946046759681736,4.728744535762822
Colorado,17.56191085533724,13.658591080378143,5.790023554051957,0.13266074095979352,-4.186017527973796,-5.636260078100863,2.271047565045524,13.637574090833002,26.48814903291695,30.411407810183672,19.448106258757925,8.117865712467818,4.172308567954025,1.3396676480954985,10.764706015412807,10.445699392679469,16.748116358326847,12.840752421224977,-5.004659689685538,3.630018869266727,-10.083081634531831,-9.914642657517405,3.7551825014725795,-10.384351565340568,-9.891461961355315,-11.429068935966535,-37.08713249862776,-33.981498203711794,-36.04716576966885,-33.59173260982092,-5.483542795525266,2.0299499664014684,26.099036744080763,20.502541284772562,15.895966345826315,18.913692105470982,11.568184915822952,23.40873979428675,30.091535340612563,28.64100788618825,32.07157493545453,35.40097736925353,39.52294204779868,30.95099322501153,22.323010349418045,10.294557630187413,2.042325643029431,3.7287650848679244,6.544672176726602,10.699738122707586,1.3477530309445807,-2.9479200259788985,-15.885312146720446,-27.828310142945934,-36.507034469890094,-39.92769725124971,-38.94371960988057,-9.395586443755201,10.136650497195166,20.745414613825574,40.689560142821435,4.068064541533149,4.011677647048278,2.254064243370718,6.240663058242715,9.006008914405086,24.998597412536405,41.71522638551822,32.75875438980949,44.47601519733863,30.714059456837724,14.311234808405416,16.07241164874333,13.527496166927854,8.028766834276563,11.810925117379178,3.5445630443093656,-3.4282966164393405,-7.307013688959861,-8.753985458014236,-7.525842642751145,-0.9766722925146449
Connecticut,-1.6126325473907557,18.186775800528395,17.41604002883847,17.332162571018205,-2.4379485383149735,-9.129618718608096,-22.226749965633765,-25.16966925757843,-15.981547508786232,-19.212881111754644,-1.3662005640488355,5.1585834125115575,-0.16450555307812012,0.44964890136226066,-11.685966121630557,-18.625071365992984,-21.83544313573996,-26.996097815878084,-18.32743527944272,-18.719760740043817,1.0152877015451776,11.46781251690283,-7.677764590445221,-6.96295363019747,-36.56244012288029,-53.70174556315368,-62.24649610660475,-52.73220954537242,-2.0857966507274672,56.99576218158122,127.68550291510041,96.61253516486123,31.83523209645518,-12.322327336632307,-4.540795714771789,-3.2638866487428855,14.544116864701802,65.46793342046053,65.77202643553534,61.50519657770579,25.078893378830102,25.224684063469482,6.45199424050904,10.536841260498559,9.44040637928934,-0.24989117888397175,9.048490781692072,-0.6714884969875453,-9.916324172760586,-17.4915843655748,-19.22690715968036,-13.38026933287238,-14.528708641869152,-16.191954981440702,-27.364663024866516,-34.12348033141964,-11.541166089539722,1.7376452993682896,14.63510571323399,30.315518047092038,5.603415094521188,7.7728138494576715,74.74674933555437,67.01011781879781,81.02003464234829,69.6899120426651,-32.73056593778118,-35.01472741675023,-43.129462675767414,-44.84238843550883,-10.800319658267627,-5.88677314394654,29.94776725071924,19.39208083432848,9.035446347125195,7.890299924009697,-28.23689037077176,-10.08933023006016,9.217293056539036,9.46634565045108,33.36967751084256,17.96348242442433
Delaware,-2.7379593901277355,-10.248600461147134,-14.167471691588892,-13.290525309799673,-10.527573641938066,1.793092616472838,2.08551839189176,2.8093380098232386,5.499956116409939,5.841258111633691,17.000269251054345,18.655425832142924,22.38272823014228,19.475376355472857,10.622401645085292,8.787609707271159,4.151355613709458,-3.1996226977372935,-10.80866279329177,-19.601928556203962,-22.241777197879085,-24.289983904953285,-28.334385207627317,1.1197776395699863,5.71600057281367,5.121364153356049,56.17170293651421,-4.318792166537945,-12.969736856797919,-3.5778557098372765,-73.78537454991981,-63.72471971775844,-60.5694554046863,-59.09773073068638,18.317626714866652,38.87929878235848,55.92429667841778,101.34772171959287,197.20381877825758,145.98009016005778,127.30770474240576,60.51259132898312,14.074032685870582,8.065689385353245,6.4596970323482745,13.919886740496018,4.09110802193409,5.605484434116452,-1.2641397610815448,-17.61432406432269,-6.142346649606356,-0.8723692975546928,7.519835804574747,20.487617695261267,-32.553826530497346,-55.05231299151042,-61.57440847251896,-62.07117148880544,-32.26874886880928,2.8888828138344254,47.7994260392611,80.97507593100322,98.83475186702202,84.19668008205443,32.48648537439575,16.46832374563222,-12.324961332882905,-6.40747429086659,8.545797846339646,7.698293847121933,16.90898743422648,7.627649637673127,-3.7266678021276998,-10.703805329297838,-12.116992072705328,-13.896961770872332,-2.3590973868800007,-2.826206924648812,43.293818716772435,52.64925135143959,50.882393240801186,68.39005223172852
District of Columbia,0.576970123798228,-5.941505358759143,-13.321701252298555,-18.70657399911268,-11.904362776268195,-2.8966424715259094,-8.313763229395013,-0.2873980535800599,5.497793568545163,39.570820990859836,31.59723037048307,26.806168763218995,14.535682400327685,-25.077462187949486,13.314495845601918,17.53825429516688,31.033334639180772,50.44820237401317,-0.6295777204295369,-7.930348520899459,-27.382184645840496,0.8652523483826163,27.846141012631588,24.95185284616919,31.613936065398583,-35.1734845855245,-58.37539065373195,-54.43370133238411,-47.71841703631427,-20.982227667026716,10.621043330066247,10.0304529807624,4.007284537183058,-0.4191597851630842,13.473761117385221,12.877475302867142,24.418834654600012,37.1585443505345,19.71728964230457,24.46229354921198,16.15212208779587,16.876136078745414,18.159876312031777,6.793318207944189,12.14972165272368,5.437030776943073,33.387935276037425,61.96898834946071,58.351068732559305,61.14673376407275,32.83128719572233,15.157972661488719,11.43983275247897,1.0510445626472067,-13.113492614502498,-20.917984973276806,-22.93660811974802,-17.03959151751522,-7.687191999322189,-1.9391809688804285,-3.898720963883516,-8.328585519900528,0.6853151140124782,7.575832260735058,13.078564065090678,27.70475133700788,17.75415129242195,18.52100511710353,21.44006494922409,11.979268742444129,5.425226986192982,-1.9197745299537643,-8.157237119639452,-13.471397504956773,-10.392795167327995,-8.931496762844205,-4.071976276736356,3.293326633613546,11.650987519219909,8.883989406113194,8.792857384674925,10.52629379499738
Florida,-2.034125712456818,-2.2755943089315847,3.6910325939791053,3.5297889059853946,-0.4574046414100413,16.559189831597397,20.659425341875785,22.505728249895167,22.414917293080773,10.673991063203689,0.10890143227372377,-0.9784494617746973,0.14168907190323093,-5.66532639022498,-4.299515981395636,-5.51022585162664,-8.244582253200113,-4.380680961162367,-7.348577052218104,-3.752727612252963,4.1694762450662575,9.353153492884726,30.059905467740155,28.427238288440922,14.411392284179051,10.20669047859636,-24.46473632121058,-28.004914211734324,-14.827612702173026,-16.80595936557685,-1.392007486089936,11.428032534324803,-3.7885610025852925,3.9806628274923863,14.878852855701222,7.241091098037672,7.120683881011466,5.838207655772237,16.833660247689476,24.509552022441582,38.17318966934783,42.14529293006366,33.50993469211798,23.2508310024747,18.527394613385013,9.044839638686259,-0.9226758693824697,-5.472476727611042,-10.29308666267468,-11.546375299081081,-12.737541235117778,-9.535700285776617,-13.185426970143382,-16.660757391144482,-18.01531249665497,-19.693389657714594,-18.480158161682812,-13.19753792123248,-3.3228069075862297,-1.8199346794191864,3.6957972138685533,5.47054898285892,2.0505123456241776,2.7221432392583376,-0.644929250755233,1.795895277494539,4.2065592720638705,5.00813787178318,14.238775407685033,9.650934777806203,1.8605012708750333,1.084442843483144,-8.826853285563212,-9.944867502977365,-3.026917847334915,-1.8565741666994595,5.237706004151939,10.244094522503163,8.776236855200356,7.3202385278601625,2.210767574145423,0.6086072599606018
Georgia,20.930353659923934,10.83179813779006,7.21347884040658,8.773061799730462,1.085376548429527,0.3408045505341897,-1.5934083349994264,-3.8881431760717344,2.4699015772527044,-1.5482125572630818,-0.08926231496338312,4.255029712832035,-3.9939257982090517,3.9508897107880436,5.431588992855334,-3.9580766097767195,6.940020886945021,-8.3706458119602,-12.726729136075413,-12.326900594720751,-18.71022163429231,-5.352288123378745,-6.049834283298741,-18.378241742407475,-22.018333213651196,-22.461130079175476,-19.4408632276889,-3.5245680377024335,-4.108165348546007,-6.002407221942584,-16.64640672777659,-18.042006189222644,-16.121910166018477,-10.995240859326335,-3.8934345880830654,7.738077249845145,29.0078225104078,18.131513011637633,45.48904468381874,41.179542032512245,30.56931454817345,44.69394493546291,20.422557720694467,7.523093417691823,7.199944281681581,-0.4262645509281281,11.393860544969705,22.26958456365045,15.38162388860135,11.355294246461305,-10.563715977344353,-17.128658884674927,-22.97078960343265,-27.913546952474867,-27.268768961268385,-27.172847535994237,-29.15568537409517,-17.323359584440855,-2.357103350130923,-7.920717806243392,10.527893250632589,12.475132301696581,-3.7628503866503182,0.7202441805290323,-10.959852435140562,-28.567281749857575,-14.989056710929166,0.3446500473295316,4.285037387055909,30.652874158899635,33.17260328420432,20.967849196968753,31.184534043390798,26.516867634468454,16.611957428400263,14.266994875628056,6.669745112414987,4.6719244619692555,5.191469902524305,4.455657581637981,4.589270869365101,1.0309067647410755
Hawaii,-3.0241183156487246,4.146907404353944,34.705306121105686,21.388980907354426,11.422605779145488,8.945489298958986,1.8665876885784491,12.056200508939373,9.893918904868222,-3.4276021873921287,-10.282566558628284,-4.407813997050422,-8.525431174992447,-6.147302314364166,-17.561848935594806,-29.50556580167993,-19.940614485508437,-1.0243418948140566,39.79219127911045,36.698844674291735,25.638527879824984,7.820329868402924,-21.380843250684876,-12.954535571514414,-29.39653474888182,-22.436970520747895,-16.146551724399924,-26.87802610542261,33.36939957698211,-68.71273067671565,-41.552987943851576,-61.50363882848888,-93.03401477303498,180.29428074963266,81.00144608016842,,,138.2745371697004,111.26544836933721,111.5955455362472,78.32998280424046,8.053449002784467,13.629023516866829,-46.20544834008222,-39.82457515321607,-19.460790631803548,-33.29109715689803,6.623438985595724,-9.730465081614092,-9.739566877989287,-0.6927950287132766,-4.555454976726382,3.437385758956223,-10.16549400462961,-26.18839236368742,-47.16727214893874,-55.96764949857178,-37.97156469682276,0.7489075549359441,20.728162358120013,79.77586335463842,5.184872910952025,-17.499022590313302,6.691945718424278,-53.88878128424036,15.566068082678102,16.36870912047452,12.8070544436897,187.54469078719285,24.953928686966805,51.89303515188375,57.59673837801452,40.15754839227893,62.469183733859204,13.138151338231038,-18.718029981711094,-38.48804825929395,-34.1654849757507,-49.2740266792584,-8.976839841005132,-12.314314814723588,-39.729454750507664
Idaho,30.403538558229503,39.90863396082606,25.900629010333148,21.00435736717739,-23.790902301445584,-35.12692738297362,-32.52795606527934,-31.21980933076095,-5.377495105309291,2.1178090254346116,-5.708564975915992,-12.679095507831011,-21.979832821194226,-18.37545323891653,-20.159216518584266,-10.069397658378197,12.577057777859011,9.0277053184097,26.51459179194957,17.201161144340233,32.12352659226694,35.61433828027108,10.200163587138245,31.33502991799312,-10.11562025105328,-11.5636295705283,0.31372472262509205,-24.822854395141654,-30.168311428709142,-42.99163986497339,-37.320159936379014,-30.36199609395038,-14.7444297043763,15.354440614635346,-19.99596152935433,-7.848988147818366,3.813147160801816,3.767953081349778,79.74557932913456,69.81238748927782,70.11972442899001,59.69323924643072,35.212184125911214,32.79309988788008,13.078117987470467,3.1441089483854316,-7.547975121618311,-14.36123334494608,-7.766813774600349,-3.9516396736744577,-2.6962950210267365,0.5615902110558316,-4.918566579124302,-7.115789156260886,-25.99824138995589,-32.384405936759975,-35.07484541041636,-36.99960706051651,-31.578954251343465,-17.173813883742987,-6.669082683631783,22.928869629087515,69.38040987856519,61.69182241144209,63.610517236586894,26.86575081103413,8.330947973939946,2.7902707780322693,-4.6053750623355025,-0.15524480020878192,4.088671384637984,10.495331855187487,14.096246500269908,7.733724067116338,-6.507603170600598,-10.14264287742846,-8.664985425924113,5.335452352264245,13.53431525745385,10.774535939333209,6.05071054104614,-11.382212745257162
Illinois,12.458418354532274,8.57451941679562,6.450542878385254,6.808670103529793,6.9616466515680555,7.449603710791801,8.387133061455161,7.959680346814908,7.832296719963165,7.550258157179281,6.85529954713234,5.295259770983394,3.934924900441138,1.804928886257675,-1.7847740733061563,3.328252624123753,10.728764801510133,26.06331871933536,26.516821060915092,17.852269185145463,7.667868503648578,-13.92697954252429,-16.07184004681976,-20.59414507258209,-22.888751584330308,-24.836744066288695,-38.60222971552074,-34.40781720399674,-34.527361659629484,-26.483013369397916,-8.581214938104944,-10.669112229404279,5.13833442605587,10.633712758508599,15.0205991892134,26.584316652811886,9.879082409690767,12.633808914776287,25.768715599166704,24.377915279257117,34.67040546268129,26.65854937927649,17.292095448298344,16.39178756832591,12.806163378118043,16.336470433991607,19.1426929568466,13.121053977518546,12.405347115147823,10.28903290986474,2.14222321846591,1.7224870276257582,-3.472756212642297,-9.97480194444696,-4.283073963247365,-4.563992325064155,2.45392095741132,10.34628866566281,-11.664229454464488,-8.683416229521272,3.225705266251413,-2.611773047695996,19.483619816954132,22.157757297862414,-6.06397103848318,3.0558829543680077,3.6010815538415737,2.9228628773415264,22.83300926788539,21.344753764892598,25.67949637692264,24.195199541491778,17.689850141762307,14.014541454970741,-2.0228084754124596,-6.159480496685233,-10.826784722181209,-13.031369707836987,-9.227017882174383,-9.633644055105847,-9.727411526200143,-12.627694340116797
Indiana,27.444502548533627,29.847342025120117,17.563172690018263,21.9887437034365,26.901816061423457,47.10479965358467,59.386227744831935,43.687707649028376,58.0771411974601,26.372393783577163,32.005778482085944,31.581458636442495,28.737332106491408,1.9631767546465908,-14.075541841705816,-7.029911234174542,-18.57349369681104,1.4932932954702243,-1.6240203136749103,-10.870784296553582,-6.7572431472132735,-9.480057169342038,-15.923810840585967,-16.20152834560949,-17.356829597253405,-17.59208990374077,-18.585413720339318,-23.61506500775447,-24.35232905312139,-20.592593237063806,0.42123492427303433,6.64530774014678,8.722854361522323,11.458020727626323,-13.491693676590625,-5.532452915480983,13.320676619960189,-2.3087564816183117,24.278934551730845,25.875854411466083,9.397873726465102,29.785914414456705,21.772121298035778,14.005173647984565,1.5661058596953374,0.9176056547780155,-8.116619786688398,-7.81882525115036,-1.514971887994246,-11.118314320257605,-10.87655578950163,-15.51890102269825,-9.388115225647493,-6.881014792519453,-8.943768374176116,-15.403998261819366,-25.4578240413378,-26.68584299437533,-29.4815862901793,-16.765722299320636,-7.795399698573921,4.685504817007558,17.687428593764707,20.131900918760024,28.857132187872242,17.423320285985564,30.01190473792743,22.434103246567403,9.471978059432397,5.828184222830222,-19.378126570758706,-21.73715291075362,-20.25137007081689,-7.541420772434589,8.60307677904547,8.026322222848545,6.56100147625696,0.778622546964994,6.093767959214297,11.379325649429006,19.17572552580787,21.724591143234047
Iowa,-3.1560827462148207,-8.650700511815787,-10.696918123721701,-5.546106135865642,-7.120524345779692,-7.197703205172057,5.864147386844423,16.83918052622562,4.388083466722885,9.875247059410706,-12.751472967097365,-30.5561144012627,-3.501580151314231,6.052740338396415,17.704156414769535,32.90153310783902,14.429224081389311,-10.340716522163353,-11.672340944958869,-15.929855911497098,-24.84503241500054,-16.88802227135282,-24.6557694580746,-15.751627650024243,-2.023349430315964,-30.40517530347943,-48.043034811060785,-57.7000531525,-55.26506732659762,-4.16215759411473,56.89125445637539,51.25479872955404,-11.723612156923576,-35.91182937346869,-38.236064102800185,-5.544972905397377,105.4929261912571,84.81343469005418,94.65644144065043,58.88612031965136,11.862423122574587,13.404219336755704,27.778276731772163,29.18327480282229,37.14947352637636,55.461718098366255,19.148734878558596,12.352636651068863,10.286640403314442,3.6644402899455546,11.712685648661903,16.57544389962328,-6.408520596981697,-13.374735216392777,-28.800222584425384,-44.09200560046533,-26.825841659127025,-26.993957625766342,-23.511381400070903,11.212794443268564,0.8857045213380645,-2.2041106970679802,30.28511432280881,12.071396914938713,37.84276414615863,62.14057471628968,50.528837069639756,51.25771172526501,36.09133928203014,14.525982333400144,-1.731494859517567,0.250885126353915,-19.35764441281442,-6.817934568011771,-2.9663468182569757,-1.2987682270998824,19.93349609426998,9.568739314394675,21.55024464136416,12.966975879675372,-7.582736869346235,-5.552607580692513
Kansas,4.141006694050193,10.81056093222726,-4.822490914255749,-2.002082792347376,-3.5951422134571276,-2.201866269837477,11.057366972772181,10.270196345332005,22.29584835983573,20.238979996947982,3.065045621894259,-7.685819595467243,-30.675803585487436,-27.21883292510569,-18.288297110502707,-7.635426594299828,15.334051366987234,-0.2576191460086928,4.431895347191244,-3.5113294290879145,-12.039132833443293,-0.559963814732102,-16.399894117986797,-18.77539352391844,-34.068791632517026,-42.543552636288176,-49.349698518565276,-56.481597727676444,-33.72976424695845,-15.123828719690236,0.4459761942010106,34.78815648500582,45.45144941545905,24.630659967396124,30.10405339089038,28.01507969156491,3.481983712022686,13.227117120821877,44.78361858583445,46.724918712342536,62.10456475295224,57.350810751339786,47.89168370842128,48.98194804023528,42.856186741646674,36.54768787908746,35.006749017241084,26.46646772102136,17.0867738209825,25.74999812517654,-3.4212825500099244,-13.030858812327539,-12.79654279049201,-23.99852024571343,-30.50180856071621,-27.917154156271025,-29.55541644135885,-23.56880097638448,-6.047304484817521,-2.45966935599556,-8.68331853867543,-16.134146395625365,-25.674176073979726,-26.41956039673935,-25.654990366659764,-15.393803534343483,12.996851371852806,33.392655590035886,61.65413904893951,47.81238097556223,39.35962060255405,13.350705480814378,-0.6707276115892651,11.715787107439764,-5.666791166359466,9.687104688887608,10.411442359946735,1.188381262875733,7.8198897523463,-5.647947940840317,-3.362678125159261,-7.0650405244104935
Kentucky,-3.2953407845697065,-9.203221647867023,-18.364048637977525,-18.800167658051524,-16.69936568115289,-13.048610232521938,-0.36482851677084344,7.93718380228546,19.032216251818763,20.046085765452588,12.066411725551786,1.656963398260167,-0.6591152821893442,3.349438802043662,5.5515841178026974,10.434119522149826,3.486018902376768,-8.643616107343883,-16.87015197314072,-6.754583575329414,-7.241494113017845,-0.11809058556096338,14.075702450213559,0.5082840678660242,2.7130215497705694,-13.954760001785383,-18.13283996233021,-23.51568094523593,-19.383133159932065,1.37408502027542,-12.542567612158795,-6.878548752769998,-15.697026410455086,-8.835559423358843,9.904663296380477,23.909030351133634,39.746983577240826,23.990958976178526,51.351260588059674,58.89380505414675,79.00983269729369,95.41757950723574,103.82286400822491,89.68231611045591,61.08103344562854,45.46637135098883,-3.5316250578087667,-19.718404395437894,-31.894683365459937,-38.34041032344657,-47.82783977151827,-52.22015221391976,-46.78838324044298,-41.19865171561932,-28.217030984920783,-15.418068333014348,-17.24148410748621,-17.958505525534704,-2.019834790944514,9.851554842761983,21.14807341884767,26.00102700358995,31.266493772435176,26.151462119595152,25.587182315798394,21.530721204071853,8.515689802636345,7.00275949973896,4.649165934663754,10.09222450487941,10.550993870677603,13.490391351247357,8.869772168696823,2.4810548450082193,2.484530034089236,-9.566400009061429,-5.644953204285379,-0.07283244354868638,10.65898670498508,20.943831304351974,19.714688493079848,8.577897583691358
Louisiana,21.271240820588964,21.85349528565575,8.447076517781586,9.763919392139995,16.404990261069365,10.702341877977165,18.096491554685233,7.691469773984649,3.080866651179002,8.409360297961154,-7.812286109051235,-11.534453858075631,-10.837731472059602,-13.712985674616077,-22.845360879504867,-19.396772393307952,-29.47899566679133,-34.909124321104805,-24.822508092001645,-17.788153552983875,15.236990322966209,25.672040127073814,24.054313054642247,8.384711556113535,11.335903511535376,10.721210338218729,-7.223636756445151,-5.52722587584308,-48.36954425818825,-47.699398435375706,-27.584529938694708,-19.620891286696786,25.634631530349488,18.233011556506113,14.75081020757061,30.305754033579014,34.191546194392444,35.76608131453713,55.74268500300866,36.404342087728125,36.41115551865855,63.6781530405801,35.240662681459234,55.98604161947485,43.974929682407215,28.621889116683008,33.75972555012636,9.465417102804416,10.736268664729337,3.2796685712387634,2.7759682926637277,-3.7522236993139058,-5.549761635317158,0.39090772066837365,-24.334259320347925,-17.728919745123427,-3.8178846988120747,-17.02774428876222,-26.32438156569639,-35.60683491953161,-79.97394451019007,-84.26706138692904,-41.500942247674935,-38.81623239486583,38.33336823676382,101.4455843059761,-16.238331019299928,14.864036691450996,43.02982132911991,57.82209732502258,25.560771500654027,-14.139902620546312,44.40674036204923,64.0509860973069,60.225903245310406,102.34619352964633,8.45846691102013,-40.473742691886414,-20.751243296958148,-54.374884794960884,-95.66926507203691,-62.36580953308688
Maine,-26.169877464041864,-14.974892073251969,0.2920660077065141,39.564645224628975,18.041117012432778,3.2379189373116617,34.79071315787445,17.746043633553708,12.767457250315376,21.431588499419913,7.330357245697554,-12.913685831818814,0.4949447564273064,-5.387376817734448,30.279899931128252,61.87825754169699,69.13663612590261,74.84571111043383,3.0492659574360115,-12.931529231632174,-35.0132720307197,-42.72881523154795,-37.137546352789805,-33.8970793108457,-25.501640720549563,-25.481965272910184,-22.00174254786109,-14.288383119442555,-11.591388696833832,3.0355550548435315,16.9498443822616,11.055393977353942,21.141865140902365,19.888880960289008,18.93712936721443,31.534042533304586,23.847564880382468,19.55782398633195,17.96350827593778,12.377906991814209,27.265223374304494,33.50144619911964,33.92606450211721,32.807665633333635,-0.12822267880329735,-5.172519947422109,-18.542444818103913,-25.141920603638397,-7.206933710068661,-6.971897143638231,12.760116628053952,13.497183266535897,3.8375786953686646,-4.873260036124909,-23.074481353117037,-19.09806184051388,-14.394521158998172,5.026011592886903,20.46084192511048,21.50192460373542,30.615482561653813,14.553697778306827,16.994628585281717,18.63766459354676,6.6287673714544635,7.976438018679417,7.905297506075231,-3.1946409497002572,-13.124668462159885,-20.754922334275182,-27.113554587085225,-20.35857268453777,-8.604261131298397,-0.28743367144497517,4.692045488851924,5.6419680804347765,-0.6000508881730731,-5.277599948266164,-8.279506732605093,-21.46204126624534,-26.422106990090295,-19.159357702124908
Maryland,30.66122730105108,23.16853726030302,-16.1551003226828,-30.043399089863332,-32.21890572198014,-34.70589595919583,0.7308158923822609,26.98307127281029,7.529760898537184,7.855870599213673,8.232573819216189,-5.0563922294146515,22.853750580316394,29.11291760949298,5.023957779995107,3.5263392776426787,-15.555049632079635,-12.341152998815016,3.080092568615532,9.8671286164268,61.9685577791342,59.59974341442077,13.292766849513102,8.224099875986028,-47.81314919013197,-53.775319578684886,-30.16899853873912,-22.756276843845733,23.69746931171273,24.727956289391383,3.38668756519752,-8.308610828388105,-13.487284688446168,10.230986287042713,15.433949838203256,51.54030888564455,111.6032927871617,85.2169236664346,90.07220188716464,48.17338047864644,-1.2277212412215088,3.4013476600150105,-6.485066021344624,-5.188260042148552,-1.743025862108661,-13.717665531409923,-10.25583275899848,-14.980056752318932,-17.81553904369235,-9.109863779745481,-9.520123805772096,3.9661448939669213,22.519048971760114,8.702756328925854,0.8810676843608537,-17.075323476596026,1.1174806700912587,8.580207128525002,17.9822212244889,35.71663170358165,-17.974296167657645,-15.985721275657802,-15.032761042809048,-18.2871548874676,8.480963352192338,10.387196072389743,10.650251044919516,23.804658435238842,16.271062875615634,9.78870863454527,6.38977318304282,-7.427121201233727,-6.689683482132079,-4.007631385798389,1.3854426364163472,3.8828113133925797,8.937252054918519,9.860073810449137,1.639941137763205,8.805700221028474,6.968141204731819,12.919772868362559
Massachusetts,15.301976514656399,15.089749543841128,9.964410346312533,-3.8584921279635074,1.273783962408599,-2.833399504138722,-3.8190576887919194,-1.1288856317043958,-3.044748164783869,12.309077690731597,9.737975887959763,16.073681380678746,12.599113341287529,-5.760850581395065,-4.020684064247044,-12.136396236117472,-8.895785499689284,-1.9129634608686208,-4.058362632458853,-2.7630719093739637,-4.696002813091432,-7.7335490770456765,-10.370970221679334,-11.245422239451083,-26.195555536942766,-31.084343797070456,-34.18360181725041,-26.83756765197479,1.2582281207184287,27.16159530990782,42.83060482080293,34.22460900918198,17.016666379786002,-1.6363026706289747,7.463866704488888,4.637169533692098,3.6420642558338026,11.828622855076295,-0.5021609297066014,0.2338724171136539,25.165170780966445,26.167754764908345,34.424931218920015,44.51989661695725,10.345059907043387,13.025986959649622,10.445264006935059,4.638012579727672,6.592168406590032,4.3348438621768635,-0.25423353896514483,-1.9091428824329861,0.7444446686060836,-15.81946833324242,-18.798141627894033,-22.428358425581006,-16.406783575041985,-6.977234263389964,1.2972744310253377,9.868505908433638,3.1022840406081067,5.229920711694154,3.220008473881265,2.4269561425229855,-4.02674559292554,-5.56295278416276,0.5732962662095318,-4.377454181231293,2.9452397524418696,7.614147257247504,-7.1262977300333015,-1.0983267392216507,-1.7594310203916361,5.410110033680408,14.472499020702486,8.973453222130903,7.569841258470326,-7.3683674727263035,0.8733234206472669,3.585581785391298,6.260623066311759,15.62061914348256
Michigan,-2.744159465054495,0.20813354687689448,-5.263547912901805,-4.440744825940915,6.138181596151767,2.9607023592189683,19.28477945541451,17.93169730064383,1.00654859773065,2.260518442790089,-4.689848215525433,-2.814164364415107,3.9060381151151056,2.829651699471589,1.9252109859570192,-0.08417568773045195,-4.691658909578816,-2.374087706620941,-5.697708214595816,-4.683282370153364,-2.5226295484247583,-7.7372238590709745,-8.028164075352612,-14.230358369831952,-13.017331030548721,-14.061456765072231,-11.715271166873126,-2.4539806811928635,-1.9377901632034746,-0.3964202910410357,-4.13006109703476,-12.667403881587056,-14.56184573750457,-13.225212664039587,-12.938376618641142,-2.488039310457879,-4.1668166164592435,-2.1128559806216463,-9.434625882858176,0.03952914621368902,4.394851233167686,-14.704907103035636,15.166352907259032,-4.762802843807301,-10.09589912573363,12.392307454690878,-9.112197265465957,-7.448572607569718,-6.031172302344929,-6.789380293173504,-12.739243740719127,-37.708474514988886,-48.361891416236794,-53.34202280557355,-57.7627341284372,-39.222373384930684,-25.50094595236211,-15.529129118848614,-2.004265135378668,-11.430249366750342,-16.937809269315483,-7.680233749738664,1.5023487520627326,11.938326726364526,36.605839134314635,13.924096665125079,12.784385929381923,8.1354690943292,2.120096203333277,11.097469073005938,5.9586048020536175,9.756566154948324,-3.8988082317349204,-2.3915117447315204,-5.412634626224146,-3.1784850211357503,5.370959453308545,-2.735511949336519,16.414354190087067,33.78884537815541,27.07776640019383,32.81267889676703
Minnesota,1.6547968961748065,1.7644090034663058,2.6803828082609438,5.892800754801356,3.0173782786892778,-1.4159104875611563,-3.1884921207102512,-2.882550677184281,4.492088593568906,9.29561230060182,1.8338389044273324,3.3925968970745504,2.959105589872821,-7.218954763035421,5.597227854061937,4.396551596533285,-3.171403428025496,9.569570272781231,0.18306078451694685,4.932308981798269,2.4847758491160703,-8.21835255462164,-11.739436466633592,-24.803675967202363,-28.21372070958071,-26.675957835797682,-28.50076016381079,-17.44053392347808,-12.4927390485952,-5.44397720297499,8.763471252526344,3.300838690032616,16.9101763632292,10.37571979413422,5.195042158549179,16.882042486165012,16.36453171624379,31.542743257496035,42.287277467250185,39.74152865124251,29.610760451885803,21.160321447512985,10.564297492032457,4.567791951506799,11.656901262541828,8.480171171654362,7.764433052451319,3.0290029401526013,-9.94893190517671,-19.524764892446097,-15.24377599531958,-16.292334602416652,-24.467032207188126,-19.019103808897324,-26.340637096733367,-27.509279397642118,-15.796290864039708,-13.317893546368753,-8.260468749282682,7.4502229667491235,23.829269405468313,33.02483764186565,36.45265127492153,20.123988950002598,5.601558233923564,-1.9890458822149248,3.158453239041704,8.449327252251692,13.599654416348535,16.363291813157645,12.873267640709626,11.750331419994934,12.010352463535577,13.971708225134305,6.708133330309325,8.258994672011688,5.922729874315812,4.37012253438306,10.730947124667635,11.053472710756171,5.222979277346612,2.2977838624032
Mississippi,20.58386900933213,39.40807109465765,23.516101492627463,27.473141433502406,26.173852104331107,7.187974645823292,17.847416822133965,5.124003459537399,2.0859156575415727,10.707332150130599,-23.754030897480376,-20.134794206135055,-20.465607520901045,-31.683518915004367,11.851674668420642,-2.563292748493841,-1.6151707933261181,19.334349879634296,-9.626923730559914,20.817018030395786,22.51655093720092,12.052237722804323,14.190849344743416,-5.9321968659761195,-26.927235530142866,-47.1816327804915,-28.02406380380512,-16.329392710578844,9.735407839869966,55.34378502629424,7.145230906757696,-11.220248355747051,3.3073397588321494,-14.455338194735804,-2.4470026028153065,12.104501290951438,-4.842730959934209,12.124671859847586,13.02347437242257,-1.159093219145039,-12.458588479980174,1.7163488421016984,7.272082099616277,22.450293090374103,40.854976962410774,20.26985089555132,13.557584147450166,10.717428960522135,4.2556580257687795,4.317748397541054,0.3193657667350661,-6.658048329460888,-5.065510279774403,-11.796498103041575,-16.253407493393322,-16.04362620684909,-16.857799292324838,-9.506950599645986,-3.9059297665593524,1.995317480818888,1.7620637195239806,4.113879874491648,7.51379315407949,5.280934617942119,8.430515705213434,13.203908742239864,10.69224289639244,10.243932000485445,8.85764613359035,-8.419281085766935,3.5340834530183463,13.753782857288083,24.225409969198385,43.17561485398765,24.873662387691844,13.862953570283484,-0.7634944951488687,-3.259623105837237,0.9429271886294743,0.34384123727038657,4.718630867606803,-4.907399261124358
Missouri,21.658916514032324,27.067850789011615,15.608842996807502,9.537886775966491,2.035256594415297,-3.759195276669018,-6.075438702536481,-8.832235887275926,-4.774747981623658,-6.777273782488838,-14.640303975412206,-22.555010991941984,-24.287212699784266,-21.42800729574891,-7.394005076080071,-3.104332668904071,-8.940188008332353,-13.878534691748968,-23.420840631944174,-9.72091889929325,-11.197370752175175,-3.9900699433045195,-8.588855908296386,-23.37813724800496,-5.260231470934363,5.666587128875788,17.93385207717496,26.9625688497886,3.435950893275409,-16.720255837024073,-33.25854565418834,-27.605355733178854,-37.5032701403173,-31.265773340042095,6.8894768457174305,-4.957588078463565,28.613103613570377,24.930190958186927,-5.8319065330909154,12.624842174768746,0.014334690058842624,8.378597837531569,51.656648247475914,45.53993227147611,53.47156487623034,43.432979342413226,10.502794578930136,-4.155995106505523,-1.9098545635043946,0.7270495294219805,-5.052106703132558,-1.56222393032736,-15.205002988902855,-18.79042479321804,-28.17767572922828,-30.01087185400938,-20.033786383004994,-40.743951002847616,-26.37990220576431,-19.167051573801377,-28.936750743771412,39.65205989002793,52.01645139508461,34.264288876531566,59.77855176850243,-0.39692210873870554,-9.172238171550106,2.8869131714798586,5.221859994306825,30.926451124879613,23.52383126745367,22.92181871945601,11.447892968783844,-0.8693003266943257,-6.842035417978442,-9.474945926036034,1.7865499129402833,3.0149710579116573,18.567640603987137,21.754332675639247,0.5809205992272451,-1.9802362663953479
Montana,-18.938447086276707,-9.836289620664457,6.899194261352404,10.138478967734029,36.0269860686682,23.053024047930396,3.8673019072034935,7.899839353632725,-4.588634022841529,1.5343697432618617,10.369220628326993,6.566557454033736,9.28440562778781,6.657640202235744,-1.81983988892068,-1.9783928141029816,-2.148455027787823,-2.3126921658028827,-1.8396715830028454,-4.182655165574451,-3.2613914839469738,6.132511301645657,9.25001431551942,10.904293373363227,1.460832382841605,-9.373029411821232,-35.58639463743484,-38.71971698995144,-34.58070495189883,-42.91049829547142,-38.03962185783668,-35.8877751316254,-27.184141893280295,-0.4432338058594338,54.28474576710528,74.34240923306902,59.631309965252555,34.40125518420999,39.7428905523499,36.67675282950838,60.48394031917235,60.39076554922113,51.327136641437676,54.68513253627607,35.31649597850277,42.36639487727788,13.563318593170065,1.8639278400799073,-10.836326544005207,-17.575531951648973,-12.939417672561197,-9.975123477041684,6.678893725924414,11.878809953127801,0.748014671858562,-17.247783725383304,-41.88039938205173,-42.58408172134213,-44.165712219922845,-26.154661591741103,-2.590243641967302,3.045966127429266,30.145808899937755,26.16063455643225,40.46243235007561,22.559247276029307,3.9434790135930236,-0.4974913707230421,-6.540892446767646,16.587468315820765,27.489078993085858,17.41252594741211,2.154089970632829,-14.574150682306161,-13.851858738191586,-6.697575518363689,16.092804843877193,24.84835618779937,11.430010988301701,8.94917106724551,-14.294782012204884,-18.560837581423925
Nebraska,4.101499143355378,4.839505106840843,-1.1200085008697365,5.0364130476677635,9.105280654084966,5.709218078312036,5.877299997834494,-0.30242579396457436,-0.2010084653258483,5.194163349432053,6.848961482351136,4.2064892474005,1.319768228949493,-5.602944598192759,-10.97149921173179,-7.3536016752654465,-11.587843448374416,-5.999921153292362,-0.03559354798407748,-0.3899358060704456,10.846033214845043,5.334589951062699,-3.8647777884333974,-11.891540279605836,-21.09365653209461,-26.935492507825064,-23.86070248259721,-21.509408607309663,-24.255297494929607,-4.676834273303629,0.4478790031571404,14.797687589364728,48.077293364088156,31.98656300722067,49.427160985524985,45.011285119841574,30.51591689954336,33.60406559642584,14.569000118870942,17.529540805369674,23.724014705420476,20.459168448443172,28.03164455711106,19.355975760770487,-8.307978535882114,-9.989755367230645,-21.128381846250978,-23.338369860095685,-4.357124074462682,-2.2509497656147466,5.5907016673328105,4.1388625830078105,-2.077068333620284,-12.578901744885899,-16.227135925008405,-21.572383171191277,-31.963322683881255,-20.202142505149062,-22.421834772235655,-22.676717786291718,-10.52694010560392,-17.726191898626276,-8.619332845091058,20.050519549927042,31.915758179705804,44.95469041672536,57.230551023054296,32.34826448057753,32.64372902974768,23.818728537188626,16.080555619185763,22.86072731696704,8.399449434648213,12.919289230246559,9.122946932145153,9.428660604480052,18.673215004322476,13.562682190711847,11.72577958106187,3.7856829628296023,-4.44138512523715,-5.582380617589282
New Hampshire,12.360423826149972,13.678207095056111,4.902019423255802,4.019695608473365,5.704143122973691,13.799371422226772,-9.04317637322512,-4.623962790789419,-1.813344764487863,-5.893401773144681,38.53207052838012,27.953023728164876,26.947980551859484,24.63499664845165,5.7064376225247635,6.531478530942482,6.049956876879268,10.74648806476819,19.80851984184514,28.079899740378515,36.68792293871869,20.929196877821024,9.1617739465133,4.439580453746764,-6.283004789245182,3.7772478405532883,4.698944745102005,3.171027811918855,7.08422255261465,-1.630157272226537,2.462765519758734,2.8527113546856078,0.5357569018921,3.556367330173063,0.707787145799181,2.029615828705855,4.917749456760956,10.80422006802998,8.315832789133317,17.66500120805769,21.488316229585784,16.276588789547546,20.777141013798047,6.243777610645189,-0.2594968127160875,4.216313521538292,3.552203407992388,4.1866125432838475,9.197261640217388,1.5535534669001385,-2.205671152757626,-2.1777585201930902,-13.467238589146739,-15.133306490336285,-20.552057556004705,-18.75366240978165,-12.485805059960926,-9.924385141131657,-0.06932733699626571,6.684678186524608,10.236274036222424,11.334496216979062,1.7980636840876758,-9.179361261610866,-12.323565299618163,-9.687304386580859,-2.3143665739571264,2.1918689777555804,4.954907074040869,3.639406554169109,4.605405008716874,7.2911105654832955,3.5858010606644286,2.6653666770272975,-3.5135115281727023,-7.348970862603772,-5.6939899278378165,-3.7723002654515683,5.358543940235697,7.7469544599142,14.867807807589944,18.288423696677487
New Jersey,1.7281871522512573,-2.7442995490127933,9.009059565371414,9.788816251518531,5.424306423834784,17.95184743918057,5.434869549685566,1.4561282959534514,-0.2936301857879453,-5.7088059954783406,-7.322833235631313,-7.130056704635203,0.4937176754174287,3.7721216460490417,11.217704343291297,14.870754378044893,5.285126310974361,-3.476487235088399,-1.8969162796182788,-1.5292046269724888,-5.727046836630015,3.202417517952368,-6.716168929534426,-14.785571397188127,-13.23586794142673,-15.35191457019157,-16.751545463520618,-2.089432259905671,25.58117691806439,32.96143660032831,112.95188654686332,99.22600993737336,64.84929339997448,55.57774479714639,-8.246132803447628,-11.592009986154775,-16.466249355663432,-17.567733564714153,-3.9976885511575952,0.4841262241471604,11.931511082780581,16.320257140389003,23.123502076554846,20.210922689103782,8.535642642567105,7.286624692883182,-1.083197684023031,-1.0122720994676306,6.748194679720545,4.047973506807473,-5.788935054759102,-6.860359551297471,-16.809967460300808,-24.71312670168787,-11.256424487335991,-14.358939195030787,-13.615109274932069,3.5799253302831207,-19.855157114476114,-17.979098203981206,-9.089834277882765,-17.899652515920835,5.791963346065189,7.298901552018358,-0.03494047883489905,7.004435027855899,-15.148507094114896,-13.051668250546216,-12.419387825930277,-19.09432896665939,16.325332735755318,12.41170774495028,16.644827699238785,29.422032173995223,-10.714745794899114,-5.584468733976855,-2.5870595860767667,-7.8987775709756445,23.802525108915752,15.235565352234367,5.479255709182391,0.8963061644328937
New Mexico,29.17841608433498,45.308107918263296,63.593894383549056,13.775238529996095,5.674495347976194,-6.176948200584966,-16.591060459208986,-2.5543745565625646,0.41362458445899025,9.214066443894108,26.27403340893744,26.55762485365325,23.151637837685694,13.640435035214024,-1.7706381684944084,-4.600747805489705,-3.6804070111939957,-3.5939014510220892,-10.440200117978208,-2.587127011548203,-0.5840693248256223,5.803411477875477,10.821464668788856,-11.186056698671281,-18.214813284999643,-33.78463871744095,-35.344060350156894,-5.328446569375782,-4.194000181377365,-18.750338581966584,-9.098310938139257,-33.247645021460414,-26.00524760376024,7.793116498844886,17.61417191746809,12.43681784085013,36.70299105118099,64.63684479691098,46.43794694401075,92.67152982174525,62.82594784509064,42.00091997971185,59.40823188569233,64.20918348749963,54.57013730931036,43.24821599936364,28.700352724652696,2.7818400886756294,-1.7571514017560907,-8.351888071248515,-25.646043428913075,-16.9981506774805,-19.662208268111243,-29.7693256899686,-30.112111559478006,-61.443724771112805,-76.12757234042114,-81.46337279644851,-76.79026643052485,-12.400134559685691,118.58801790758335,256.6522883808526,293.83476270641444,75.63606279942687,1.9644519233540672,12.82056930957447,13.683617749673473,17.182785338196094,32.60288435271178,16.922647582175742,-5.478478978728315,-5.795793972846884,4.771271677098587,-10.423899893174033,-23.55942456978323,-16.300566989255543,-23.95929559008729,-5.561835673092984,19.818184382588075,11.553996880007517,12.546101452816638,-1.6526848424595106
New York,-9.570938665089253,-5.610867653524476,5.224334033025395,1.3356474480246694,1.3806478052029274,8.194871806437218,2.0056898793769387,-1.6712916891698764,0.6867279621216267,0.7678141276663374,-0.21156800892855646,3.7404982095208643,-1.1881047021894147,-9.130914168383397,-7.173503933525617,-9.76895392675175,-8.417499550879578,-6.47624954703266,-2.920957934895985,5.457426058374668,13.978111766259643,11.690829485473722,6.469184405681918,-11.90337239526358,-28.490737332456277,-30.99408364462965,-37.4415201231854,-26.30847411931284,-18.63862532779078,-9.373241793032694,-2.7948995078778855,-4.8853943275662495,-1.7612178429553076,-4.05097916710158,12.523441058994026,16.836720144515162,24.085358811202184,32.23713805896573,38.64234828749705,37.72580025624443,39.01804580312124,39.534823618936684,19.48749106699389,19.484146580004317,32.94652045175855,30.955658594621394,27.149544142033317,25.44727657036151,-5.1791655025395515,-10.04988509387698,-13.91771077809541,-17.335173249503253,-5.583666114816661,-14.276993496452464,-4.478538680818117,-7.609004065654689,-18.271752917305736,-12.375000816708281,-19.62896563692914,-17.99525182079623,-1.7045788636813826,1.3725864822278029,15.882362818334542,16.130507621089958,6.868143184442675,10.029771085835565,-2.574710436505613,4.368440843014307,5.610453406451531,5.946604715613749,13.409682580000451,7.4386889782197585,-0.2844501417809183,-2.588479221069182,1.3928757042986704,-0.656648872061163,2.581841044877845,3.518785709077484,-13.670212134440932,-2.422400007225433,5.941696702892471,-13.819280157432507
North Carolina,8.87204120940123,12.447966989650476,1.0419524867307188,-3.5697516058121126,0.052771685343178665,-7.109478777002833,1.7183967711140027,2.427375415452387,4.904860438741938,8.716227465075137,-2.9074368644021287,2.8668299809162994,0.7541371098824022,3.816642448387078,14.358566974845516,7.72469732743038,10.069048362903338,15.348190564064659,3.2009058458804147,-6.056104861600127,-20.946604977305856,-37.53165372587675,-41.689161111050325,-42.29350916271545,-25.606950086527476,-10.52067180137823,-8.9664751498633,13.387102697096353,6.736483843874259,3.4326861059495895,31.474727182455766,10.615996699429425,0.5718203802946656,5.004764629953214,-9.01167423954967,6.234255437669811,16.527992571030122,22.360336766128118,47.40102541717819,31.83337378627345,35.552081312763605,23.018090190555277,-0.8639451799418816,3.061698610118869,0.25605499565555634,7.955784262831441,16.703097287045132,13.79226516055892,-5.253000743785408,-22.287983342040704,-25.81760642262231,-32.12444890529479,-31.152839425854463,-23.07615908005844,-26.146566401911564,-18.9713968708304,30.191099631894158,35.227033039924294,42.23687352739917,42.93450075826236,-16.307180349200358,-21.182614397731907,-17.540091236234485,-16.063306034683347,-1.358188202261081,8.146504160409027,8.704393092893968,6.835021356068957,7.127684449945793,4.310912135415472,3.640553942899432,7.574361012531044,11.734610465870245,10.205001815694889,4.143168000147515,-5.879741709156668,-6.11812709636573,-7.320888812806581,-2.8295495772567754,2.7830549663844093,-2.3865292327819625,-13.056298110975925
North Dakota,20.356159011443843,0.21425223377462083,4.345688243378511,13.245425501681243,1.1219489865006542,7.057002405089972,-1.3087518548617512,-5.063295431255514,-6.128940313968526,-4.5891331981764765,-0.43669042250108747,4.816901169203526,28.00453861293993,24.988868911552164,21.638591481775393,5.546311693151507,-17.546662340408208,-14.892699489523675,-19.43888630574639,-15.345411506300167,-27.205830770809364,-30.36616391867711,-22.14748657311776,-23.827893608945878,-7.926406267179558,-0.880876865327863,-21.85052624422632,-9.591965095295413,-4.74248896217641,-8.445349978935539,9.608757445448152,-11.170519214833897,-4.106041045938288,-5.497893572498142,-10.963110597433742,1.698486093873901,15.386788078088543,11.492038699531767,44.63621095426378,49.196647056241666,40.28949290378344,57.47624913977483,52.0378581638052,62.60066374102009,35.35380828375115,28.836750666345424,11.36908157011607,-3.8127975589821914,13.6745982702301,12.093711371483623,13.270902227477569,24.02468716444758,1.94104456467814,-3.6570745656761714,-20.151103803116428,-36.32274235259753,-43.70112618395304,-41.49776507896,-32.21657370592912,-9.948288414286703,42.85291233536718,43.2191634897659,75.90420626104194,55.96739865793477,16.847445058766468,22.671330134782615,31.14549167819006,39.5630170849865,40.233246626831395,37.32985461311466,2.6050822687367723,0.6005736086872212,9.044178010014464,7.115971125812827,9.799598096323267,8.44807868003302,-13.153834722850293,-16.792821675698377,-25.993386644547616,-41.220308003265636,-42.501181712014905,-39.091568700027146
Ohio,0.4615599239061647,4.460540090934413,19.058326204580965,17.535354328356675,13.545460167520568,10.747333763191467,-15.230901672593362,-13.512815201030524,-16.373383001693657,-10.766484064835712,2.3665739366475558,2.4679050404040193,-3.311068258100696,22.23387886253529,84.92533049353285,82.98786508198747,109.4861497633814,46.841954941238896,-17.836544011241045,-18.614910176218263,-21.61640140494678,-41.78600607646935,-47.62610181544685,-47.0418508662574,-53.40641878888044,-23.11316684722403,13.235518690406792,27.12882235102959,72.33131467300962,36.95409950391261,2.3637896614993608,10.84570337408161,8.790370679555128,10.792841306460428,30.783576688673953,13.696096136855134,1.5445655709674595,13.632373039558821,21.62308175620958,9.43849597483882,-1.321215645803141,-11.06432677573394,-19.91607082109133,-12.618986618381022,-4.2204214211474165,4.953803947419971,15.139382810199905,-13.659999457770699,-38.26197459697635,-23.33026132292988,-29.211203790888185,-9.5314544214503,8.31429924574902,-34.95904811762981,-46.02558261841546,-49.20338043785777,-45.242309766068985,-68.5088773865401,-73.12705756915177,-70.43349274747922,-58.34725395088506,6.580414100852362,62.52868252096609,54.77479019344903,21.495936651608552,-19.8364266952953,-51.908869321347986,-29.6409659791742,-35.65145461732221,18.877395459697805,120.51862882209916,27.315934883197368,15.6475123693567,,,,,,,,,
Oklahoma,7.680202254727489,2.0133446426997237,-0.23480200907623552,-6.002381445999908,-9.707706459447628,-4.5371677292260095,6.285737576326634,8.235391230364648,13.603578752661068,25.509965780846837,16.598023868117853,14.990177390585217,10.40021360034054,0.21879458181377234,-4.3834734244467635,-6.729298083896607,-6.867844012505653,-12.082906269618446,-8.757698192326673,-4.576847179046992,-14.141261971973297,-10.913339510880862,-19.864816748178598,-19.941051298896294,-10.27031998265322,-1.4406223969082403,2.4748893001701395,-8.07564011290902,-14.811299622064922,-45.806630137240866,-40.58660387592299,-37.09934929222884,-31.134063216565256,22.46283095900964,24.04797376122321,34.24508785151932,61.68814428283673,28.837456142314117,40.12973946151221,50.564737465633,29.534532938168244,57.5114411235259,68.92986522783622,65.12585354752797,77.67148227927521,95.06434585015054,59.747436171568424,42.28819690456266,16.280346546044917,-32.68420677114271,-37.976838750763775,-35.79356677221887,-29.95419263327263,-2.5318428248652896,-5.852221903751393,-20.67003852354548,-27.29174902598072,-45.249676178450336,-36.84383296502322,-20.68677803368503,-14.84722832015748,40.85097522470677,58.0674596939368,48.40467899882881,63.667844468352186,26.907124460477416,21.71622218230262,35.444581984083285,28.861256425246616,36.849432939830116,29.454934292968865,8.010389395860319,-7.5702678980336655,-19.842798411849767,-33.259353965831366,-31.726148411711446,-27.71721348063176,-16.65656915403595,-2.7232978080606087,18.142469979929317,11.841004252636667,-9.325248932758608
Oregon,8.796315411429651,3.9333116628741824,-6.624833614955978,-7.283061641942588,0.6649827212323817,5.98287645210782,24.808433325063557,16.598093113390423,-0.6023282940606985,-10.762799306052056,-28.81651046870981,-27.337997515664224,-20.83808353390497,-11.086358996669883,13.916685338491957,22.480761737809352,29.09990356260856,29.514204463784523,14.60909574025738,16.00868424843919,5.695493606151218,5.729192822804469,-5.43005187704892,-23.02526960687684,-31.524829991090193,-40.69817454251978,-48.175584003879386,-40.328664591603186,-27.93581187315364,-19.85860080148809,12.315609908899129,25.68976633063193,43.73705722493824,44.785222016030744,38.52816558596997,26.43141165263932,-6.879340998895879,-3.7903099358569086,-2.147396919292246,3.936247740208765,40.51548651322518,40.465134918432874,30.854428747556646,23.186533809210797,-4.10878077675718,-12.27972565369855,-10.097269654036358,-13.91427574350146,2.918095232751522,20.53626936859396,13.542008384385925,10.760690265790947,-5.417669433850972,-31.44885108347556,-46.436225330781994,-48.42900279235023,-47.35603848994109,-30.398988871295867,24.23846378213475,54.281462151356806,86.84084277680434,89.92094933792522,41.828702384194806,22.091407741989745,1.480400736836571,-8.918902717137835,-10.23791921433754,-6.3674788402915325,3.5364633625405415,12.210207841468588,4.1847267518819775,6.330013292444038,-6.023641821335487,-15.106837364910621,5.978895599500697,10.313951572867454,26.0317370998426,39.68662163161444,25.128187478168172,20.927877774536633,13.02701912032215,5.122800417882702
Pennsylvania,-0.28646524935584694,-11.831064501987658,-22.72339622268274,-19.984703429705423,-15.604476297313685,-7.049912368696678,4.486169311820208,-0.9049463869447164,-2.3838190496203473,-2.111767489907118,-2.5798097175823194,-0.8964642828869298,-0.5448667106211489,-7.553967487115829,-8.338787051123827,-5.91235651374082,-3.539969373292274,7.866821942275054,13.510974925644428,10.894670918328014,1.8938300264723578,-5.720142725951942,-20.993978048105884,-24.05046512563743,-20.399924569961108,-21.610892294862428,-15.16054929432239,-11.077039575136675,-6.877843961965406,-2.511026533896182,-2.885035983732028,-4.247535914912786,-0.08862829043295878,3.0815760409213517,20.18280291956148,25.119232441113258,21.787611919654807,19.836239154956587,13.094273461635245,14.714281536830265,14.190856602284796,15.491959777876593,19.607264058898064,16.970822951107305,15.116449718451383,15.868396163355664,5.37354910506233,2.5229739435741227,-1.4260157508743043,-3.7731941682516825,-7.629365107950529,-10.088341345704578,-11.474441142007352,-20.28042229536141,-21.583231027297444,-20.27574310031408,-19.334787929032444,-12.370068937331027,-6.081806254809778,-3.2037530882153464,4.5694900608408116,5.891646250857785,17.199550052421298,16.45719414933786,3.235046589462366,4.991414921924569,-9.534124693971702,-9.308971955141173,8.766605700981248,8.852209783073327,18.293891076669187,16.889787101004725,7.074311934037709,7.954605113885033,2.572939557856072,8.514985844264595,8.90274862682821,7.454423813158045,8.43994317993221,1.4274286968013667,-8.996221348373416,-8.93919232628432
Rhode Island,-5.197011208810568,-14.723862742457527,2.976386286690074,16.960960440432725,15.324509143222636,22.0958290035376,-0.31117610986637295,-12.906234533269542,-5.7855180571928795,-9.633607981169646,-22.61128863816692,-19.07317916496643,-26.64734877804949,-30.413332737634185,-1.9855381508491587,-2.073915216564289,2.6836073027602976,22.741683708193744,-5.8475311254208515,21.759750893298637,16.924084190595554,7.348377006091685,11.358299298159794,-53.19214160380814,-37.71214642940001,-56.62380078801751,-64.86670315560595,1.1017857086862382,-18.587856904722592,52.27688105316661,134.5795139558557,59.059992095705816,63.46091158659631,24.513112999703683,2.1852698198509475,1.8190807130272644,20.353778596246233,44.80646184621282,55.75039815066629,61.11232293192149,30.75888991718074,35.704629349961465,38.53832786813439,34.69953457381758,26.566918374801755,-0.25646188792410346,8.666635814996274,-6.030133848923344,7.94954170361359,11.483549317107746,-22.328471656361586,-13.247588943883844,-19.831333584210512,-34.59503437646328,-25.854432668013956,-31.69937388060508,-28.024974966914872,-3.008867235533277,10.35509415002957,36.29208403495004,26.444658369389863,18.792087950519065,6.033965531738397,-13.77775692843656,-9.97395186413704,-17.073414722813773,0.8522552685554267,10.22918106244261,23.57748232419745,22.34286573345776,4.332466340742043,0.6858646559356186,-25.2973109777275,-16.76384456080019,-5.913351760529063,-8.050102453469863,16.515164324486246,29.91844921429687,26.603498414557347,43.57857206984118,37.568712756522366,11.561050542015291
South Carolina,6.06317149184133,1.8691767669000852,-2.238703800357934,-6.4900542977864975,-5.505895391375414,-9.821175327511899,-7.393899514553989,-11.083465978686153,-10.241909198808226,-1.9844903729711527,-12.019373114857682,-8.434534927978369,-11.053765332102383,0.017745331640626225,6.537853353805214,5.932734298046684,23.226345079123558,-6.581526203379894,-4.4512042073822125,-17.13184122948451,-28.42225233657138,-14.527809036968687,-18.72074895734369,4.550779331925656,5.869049269560361,-18.42312958262369,11.47935378688416,-8.573125081389048,-22.4186444406092,9.537299066670753,-22.006430047682663,-14.176738138536049,17.55151655068985,14.264131870985311,11.397901185597709,9.145485494409673,5.773778091944736,1.9137000131828872,17.666923444146263,33.32688241511153,17.6863233171225,15.875112066485041,27.54306237699436,12.892645867919384,18.314605761584072,20.624389435725174,-4.502409993844078,-7.143713335074409,-1.1372794738868774,-15.749981203498587,-5.406577687507704,-7.471392247702102,-32.02896770145432,-12.386797295684469,-28.19402986992626,-17.009016474589934,-16.31624614537169,-47.53456970467211,-42.9596893061098,-47.569315490900365,-13.096471162466376,43.09097935531131,59.66367720290455,68.942405815551,41.61792967638196,2.2986227136309862,6.37978892512384,22.03198124709592,15.610012893908918,53.71435752085129,66.66575212776587,35.04912020638917,28.55952755574325,12.205312972141378,-8.962409317658512,-2.6906485693771702,-10.782085916860444,-13.20939663298506,14.356261083119836,12.249598393775015,30.73859649950719,38.00543416443779
Tennessee,18.538193322965775,8.303260691760169,5.058192963147245,3.8921717267015836,-2.461143579704792,-5.042361564751103,-12.510937479557224,-5.6899217681833765,2.743846344923596,14.439561317408703,24.565400643262763,9.85587009757962,5.551341431712649,-5.683016025108773,-7.400976407188161,-0.7203149109604708,-7.886445702152775,-0.2675435669139526,4.256240077593619,-0.7929117605741103,-4.3197118310428815,-6.392935083014921,5.842804837598274,2.502775080251448,-0.6190020421447026,-2.5602393757695867,-26.62595400864719,-14.844799881570786,-7.255390072925964,-4.755898716701909,19.03867286418067,10.446614496222589,17.035121934459294,17.197833160438872,10.724467259418908,7.592280413545104,14.21633684166924,16.58765045206996,12.893419448245188,23.262471844165958,13.291494524227717,5.034985717858953,10.871722400905083,3.1741285750240773,10.00778847095452,24.437964661508733,17.811076538653133,20.39462564193284,3.6435066451599147,-7.645355592631321,-13.584612973571778,-21.656934255533823,-17.115139088917434,-16.7001375027011,-19.483071208434104,-11.16327082782043,-7.456512249143861,-6.70193235328449,9.066352216615456,11.736846972326937,22.37664379151595,22.481473950175832,16.054301224399826,7.857114401598259,-0.9687795422162221,7.952665847284448,11.697328905633933,16.928444120224604,13.445714005380886,7.21005867411505,3.3998298357497005,2.0541548822894944,-1.428360909907065,-6.814076063632157,-10.227214821069355,-9.264024448571831,-7.03706861197346,9.51484858641862,18.550974810300296,21.5156477260093,32.705893944131574,13.746974524128893
Utah,56.59507511167264,10.983193062787516,5.517890438180854,2.4538844416430248,-6.083046191327803,1.6740987755942571,1.3436347366764436,-3.0718749269092993,-8.223910364302805,-8.572681914213934,5.328833827754049,3.314189915809671,15.439414365406387,16.14392574000555,1.2908727623956382,3.8569836631552903,-10.508859896179892,-11.220835007458259,-14.758057905258628,-12.094976855747616,-2.7623459260535763,-2.2293054361245743,-8.727300363941223,-22.926113445953685,-34.524423795498684,-35.45930003115251,-33.20466707455515,-18.15197030698102,4.198405076002114,4.849352199191134,30.585648898489087,19.240888939969572,16.731085073997555,20.2143434581013,-4.8868401120549,4.329599562100834,-0.14920196006291225,3.244115242804065,25.438678469035885,29.850732459121737,48.58675222596484,52.064356781346,79.97699528416162,75.852044543166,56.98887225257817,48.38229786777255,11.622822539394017,-0.6753869218490476,-1.4702014208463798,-9.889567223455249,-4.482565892328799,2.818202378711209,-13.044917456148669,-11.49929594526678,-38.619184181298664,-59.14831923881266,-42.645714229204906,-35.44382944127648,-0.514493666575886,70.99371744342778,15.78263311907054,6.17787868018563,-1.9498420183017153,-22.397912412773277,-5.245200251562958,4.783021604392715,2.109007641866668,12.647245077223538,24.598577390605374,21.1167659153225,25.53431884966619,16.590108150337112,0.5896560407819065,-6.028836449381907,-8.581140125761106,5.587948953353317,11.030513064536189,12.863904687906489,19.53868580069262,9.143510219117303,14.01941729984875,2.61521158180519
Vermont,3.9387974651305364,-10.801835724207946,-8.799885474503927,-0.560097326371238,-6.9890819253119725,-2.8223024060375983,-4.871843300982048,-4.7487682797640565,-0.2256064837197019,2.523452044769204,2.784067745575143,0.616932956849418,-3.6535992224009517,-5.845934069149339,-8.131396496986207,-10.42092208735977,-8.619355160260909,-6.95805446982896,1.5440554947220222,6.056448243688842,12.783714524971689,3.7893624916019553,-3.2102640526679007,-9.376576191979288,-18.728227774386657,-15.423811427808504,-21.3702373122518,-19.813683382255093,-25.517541677844736,-4.525189365792567,11.259872491152178,25.468890023468347,60.89355446887137,39.35099342436567,47.92801283615338,45.46709169399115,27.997473526524924,25.96951721953508,9.735197219282227,4.087061911096428,8.334171509823348,8.996503319427813,18.272865982703593,9.942962035598002,11.010047128454545,8.174711055394164,-5.818944277975403,8.413391247006654,1.8027832569391327,-6.401760820651173,-1.2322401991048373,-9.61938304498408,-14.691587705454031,0.571216620185332,1.0731454365611495,-5.2524300195859155,9.558823710251138,-8.083524100865356,-3.3152449496990246,20.01111244702552,19.656787619422808,26.468622694310678,21.20775714516275,-2.586556434210104,-14.066867852578198,-10.722154542014595,-10.329651460309867,-5.325141383135829,11.538400326541739,12.556535205901733,6.584218259152193,6.756487121052117,-14.292757940603115,-13.077488363399528,-0.7681658577129354,5.773140166620816,26.921438255181723,24.242530605202482,5.091889346891357,-2.8002268527051277,-9.210397380994753,-17.537146169540115
Virginia,3.411227728314102,-3.8938896439723742,5.750041831569168,1.6891998293778954,10.114101129272367,13.427462928059322,14.339324720452712,8.787401518355066,11.814482918330755,17.233808186064447,3.1344376278499952,2.9392836244479583,1.6163981417271167,-6.070780655415504,-6.199259851155778,4.460099812483323,1.6911128428039477,4.110107736599371,27.14132066232174,12.81216900806207,0.4205027464048937,-2.211940282616233,-35.33079909522358,-43.27394280758974,-32.157081591411675,-39.89478648555446,-26.334103963736034,-8.255901518965302,-11.20661812801878,11.916638130606898,14.950456867221288,16.403861477044106,10.755133874485558,12.562525184280352,25.522720861730562,18.98809839713797,44.86708174778139,42.51358274381724,39.40765176176768,22.705000125793955,54.26099497448058,42.111120068385006,37.54658405095668,89.49229371923387,45.93486639021423,48.95052413642199,45.22638290166193,14.127844991654841,-40.97852341643452,-41.0139629434622,-41.093304364044485,-42.70577806364157,-8.47487187161644,-18.094085194493584,-20.472726765158374,-16.97156997255079,1.041144878949869,8.599297367139217,23.46373096786376,25.672044130777643,5.836223377947858,17.090912963599337,-1.0065047267447143,-0.08792288096185633,-0.8868066202996343,-5.046452882603387,2.216637437185317,-1.8437398119918347,9.321493974079209,-5.045999051388774,-9.383418112619534,-2.360550504016188,-22.324114692949955,-6.637276954316025,-5.668050799432706,-6.958636436804831,13.550679050830603,7.920945700505615,9.764095939312636,1.481753478607066,-7.605609576941158,-7.987479972019697
West Virginia,5.392935278356161,11.599646828069906,7.4083562069169036,-1.1835155675657478,-10.274539066968641,-10.933038450967288,-8.982954672769292,-5.644537437981943,0.23941492417868324,-0.7683245917802727,-13.818896049057336,-14.00834169276665,0.8017153804467313,-3.2364606266077955,17.44094932161747,12.758005466399883,-11.461248503994566,-5.204020984047081,-19.856966913564026,-18.364490092719084,-4.122259820604501,-7.085515174107562,-4.56308628561697,-3.4894232338518174,-4.100843799960154,-11.841979265411636,1.4364885767635382,1.2505228116691796,-10.484887834737671,-2.7551248565814515,-19.7992490376585,-20.065383421157247,-14.839186874737448,-19.47181758118993,-1.8287655754673555,5.573159370639569,19.987355174712913,46.68706988677555,49.946434268456116,45.273279447854286,71.38183409242764,73.29656001490318,82.65863324646988,92.85515868938691,46.27870046861266,17.596676907021333,-1.3057174055761762,-3.7794428952276746,-10.392910701514893,4.469882913076271,-3.400968402927975,-17.931158528517958,-11.359653220411369,-31.33828406550751,-23.246385227861527,-16.04966150428702,-16.146919071484366,-8.815273302956268,-13.630808446047421,-13.582009359314018,-6.7133364911274915,10.551368275597609,15.382292336428815,9.683303780444932,-19.658668155342056,-45.6061301765626,-56.51926376179107,-55.57179929270355,-33.96834243205558,0.14674491247831578,22.9609675246506,24.160249101403,2.788549081598434,-9.463372240185628,-17.052501690051642,-15.920388827357673,-11.206997930174115,-8.889805897431167,-8.098985364428788,-11.718264219265917,-22.114632137755027,-30.19277361206133
Wisconsin,-2.7157051992627554,-6.34817977464751,-6.3232997071014845,1.0565063147524845,8.598280289517911,20.9451069788808,27.15322593607374,10.730597533597665,-6.235942640896362,-13.24929008229915,-15.228298285551173,-7.855452612121801,-2.3368040694749967,-0.5550131562511958,-2.0495549880477117,-4.481947948326223,-0.5702552680775063,-2.3554575362044585,-4.943023983775186,-9.397483545999187,-7.790351217536419,-13.368430487436896,-17.78815404848947,-14.224664342890945,-24.030754241699594,-15.736912144314877,-12.203161325759213,-8.540394262915104,4.715813294319488,10.965980275580666,19.94969033129779,20.0558830762568,32.99602043881501,21.572500141658367,22.321746888891166,23.732652758584294,10.560660175182699,15.078446002290105,11.46631184930699,12.288818146619684,5.157734259446083,0.1861490870582609,-0.4650662076129905,-3.2992017808592586,7.945916019648061,14.093175174063036,11.282063429594295,3.9356578517547467,-0.9122948347794582,-12.72875751971109,-9.818606629127126,-10.365208103516256,-20.086945944878014,-22.264558151353782,-25.544661321404373,-18.907005046722066,-10.046324591025847,17.825559930830533,29.327626645427262,30.96584543960396,30.28065516032384,10.542772639075359,-2.138246452427228,-5.081047571269754,-5.6547418882921106,-4.544355422763851,6.7586190248581675,2.4245517532800425,5.532908541586096,8.592062329849066,0.6116229830109142,8.733443582189127,9.751399018282116,1.8113548551100453,1.171135937948527,-3.8496820065151516,-9.98786221045855,-2.94445237640739,4.475008919867463,3.493124200520803,5.610792154046917,-1.4183165201332115
