state,1995-12,1996-03,1996-06,1996-09,1996-12,1997-03,1997-06,1997-09,1997-12,1998-03,1998-06,1998-09,1998-12,1999-03,1999-06,1999-09,1999-12,2000-03,2000-06,2000-09,2000-12,2001-03,2001-06,2001-09,2001-12,2002-03,2002-06,2002-09,2002-12,2003-03,2003-06,2003-09,2003-12,2004-03,2004-06,2004-09,2004-12,2005-03,2005-06,2005-09,2005-12,2006-03,2006-06,2006-09,2006-12,2007-03,2007-06,2007-09,2007-12,2008-03,2008-06,2008-09,2008-12,2009-03,2009-06,2009-09,2009-12,2010-03,2010-06,2010-09,2010-12,2011-03,2011-06,2011-09,2011-12,2012-03,2012-06,2012-09,2012-12,2013-03,2013-06,2013-09,2013-12,2014-03,2014-06,2014-09,2014-12,2015-03,2015-06,2015-09,2015-12,2016-03,2016-06,2016-09,2016-12,2017-03,2017-06,2017-09,2017-12,2018-03,2018-06
US Average,1.5235211072731734,4.627469160030076,6.624684854552873,7.767585826469409,9.128885746410042,8.11598363718424,6.540437534681456,6.001258768713668,5.620769365494463,4.901540280931081,9.765265773663225,9.950256420611737,10.53365046257038,10.365535615038226,5.065174926980031,4.696791431926005,3.945992161812488,6.154741112242698,10.560642588056696,10.941846744888439,10.507269093730724,7.4952563611220855,2.401133913506357,0.47224988835673387,-1.1047665385081866,-5.176044369571526,-12.80962488941236,-13.348111692278602,-12.91751641433185,-10.740578599911172,-4.462169628712358,-2.4888346944748148,-0.7346251189520986,2.0695561178293076,7.16767442497019,7.019614897470859,6.9345563482950014,7.806233805967748,9.04788349572087,9.739868934191149,9.102777834458415,8.069258525251467,7.78229508039707,7.003294077407346,6.849320440500289,6.947141357243038,4.600421156162179,4.98134442833048,4.378793154974145,3.178625786172974,2.303436712536026,0.39135403792532697,-0.2988151723468358,-4.759024663547384,-15.246639698950059,-16.532346906776574,-17.065286863441422,-13.057494579056076,-3.630622689320055,-0.6836123750887494,2.883281468138877,4.816116156076692,8.64650295731449,9.266044597060015,6.859130279548909,4.950211219102905,2.685535841436092,2.344514296960654,4.224740349274404,7.793612688533546,11.781521606170037,11.671503021311217,9.607237969689614,5.128634552976041,-2.664618694933398,-2.8459421970485095,-1.1246469834077721,1.0107108996848004,8.479357654692492,9.51458609096221,9.022333091690344,7.407653874845561,1.5875184405277927,0.4599323118430609,-1.0849430952732215,0.10798015947859187,0.6357376273222208,0.6781347359774118,4.004891306667508,5.33789572910794,8.008683404333393
Alabama,4.495464667710887,-10.274864397277636,6.380178280320213,3.473168016589022,4.596629717782191,12.908007658312965,-0.0568836783572546,4.325748035441118,4.4016769175292225,1.4876399412834025,8.42194509005675,4.456393119315015,3.98919333057972,4.938041810559585,-2.0249673800405312,4.358470851200905,4.242972353154624,5.2012750182707785,12.270436851206947,5.213195889283654,4.242960051912443,4.090908966473413,-0.464573677877474,-1.4922637204796252,-2.1337622665067113,-3.2247276891696717,-5.513412960052404,-4.917891911008392,-3.0608842893192048,-4.507244603857618,-2.771549440414482,-2.1081085400042188,-1.3263148168065515,-3.52638430821917,4.928246660737705,7.724648215869173,7.32115402265069,14.748099886401317,9.239245311584344,9.418475314441293,8.097921730263186,5.785558526038915,5.976277166840408,5.228093104662047,7.425619045798368,7.481645980246876,7.675068776915669,6.6265218845512095,3.4603158012284925,1.856939958337983,-1.7623521671439502,-2.420162934451007,-3.7073870144572583,-0.4920966940479847,-7.235949404609783,-13.111661695454188,-10.649740546389655,-15.463626627374538,-13.975982717928945,-3.4550473363150793,-4.551275750621816,-0.7903976415499482,8.90592601023655,4.148160913665425,4.4601247806823885,3.3978846394216133,5.074189288861278,5.344138707471153,5.7843321217572266,6.96397294378311,4.04424083759484,4.432855762950864,4.662539740904072,4.301045479334628,-0.01434010897845463,-1.4587510990753334,-1.9469791068900197,-1.5257238513391818,2.1339244516146225,3.74954981280538,5.844410443505352,4.1341803096368155,4.5336287250322185,3.7042497527740257,2.0497047066250076,6.888712924411921,0.6119371726004339,1.6646950381034693,1.7820509506023117,-0.3015452024990366,6.943760125810622
Arizona,0.8567407992156991,0.6965696304379152,0.6095497200842627,0.9952553145151879,0.4690852872409076,2.0085635846560277,4.304999845357852,4.9691542487337355,4.964801894652955,7.002836706166478,5.349215470626435,1.6830928462098838,1.5513593722504664,-6.112069181714896,-6.368093739406934,1.2116144402874547,5.185704165330054,21.238982666918634,30.52689182050325,24.989020533664615,19.55103124125145,3.5703426308646513,-2.834053534259355,-5.333970688527616,-6.790393614908717,-2.629210713475555,-10.837400329402271,-13.913676225276411,-17.702316515578634,-10.569703561721756,-1.3946311885682137,0.6701526015320164,6.621388436582473,-10.60188236772151,-9.751659414087905,2.3690484861443606,9.60769752656664,40.32529636824287,42.47319240029631,27.112325423791976,19.90672207571945,-3.3618770874917123,10.80776579802846,12.376621486031073,11.03399764227962,20.990328842862983,-4.9094567976506704,-5.800160621105385,-8.638008253371082,-16.070183782569398,-17.825643715327228,-20.008100162748274,-20.332995309640676,-22.233528817536005,-29.201787354207475,-23.968566470551515,-17.691466373172034,-10.436298830376032,6.537365037572592,4.626743132004112,4.1685946371347695,9.285147511642162,26.46675464412161,26.208616649599424,22.896819751948893,24.810357802775187,10.842526127115026,9.714301407313798,10.931532457093947,6.065471926044555,8.004438155698534,8.756970699050793,6.031796231222499,6.6796526512515815,0.3427973404712661,-0.8321052994436593,0.17058195854738625,1.0466345471530158,7.714526659470253,8.883440551612384,9.584015513411694,6.437098127628974,4.838833544705227,4.472185427314092,3.269615937793719,6.819597158169702,2.2893020082880007,2.241504425131862,5.402612620956189,3.865978476238632,7.535273154023879
Arkansas,8.450382342349098,7.0088935878864795,8.41688719456026,6.281798899833172,4.0543996763207035,4.233801769275639,3.679799091475193,2.3976865647315444,5.2369296234938485,7.072700662168149,9.214858739267893,11.431296819796673,11.124387213051243,7.580424182909444,2.278027596639403,-1.193749277698631,-3.761928143668041,-2.0226893803926718,-0.6849816647786588,1.9171283838867428,2.7883113524810956,2.0119628581342757,2.893066358538347,2.9325639282178164,4.271698696112507,1.8071343933898798,-1.7567107214745026,-4.348782890477604,-5.756764540164922,-5.102352465726971,-4.350686742040335,-3.2083991603594617,-2.347645979383694,1.1108219099734462,7.914136915259275,9.744539195352205,10.02976024513522,11.473735198798018,7.97126695264771,7.114023715638064,6.88462670766593,3.9851745356698767,3.4827966624163027,4.32635717449074,4.908184658299318,4.4240197011472215,4.948231818105351,4.339811043526322,4.370444981160563,5.600253541478148,4.18672445295771,3.3180853867513904,1.5841807014034062,-0.8697592240966122,-5.768895775170779,-7.303062197074639,-8.382458556832585,-9.308675411717768,-7.453282587890196,-5.6765903084378735,-3.103491724251039,1.8824993218589263,6.4167585304842785,6.3880507954286045,5.865597429094764,2.720584482354411,2.8430954972167553,4.301842026959553,4.437748092802832,6.7944822507463964,8.515289802269113,6.545805543458064,6.036828092525422,4.666287867303905,-3.296200020422782,-3.0760113068384873,-2.739348699518814,-3.481889684232314,1.554094087100633,0.18292442578923881,-1.3701951778108874,3.1635553442175537,3.7375483879515676,5.45167813934544,6.716485573182336,1.1918793354894848,-2.285570182714502,-2.7322771795971796,-2.9518825674532976,-0.3303493998715695,1.243401078501072
California,7.542639027445469,9.738624350646026,10.139900899410753,11.017245822194576,11.240793643133093,13.102321898339023,9.060365356084937,9.365352677932417,8.577410491712065,4.823699635566561,17.27415367653197,16.58340877927107,17.110793134636353,16.864619330530346,8.66250727787316,9.525883052018404,10.012954779313418,16.023524262484866,24.043385098645814,25.381150725382263,23.69298304235764,19.229645450999772,9.896164590881193,3.7914494170404427,0.11721932184739813,-9.28179618677258,-26.527936047279432,-25.008606840580335,-23.76790881139499,-18.724433110822822,-3.8650902469874917,0.2569000640994694,1.1234113974282887,4.298710392096662,8.851731129349792,2.7607440986674883,5.330455932319865,4.550310395674075,13.641251348471625,18.053513204317152,15.110431424773186,18.514474544818047,14.801050578606837,14.048582500959148,14.507155758102483,9.07900689921766,2.1454315155856287,1.1543420661309822,0.925461226749668,1.2687647863744136,0.9377815833906394,-0.5145626845347934,-2.9444408862221647,-8.304083542946907,-21.125246469177437,-23.21662996825335,-23.029945482570227,-14.833138761009195,0.9971467510214006,5.89715911842,14.229565951953093,11.940818485037287,10.583952746843487,10.173622064354463,1.325065240026591,-1.5876671474187802,-2.2778666734602817,-1.9465721655338288,5.915251409039438,18.32206748817248,30.68613368628853,31.76461562134899,25.162809989107586,9.290874692149977,-3.191513759316557,-3.178836892777306,-0.010860333574354555,5.554936891550731,14.543866148665337,14.428568612889126,13.220290140096422,11.583690323296052,3.3948092257433573,2.8021857996484103,0.020498875269218772,1.4623472407165787,2.1951846139945586,2.2960990617236954,6.324337387474073,6.507466523333309,10.464737984749023
Colorado,8.408998156998466,5.15613003336008,5.855012067830687,6.632552927397338,8.168828140163194,9.458435497972168,9.586367340211648,9.815849484351084,10.13155983421029,9.061467997417076,10.806594379040982,10.891276942812567,10.562254602775552,12.936730962519489,13.14643802859724,11.632533791158721,10.390529045169657,9.262447350271847,6.82883796172899,8.06156891235191,7.681303274164959,6.942513155035328,2.70450531298934,-1.693731276528578,-4.5967400410720325,-9.060922394491957,-12.405801798477553,-11.489622085803322,-10.703314257634167,-10.492876846564062,-8.974732708969588,-7.388808576354035,-6.842106222939491,-2.9274840927698844,3.0108120889071777,3.4722445132671047,5.4248426420481115,6.12352811532156,7.500171327238861,7.1075907788991675,7.056097242816952,6.640323372232435,8.785966144610056,9.676319266140455,8.686981444593563,10.348944494426009,9.676735185060673,9.629073671082878,10.916614876609616,7.331923417318137,1.8341882495798465,0.4842916689593072,-1.513982448723655,-3.951790211980575,-14.123466449440357,-17.049955315956126,-18.66088444271382,-17.499823807550637,-8.003254017188091,-3.3800074920819685,0.5928475550171265,5.376437020149148,8.744073462808153,7.531515966078979,5.828014810422976,3.5064518612187427,3.875632131948017,5.042262673769731,7.591685701112559,9.877763064263135,12.07829304934211,11.5640755814019,9.324074376327383,7.081399612683627,0.5880988084920715,1.269970092424931,3.7754943833149937,4.831501016063839,11.207494855484315,11.056429423788824,8.305366022462033,6.994295511439964,1.5644737183964732,0.709078155564586,1.905259731690885,1.3461111927846214,3.2132638307722674,3.7375965235669764,4.222059473029841,8.265543080612513,8.000859657465647
Connecticut,-2.062561554344873,4.8760125428502805,1.3781504462703926,2.4861759646752595,10.573560326931181,6.283465692744859,-0.2707139340200036,0.7800174131243568,1.9299935549781329,4.185936151570686,19.535285466879486,18.193620996797666,17.254138021712105,14.701112005328692,3.554227461147456,3.099214692089967,-2.6990050513848307,-2.5182497568023274,1.5557229270637385,-2.781823276687863,6.934932757923415,11.30600214595082,8.850248359553557,11.915840294092895,7.082000966268813,-1.384742969988773,-14.198634028113876,-14.156626853437663,-17.25985987006719,-16.377124051176597,-3.416318483339765,-0.7609665808335612,3.5282767209351853,12.573091376820075,15.88141427935194,14.323715252772892,14.958505321455906,27.560191228452847,13.281633608532385,13.396683405656804,13.977273743471017,-8.281897103307042,10.50816832995451,11.278082378779091,8.04352262887673,16.653542277188887,6.930139190301825,7.154932656892344,9.65812131109239,8.32711070476542,13.863793766283777,10.037101409699249,4.952234410433003,-4.3046893169544,-25.680474735103992,-25.55115305874514,-23.594014925442625,-17.840545989144577,1.4544293539252346,4.9068701816696825,7.065898532649182,10.958508518442905,9.610657574406329,9.17428181640725,11.453814250023047,10.923699929939852,10.994201492424272,10.37059831831956,4.676533242529987,3.729085061738685,4.270945216458675,4.278906220232264,6.0146422919824465,5.200654307148283,-2.1105033366742156,-2.9872116610584034,-3.1312497947264775,-2.280104672667369,4.766361211505797,5.793779288898322,6.841049547115416,4.737833018545634,-1.0674225231503522,-1.686846453827726,-3.4636593449912447,-2.72927709011597,-11.25287193129464,-10.850994325663784,-6.198591791710644,5.045724892297186,20.340567398995304
Delaware,6.922595889969206,1.8436329321367482,3.9158896955216522,3.7469428367699154,3.9605651927329957,4.665846111651446,2.188293136351536,3.327704659427169,4.872384098562311,8.233204429708655,12.890761244707486,11.419158289330571,9.72023360711983,6.103141352746869,-0.6641471789045682,-2.2545743161613565,-5.524771637381173,-7.969514554198173,-7.340953180243703,-10.245499670632583,-14.359951549534088,-8.069030773911267,-5.258324337280238,0.596879508349396,13.076698612390627,6.692644203437924,-2.1589450991245944,-4.734634938364056,-10.698157289294118,-9.053891717539706,-2.833097335221006,-1.2154574764793293,0.8139004731367099,4.098936713452378,7.4207510962064624,7.059036347095721,9.315275772497209,7.856766179329583,9.72130582399123,10.925783434481495,8.7728429672513,12.379118265861115,10.837107105128922,10.212273070767095,10.19593295913606,3.189610940142054,-3.348712849784575,-4.951178872398502,-6.228455340080291,-6.262534681916346,-3.7144455851276286,-3.866112400360832,-3.342804541883764,-0.47432256846877424,-10.590017336316446,-11.97106623079596,-14.243688715727378,-19.873226610028023,-7.174442047813252,-3.811423813165931,2.317828884438833,9.624610727965345,10.387861993314969,12.462193302361673,10.422265448966595,28.482556516354084,20.404098485007527,17.300832351691085,17.80566608735514,-5.7159819456491086,9.217933123845693,18.23912143081513,8.604346834828453,18.156727521361184,3.4514394483839235,-11.585937661416647,2.143058688370444,-0.5904255489872278,3.647876832168749,13.078276883902712,6.775003046762055,7.543678129919337,2.9749601167961046,2.165354625845667,-0.373454928963696,0.1944144600206035,1.7270337620361378,1.5813855426130108,3.391522127339619,4.128028275883952,3.6000910811243942
District of Columbia,1.930499034369026,-4.856379110123584,-6.204871907744565,-2.302284260378325,-1.5982128382980687,0.7777409189703574,8.234136678172542,3.8997532116616505,4.366340647210174,9.140494541815864,6.865722132757014,16.98595411417415,18.241131610506486,14.978638544663886,11.842134538789075,5.845580091449426,3.4084889736518624,3.178355017478767,9.476916493842007,12.281806454896447,14.127615044419306,10.604003645889033,3.7035627639658064,-3.6149698711762857,-5.290594158601719,-0.43611749921551896,-12.826583344558538,-10.31979287812733,-13.128023276228909,-16.066477982247353,-8.341599302372398,-5.543623099346759,-0.6323309601948819,-0.8479507721519098,9.594513173480408,8.785737505042322,9.109187799433558,18.58875997745782,19.45741745308089,20.324318710654257,16.306095024144067,3.348585568775138,-6.415708500589536,-8.837260095617983,-8.888282610191691,-4.553979103419921,1.8907998293733748,4.100493768867651,7.367988633406361,7.1207376528154676,-0.5478055451176884,-1.2383008630388184,-4.106313271339573,-6.8443655250497875,-11.405336947663896,-16.454985082281397,-15.633066758484718,-14.789601537632722,-8.779931450278944,-3.4182496812787213,-1.636852943610018,2.291865743272757,13.764514415946785,15.282145193115992,13.084502617614124,13.172090909029233,9.596843204046019,10.510409260551718,15.189519007000534,18.34174489361159,12.081370908315195,10.317341861122626,6.85262203834894,0.9381314537893679,-0.23620289357459257,0.1304070179111969,0.5852050336234222,5.5214399057837875,10.722134209955831,10.46118378474571,10.263647176778095,5.546835193566002,-0.21456475216536683,-1.1483078063940064,-2.592732036478104,-2.4545080907349015,-1.3311514481795876,0.17938281870831496,4.2291634591516285,6.084870080902242,7.2310049901884135
Georgia,3.5462175686652357,4.914071636547419,7.489667399002179,10.050332378740077,10.033844678848954,10.545486408719382,8.647553385030616,6.112959256963315,6.470274355488814,7.951375198964245,10.164254277484531,11.693608797775406,13.783548561929903,13.246300125722534,5.332597148763083,5.198055221628004,2.725124214943157,1.6416099402316968,8.578263760019597,7.564784434224799,8.285047774889186,7.176594239752886,5.240007592290116,2.7033254992114273,0.3104525847918498,-2.781537778358858,-7.92481551387246,-8.071359939170927,-7.97331922730224,-7.930541807612554,-5.40643376501441,-4.680567306977329,-2.95545224844116,0.8012379418077312,5.061379620794409,8.41269478872084,9.686446142426822,8.984841139159967,5.58574229542743,3.096065707443283,1.7577134169280424,3.2307872802390003,5.698903982794926,6.793510802830119,6.471340353257912,6.1334047802141605,6.646086450060425,6.424799738895001,6.510600299920542,3.1101815636181365,-2.5562736430527306,-5.7790098218273105,-7.671554781440992,-10.429701476155664,-13.479244399075496,-14.5137757518925,-15.888877357206521,-14.145213167784556,-10.774690389711186,-5.423375563048218,-1.203257196023679,4.452812759476687,7.14800082260989,6.548290867921253,5.02126585374945,2.964863251803745,3.1099148486366017,1.5912279157696385,3.3029116285258278,3.6034430751849555,5.700306335611997,6.327062555352855,4.453283733500364,4.487615791228717,0.8528033636807403,0.5311861516001901,3.1203429388663744,3.380446244260324,7.1073214077779,8.823715108662036,7.370503644716423,9.593678537974634,7.183271852308136,4.850762537076923,4.416323784128181,2.2061638376934645,3.260199306297603,3.8671563860181517,4.570942234151345,5.879357428806829,3.730872393426491
Hawaii,-10.8852118365204,-8.26993447984611,5.034080973532267,5.607759109159578,5.322083922994507,1.8523418721967073,-5.110789279500212,-5.630589898832064,-3.3775485762840667,0.5323826188160465,9.026554590363714,11.476196814347563,9.314595154272299,6.126267443105002,-3.0465774787935582,-5.017426224844779,-5.6471427796745735,-4.488342881937649,-3.251682395812299,-2.2585380314692465,-0.8736891159754706,0.05707318925371531,0.42408538835895054,0.15819193154368197,-0.9231708960820347,-2.154960262412029,-4.761257384529615,-6.793233811227191,-5.2368784442827,-6.7088309780489395,-5.16031820399571,-2.401262049865223,-1.0746215827483205,1.098324310434741,10.215197495609353,13.921052476229962,12.298666930682835,18.093998377441995,14.6527071065718,12.435258995200279,13.49622805127781,7.917891820072359,8.106552782270683,5.5262509705221285,5.408964673070982,3.5354562049811307,-1.9020531828093077,-0.6180493741127882,-2.6694361054016094,-2.372573542213868,-4.604700366181278,-6.058295355511509,-4.625280400157382,-7.827906497551648,-14.512915157192797,-14.928960284826125,-18.70061004080326,-4.477395305548418,13.106014007416766,0.13242366890513738,6.625430179224183,-15.390602556443955,-20.225008267720963,7.647195308142487,3.090835815427752,14.52390336370644,20.42590844052235,4.446804979510337,10.745278964893954,16.59678055796053,10.748719059485504,9.26722713398194,3.3786092326112795,-1.2439097258879752,-1.7238967867615684,-2.925592566401951,3.48655774056505,10.766492166654002,13.980334848680812,18.379540897216554,12.624942797054192,7.157026256616058,5.710189664086591,1.5003975878897717,1.891255315652301,2.777472142244138,1.5075505844480026,3.2439933638572995,5.257632179542761,0.3503698305350343,9.400297310707035
Idaho,22.279067909603306,24.862751926278204,-11.104047374442779,-11.304677925869372,0.7645321640635111,-4.114658836091218,-28.483596571905643,-27.779394429666898,-27.0440437355609,-23.06041011411372,7.655684761247761,7.928708642162357,7.8324834036726285,7.454419688974527,6.8343415859101215,6.532370720532709,5.264652761931568,6.1656763242755295,10.729720052835425,7.762419757399414,5.091974733249305,6.6892898049449885,3.143490456519023,8.94288279250095,15.205710730305064,15.49660338538251,16.926150759841185,9.895591054095297,3.9335039892595702,-12.027106443375226,-32.51120882977875,-30.485066765711938,-28.396915965412937,-19.274276414038695,-6.401271362377502,-6.167363624559321,-6.741562903383826,-3.6608251307168826,24.996189146561317,25.143911794379136,28.782611867052843,26.35464977538775,13.125338581676548,13.912597219929557,11.79411378048557,15.496879766056038,12.037668906357794,12.242674029325078,12.318974657023187,4.504800775980949,-1.380651144730452,-5.0499747202886045,-8.324091514584877,-8.942521934494303,-19.154825238088808,-18.19392298788346,-18.741502148767612,-16.810486549389676,-9.98442030307819,-9.43259351708114,-5.439928593340372,-0.14555767713719686,7.177853700768766,7.590769106687725,6.7984404733213735,1.7405783955298175,0.8108565598301455,1.2303926139847134,-0.09929251547239022,0.450051138691241,4.7659099561090885,4.673903186283688,7.85847325900983,9.793227777834813,1.8516525048844032,2.358970980818157,1.374464144078907,3.575631046677429,9.807546919040036,9.916552186393627,9.673261297282826,5.0929836577461165,2.250942252358295,2.913639294067424,4.070466454754774,6.177679293679698,7.107897031249864,6.67611210116258,7.515429506694972,11.221754606647666,8.260565645001074
Illinois,3.9885194192029108,5.038621688992991,5.914973153916935,5.834032454325496,5.692835626892269,5.631578900373642,5.7750652694360936,6.515803839990859,7.3552523952211235,8.381182011494971,9.218351031868712,6.690175266873028,4.275507719777997,1.3296520551595021,-1.7203930015226625,-0.9795189670743523,0.12072020562505126,5.182570713890676,14.916563729903803,15.306314813864445,13.531976927758576,2.433557857364225,-10.282789817061412,-12.440506547168773,-11.877152311616523,-5.927291276549418,-4.196858329414613,-3.3048494234623025,-3.5195896312545214,-5.996872921069983,-3.8767587379012705,-4.229679975065811,-5.489615439899167,-3.6363137262991096,-3.3469587680717194,-1.8080352201651815,0.3519758960752006,2.552946929723789,6.73310650816255,7.296772072670348,6.937899436499845,5.259656160209388,4.283505632055089,4.284840470964657,4.7329655780946736,6.393472171124685,6.172372311778693,5.834007442706288,6.551044240423246,6.04418694714506,5.664768035102719,4.681905915784896,2.5620944020271685,-2.6817619108883703,-9.241776418879386,-9.087758116667748,-7.290707851831395,-3.900939366828169,-1.425940500228529,-1.2477638858336695,-1.9992134857393313,4.220239100457188,20.280309168456675,31.678485073876733,40.53654717232859,40.61189631397157,30.18493423685309,18.88018509132621,12.30243406351957,5.928291466272768,4.863537766205013,5.799419793816283,5.058415189552266,5.182781623542313,-0.9300850323421795,-1.7968616517628873,-1.6391854930594636,-5.232810987176485,-4.988708773080541,-8.747337579734808,-13.438770128286098,-12.367782088339872,-13.844597147000288,-11.619257446451194,-8.50058009199101,-6.631870496042685,-2.903699321138714,3.179255459446452,10.92030866028407,14.227154806299803,18.732837628803498
Indiana,-22.13380645615974,44.07588697147645,42.152110270883995,47.11574380101606,45.3279706692861,12.709329801811883,17.895651090422238,13.60707337528103,20.627113635783594,16.103466227892337,11.09108435159999,9.07233343988618,6.021954686105479,4.921638234298173,6.676727058575397,5.777413684518754,-1.5990958064344525,-7.686523350623786,-17.34370920821965,-16.77998369590865,-13.003187278379713,-9.757561575170055,-2.6239823310769954,-4.084598603467357,-4.003403543929801,-3.9742545746630102,-7.910171484888534,-5.710020569172233,-5.273385323920383,-2.9236651874153847,0.7505872532385345,0.41303813745015666,0.7934888789059985,0.2888708439494397,2.1568878013689665,3.568002101059611,3.715083522566616,5.540894840233898,7.404149597905837,4.965173674368841,4.49082237015295,2.895927900276609,0.1690929236795261,1.9392422042333726,1.1200123965388584,0.977808118807756,2.636306574916603,2.9018316910008997,2.441633354782305,2.7485962187560062,1.007688390752999,-1.6662088476529688,-1.3924095145545587,-5.366073589360912,-11.873192548470268,-14.605213558298798,-15.917706379276208,-14.061202616434857,-11.190311422843404,-4.117477944916916,0.9245448284475322,5.974030370240283,15.955861253171507,14.65546812734478,12.204048289119465,8.43334816250962,1.1526427822555896,0.9673862809135347,-2.0073591705412905,-2.0199261258405357,2.6453149941438485,-0.5723608821172917,3.55505204080319,3.995116744475839,-2.671849784972907,-0.2630821608787389,-1.3956886133898019,9.594823582458076,28.23329090255061,37.22325129973234,48.59339090497863,33.103275954419516,17.062405388104253,10.151985015737605,0.8610744215158537,1.9839928710804675,2.812820591688757,1.8321713717687438,2.7996227509842306,4.845360032640939,5.7452967733874445
Iowa,-6.093019832895672,-5.848102887121972,-4.49949989458705,2.811406554353401,5.934152442020146,4.11420249452378,5.190754601835571,15.439915356685189,6.309196022780049,6.169018542126025,5.192117618404621,-12.11119222604836,0.5851298398629388,-1.0465220448960164,-8.341203554078119,0.3294022015726044,-6.440417218613935,-5.700873084510468,7.023105909084633,7.001428352293086,4.883801368540025,5.030957507657325,-3.325446415660801,-3.861921238384868,-2.508541108762233,-4.658394056468297,-7.90215184816555,-7.594631494469542,-6.525262746123501,-6.724790012033721,-0.9236294806013741,-0.6406498509549231,-1.1582648629262418,1.9221381709888599,6.892268590123073,7.248223439922788,7.647892959579322,11.185520364089987,4.659228545267067,2.480059675685196,0.5372943310584005,-1.0518014379121117,1.4250767051485596,2.407990242469319,4.6124492016485785,6.144271076523015,9.122841925746943,10.583500687327,10.370866605273132,8.054215234516976,3.398791692788223,2.6024950679910264,0.6697598679361644,-0.6738929685756095,-5.932413745362145,-6.866887636333739,-6.144685709576149,-7.997822108249074,-3.8538667407172054,-2.013076728118287,-1.0201740767901908,3.146165191181639,5.672764417141456,4.380867125620404,4.521726465842324,2.131338960218033,2.4658887541968677,2.953931505755097,4.053667185220931,8.080934966525193,12.936284960189843,13.413524570268073,9.987082721244539,5.329469132905439,-9.08515477973914,-9.388737379702086,-6.875760798083676,-4.210516701546791,15.740919799452286,15.652773684544144,15.667201811619183,13.661325638306145,-5.496145895177417,1.0585633731577693,-1.0436891583731578,6.542829991697695,7.4761506193816345,1.1152001656932558,1.9964290008540042,-3.8089025388868136,5.308448047206292
Kansas,2.7101293342469055,2.7883832620780993,8.653668174156753,9.134506438283834,9.730313100694103,12.047600817887396,6.916622172670636,10.543150440236182,9.063449344142072,7.292613414297801,13.343778972518965,9.934803940933246,7.699460930731449,5.5781772890046035,-4.425657369617186,-4.805476564056114,-3.542957572310748,-3.5518435553031398,6.483235998775427,7.9211058909309715,8.535911270679355,9.003346025783507,3.338604838983647,1.9265362322606991,0.2958122141721482,-0.7243701797882898,-8.226141627563907,-9.691243667754504,-9.019655903048003,-10.190311502560313,-6.209281968993162,-4.549871300019953,-3.8738708567853655,-1.4668160871788298,5.349627317954877,5.076587596738006,3.6301265015376547,5.962794516584503,5.471349704934244,7.048598383291692,8.385005272667666,8.814380340481035,11.161719354597345,11.085813465634562,12.403609300425678,11.650042300761923,11.337548878028512,11.476516590168481,10.073276922727786,8.986325745068006,3.3969359792072233,1.1109875939067588,0.6778658049438853,-2.3395593028799637,-8.266831334779738,-9.688737778215476,-11.844087712152792,-11.974245305912703,-2.606948985576073,0.5391834131998914,4.012326145790494,5.019181977872924,-2.0017365959911064,-2.379245887284171,-2.79550813194679,-1.2154128323063043,4.555445845912728,5.3689948534210705,8.107759681643556,7.647069817383619,0.6141538538110629,-5.854935922801037,-17.37058046499539,-8.357365283966695,-16.412816314797695,-14.400965295593643,-9.17826172696452,-29.751099386116785,-10.51374339815382,-7.90996382908488,-1.5797192577419743,14.84763322567409,-2.0486725491632,-1.2334666172827018,-1.8608790125860513,-2.2393244773163343,2.477970842131176,6.027214397179231,11.106563046667716,24.059828308323322,43.30308862522654
Kentucky,5.28786739074631,0.767041752685388,2.7872234692597133,4.859738076616218,1.255900900287722,2.9457768449503243,3.3365477665387973,2.9579428306006177,5.128716866292249,7.038437906347553,7.765947992747376,6.473097283735442,5.647756589213383,5.176344884687061,2.8628099006471177,2.768427305154666,3.049590912527607,2.3137138493269727,3.6865865375775777,3.306177963748611,0.5050018365106232,-0.3030517107290467,-5.135455154202211,-4.520840057133754,-1.4891469248684044,-1.1076865754668432,0.24783707791792572,-1.1597166111407657,-2.151785688469978,-0.10312636919460925,-0.3473718499561493,1.14209615736022,0.9610677376016591,-2.5289539368602583,-0.6186623746677677,-0.5953335496530887,-0.18766076578769422,4.572934283157628,5.407167118050317,4.5892114171684755,3.4371711680179238,-2.210983565190433,-7.317348147505026,-8.917712014563204,-8.472630545365217,-4.777988982577986,1.4830703868602853,5.636280816147121,5.977275925825765,6.343486889174671,10.338127494532747,8.301906236283333,9.56411993689782,5.588360123167232,-6.029813645329796,-7.68861758992294,-11.299417388716087,-9.199979062297169,-5.7474954379270615,-3.670447237620486,-0.16973581130258392,1.5041271310776085,6.183237054974743,5.703234673605521,4.276586173583564,2.1809379023030635,-0.13099357717499074,-0.34502070352475805,1.5007762495998822,3.097816983266027,4.263013905740882,4.659794484335996,3.2409562657622426,2.2900511474513454,-0.8900945901986179,-0.42499380067220327,1.039204489190079,2.75560501728009,7.792578142119501,8.353641606389251,7.494870423929021,8.302870732515826,4.530616231696164,3.9875721115547393,3.674403249968349,0.06441180692761747,0.7688805971867693,0.1476467226699595,0.2039093281063083,2.523290382036635,2.4525303083810264
Louisiana,6.389629954159562,5.865346913473248,6.549951352908298,5.562540904420456,5.32398069218283,5.362077792795934,7.44064155786109,8.642876044749103,9.984503183011451,9.753291689819516,11.632789446020515,11.634730082564795,11.44191057123493,11.264313957301749,3.624488896022277,1.1456666932598887,-0.32321942206885224,-0.7091864023820181,1.3954842408772823,0.4223462427376753,0.5351547676742838,0.4836966508121202,5.17059496742859,10.633815997740612,12.237714542684259,11.021538714077597,0.9991859480316558,-2.512576951163266,-0.3020855597310293,-1.9503880184092437,2.239995747468131,4.524715298329821,-0.3257500571206239,8.459941279286106,15.132760348380977,14.724287517285095,17.01551883787106,11.095047815207662,5.821201909615293,-3.1933390191768467,-6.058612892758626,-3.535151675536636,-6.59800611443386,10.629347317291153,22.872765027659185,18.60067722470698,32.753313685938046,24.498171713222206,12.51689290990634,12.146975029594747,-0.07061946622389957,-7.303120828382621,-6.046682188355599,-5.650653015291255,-8.522658208046904,-4.578312333185831,-7.017967372408061,-20.00824846849195,-26.512946917020958,-28.570104225255598,-27.906176855997472,-11.651937300428896,4.10604863669664,8.51338279602404,8.378869522716549,0.7981307190450784,-0.642595631696312,-1.9424345435423522,5.020686187610273,9.564649121962349,10.136878548997256,13.700957032921115,7.558262978312266,5.3149937188592125,1.5489405594118943,-3.02958931447169,-1.8494558182457144,-1.487789744807586,2.558209874901915,3.6955208149378542,3.2994944418356242,8.147973089799695,-2.2664504533696705,-2.226266599353278,-5.328904283617744,-11.31167671230848,1.5451197080717167,0.14040918557161688,6.691116242564742,8.49078969150982,5.188010503886209
Maine,-1.2229193008031518,6.431534426679958,7.597477349481219,6.689458341882207,9.253972040258269,5.079490637217853,5.887205846220297,8.782270379567967,9.078590440164303,14.847309635034087,15.169113607656717,20.025814670517804,19.938772038224307,16.333762342771134,15.955088646427809,6.316239866579957,4.065216416721749,1.7386354600232183,-2.1810964881753687,1.4879186180824229,2.2933072648699007,3.61897528641577,4.436743994135277,3.1026887580862224,3.1802000697767507,-2.6042010880058974,-9.156208761420878,-8.256643925090307,-8.64145396634602,-4.9300300810815525,-2.0049515554897632,-1.7757210125870024,-0.9348003310894909,0.6090748151112211,5.478876148739886,7.479751563844579,5.8838706489987995,7.207680610966645,8.869389566005037,6.923590740376253,7.552468354003904,4.6556819478935925,1.449256888561607,1.405222355179803,1.2443099141442167,2.9953600053727363,3.940002353828636,1.4973065943326602,-1.560335367759206,-4.535727985568976,-4.56770106737687,-2.808717517985246,-0.6637114898782559,-1.5924398109865567,-14.627697704124559,-13.940855849676886,-12.009010035752086,-8.522618648719575,3.3293196949111183,4.566137184977725,3.2081856873559196,5.258667309469922,6.778105066315224,4.7729862600361495,4.710624099649159,0.36110649545783424,-1.293874713020634,-2.16921136736169,-2.254959133545808,0.9262839129227661,4.422647341546697,4.661580453883986,3.1154378861846173,-1.8484102439833978,-9.03326669576831,-8.683986101409658,-6.2234140561140325,-0.45979556993559195,7.626070613799139,13.468783297851317,13.66973134375908,9.808812094198158,0.5558335949451463,-5.327490927829952,-8.547526256806302,-8.404590760914196,-2.8626323263134474,-1.667096186286316,1.678469433814711,2.637936979748812,2.235405253540526
Maryland,15.315418208348355,14.026358720786114,-0.20659585256255927,1.7417709943704724,1.7861202292760645,3.527030942131949,5.162365428921143,9.67159741114828,11.719412020396623,14.676952910827929,8.023551212548165,2.3219910256772,-0.09775304856475128,-3.201425683147564,-0.7813568058241108,-1.3999888117992279,-0.5734455596391574,1.7570775806937178,7.23993000721332,2.5567879399557434,3.3761559919893847,1.7266896202852826,-1.0085544834684084,8.936531308239754,7.950903254857404,5.405715607587785,-2.073517458294545,-7.900589138422854,-7.4625052743114235,-5.412901054836783,-2.5463040725478643,-0.9772495092369868,-0.46087604470358934,4.784214141696655,10.244606609236337,11.525210290662798,12.496836392934508,3.920240359632178,4.157792580521112,1.9702930327737904,-0.36802551988853993,3.6414528757135223,4.621626952983289,3.740940290438651,5.259827648607486,6.474559061392332,5.78553532857917,6.34512103318164,10.979990419731575,8.950352101006184,12.930589434480499,14.79474184119617,3.9355847403271222,2.4774790571666143,-13.442003135798172,-16.610876062911053,-14.372849232901327,-15.482989106115333,-10.467402430230083,-12.281926080555891,-9.679905466775319,-5.673505873102999,4.904208212093613,9.088084764580607,8.243575842907166,6.840561198930409,4.13044867022814,5.363420653346475,-1.4643034931543026,9.85827048988221,6.296115207799888,6.7548670256766075,13.601084972989566,1.5846818525054644,-0.5413693800876175,-0.9525174291959145,0.2821938474842737,1.3818098798647471,6.744646505364462,5.895017513444305,6.802044843084717,7.542650181224196,1.3024193850077077,3.363136130595508,0.6103707730262524,-1.523214862171079,3.9200332994862896,0.8487817276493426,2.3789624941236833,4.967384319961191,3.084533028363765
Massachusetts,7.321952254968317,3.5268319435786224,6.4924600711480025,6.059020963980849,5.559013615812501,6.768360090453415,4.178650795017472,5.055287421655554,4.615084747154731,6.354481062815845,9.860433538174965,10.707453341897812,11.211497946524949,6.985196504041466,1.3902277284579005,-0.4512969870043163,-1.0406937279855346,3.4731649706807866,6.004053473059642,9.215859485784016,7.875533754731913,6.50811494072102,5.92712539450853,-0.23023771265698353,-0.9746526053209508,-7.926030706626455,-21.390587765080866,-20.297937256019868,-21.42389424588192,-18.05526321336447,-0.7882733778814611,1.2170460547070705,5.524309559930867,6.6911325837446105,7.579721075580882,8.439873195750653,7.800951736130915,8.786268338372869,6.519837651512594,5.423419139109749,4.853216288390595,5.417230547599279,4.229979024135897,5.118321881024276,4.390144733792654,4.636186421354559,5.944034887091393,7.938506512607963,8.692959768327038,9.31468063956567,7.338159280285705,2.117475413416549,0.7978311566706362,-5.413322867504757,-17.527668215679263,-18.336221573949356,-19.324770818505698,-16.774033051982446,-5.346779330086507,-1.1484305172705989,4.110750063521753,7.126969188817707,12.122564940864546,11.746417110658133,7.392750577520591,5.466358774962596,0.06654231227222823,-0.9149592926403778,0.5750414991999396,2.3504101119406693,5.94591246801971,7.553547713508902,7.34318668042409,7.247163641253061,1.4402412612411706,0.3991639402379465,0.9902446642191173,2.869621614192612,8.692598799063509,9.268040443520873,8.651234714003754,3.3757564747289233,-1.1296748730640953,-1.556056980592411,-2.0555307269733856,-0.9147286553260591,0.33470105027430924,0.029200669845027123,3.7727946546442874,6.450304999283915,7.959892537734918
Michigan,-2.720512456203446,9.83291940063246,18.686077490935244,23.773856875316362,30.83058026154904,15.732388079024643,9.244530398087017,5.91492497713911,2.836069339875015,0.5390821744963384,4.295207257768467,2.4969995102747315,2.1947262073366343,7.411906091676132,3.5749543885280524,5.513163361883289,3.521082816406755,16.85667538579422,17.37253239338151,18.229302395077767,13.452127742203457,-16.876197755013784,-25.096832807163167,-20.24544671901878,-18.66284086849226,-5.9407720941360775,-0.32294186488194093,-11.124213997145416,-0.8302390441684968,-4.441662666170838,-3.5033782600469445,-7.162197670574637,-10.120630032242918,-10.509527245726149,-7.969015473963907,-1.1832420131065153,-14.262346744210538,-4.996577222638097,-7.682495684569404,13.67003353401449,23.826588414612203,13.208886993343372,20.735190067368077,-13.136304791947428,-16.505591608202007,-7.906147325002351,-11.349133068203601,1.0771086779192285,6.84654965049381,5.132802938892646,6.782366955876459,7.318633679426117,4.889630028603005,-3.4652197739085637,-12.367257757276896,-18.60153225453245,-18.851685274340568,-20.10248693169767,-15.226434962929153,-7.033416783946465,-4.279186381922927,7.367155267555639,12.578685439168844,12.85307919896862,9.838084960862995,13.35990348369005,5.942698733875548,5.4275455634387155,8.450423680700258,7.038667797301745,19.030093813599994,15.582067347385609,13.16121126327773,2.6082227504950577,-4.639922220504608,-4.679852543695859,-3.7163641672669856,7.0723938381242135,5.139025880938311,11.73629516864434,14.420054517883024,1.9680300837182598,9.781051049625585,3.279078429902254,0.5713857544790505,10.947392600072694,5.6523449805709145,0.22071996575398165,2.7864053655172616,-0.969637767452662,-0.4245868433605583
Minnesota,7.160176370635125,10.273899002740974,9.92635622232764,10.04548745567587,8.154091579807988,6.319244268271716,12.341942603659906,8.968022446315802,10.702011623491009,5.746330357113203,-3.9078023835793405,-0.3641037932547527,-0.9499566247477143,7.868139288760252,11.631058851538866,8.674853405913993,4.165881635076374,0.7668389201214073,1.5632529334160106,1.9751098371072535,5.745344422907936,2.3323113621662386,2.9608405659953725,1.1527611568716942,-1.6924421636886968,-1.9200580573021913,-9.39326468511004,-8.794016147377368,-7.0511359108198945,-9.357473579436892,-3.411714706084052,-3.146033650735891,-2.6412009902912965,1.4991125582103917,3.8876449727284,4.0460096755715895,3.280616973771809,6.84452394319848,7.808915166900244,8.919489951371753,9.43235190507278,6.026964704422088,4.268096943895228,3.2448161696520303,3.511499565700085,3.9555411559610607,2.6718647231321535,3.387516896745653,2.849090027179901,3.4224498689405554,3.6423280466712815,2.830926815145913,2.5808534116334827,-2.6784016714895955,-11.769170203478904,-14.27344163222964,-15.879436850592347,-14.559796317421142,-7.915318826500332,-4.436031495657151,-0.9645268727776907,6.640772984943144,13.46206203328045,14.566532284059244,13.858375620097583,7.771206014346312,3.8219243489523445,2.913702753279249,2.929662257485807,10.349797741646194,14.846363536753588,15.42504261723326,15.986463817745275,7.961847382319603,1.5523454429693497,1.4423056324162888,1.063504157858005,2.7122793122352875,7.040384994105649,6.289787727648252,6.963878026668861,6.383583183386989,2.777618889782439,3.288004447113117,0.8313789809574652,2.316444056880849,0.23965874207810905,-0.9817836459793268,2.4865114142199523,2.8691015993958056,6.031944930315651
Mississippi,1.5011502196997073,2.1782259428592385,3.312268370246843,5.870467668859017,3.19138555530371,1.4116297034103786,-1.7639002961160086,-2.316235956325724,0.8989015193164936,-8.584385464142922,13.736364051322742,12.282773148272534,13.845917284891545,32.1824682265167,-12.989687721270323,-8.040956134225793,-11.155736012384509,-23.151327586178255,-1.892023929123189,-7.00924573723615,-5.9417172190293925,3.1326998756203,10.527705335757172,19.365189263834168,24.290521736375137,44.20539645944929,24.969721823742898,-1.6697793644556869,-11.055059394123322,-25.468575784331364,-16.911330417492614,6.616365089112941,13.167956510121545,18.80771331776688,9.905663215981333,2.4468325243968656,-0.23645626000787695,-0.6733078059555879,8.58322949389429,7.188800444184606,10.258935906054194,11.238948765533086,2.9891396812927282,6.188309926064819,8.094663501901934,7.7426534568132865,15.365929904265874,13.676237036130335,9.591712276674869,7.078718257265535,0.6698020941216253,-2.674787677065952,-1.6336024588739253,-1.3634964316953129,-5.415700547021171,-6.351426212664929,-7.781713747128665,-10.494571969910742,-9.885146405180626,-6.285547473000519,-6.061723308411185,-3.09386387947459,1.2508628611624715,0.36409738019388366,1.353204831643586,3.337979536125135,4.342161367859053,3.7434070181191865,10.393409048432648,17.5500137542665,15.140390374013363,14.821643076970172,5.562061648509864,-3.156446607510589,-6.660563164343455,-2.832865747675519,-0.9562356747829416,1.010183635351748,6.410890160328847,2.6144579554443466,3.5587968388560847,2.778691100733373,0.21644716983658321,-0.40252542748464004,-1.4747951969561364,-2.894313769413035,-1.797282299382082,-0.29256971193836423,0.11783727507195796,2.6630362827664045,0.6127387220477779
Missouri,11.640783624176375,15.569974952985174,9.084400413123825,7.8727808903322,7.654499504624068,7.384906490201624,7.8105853503191005,8.17746137603501,7.933609734451835,6.739732342683927,9.082255706555957,8.988967002373291,7.36586102968399,5.458651976149499,2.8552831140481976,0.14646429905368874,2.891122407477376,-0.14707604225436896,-2.311926478662216,0.3917536104632288,-2.3279949443388555,2.640969876837196,3.9308105710014094,2.8516240650299127,4.691116381580327,0.63496191314214,-6.812390580765844,-8.331876113370084,-9.804169493064029,-8.033159666039973,-4.663696901369199,-2.347839164455963,-2.483067323497527,-2.0310321711370483,3.3445341460228284,2.087987257610906,2.323126056649772,3.095779919701651,4.722336816481949,5.30467631134253,6.761584216279699,7.488074755563148,7.77740273209019,8.382447499926673,7.43066455653035,7.138483813634434,4.857838058386373,4.740469153197938,5.018977044697897,4.6130445861594875,2.093412320801054,-0.14140110353645066,0.2969539731828027,-0.14322464120442935,-7.959389494296001,-9.002203558031669,-13.750646302653937,-18.70665582511958,-10.170896904578786,-8.005765709130634,-2.56270000981194,4.523132835153099,2.66869747261594,2.8219071598025356,1.3261273186272327,0.9924993763886822,9.973106246194021,10.785243034140757,12.288790829914031,12.903792720100935,3.1360209528788765,2.9045186152880578,1.9415122176837794,1.0627946707849125,-1.8794037881363639,-2.083998119624926,-1.52492609972807,-0.6585930413823712,8.441937960414997,8.944300299219485,9.119233627838941,9.621716375089,2.1854952371267404,2.4529934759262058,1.0097862602392633,0.6769732881987143,1.8024929927174083,0.6046320535239096,1.0129418226451157,0.21342897765698546,1.9214685095719208
Montana,-0.9322968669212889,7.348235642268001,17.88343493802787,14.505525603463102,27.425091964013898,10.652906786480411,3.2242028743290922,2.2569166343835074,-4.892965412827807,6.649951801101267,13.951557621135763,13.05096256669566,12.077323898014123,7.367874772613516,-1.76724911447486,-1.9170794873707746,-2.108564746467844,-2.450786674316283,-0.01881085812568029,4.651260354064553,10.019503354729784,14.332739980313885,11.173262468334253,6.8642833772044245,0.8425903123796868,-4.4478831152194855,-8.715558375488119,-8.308815453457003,-7.740324454254065,-6.0619424903627035,1.4648885756321015,1.8311321812467034,3.9608725571688757,4.424464826311462,10.482315495252294,11.815999971431047,11.63478937816769,15.866448536671335,14.21874566769179,11.50649935529286,13.44954115140379,10.559182188638493,3.9076130341392417,6.002259622052975,1.8405429709325245,0.7201742663463259,3.381780986500507,4.894460101112781,10.11731201099219,8.066929684805931,2.7476353962530826,-0.9153345032444027,-4.214556898033682,-0.9115097494495146,-5.908235515099006,-8.729028541086926,-12.95714294442071,-20.12607832533893,-14.566584980592042,-10.693788006654744,-4.105282688742727,5.0169497666881595,11.341421173374549,12.8004573989023,12.057226717682234,11.846638776734489,7.799350753741835,6.372257771285729,7.24006193937213,7.5381181474206675,14.304491013760137,15.044200553533695,11.46252199900567,11.213154960419814,0.029297778623885058,-0.2734571671063113,1.3921398059396324,1.3512537655364245,10.251511096883489,10.038344428515547,8.874929889136547,7.130552859720717,-0.5215735225172695,-1.4230513767327158,-3.1250803134705936,-2.518533419118714,-2.1244471990720557,-2.159863315994998,1.6663664457719698,3.5292229312634684,7.871205175838501
Nebraska,0.65771189615494,2.385598879392867,10.406141987462467,10.034342926716056,11.358366494402796,12.860223467916654,8.483787106017884,10.230766956662768,9.081205542628078,6.738046356326299,1.9504508096970685,0.4389232377873583,-0.42857801966097653,0.011398727405209811,8.130431279019817,7.742334183364583,8.049543311533208,9.42753054649689,6.467632155832133,7.6441364735835124,8.17091056017013,5.549921208806723,1.1165928175296558,-0.11759016833567153,-1.0585239682665422,-2.658692380708497,-7.597566485884752,-8.288085307165014,-8.135226916508504,-1.1186165870777873,-4.648410703596925,-4.231143914922518,-3.1809083320863176,-12.986749896302635,8.22137195318331,9.710425248753687,9.07588118913455,17.82817687691805,8.855397481333805,8.41802621977695,8.504523754002697,6.871413832621539,6.819303387392095,7.034628240717314,8.222978082510622,7.70784060535406,4.084784236291675,4.856274049518749,3.409076081407693,0.8826157200693003,0.8066808613392288,-2.7745481834512247,-4.698022740843568,-3.1116358387272474,-8.418031153727824,-8.148551786984239,-8.379262056779964,-9.792614899735263,-7.517056309522181,-6.0224327407694975,-3.193711679559678,3.2210201415718087,12.760223530388496,13.795528123666905,13.044655203819671,9.938621710354603,3.8560145193468904,4.216609718263999,4.186618794693758,2.5507198735148155,12.42231825889148,10.925489478330332,10.991232775479173,17.40454349565705,-0.5018625885328808,1.2794182774659395,1.6744098847755813,-5.179002734443484,4.721477375370419,2.841630475291048,3.0947983186339183,4.232304785598305,-0.516617288011059,0.3879262233808484,-2.0163001899861435,-1.71497070241598,-2.399331849128321,-4.324543440031363,-1.5645526530746376,0.28179905087635604,3.497609422007518
New Jersey,-16.86795845636553,-11.659163987662083,1.1413788160532004,3.044843313639051,6.814817799056853,12.963828673937616,-0.9216671288638817,-0.14192818995280226,3.4616381267261813,8.810835716103028,14.070368096283078,18.0895325819506,17.633658047341232,13.757937598337284,11.141871771660258,7.298317489857956,8.253987429558457,6.8334567687566325,10.588302579913377,13.181699877397032,13.949191545707523,15.952712607980365,7.281075873517071,6.429417225014521,-0.32816146497045906,-7.991121715310062,-15.782205985623504,-18.81327737708437,-15.77013365177825,-13.15755201348853,-3.6201953664681485,-2.3009375290308567,-1.376544768381904,2.449936064466615,7.411827516622199,12.711640709221719,14.72638131548779,17.376500403294152,25.02552982242689,23.315465841616206,20.280043711298394,16.79033573410803,6.143742400682046,2.5394744977557138,3.7333739206017618,6.564475059754314,8.782233495199733,11.988082025943061,12.293290128316778,5.234237941537496,3.4792927825677946,1.1551296519791765,-3.0012729216767093,-3.3213311908240515,-17.626177071923085,-18.450094021601167,-17.123473065361445,-15.268604778278824,-2.571760117014834,-1.808955228199813,-1.2047804155023079,1.3951823793613003,0.6481739003496898,-1.0330258913965153,-2.2236893759753475,-3.0757726802853704,1.942362680035547,4.759874161844826,7.316608702047462,9.09483422239527,7.039594369823582,7.679834819366148,6.797120205318727,3.8982259423367167,0.04366108554719892,0.15140896511655627,1.9126179031728001,2.8859028953741395,7.068939720156867,7.326608337791593,6.152047211814773,4.257159994756805,0.022715891354604927,-0.9520871309020074,-1.7946822485698355,0.6096532617639849,2.5548671371882463,2.600404702710838,6.019806123190544,6.725140500848871,7.148399042753457
New Mexico,4.101534367515136,6.348413450979999,10.418095569492339,1.6226372946145127,-1.036456382739189,-3.164764415899149,-6.5414266321057495,-2.8342383691072044,3.408892682860545,19.296492479122612,27.11310475401693,27.909295433267907,20.608369514905373,4.61871802836364,-1.7294835416109033,0.41373277537613457,3.107290599335112,-3.7544948353437206,7.078093703899737,7.742920811599713,5.308320254589276,20.903791438110876,-5.429302729624849,-4.850569008786495,-2.3243878459684812,-5.570408089875009,12.287389174756207,3.6733240573648427,3.2665706196238937,-3.200494328465476,-6.636274419730361,7.105540711507905,6.1001446713006695,9.396888461070438,13.336134853575029,-1.4755159158573612,-3.896085049881138,-1.8662671087755802,-1.3065930670751247,2.698746296650745,-9.620842599548302,-4.877926542340126,-9.452087022833695,-7.5924367800591215,26.93542495505029,9.867199734776792,10.827803386998703,14.220137843590086,-5.4568844797879885,-2.521389561746218,-0.8311699346466392,-14.290813833153724,-23.379162529941862,-22.58037149729624,-38.730067558245366,-16.81005529619753,-3.413131942173231,-5.060160437730127,33.96012092554254,-0.655397131783739,0.07791827206825533,13.599666663505763,3.637202966455808,16.038741142038873,14.05862064431352,3.1369696157345333,1.573157664536958,0.9589651411963827,0.6154003152253417,6.098887205495936,6.625448865689205,7.212726766265087,7.265842475893898,3.518492280621522,4.650098382405465,2.903530491419103,2.681716379786006,5.021816873500558,1.2185899054111988,3.949866674432357,3.0417880860430544,1.9645725164923835,-1.4395943312500943,-3.1612227788192837,-9.663059050270885,-21.722123168809933,-21.92257799641625,-21.575303522520066,-10.465213971319228,-9.625111239906506,0.5916017896344792
New York,-4.039362790123574,1.0460403022375708,4.898125039651472,5.048533229602256,4.859621341002833,-0.9807189911001676,0.7302083269400255,-1.3711428388972138,-0.9006156127691484,1.0918776266207895,6.593389640629009,10.126115150894739,11.32374981923748,10.766722516956948,7.404478922945648,6.637013327955396,7.078361667641815,9.830675845649678,10.730193925481156,11.515993744824343,10.217597544333845,10.242095315864864,9.711486423297098,5.799324323764542,5.1073025139658075,-5.362440869465022,-15.67520231468064,-14.606330076554144,-17.247048372702267,-13.24946341807342,-7.533062594024632,-5.534574253692993,0.05222208417122215,6.6250953205786836,15.32534128085214,14.632799370765753,13.218536771725226,10.74463046236792,9.328096366742681,9.496300220108665,7.2445223764753415,5.981066081637311,5.733507579271425,5.271070036554226,6.065806920226754,9.030518751461724,4.901874492668116,5.544034456971443,6.039223609187592,2.326565948567479,7.9172974122295345,6.1509747899580836,5.204878813471586,-1.8368300942802964,-16.260748767282685,-17.24538588508858,-16.708533204703766,-6.00797248299957,4.7512693030290345,6.956977222011634,8.120585766197866,2.4989285992264425,7.864673046454475,7.9333433415098575,5.841205300404161,3.748553673198652,-2.9188874326586585,-3.2637181720013313,-1.7357639067880755,1.9005064243967817,8.671733758349427,7.8825686789721825,6.166938337080497,5.358675820911329,-3.117078188696374,-1.9945573007727435,0.7744083780471879,0.5658335394101591,9.081129180592281,11.040108257841618,9.720556978650635,7.1796572377341,0.6771789037987317,-2.4910224815938053,-4.634257546780429,-0.6007977081697393,-2.876349372631811,-2.216217296481484,3.830342828991266,5.968992051584211,12.025493397420634
North Carolina,6.1019917619193125,2.3187886252485916,2.8353651639401183,1.310883257981933,3.4080379017337092,4.742322281650042,7.679043337572939,7.460015568642257,8.041845592393205,7.834875725284675,8.485429108896403,14.992712961733224,11.83051858215119,13.591008724910173,9.81354421001075,3.797566366906493,4.460822068132144,3.9617497318095376,4.015815226413126,4.454317407057626,5.038780904345021,-0.751654434640353,0.9394839736526303,1.5057449349943215,-0.3714553110617396,3.0404424723774097,-5.091111373356175,-6.499697720150451,-5.7911660873363955,-7.2299916794857815,-4.470652712472884,-4.2779604759540995,-2.8839522763266285,-1.273494976915738,3.619137703878905,4.830486482285769,3.311035205805124,4.659239934142781,8.870516535534472,9.76946611028201,11.249123545991361,12.040771186002383,8.22445653009857,7.781322769904205,6.967254592089628,7.322089077222524,8.952976430261737,9.012059274396487,8.494273789712283,5.679255710986497,0.10461702778907257,-2.1593644808688266,-2.275125310425186,-3.718402012346944,-14.155619761684695,-14.352760962842236,-15.949260114730663,-14.455058865574607,-5.327045519860287,-4.694396856479482,-2.1079511854032873,-1.2612329136718592,5.919978543284792,7.59894414602378,6.725341384034027,5.982988753211617,2.2126585267079,1.9754112914191195,2.4152308528683264,3.092430472949439,4.821024184611407,4.38178440771306,3.837091911120287,0.3736954096664419,-7.522260047709898,-11.408817945436667,-14.032046000096965,-7.357306312555681,6.976339225262951,14.316420127247472,19.64050537017145,16.829416016794752,6.794198068204017,4.614530284737735,3.3572625041937476,0.6859738063535976,-1.4614473618708588,-2.830785990819303,-3.483224738483373,-0.5117080441332946,1.9808288593337435
North Dakota,-2.7707493458881145,-0.05101152376506384,1.2681969556842037,1.1515263965348803,5.158530740355269,4.3802190811888195,4.337815764840784,5.031147636203592,6.937994949471146,10.32686480517305,9.076398693815893,7.864418208518939,3.6190810500672943,0.6327788953728579,-3.3637478068267335,-2.4634937477618792,0.5469143589553705,1.2121650857834447,7.970082621500714,7.030558994299358,3.0046214654196186,5.3784533389339595,3.4850598344653307,3.123514106369297,6.912215942856363,0.053644000212157365,-7.60418242704744,-7.851819336809878,-10.075578744236465,-8.859717497706805,-2.144800548814942,-1.3143368043026726,0.19376580682062572,3.0047921521708454,4.604221364059499,5.401862604455947,5.002483134470545,7.452513238835273,9.774511714103399,8.867233423658472,9.972126807538013,8.087748096197632,9.428089185086627,11.763996260878628,10.25394007938666,13.337807289542262,12.312272137235238,10.016831447671652,10.92177196598873,3.4807295956821234,-3.634281689842292,-2.168822417617278,-1.799712591178744,8.06242507051736,15.945691173788884,12.519815147983696,8.12697699114836,-4.021105637363095,-18.980052768458595,-17.843198805574808,-13.280817766201666,1.3247195853743894,39.402255364770724,44.00107173950104,42.75709904064251,24.0275926173884,-2.7498015956066153,-5.2520363119359885,-2.3101254479316236,9.006574497618317,46.022690964095005,48.685455229655425,36.94184643107195,23.133273896955906,-23.58876459901281,-25.72909495473733,-23.866450768420133,-15.678704622929363,6.799761967405635,2.225226764058163,0.9785936024416634,-15.690774207578533,-34.964678463700196,-37.24019648772629,-38.67242772748476,-33.06086650022474,-10.558715475299735,-0.5718136229198112,5.693040812186402,11.394862209911027,12.41546199371058
Ohio,-2.0478664855033384,4.7816333617658335,12.352485034297773,17.34403302631869,18.157024680966796,12.251574492775683,3.533228990397763,1.1312221103777897,2.5859759703533416,1.8615087494873925,11.968522517695353,11.913731481069046,11.598051940438605,12.017074221376792,2.3465087066603894,1.759128146560787,0.31134038851218904,2.483118319204245,9.954125170682868,10.642042500296132,10.017469165344266,5.361195103400177,-2.6330340801167744,-5.3203414018522945,-4.677314850895249,-3.886686896113065,-1.3845842310635823,0.7137546954819468,0.6881935928509146,1.865985532858389,-6.997086512378625,-7.910436278686042,-9.041690275984537,-7.870318374575,7.507841340129416,9.335386435017012,11.83596127572766,9.46511583853255,-2.6266052573449006,-3.5819905582648053,-4.957722339691846,-5.728075122369278,9.164686833119081,8.06654183098082,6.608567323867912,9.223421247435065,2.1478935350620123,2.491924339314783,3.5529783026517583,5.474420323619931,2.990457673993386,0.8336101328759229,-1.064781840018964,-13.848865675499,-25.856983150016454,-26.581342476762597,-27.364063232898644,-19.794782921767887,-6.105196427763415,-1.9840543454641326,2.5062807661733437,6.528571496945699,9.478661385988708,9.23197847675838,8.265338480120828,4.286783620343904,2.6484353379813736,2.7790636658500043,3.3128614553581266,5.615249522768361,4.279347635812689,3.828313998357099,1.8617734024940102,-3.688389398168152,-15.909862413796999,-18.06458722151398,-17.35535008061592,-11.652020250981577,4.6575456797229515,7.3380774175618795,7.759620109950589,1.7166283593112914,-8.63989653207884,-10.18195975831452,-12.235134912764416,-10.142301976575203,0.6877507598903505,2.627425071634609,5.122706364110611,8.399909616605699,1.547627099097154
Oklahoma,7.1357654094385605,7.0285905558264155,4.96663336352663,4.862630499580081,6.030139283256737,4.600194245267264,4.617474065218364,4.928331758580253,5.468027818583413,8.691097293387147,12.769038132102157,10.349144842494251,7.578891240346223,4.687747491711128,-0.2419951704240776,3.721862971644732,3.5081210670654346,5.812532641577558,5.063514857136994,2.2933589646395585,7.67156550845626,6.475806198697848,8.084396008562981,7.94995338842388,3.202415797903282,1.8913835138540713,-0.8170737447945452,-3.8030497260912837,-3.6479492029629323,-6.257688429180654,-9.637435121041547,-5.093568096100148,-5.001076692953087,0.18724629264147866,7.869852207983009,5.7186159829088385,5.96955810161605,5.637012444480766,4.113611703115643,5.177715884503043,6.02799838347953,4.560500475685991,6.624422956586439,5.66005405196476,4.304000652401773,2.8898606835758422,-1.7009145006873994,-3.6979537523160446,-4.550694794242373,-4.015315457840019,-3.0104678578964705,-3.3611850783988393,-2.010094364534862,-5.418780451700283,-10.364982575441587,-12.180642297937556,-18.353454263563638,-15.50251509042568,-13.566104713685508,-9.732652924391022,-2.230628425741276,-1.1519792306545913,7.039888568757139,8.25179111731548,9.868320172113366,11.175614910690902,8.9011123560416,7.404211152296276,5.711191468552259,3.991777902423991,3.357452462081146,2.6043592908699114,0.8108224544287612,2.573866414941662,-0.022297486042055004,3.612262081059897,5.6132284331174676,5.849877490437757,8.987529444196692,4.736598184156784,2.7062837552897,-2.196518034172057,-8.454350229069272,-9.638928728175769,-11.327613279563352,-7.234732798869782,-2.5578166139063594,0.4639104654681467,5.173605871141238,5.822189287607593,7.239825855006581
Oregon,-1.092790144987873,0.9034148466834948,-1.8162719399303102,1.2007210506484616,7.049060546546908,8.242541461006851,12.806438351663346,16.034037007667155,6.712021655885706,3.0416502315375067,3.26761272635609,-3.2033193170806906,16.37770797157906,13.437021562236495,6.042492319875955,7.886457204104196,-7.867723032975735,0.966497143686546,9.04872342579587,9.028930799364353,17.361785069606317,12.299500883093527,5.622106475824982,0.18147772762078201,-8.774883674242446,-14.16521512900476,-20.570684506130426,-15.394227649222778,-6.052253328863424,-3.642175666899022,7.194363040764848,5.460434625279063,1.0369418845378977,4.925283257317457,3.7787451515962136,4.401207495450023,4.300667409967178,3.4647212813125035,13.58572926189757,14.35801400618365,15.199077218426277,16.316087513254125,4.390896779374026,3.1283232451834424,2.4154170563838293,-0.7820546432676646,0.6793044893520592,0.2556260498799261,-18.696139657396962,-16.97264744928487,-14.578966843765754,-13.406206999900395,29.927188571580686,24.867130888270907,8.161502982789557,1.9832492665047454,-21.16486020668055,-19.860419559917844,-9.8032724759574,-4.846105218589544,1.6016027535769712,6.600509729724095,8.772785039426081,9.847219133422941,10.211569821876958,5.654615935728479,3.1176028936188818,2.266640285003673,2.0534688559794416,4.0461981576598935,7.086764155662782,6.139845766727616,5.4691444502071525,6.299807858436904,3.1830468678411834,3.560042389872104,5.145953391351665,5.654714465709563,8.616928494298643,11.53648485248093,11.562245805053982,9.962946180374557,5.043805769036499,2.122194073110688,-0.37270644295112054,0.9242543237115893,6.4821233405507845,6.923880517356708,10.204494645924774,9.100537630520634,3.3627262608639303
Pennsylvania,1.505673613912056,2.7316597381458014,3.0460287786039504,1.9277963394976882,3.4780395994150997,3.147344438102831,4.004997778307498,5.315288511993529,5.101988498419129,5.702712347974588,6.197102499906692,5.703522916308856,6.097294998816473,4.930182767452577,4.536765635814201,3.5623704068176347,2.1067898110519185,3.0318742797846734,2.6000855313163616,3.675668819814119,4.168883334184894,3.6586112406277245,2.2090069487146513,0.12125821995010641,0.02092207054666252,-2.1777131455742347,-7.439480574851129,-6.9491143821491255,-7.97714572236424,-7.306119692288865,-3.194004812524183,-2.375206316630048,-1.0861494828602178,2.2203803243051703,7.337499635980471,9.699683798646928,11.587282732606242,10.523432699420434,9.868780233242088,7.960242426040217,6.372354430404756,5.776176541825471,5.015256506648647,5.297867047686328,5.492347281422594,5.793682405443018,5.981419887784313,5.068731773458069,4.696692571874292,5.369580626267611,2.218332464577652,1.2699969528241757,0.8840515214630269,-3.0205101427987433,-9.286394019851512,-10.249970903670478,-11.667878532479781,-10.731772896758855,-3.088355633861697,-0.9176213570286215,1.1872805580229235,3.744039423779131,2.959223855736625,2.4793838901284273,1.8386989530640294,-0.6994276620930946,-0.11296863788112352,0.5576933099036194,1.0317764406316168,3.501917435420466,4.8978835021593286,4.485139027761908,4.109694748021647,3.017897238856002,-1.275501619318644,-1.3188900468396827,0.1648672211589797,0.44270506365529416,5.578022406846143,7.502663706794877,5.825108917135302,7.432361967676937,3.1375301150832002,-0.0013146927696168766,-0.20421537406224632,-1.7155526715257357,-0.7841759917593217,0.3107147109013449,2.0432716925923025,3.2013413342484522,3.730217290421156
Rhode Island,-1.0835994701205254,5.750670557102968,6.480047646415827,7.706301845974559,9.882555250603065,4.9385484060472,7.138281761419023,8.493455212279837,8.736734413312359,13.746265985689835,13.143168064867675,13.380347655307142,10.944892890960478,7.29326751360299,1.2310945439219563,-1.5082446791108384,0.2747111004331488,0.6879150618827432,6.243181495981352,7.912307651444225,7.830086962093008,10.414244632859253,8.247996399932319,5.170381006393987,1.671079863870823,-5.205304460741667,-12.69318947790356,-11.039352559590476,-9.210850780514216,-8.080341833995698,-2.1104341634744133,-0.8570088206874463,-1.6291313010458595,4.083136523653469,6.785322316964969,7.539903220161405,9.768311453189984,6.840609158912871,7.654799462744606,4.394606586860583,1.6147886291308435,1.323028200549004,-1.5502576374066577,0.6785004595177317,2.6657362430501976,3.255819562176477,3.675447042464576,2.0073498184327,0.6504972862019098,-3.504810338773688,-3.0996566153205,-4.861513258913435,-5.588266575363686,-6.187939966435111,-13.027898346728195,-12.210806602782327,-12.59188049865407,-7.520506959463129,-6.18069491242363,-3.408310385695391,1.0381328460539363,0.2640949028699755,10.348597737766212,9.972572375369117,6.617056780962098,6.783352171416554,1.297874241285862,-0.7213333565942526,0.2668194540672982,-2.235883991426001,0.38339897578526216,1.7330372377053176,1.7779651004444108,3.5564896844509595,0.2486598202444362,-0.024908898806157858,1.5548023050277657,3.141869084443171,8.65851341619233,9.826697459914389,7.17887627566899,8.188252845772462,1.0647522998658616,-0.09030833324438566,-0.27808791144695144,-4.341839244054629,-2.0981017755423674,-1.992285256321034,0.6606665607802809,3.690791065432275,5.478483137935654
South Carolina,5.956095393748157,6.971495352359192,6.547504624718973,4.968573089749275,6.128805683239391,4.248501774343561,3.6786376147318376,5.700208191211935,5.234421400396896,6.321823545746497,6.009848997501756,6.978990047913482,7.940518641455014,8.291607362896885,-6.373407013283713,-8.030289280099801,-7.837964305527971,-10.781248072654877,19.540246211812338,20.460174013377145,15.66294349846046,19.72684198778145,-1.1389012497172888,-2.860508700417924,-18.016892812629354,-22.139179225615514,-23.31479248861806,-39.20086421580394,-26.300243577597264,-27.337088900840346,-25.818450630074093,-2.7661599492564832,32.657755767319685,47.560144873295314,61.127673190199395,49.82221458710126,11.316320117905873,6.3341930067541785,2.234384582358992,14.45420496698432,12.556562975101382,13.397745268313813,15.62433899781862,4.863024391001045,5.902379937309604,5.059203460814684,2.412286609190436,9.40528281378395,9.024217351127445,1.6108092028228111,-7.694603117402492,-16.26061790033521,-22.11860790827674,-20.76278992986069,-25.899020448257737,-23.986318947658113,-19.618584932926627,-17.94067745979315,-7.323352126371054,-3.506467034148787,-2.021764348089447,2.8669472765795745,8.364058416330938,9.4987626055802,8.058546725137285,6.7673479359655415,4.914388393963059,23.63933463335444,27.095237690142415,28.38350539830757,27.18062718518072,6.297740678460012,4.132398680476328,1.8119581931889424,0.2869830700918245,0.9212840166596441,2.9769126152193954,4.8064990139076595,7.810830768193509,7.722125064309046,6.442028817807313,8.770318482207092,5.098353157124979,5.8922175489651325,6.765845443116721,1.44530700594146,3.8778139846810755,2.0098860781857573,1.694135832826228,4.884136470734592,7.669527350991125
Utah,13.04623329892573,-6.769691166709824,0.6855797655348993,-1.0996253003261267,-4.124980521366243,3.44667188122867,3.5553920956187457,-1.223844064949444,0.47228289273039187,1.2463371767336424,19.464617094856752,19.98658754498443,26.833927743030948,26.336453461670757,7.067924287790714,7.512403088703051,2.4360653419735483,5.905526766147787,7.178917306537781,5.695761755727172,4.484112765250801,1.0064957175015488,-0.1712105786767547,-0.10865258559906059,0.07098788998479734,-3.820289056777461,-7.449123592532006,-9.07792721032947,-10.664853119474229,-6.938879515096548,-4.104850645485446,-2.614329258948231,-0.451158754947003,1.1969932730630461,5.234680924393462,6.190708109219406,6.604600994926102,7.1113107342398285,9.424946202852698,9.412556102075019,12.461848634836725,11.503642359568705,14.969730132457308,16.121810477818304,11.795372759117866,10.283509128914018,9.547355244317918,8.431732326077045,8.93860283234949,8.526019976147122,-2.3845372097437982,-7.109425460772731,-13.194674705447126,-10.730504806172597,-11.532827668194967,-9.243462292481992,-5.653973238549749,-8.93279187770247,-10.24455461149564,-7.664308602336639,-4.925522944799704,-1.4154065784780776,6.898068919277793,6.7985305582937094,5.048638212728386,4.050411357846556,4.359345388254475,4.728014325258267,9.663262472396699,7.904459019292988,13.767365312148208,12.142337812731089,9.124675827097056,11.567173026458525,-0.23144959193339915,-0.23618317473480865,0.856967893507605,0.02813014490700354,8.515036437452196,10.426168123896455,9.961845244391029,11.248195475051057,6.095655966742231,5.119186479245287,4.8953056298537865,3.4154883359106374,5.316173523482007,5.353728977267835,9.841244826187058,8.880531236476214,7.868255834927036
Vermont,-4.209512853119683,-1.2880350184007754,3.1644914922791494,5.003520559731075,8.8594365735953,10.458895101289402,11.80511992631292,13.871492153703912,12.915854681996205,12.44406695393645,11.328593469102678,8.153622491625926,4.530864285269224,6.561948574722646,0.6794154923400575,3.711559737392793,6.982693982942371,3.909745379708836,12.163646277166436,10.196338892569253,8.440019661046048,12.94163828916615,8.085420534765603,1.5597369140497583,-4.460180138188511,-15.080969051232357,-24.019077934421,-14.56706676738756,-5.000767385333391,-3.55771124747129,7.639343177393437,1.4377369967355318,-2.2362818689077044,2.3930441201258605,2.2975696245681694,3.3065377552265947,3.283852673981882,5.853357292730498,12.8287365943884,12.258140480672326,10.409173381621267,10.791852891169118,4.612421941774082,4.592351623566193,4.423652248711473,1.8381014845347179,4.223014767705722,4.3486418318651445,6.369889500196822,8.340584636610652,3.5401594383020463,2.4387433732607895,0.4201152404105536,-5.748973954818468,-15.687545709060158,-18.548319568081684,-20.185677915648885,-18.771891955815537,-9.02138181651998,-5.2764724843104,-1.5801822359464441,4.48986660009894,11.312496797779044,12.133364268306847,10.799404807300242,9.297373683760652,4.766493268232466,3.2370439833288205,4.223537937466833,3.7513945414080387,8.86454329383112,10.562844587598175,11.70638953822334,12.531361559945958,0.2146900948142098,-0.47892195888907163,-3.0775426189455253,-4.751875163779172,4.309752162143977,4.6564831407767056,6.481634505992706,8.157801383821576,2.1194474286562204,0.6135506113600406,-0.41587438560128875,-0.08618224541913266,0.21899637227070118,0.9839608833548807,2.756894129743671,1.6246920360309705,7.588515261213846
Virginia,0.5924765662842564,0.29372253013403465,5.942256237563679,6.573048112140337,7.722319878528415,10.474658752340877,6.89619709416159,7.850279064267074,9.79324494015641,6.499079586333356,10.817477209532019,11.488794952460982,9.260668436496482,14.900291726363472,12.17742288312116,11.0724512841699,15.054962307598387,9.354225017315446,15.176375231478993,12.4657039410397,7.554903163779421,10.008284213144888,-3.151007107691184,2.0111181878581537,3.0540814414099,-7.453758184076745,-8.263937975119863,-15.863198159785311,-17.900117786524643,-6.026464885116931,-1.615335494758446,3.7335987792101837,7.657433625472858,3.494421533587279,7.1302076848328,8.18999916835638,6.471247495732489,7.628418915284832,9.23580878248577,1.0566844421309953,9.008455619424788,7.900910189503069,4.588348265942712,17.179613370981865,6.813642234217513,6.450164870228575,10.058376435040367,5.758675991906678,1.71475266355,0.8339148570887552,-4.800447485167244,-6.919034420095847,-1.0186121981572522,-5.776177681169605,-10.310302816453797,-11.912308802876018,-14.671203738514048,-9.960886821117741,-6.6476377135290265,-3.3457609958945658,-0.09874761726196371,1.6684899624826568,7.876780110337318,7.084331293152389,6.393539887633681,5.206101376875337,4.154447099847403,4.3971749127142,4.438999943710149,5.659685248863569,4.930781236301128,4.053257855748526,3.294804716242774,0.5637273622259625,-1.7450655976096388,0.10492804232058604,2.5728327993635802,3.690436281936518,8.641871548920095,8.398682531531094,5.306726579113994,7.173501150159653,2.1238970017740577,1.3333955942439597,2.8656568570354177,1.5354583149740286,2.1303243945162853,1.6844408660363912,2.484295398313602,3.3591320362515322,3.6623574559258882
West Virginia,1.1253293613963222,-0.9726646637525028,1.876822064746573,3.0728500946469084,0.8788441693080162,2.958122706351457,0.6101334492555817,0.276560030341681,4.370315215450934,4.321963931552837,8.244137603662152,6.627444980642386,6.818082769721381,5.45186820997114,4.480545698261089,4.7508218437083745,4.2843938047301995,5.222799464263427,1.803504370498368,3.280402962948569,4.3270540427269175,5.163912968191069,2.383227293348385,0.165665356893718,-2.28423828180961,-5.117642737789,-0.4774292118672286,1.4980351799714295,1.3395381745971169,1.8642230961678428,-0.04047441825138574,-3.015118707679561,-2.2250182255679873,-1.9735260046620258,-1.1169156060113228,1.1377928444889955,0.36415337324390973,2.396393709195102,6.326003227436354,6.667118883245347,9.392855696825675,8.371707838409607,6.7865047341002045,3.8501703170974335,5.037208648113152,4.513718497563006,2.195966706475888,11.087240510878251,4.846263914817812,6.386790854907508,7.657549579424111,0.22538519779393304,5.088889269124462,2.301080723079823,1.359833908989643,0.6714308811705141,-2.366242705101367,-2.4226570658444824,-8.044481394155772,-4.761015426115153,-2.8107885822432657,-0.1303496500071697,7.8638906160818225,4.549281801674409,6.831423807479167,7.936611931986118,7.053658573296406,10.297736052689352,7.433418189088307,3.1891257425876147,0.6918884908252728,-2.7819106262341737,-3.556383733399058,-1.9276124319804273,-2.9525895857693882,-0.4307569604299277,0.9073581926334322,1.99437859786968,8.415669667366865,7.033938047984398,5.868149673089555,4.071208959202007,-5.156525103069017,-6.100069689144217,-6.507802151308631,-5.559797995400648,-1.6601422007507836,-0.5562272446108072,1.2940229929304399,1.5200665130480384,3.156461533133612
Wisconsin,-2.691608898740413,-1.8923312426746368,-1.8535680672294563,11.821251745112987,29.77851682461497,46.86570261132953,54.87719929109039,29.85513109664581,3.9456805442117493,-12.787862623651375,0.983104650873038,7.212519467074055,16.816253648629658,25.024470023296825,1.113976851835574,1.1539287947200607,2.230887207373299,2.2328408377914206,11.46490421404921,9.670439660815783,7.779009819404606,-0.31353454943660763,-17.545010609715696,-16.29121981344659,-14.709467052550036,-8.983422118741437,3.6357778314766054,2.4309448579608555,-3.3620945139900207,-7.8454375984508555,-5.149427108816824,-5.660719675361532,-0.40463557388355237,3.1112015602110152,2.394848581438762,4.338728089551973,4.261580021958415,7.020575450815459,4.077829589336767,4.117362146002945,5.42739667226138,3.8637512435158063,5.085626942489195,4.354559167831907,2.969625858274565,2.2054869250984637,4.5119622224526434,4.9077561518553345,1.9511943801682363,5.1722529331424205,-1.6295952509550522,-0.6812383674480417,-0.17152799812008915,-6.22133248116,-8.68916730910672,-11.514339271087119,-8.832887785868254,-10.998538775342217,-4.00479454358055,-2.0160694772491574,-3.4656752411629688,7.774546480508746,8.696571632357681,8.73403744262083,7.592925387946448,1.7362917432828362,2.27621986080226,0.5976867563322176,4.810507095999025,6.181810222013348,5.1429128384777,8.701282103892279,3.4688479845028914,5.261179650773843,-7.444878277541096,-11.072115938755072,-11.568392154200081,-10.526924180891967,3.3335510557199037,6.467330782846492,10.272939234535393,7.353759741850448,5.147529189980373,4.470635913319178,4.112940656377528,3.9112823725158794,2.203763174215818,-0.5964344188777431,1.5628889162055075,1.3941489001171543,2.2390812830387516
