state,1995-12,1996-03,1996-06,1996-09,1996-12,1997-03,1997-06,1997-09,1997-12,1998-03,1998-06,1998-09,1998-12,1999-03,1999-06,1999-09,1999-12,2000-03,2000-06,2000-09,2000-12,2001-03,2001-06,2001-09,2001-12,2002-03,2002-06,2002-09,2002-12,2003-03,2003-06,2003-09,2003-12,2004-03,2004-06,2004-09,2004-12,2005-03,2005-06,2005-09,2005-12,2006-03,2006-06,2006-09,2006-12,2007-03,2007-06,2007-09,2007-12,2008-03,2008-06,2008-09,2008-12,2009-03,2009-06,2009-09,2009-12,2010-03,2010-06,2010-09,2010-12,2011-03,2011-06,2011-09,2011-12,2012-03,2012-06,2012-09,2012-12,2013-03,2013-06,2013-09,2013-12,2014-03,2014-06,2014-09,2014-12,2015-03,2015-06,2015-09
US Average,1.5056090347579887,2.993123873171356,4.064734986547377,4.285994654532157,5.026239916938517,3.9857603277803895,3.3824093608504247,3.4586928824276706,3.02571437553207,3.754013681665256,5.427844067268629,5.400876830056523,5.901307046087092,5.125065411661034,2.973651227197183,3.040667487628452,2.9799759177269562,4.549244823931891,6.398664478033102,6.235952516996625,5.304496420143172,3.0429391312720657,0.09570335805533889,-1.0995086551596407,-1.9465270332843818,-3.5664678021247864,-6.04846103143759,-5.590118904909034,-4.672960406626588,-3.2144759104263114,-0.026877782205694492,1.0468137773678405,1.956355641457131,3.7595620031545827,6.024075895923774,5.826129676002412,6.051620972224442,6.32247581597117,7.606779281809557,8.16919363363479,7.665743362383883,6.679806395137372,4.889713272016982,3.9375963363485553,3.5125925845712995,3.3497349627817794,2.472273074880257,2.1396408614509452,1.5231229036501124,0.5432858115144746,0.03217952317462456,-0.6833480031118038,-1.886884861234039,-4.401798673511465,-9.353691770981069,-10.944805363812586,-10.78401118064706,-7.919759063332325,-3.129568111971855,0.08385068887637558,2.882030950795461,4.508153499626326,6.689135124825424,6.075044327402414,4.249564247375364,2.623615432804572,0.9364980174832591,1.0051565638447997,1.9048770986372814,3.715813148756926,5.786316874837306,6.212566949354624,5.88649364883326,3.5460670148013866,0.19556184410652208,-0.0704024101760845,0.4927165827316407,1.9789802322556826,4.903201340095053,5.128307883935989
Alabama,2.626415688509261,-3.2088226225295404,2.22197268920944,1.288278577055491,2.6164632973245188,4.488283033763905,0.058542715843748296,1.2153693952536693,0.8981555518490818,0.9064213383328276,4.05462332573957,3.429833044490125,4.040606576257179,4.049314874586337,1.4716794283225711,2.887146339814672,2.120180683523883,1.502704862525908,2.9838650169987067,0.4561984760225417,-1.058940180993696,-0.854284498350274,-1.5708603927976177,-2.098177350658176,-1.5374062568388505,-0.9654961726411164,-1.7063616448191203,-0.7628592770005345,0.2032856004054816,-0.47282674072752606,-0.6532974711125423,-0.031681796182549335,1.256108252400644,0.6621162603497255,4.579212663289031,5.370816399493706,4.8038583383903255,7.7262149839603484,6.990213054620775,7.484577135240002,7.174762420107244,6.678944241150586,6.076354376224896,5.9552308294140355,6.342613727255905,4.830816432016382,3.3325229982356963,1.5471358606331058,-0.09924293218687144,-0.696580159657969,-1.9209403315287452,-2.0628125392670005,-3.8011486366539624,-2.556805480618267,-5.041400103910449,-8.085084373642266,-6.318668136439509,-8.804805855712631,-8.23309628591345,-2.1128517051826767,-1.9444659766288734,-0.5520949787525917,3.3408017567498205,-1.3920431121827515,-1.5589128132573606,-0.25533630319326145,0.5813524875476609,2.955279506298713,2.6141927827015943,2.2447664750371628,1.3364710102871606,0.6573559935605603,1.530132900600409,-0.2124263344193533,-2.296967690309332,-1.5433267749672688,-0.8157276178675591,2.5628234760160384,4.264796358712325,4.820051930529515
Alaska,-28.254832354704746,-25.23658521060577,-20.68061165715908,-12.384420060215136,16.888783323509326,9.32171643687168,2.906036300370417,-9.350315276341851,-19.225105848177044,-10.057147337588017,-27.3062607800155,-24.818252168507293,-25.260979183029665,-38.829638966457786,-28.739675087779226,-22.731876228437862,-0.4589549621829119,20.543976064554904,47.53717906591714,46.64261114356217,25.31650821022971,21.963640873182413,5.690091624208826,-2.4055691983667957,-12.344972635461977,-17.065562014724566,-25.537827006057316,-28.465866949711767,-21.7931783829116,-16.26717014455318,1.1170534298860935,12.418782612629192,19.533684232620843,22.692459910572087,12.447654206101765,15.122280189125476,17.726025075807566,19.8453098622092,40.04078386102291,39.72378946133766,45.91676922767622,38.52668138981904,21.72800500110569,25.01760051684436,8.22111336040706,5.130975098692604,42.423834082475445,30.800130111729462,79.05985400546018,103.95592038142232,115.00663065748896,176.39295414013992,100.94106733201829,65.06850288391443,-36.11837586564542,-68.3176451344418,-67.10974649939419,-56.10484207489328,-9.55017096151658,30.108480328916382,25.104239862705697,5.290488597811438,12.50885649289273,44.21881719456462,59.5574705400472,65.40537934355658,32.07507862813528,5.078717680802409,1.0969198222086773,-16.345175776219985,-28.288782993845444,-25.269381804382167,-36.9788789718834,-40.40663350218659,-35.0511613256997,-46.74050965084229,-50.647655558606886,-48.65446479764141,-73.6475660122397,-67.32849989470276
Arizona,1.3404570543814327,2.48275519492187,3.9613811359071596,2.7556718734718397,2.2606011991489843,2.192946703477076,2.8192668792413245,0.4356075066849433,1.2048543013588169,0.9955888599204524,1.099835793838733,0.47699191168964195,-1.0487816409612443,-0.7616662100199212,-2.6234364995576316,2.6709857580649476,4.7082136836260045,8.612178724588935,11.009027416831806,10.178722692215871,9.695922559048718,2.593463952782565,-0.1529959792012775,-1.925383135122154,-2.4237171752273055,1.394873110994386,1.5203734644665572,-1.0277143586174633,-2.8651155657666347,-1.8941582808562654,0.12667852643403474,2.9657160479520734,7.102400937881605,3.602512000058686,3.5622046348632272,6.896945756073947,7.836936495439847,14.14698105840354,16.26609147205728,10.726766889501754,6.358216392900988,-0.2263041742143806,2.5602454384594004,4.162261924292196,6.367843486201717,9.097150026096196,1.5191447628582975,2.8771503202702484,2.148289601546972,0.8573462593751098,1.3448668645180553,-4.06299104200776,-7.706164571039599,-10.875228757246349,-16.518337263673672,-15.202741768725833,-12.506707099228482,-10.429223211256186,-1.2519611672992685,1.4040014917193262,1.7137177752868726,5.577788998616403,3.9198830892529117,1.3728745155303135,-0.49952525178046703,-3.6653999805392163,-3.6222092830418933,-1.8640880167810074,0.29511236723691536,1.7154242858519142,2.9027618408456326,3.0598330105728193,2.6401874059833137,4.549493880429913,3.200742439848904,4.399849522190544,6.663303113401561,5.737275616431791,7.9205705434047164,6.485005459027912
Arkansas,6.5471779235311685,6.702552401761866,7.096996388166284,5.274012803103039,-1.0755011573773305,-2.3525247343503373,-1.8786579709100883,-1.5043711302287635,3.035286903082678,5.777901933982794,5.911465932131779,7.5585402131837744,3.1263296251707025,0.627549493440318,-1.738309450731363,-2.398085323649438,10.0329326698894,14.358006015661747,15.748590675633409,15.101250268897429,4.8428042082651075,-0.9331804532944389,0.6476118508388812,1.5367219119365818,2.5934794282754674,5.0463775274398825,3.705717966362622,2.4085602266151,0.5094683310738523,-0.5285174055307124,-2.847673865571403,-3.762890934054803,-1.541246428954999,0.8418472573341252,6.0699916195634,10.84956585205821,12.724101123780136,15.172232154305497,14.30560631677317,11.08869518924903,8.425279255005588,5.373249735955632,3.1095907103023657,3.2871930370438625,3.100811544363676,2.2199057479865396,2.828944635696186,1.5562699865994536,0.7513434373971103,0.3478109859021376,-1.9867412915576514,-2.1272774737710964,-1.9611343745276313,-2.176455531306166,-2.2330213390351616,-2.4411100496162548,-1.844899734034278,-0.9886806044108265,-3.781522895889074,-1.4089176638582204,-2.1226211064686087,-1.249695218691055,7.381848875801859,4.90544307588879,5.5723037738662775,4.4277252299850245,1.1593234185146442,1.8300954404857401,1.2885305765736503,1.9288535883623674,1.9476681549140518,3.1080650644999896,4.252480768795559,4.428399555076509,2.2932713674419034,1.0907751876657084,0.765288650338147,0.6356945858665636,2.320779708013829,2.567873323629887
California,7.673100752485587,8.119566047909107,6.3925687338488455,6.1278539751926635,3.561064369953268,4.204236142310774,3.0230285672877977,3.365174041376097,4.505787639404403,4.04867658652315,8.59155608545409,8.605777722299473,8.57876648605997,8.085162852063036,4.710332022227216,4.86667857024373,5.818121130456896,8.94121744805961,13.43677935228581,14.502133556719157,12.420529844505475,10.002618030384285,3.8496966678678057,-0.5752526298616,-3.16457017538415,-8.435246512905339,-15.498923140728637,-13.664763593367232,-10.613487124112247,-7.575707701625952,-0.27366226129845855,2.573144924926191,0.7543002130436692,3.963924312383049,5.981859807299804,3.656835146293676,8.65911923544345,8.506155812569208,18.144318073821392,19.423594483389625,15.5028743181233,15.126674587701025,4.760061781452875,3.689019804934889,3.013253399575491,0.9967929143032467,0.4763627002800996,-1.1961999541435153,-0.9195127741862548,-1.8482005177708032,-2.4810899474986026,-2.514947239795428,-5.507626465489603,-7.856633302251359,-11.259031307607868,-11.991928860244432,-9.807632632517546,-3.8836531143868043,-0.20194814354781362,3.2552981121860127,7.962109391513561,6.853025984480309,9.662481032636531,6.197163658730077,-1.5924433674393355,-5.488272399908818,-9.288462892634781,-7.139660598178869,-1.387215517281273,8.067696590755965,18.332688836793874,19.173318176624797,17.248402359096264,7.608161636027572,-0.08206986862315477,-0.0003645239188923806,1.7074528946735352,5.481009633744663,10.958479948873943,10.607255928075865
Colorado,8.672114980186393,6.04662617559475,5.998396852923096,5.262395814244045,5.120918774132025,5.293074545414851,5.403749550480741,8.249456614008627,8.615175600330424,9.247085400230374,10.634301740414491,7.181951301661431,7.829156630688375,9.217179342301273,9.369252086119664,9.479911414390642,8.58338646076104,7.190965247516312,4.454283079562259,5.7708510667281905,5.2785575385445584,4.766971227257306,4.0910054846650645,0.3897746805242522,-3.0784235333730776,-6.234995766650766,-10.213606044263326,-9.70720976268597,-7.944125023373906,-7.740083554992324,-5.909830149477395,-4.21446371387574,-4.084114527002235,-0.8755480377154938,3.251904655059829,3.4306733194612757,5.129488007337247,4.51832765480363,6.068516297411261,6.079482176057548,6.418824493468596,7.4476984191255955,7.6510667830172405,8.171348404610276,6.409673631404962,6.04158790351056,4.759113404134848,3.985217591560455,5.280988496051853,3.3906710028413825,0.33299307803403283,-0.7386647003212825,-2.700058480293687,-4.189264146119131,-10.617644228534951,-12.690311232902756,-13.887583410976283,-12.545181315922921,-5.642372787550826,-1.7528018418149462,2.2624977106242405,6.7367596325516965,10.425393223589941,11.332246842136268,11.559031813422516,8.117101274376614,7.138499683756177,6.491254655192064,5.807735556990436,6.868227227920901,7.467395637095704,6.872248551259502,6.651588484383315,6.6993013859052315,3.836573789472802,4.888840213102139,5.5724525283576725,5.663946631593208,7.615817721386758,6.426444647121309
Connecticut,2.0299740213007516,6.8675293738782175,0.8117094866909834,2.092158955172122,5.699821736152593,2.943327927052279,-5.999126366309275,-5.064621068332265,-3.118669534892388,-1.9395797768691068,15.452354258130766,13.604782645758071,12.773884926985287,10.16577829568517,-0.12118807550485441,-0.2034868567661935,-3.5937834431815703,-3.004673600694387,0.5502905999506192,-6.149298372912507,-0.24159863645571866,1.3260743805942026,-1.8479452317693805,4.282643339269017,0.30631043986650835,-4.109242018136684,-9.962976649456206,-9.389009434974351,-7.703087907278032,-5.268293281118513,1.8652035056371405,3.46427954997779,2.5377663896351375,4.841536866154402,6.0071144232186,4.262331054046166,5.961535238991962,12.924530831943212,9.894677683935328,10.019291343241681,9.625657986623294,-1.024495856135207,1.254230398610358,1.2434066822783507,-0.37144445072591775,2.773325569380257,2.582295123580457,2.7217918058577375,3.4124579303241127,1.808195089156161,9.84038190224911,8.803454373849183,5.332290285186926,-0.09700049952202165,-17.279235020988164,-17.937908366265155,-16.328065621671055,-11.487952506067034,0.3135443559214858,3.50611235341148,4.819054364819199,6.95473645303782,8.404121084780812,7.456076477155057,10.442539662370462,10.750498119548109,9.535835839517928,8.294933206729814,4.595996548039636,2.0326302779150875,2.023742008753629,3.5678085241827904,4.542710413211224,4.701244259868011,-1.8597276308000386,-2.879097345049545,-4.5123086741550305,-4.104600762506172,1.2709280907001905,2.041245966728433
Delaware,2.216991940038229,-0.5926499345931692,5.1615668532295285,4.971327972282612,5.587361021356635,7.359451929093332,1.0617646429424576,2.225682667567908,1.9375727332472614,4.240133521821273,12.376690451759998,11.125990362046531,11.01208826580314,7.0037209451848925,0.1073182064712541,0.7598808715444232,-0.39160224382369313,0.23867877997535597,0.995657793562229,-2.211819685327263,-4.576253760846101,-2.852193078890499,-3.396974620556259,1.5283585424611175,5.420474999522274,-0.5394527756876054,1.6096877606834255,-2.0863919422133264,-3.426466935132824,0.7707667112296219,-4.87476796249015,-3.406267570390854,-2.541864602017222,1.641663267367897,10.049400273787633,12.018986319980728,13.60166190843492,10.0324384441295,11.221567119898072,10.646858114476691,8.558448952190558,8.706758723380245,5.715057338289972,3.4326388663125638,3.40840074230497,1.953416949953763,0.33331259495985405,1.472724419318175,0.5584948461872506,-2.353195701198858,-3.6991038086796504,-4.373744408663482,-5.143509752829474,-3.03085234341418,-10.075183914027518,-13.747200307987237,-13.776972595342269,-13.78876944097111,-2.3151009746968128,2.8113506851077052,6.185565312235405,7.6331850338654,5.9809562386518,7.3127940277983,5.7922929630657976,11.983306626194839,8.093024896512286,6.2903713966783155,6.895835221505857,-2.2171112147228103,3.9878085964637227,7.885688160565405,1.5081630293622657,4.732298382581503,-1.1843764908907632,-10.732339240033928,-0.2940928208444932,0.04617414875796709,7.750679470701563,16.09576061337879
District of Columbia,0.0027657753673588827,-1.5075710421070556,-3.3982934536639684,-4.446283726499367,-5.519523232962495,-3.5679016663904854,-1.690956765577753,1.9853110000000247,3.7210274707861015,9.45789410030965,9.53935026266101,7.8506995355004685,7.45857407615496,1.5141558723477706,0.9666634160197205,-0.8402450239864094,-0.3276139075964493,-1.3726741858119824,2.99667724627883,6.20060954840716,4.312286992514037,11.582819543665869,5.682195766210245,2.6641298876804735,2.1854540940948968,-3.855366353964271,-7.024839440371862,-4.6387813103356645,-3.659115840054225,-0.5498147043474985,1.4333676627287073,3.357933389598908,4.59892745076608,3.8745092415153075,10.691087231598434,9.464176583093446,8.939771663903475,12.078760536643362,10.66331563675959,11.294161091343518,10.010941341804422,5.113376234943734,-0.5916017602169978,-3.9332659956211673,-3.191409509980294,-0.5220155598076475,6.605112059149586,12.622863675441112,13.034110840122642,11.576312190247842,5.0162142571810175,1.1959612301212774,-0.42143771828659093,-4.773249473104809,-4.370203022661656,-6.593813664429263,-7.690719994536418,-3.67433989705088,-4.862038602133541,-2.1632500854224217,0.2268703822862973,1.1701728120826902,4.384827190532283,0.9688020775671093,0.6133260717518515,-0.6198475290669523,4.919596633858411,11.103039143897151,12.444367860299684,18.26111754630876,6.930343767229903,4.215291608521652,3.0425630411029885,-4.443634228676508,0.9542362470154516,-1.7541060799983619,1.588446601216789,5.310029438487628,7.307547826477932,14.323732634894434
Florida,2.4310741326162297,2.4595018009939555,4.2531182179786775,4.428002956507574,4.060028754842851,3.835252703575418,3.4126256075188515,2.9246160765166276,1.8200876624585836,4.4625523460583,4.496966452963694,5.3634109881546665,7.722153946039953,3.637304240687509,1.824090859478266,2.1542805545688237,1.3220173791719536,2.7644966314474266,3.5511083583094334,1.3559531791234871,-0.2564627577810047,-2.1675568405137735,-2.8426338327478837,-1.1945041395236302,0.057379400354272476,1.1805453375459867,-0.04296199928921687,-1.062637415299879,-0.2740315961503155,-0.4706166455454815,3.8190206093678216,7.961781346570882,7.864566646448111,12.01123798784582,10.825269914462593,8.378734452355237,8.670128204152308,9.073290811942698,13.67042017036092,15.227461422177468,16.438900974654672,13.492241178164175,7.729899864273346,3.486258463831281,0.2863901018990405,-2.677082456320846,-5.130081325652353,-7.623308354154536,-9.765160327223748,-11.317097066349803,-12.457997379875406,-10.6381418042303,-11.190765684150934,-10.845158721530296,-10.513931939233878,-10.112735058486482,-8.242656257593172,-5.960665129760056,-2.3612306318080796,-1.3756444486508048,0.5834949601228273,1.8282482010091687,1.4416779046399302,1.1397149939268574,0.0388070204064196,-0.01858643439686093,0.46663966515589844,2.150109120882302,3.7436187655639324,4.35748512292871,5.088648873039997,5.201908747865293,5.482865635457957,3.6375286843425703,2.103491070381184,0.5346372919723396,-0.7441802935292914,1.1565434318872876,1.958588152804403,2.5814098521355153
Georgia,4.367688052988592,3.9008684250691648,4.8084289455951845,6.148227247492089,5.5659350089713895,5.495893591519478,3.640733154561283,2.1933022429615763,3.073593488589046,3.4001120429121903,4.63034696070247,5.873115824054715,6.673728005274817,7.612432643097029,5.784285265374948,4.994388100555662,4.913707452783605,2.7620830949959183,5.1691564641705465,4.7164791893528974,3.9794855280883703,4.782693107328745,3.0166331394254486,0.08825214616892038,-2.34182694465046,-4.340367290876708,-5.808542160432239,-5.541425457633863,-4.844597517847287,-4.208240074082884,-4.740800690591847,-2.535152516768199,-1.247005015007122,0.3110552193872021,4.582588714189219,6.772893323514801,8.5636272416588,8.3926084147652,6.744624108914893,5.154295569889556,3.6388186030623477,4.501315150548852,4.307216176099625,6.187063063116785,6.1809969603394626,5.416640091478868,6.7489229983349315,2.0297976257151724,1.0998392049124734,-1.1771849085498634,-6.1188148054706994,-6.674835824164525,-8.03951644953052,-11.271371909646671,-13.17911854277013,-14.056698222608045,-15.763205902574635,-12.852990191559103,-9.279195304023402,-4.830044262169127,0.6425079711012918,4.292955245138246,5.122121651186959,3.8941071366965514,0.9138953996973759,-0.9791041322646971,-0.21918074361427045,0.12289461365889731,1.8623843901180694,3.189934662408785,5.051596068646917,5.972837394813885,6.4172332549099345,6.3342663833243895,4.259338849261549,3.292126364997273,3.5705526222367077,3.7411375164914205,5.367749812403728,6.960822704168662
Hawaii,-6.374145694495481,-0.9233427888392141,4.54264519199319,6.0070003348557055,3.3413758927478705,-0.1834617125853121,-2.196717104963249,-4.998936746651829,-2.68797968206353,-0.2157145255226755,1.0208933522553518,3.7304555984927963,1.6025291746744539,-0.26805135080275627,-2.0092585201752216,-2.9379179775242967,-2.573270284394531,0.7659477297709566,2.352127640406096,2.858785182734541,4.487952241492345,3.177974763010157,1.6850233993447656,1.3277194696737005,-0.2088663492819872,-3.443422937498222,-5.275086559771412,-4.1129161427463,-2.8387030549321337,-0.351911370764611,3.354961219397347,1.6476361267997537,1.2459063390445648,4.096137752897112,5.4785637447528135,8.916781875245007,9.988695859367319,10.700519474794405,11.784795334217915,12.032835660872857,12.411328649858563,9.195085826092063,6.837995501376273,2.5181581530229846,2.7995865229454813,2.014669774661485,0.9797266236734272,2.944142975291386,0.7593910550671559,0.2846481104226582,-2.538957001500045,-3.7423787113890357,-5.410909784511607,-7.95095505849146,-9.735037879746605,-11.255746622096478,-11.308089339705838,-4.0247530693685665,1.4985215331967985,0.6516513418982689,4.841841878560519,-3.152423995717154,-3.530532062751268,4.256388908686063,2.154406774038005,7.886068701106791,12.199742336653834,9.733025573972922,12.585303795319568,12.305233495610404,8.642819705807899,5.865763149838017,2.9760736825778538,0.7198646587011195,-1.9050080158866018,-1.1573417388759877,1.2072121614785805,4.549404283181577,6.644605618715669,9.747946851817582
Idaho,13.006451320645162,15.6985537146813,-2.2330776170179543,-2.638438987191599,-0.8364530047650552,-4.855483887726311,-14.038798470372138,-14.01177430122011,-9.643990011263709,-5.703215595395935,7.246876032859332,6.472797100058564,3.8505638620165406,2.973913159330236,2.0290397849845463,2.6155005836641503,2.2035985263254187,1.5995146022794682,3.338172787028123,1.6911647550747606,4.29612432824981,5.781909626230315,4.509728666452953,7.9416344695122945,4.692804089555114,4.458868051878979,4.641723387294772,0.7901201085341887,-0.49086281705008294,-7.678462092029542,-15.638952304564302,-12.500699111301769,-9.092555571786736,-1.6073194732328575,3.515636851189046,2.956520500450129,2.333811126642018,2.5208402361050637,14.470895162913102,12.720968529078187,12.019668324790764,9.093440644140696,3.204301271859615,4.15421581684413,5.325439129450996,9.103433904362596,9.669729955517456,10.819032309044333,10.197671844064663,4.774641421202873,-0.45401098907519993,-4.514601466864819,-8.24878828206658,-9.241118743900284,-14.201386192892013,-13.964019966585914,-13.627836347036979,-12.160250183458485,-7.813568282062641,-5.424457151146503,-1.7099608756936133,3.695355714281788,8.280971198899804,7.413576285284132,5.981524154716551,0.9403028607384619,0.49118508245602255,1.0766383431432478,2.469233569774359,3.588337839885542,4.350450427218775,5.007958218154439,3.9377273221429476,3.6398716347033697,-0.010470205395523664,-0.10468235744845555,0.5260825685887479,3.7619012551560824,7.633879452962078,8.603299959038752
Illinois,4.459442912816425,4.28700153940397,5.511160729910981,5.284651319867529,4.797735920223248,4.448605620366514,4.382159268586297,4.280644016538791,4.526515170287352,4.811151733185982,4.753881225263278,3.315956864440285,1.9269174271793563,0.20370172018354996,-1.7169655691887806,0.6998856070357767,4.419662473658004,9.635934599504761,16.23686477229839,14.583153478175099,10.120732946287761,2.302732927318823,-5.3760759159532965,-7.631279421694062,-7.386839866301842,-4.8564698671596425,-4.555028112109703,-2.838957394327899,-2.842114114908802,-4.498760372107441,-3.285329760181822,-2.7475816744657386,-1.2203764453757993,3.1384757710311746,5.504277309814752,5.880870874591439,4.453313993641025,5.1006589010250245,6.363197321688266,6.1648929602660205,6.766710571058826,1.7997209234857745,0.2136351268163418,-0.025491203715513888,0.08433644998970977,2.5982885475452377,2.553292640040143,1.7758736248140168,1.7896900310693187,1.4743688848477365,0.24619996392744037,-0.3291813375072726,-2.3566105339718466,-5.477533929651657,-6.123877156159866,-6.706621374118877,-5.049933744100894,-1.6097192928005943,-3.17000055768104,0.49499369292068246,2.6722744882796015,3.2415595993689754,10.125679163032453,11.550609924270793,11.276305699194788,13.884148825486953,12.835833413081819,8.555549632936504,7.468514208551631,5.344291230931035,5.067726466092569,6.543694714028124,7.06648578673896,5.56838397922914,1.4948805190082344,0.7670987538461019,-1.3707221702162715,-2.587153884453718,-2.267523082867783,-4.347070717126074
Indiana,-6.492526019563997,13.18157116305057,12.203071700356332,11.81210831351252,11.07525365706766,3.5045335899656216,4.602180531305871,5.577603477141781,9.485145032042341,8.925093494462075,11.121644949579803,8.73355453547991,9.403712608005796,8.42652639152254,5.912215109804674,7.992902147724659,1.7454861124208854,-1.1209190701957532,-4.905286216455896,-7.318925497554793,-5.298104714793805,-4.914514349552382,-3.5932761288993524,-2.8772134104099045,-3.4060223970283134,-2.921637787301347,-4.0220611505583745,-3.2924149396160813,-1.254286936598734,1.7368125028022645,7.583820606233599,8.38820158003786,9.142958956203909,8.054346749653583,4.315925864182039,4.131973978249736,3.2278971520112014,2.1658430659058516,4.356106735450136,3.405539452284671,2.91612679008003,3.34474942080304,2.0897484564452946,1.953819535805805,0.22195145291845214,-0.031122863480802492,0.15671293086198623,1.3598802903665501,4.259308788124237,3.872911801946318,2.7099246438166933,2.3491703693685273,0.22694652111133912,-0.3918594367880549,-2.7513298435452422,-7.353448856874777,-9.475941230113618,-9.73991200611642,-8.276783324498323,-3.4938712618867003,0.22794321148965185,3.0335328046204686,5.895759514193932,5.737665832160053,5.593907768902093,3.4390599429138606,2.4132768919093355,4.65180377174925,4.950465579279074,6.931574460121325,7.5162635211456275,2.8957663373110587,1.1471311017280212,-1.134261352819897,-4.316340903033577,-3.099993987395575,-2.1621651020104444,-0.7096265207752352,4.613743697321565,4.426800674474221
Iowa,-4.515122799594491,-4.098693649560751,-1.8769977154329889,3.641860883041132,4.052625578481464,1.8617589946461708,2.6102554620569416,10.580808691347931,2.76029429435359,5.020508537624199,0.7352693180455978,-12.15360895542434,1.574915183530438,1.3892349224190992,-0.2607072904501992,5.2555100876494985,-0.3137515393949975,-3.0591459524387763,3.3326423288424207,3.990837886732981,-0.2418847483112572,0.11460388286773873,-3.836153151812189,-3.337407585030415,-1.757408880656057,-2.0602856286634634,-4.558828221696635,-5.731278399675469,-5.172743406441901,-4.415869175687663,-3.109180841527005,-2.814645672767753,-3.118954231908679,-2.4522094312793015,3.2030423629798515,4.298580156586382,3.0777077964729993,1.7336174179843715,-2.9507803483716883,-3.0534521585645265,-3.2283493710572624,-1.737157191153458,-1.5557540466673696,-0.9080677154079758,2.546520365270363,5.159874417807353,9.63603496541057,9.407814556977646,9.15080051632626,6.945484755576102,4.312187113323154,4.538190775295339,2.518552942330887,2.7772610926170382,-0.8756050499232454,-3.4659438383495944,-3.5088221106434365,-6.293273187002138,-4.066733307960761,-0.9367138616640405,0.024847725968258322,3.6731218376591714,5.14639500729661,3.571601430837478,4.277013880483867,3.1897935112089653,4.501062187605111,4.737556664925039,5.054130928249691,5.283916279201091,4.638248391990128,5.667794966070101,3.0754783075074292,2.549294285308914,-1.8864986338305099,-2.4091613996441628,1.1152350217967193,2.435503825118306,16.979029551621878,17.55903548536647
Kansas,-0.05449738479913461,0.5750436023078178,2.860444300846493,4.148275992051555,3.2425678421114608,4.353292061215798,3.366473245036032,4.8496587899351695,6.281571130508517,6.637154413905106,8.025114986424168,6.200367024038861,3.076117543196359,0.5621889567137481,-2.956015274179287,-3.4887919052640237,-2.750482238071504,-2.4967804927714576,1.7111841462771085,2.4747358809660875,2.472392714009125,2.7964366664699027,0.4351381621384777,-0.5652084237623121,-0.665131944280672,-1.3134325626463306,-5.3110537766138455,-5.151108988634558,-3.244896265493094,-2.4063209880256653,1.936064042843421,3.123162439567148,2.5414527186968945,2.640096643195695,3.2023728821369084,1.9788036770434967,0.9429662721536008,1.9976797570047642,3.5655012895683686,4.9815150919397615,6.2208794757829216,6.409295620752966,7.103847225669354,7.331571999365817,7.567952732312336,6.917244251210441,7.114594839448694,6.233850353245801,5.363879944932754,5.359852255834586,0.30482668289954423,-1.144121402822721,-2.3140877645899813,-5.655096039035896,-8.282648781783172,-9.538273989433367,-10.469943126871687,-8.814717711116833,-3.403943186339549,0.8235955995780633,2.852113276707877,4.426444456353412,2.7534379569970757,1.3251193036392475,2.8635774003128622,2.9352710906885533,5.483062161142637,6.656945327106299,6.530892973072515,5.442572045295312,2.077321805533789,-1.2836165902793746,-5.656114621910971,-0.8334013844043211,-4.133178763441778,-3.3034527496394674,-1.4368574644034782,-4.900029101027876,0.9485124984824804,1.7634222512087159
Kentucky,3.42226442161354,0.4180473986912855,0.48813444682681173,1.227535674855846,-0.17140470174756575,1.6743830606604364,2.83593706913828,3.523625042851636,5.285340377877254,7.300896947437339,7.01267074691115,3.9887747114091683,0.9792217441868818,-4.459298537670949,-7.32297988463027,-2.195734268604431,3.0167208147976283,8.626368101709827,14.450094459687765,11.81195424153081,6.916641118245413,3.740858348275074,-0.9979292367756745,-2.8373047215040565,-2.9006453158281964,-2.727606648229816,-1.8351042690190282,-3.426351108676965,-1.4602883371586086,0.18082106948053212,-1.9524735398875788,-0.613249062958908,-2.845107740441448,-3.712214688818042,-0.7293909065883181,0.4617305356715955,2.19454338819137,2.567238261928838,3.1314057803229876,5.140414288141372,7.111071626879641,8.441743212374316,9.456808000089179,6.479717413088242,3.8153879321959523,2.5018919769079884,-0.6866354387437998,-0.5011716880042102,-1.9851676917420593,-2.2952270779303015,-1.4763295048806773,-2.688516390130371,-1.1840661482395707,-2.2518976615904407,-4.097178850835605,-3.693282173475204,-4.965927296457127,-4.3870615588082185,-2.728603647054167,-0.9024743530569251,1.6786223068852406,2.815198560161378,4.534462927431249,3.034214128598495,1.2552288238669753,1.4789410759393384,-0.011540472512632606,0.9525583688205658,2.181063121980178,0.9480650292166749,1.3608271755741883,1.3646524261872046,0.25137595653473166,0.9496696896347362,0.2141879407038128,-0.4904603778910015,0.7738279330492864,1.411066083937649,3.755341497416848,4.791032040060115
Louisiana,1.567882871910811,2.0384736113098065,-0.8996552730089707,0.746645118508956,2.100843694430999,2.0175411320748804,3.080305955172565,2.764362734858915,4.765638794250106,5.178444281389736,7.675659114859068,5.081722497279492,1.720869125573754,-1.3666355409455344,-6.698913574546762,-3.917308167160217,-1.0431249488618666,3.322761010550696,8.334720903006382,8.1771159930429,6.754639816782268,5.657877193920321,5.282971778684086,4.131864434557119,8.253726980968224,6.7035222413595665,3.491218071257713,3.791342188316402,-3.628004088231567,-2.2346198595050346,-1.0590254323337043,-2.5520754855033854,-0.0393271555645903,-3.687199538611551,-2.231038505586323,-0.30843748077002436,2.4533887017446796,5.336110055163439,6.963075509785854,0.2628226197030373,-0.8992412972829319,2.3345365873768067,0.17498415070697057,15.971060513405963,19.018303706498475,15.397288655980834,17.219414186168557,7.971286350365402,3.8783063654439767,3.228774215266523,0.17990915783290992,-1.8042626232606565,-1.5621085319554215,-3.549963919530113,-7.887292956266114,-9.522075051033543,-11.0592490291586,-14.948778648343952,-15.972365181512801,-15.178196973861846,-16.946892390108967,-10.028281629521455,-1.179022604312823,0.5289095563257433,2.599029510722929,0.823065891777014,-0.6448236357852345,0.3544875839330109,4.357412938039976,5.73493223285263,4.242673779799504,5.2399664355380615,6.681906226541147,7.716658550485249,6.409484951707128,5.3270860060287175,2.0196918953804084,-1.3841274230726226,0.6190933101432461,-3.459305196594943
Maine,-1.9500111778929432,1.8258915117716628,2.1201905918176545,4.207977429012609,4.400490120915058,1.8860288207961535,3.54805364805293,5.508819669226537,6.787732648152228,10.802317725236511,15.339191849553824,12.739904231800129,11.72434229978716,9.084150008477856,7.634176141011687,4.236532644941705,3.3908842313731453,3.808000824678132,-0.6074874205490761,1.4414562776055666,-0.026632461644863034,-2.4571465755303135,-3.028579047430162,-3.3800403961158736,-1.9031128260691519,-2.2558276817846887,-3.1704446644935236,-1.3819823607893977,-1.7767035009534127,-0.44928001890748875,0.5062268013736863,0.6845960323922304,2.0147075073588008,3.5667509484013324,5.029106453097524,4.971743703184665,3.493647361507643,2.5165298654643444,2.957441963876984,3.4629343365911383,5.521856028340974,7.3209223501588,9.075858982734028,9.704076716631452,7.925786248603815,6.072585363249871,-1.4975957557004163,-4.632872431003111,-6.2370833734942845,-7.864980172174686,0.4133721668324802,0.8721247975340425,1.2870542628825754,0.4693760997440939,-9.181433293629166,-8.07230149935028,-6.859175289952082,-3.8639106937181147,2.301157462416809,2.9459279604343895,3.4512458257648384,3.97782632978073,3.4740728056416668,2.551734845814822,1.5272881618959635,-0.3213633664466341,-0.09989942116763138,-0.7698183653761885,-0.7634024754110931,-0.4074002852442664,1.18489200648856,1.704275744454531,1.6004878214197087,1.2646407792242214,-2.541225091525435,-1.5129712095525594,-0.3286828533190056,1.110459257528608,4.980272332562976,9.442889392000954
Maryland,5.867503409968218,5.266730178022095,1.3234361087732716,-0.29155759476207027,-0.2172337364780934,-2.2030403134745087,1.7274407857318208,7.217262887634767,5.592074160917315,12.995392357818092,9.903641132901976,6.103318013896395,7.09117264667871,5.066925422882601,3.553047644878906,2.0978989695500467,2.8208722953516165,1.6475606024126879,5.841975611626624,2.8278441638745613,2.8956630515590227,2.4652306097116794,-1.212220419021024,5.856231498768008,2.710567404568602,0.8451318020240692,-1.3330975047398939,-4.662496785754534,-3.1135398323147974,-1.8664708385280102,-0.853642690840411,-0.225941907376278,0.8573282793044017,5.992493864347416,9.855497428046208,10.67610787075882,12.254901240713103,6.286196671858763,5.549763871127692,7.159913771534744,2.983020080246696,5.084763399428716,5.106461386500893,0.4080866955052458,2.4603689835414237,1.593264294138684,0.6793173547465524,1.4904370144180077,2.6788827195491236,2.4285880659363124,5.7708135363260284,7.735968398769175,4.661005257463622,4.517563052238583,-5.841531057606457,-8.531793889223103,-8.028493758215415,-10.04855498300992,-6.077063894673276,-5.0951959845520935,-4.128969520914015,-0.6370093990694613,4.723028445784546,4.936129073414746,4.139929906348271,4.623044420872406,3.477682550744173,3.5022657010374942,1.8853156458464475,5.55016814370444,4.782285481772177,6.804318395331042,9.924835324713026,4.087909668474172,2.616280001704409,1.1035069362127354,1.1452563562674303,2.7379963588316567,4.641833525769631,5.745565147511645
Massachusetts,4.714187524155868,2.522797190067615,4.769048025041844,3.212522611200328,4.70493800836752,5.503402296161637,3.9173168189433407,5.477817323810301,3.75603899111474,5.387566761749822,7.033075163893564,7.760783383984703,8.00158702058478,5.202455998657251,1.7723273332628457,-0.3164626998797196,0.12978408714768427,2.400466293288249,4.541705245729003,6.596423208905032,4.974835348347559,4.40690715417546,3.296615327783501,-0.7839189084336259,-2.384794111437436,-7.584665075494004,-15.505696393862692,-13.670552707103234,-12.07975008510364,-7.606363641449187,3.0272503606559633,3.4145487686843436,4.481745691673895,3.2731839150897932,4.632415066905801,5.043630590764703,4.792019394748788,6.508984235266492,3.8433042721313355,3.2394415033096045,4.109148456228428,3.3815780416815455,4.033748401575922,4.532621828320125,2.3289863186811655,3.396876341188135,3.556302222394847,4.654723476177654,4.905345800854525,4.745911386581935,3.380943156674869,0.2576054150054324,0.4256982458229623,-5.080766958435865,-12.478596875541399,-12.97504406523364,-12.481487282489812,-8.460139159796004,1.0142307441320209,5.10229229700941,6.722276279417179,7.595186485082757,8.06413892417803,6.452910279000725,3.193412392863363,1.858335360436679,0.050380391461810156,-0.7212815501235122,1.135895135145807,2.73926474658237,3.2411699803064637,5.175828459551349,5.2375029100805435,5.4269204367912955,3.5005957776387153,2.129955295416816,2.2545758423282933,3.240224468345481,6.207085860646403,7.056244373505397
Michigan,-2.7268336092928247,13.874936581785397,18.725523961682086,20.95878652649851,38.20125031336239,17.840313410776922,16.274826060096377,16.018688093257243,-0.5415997142009061,-2.7225487020024173,-2.1140106408808452,-2.8842885451056546,2.520723740467043,4.364870311186085,4.265227476298431,5.186370013146109,-0.4608081095498199,10.180920135225529,6.197489639032396,6.630155901641496,8.223452013379449,-7.197719668791779,-8.431230651359096,-7.563169751127006,-4.686622818412686,-0.6251707491808561,0.11868810921204417,-2.866413728088127,-2.197906158874395,-1.4390986085720086,-0.8736925117603087,-1.375735674854085,1.4562572747517506,-3.9636588391562713,-2.126342386628817,-1.3272919935710439,-10.337670963455817,-0.3780521690639255,-5.6424273657139565,5.2448183717515,9.286704647528612,-0.8659648061115872,9.191575018839144,-5.694426790084747,-7.531507995488501,-0.16276522184784864,-4.849695729556642,-1.730626394233085,0.9102347611040583,0.9036993746397296,0.5187880647462741,2.256578383058656,0.7984184312246588,-3.1933110131643634,-4.4716485999714575,-10.343518716495282,-10.803059673745178,-8.544047993833114,-8.676878630157153,-3.9430429239039464,-2.9093756188728253,-0.13533238313365084,2.7993047012875234,4.404493794760078,5.933093826060698,6.305192337697088,0.21505078788515752,-1.84070421143827,-3.6329036445619813,-5.5190565463181676,1.032979028297371,2.5515550920538668,2.7975475770913367,-1.598646163031455,-2.009873294545535,-1.0006122997339337,1.1160287211843527,8.61937090736321,4.841681653061268,4.682015431099579
Minnesota,6.591591331669575,6.66566486356222,6.6468996097563275,3.440349770637833,2.393364853496801,-2.878826026050957,0.09586200063108427,1.0799059788051417,2.750010483677843,7.800831024565796,8.692789214762676,7.661047903576336,7.844541306926353,12.149221378743531,5.070031377615161,6.927186301155305,0.8087342172389578,0.8771541131518031,3.7030415193251587,3.430743021725787,9.808345333519759,0.7115387412478759,-1.7841055133831119,3.621099169181905,-1.8091134995452416,0.6866784793071546,-3.1419287547231813,-7.1641233111810765,-2.9427293571758453,-2.6526772243156858,2.714818093219705,1.400811320158563,0.5680544045472874,1.6675724625762292,3.0723552551745006,3.296526983028226,2.815214270890767,4.783644132930794,4.623196928114508,6.680636828296173,6.820347822581431,5.28278349340934,5.08398629071951,2.084524758775225,2.3814122467926073,1.7894041869793944,-0.04765732565109828,1.073234357629543,-0.4873193023614277,-1.0887277908552953,-0.6397224284363617,-1.6561925841444856,-1.9210852525437219,-3.5456034315991483,-7.464647369582156,-7.981497726881035,-7.818214956267466,-5.217100638227654,-0.7109841026035055,3.310859879766999,5.955552068161456,7.1889662922478115,7.960884170289619,6.125788826801272,5.884849957175076,4.597100680980275,5.37787179811926,4.99741316667736,2.4667432382495087,10.14783953605048,9.527205409067943,9.841856815540865,13.925641277003786,0.6174878859332545,-0.05163420112157663,-0.5228499710742919,-2.287145530185527,3.3355203438748133,4.426074137627448,4.650136990702162
Mississippi,2.3507272655892972,3.718625417820102,3.4671910545841857,4.669572857290752,4.4749715921384725,1.9487135428241054,-1.2578840316535733,-1.1237881443867594,0.4587620395925654,-0.17896764185176148,15.9457568616547,14.741221893737944,14.797113893805506,18.357611185826144,-9.875767673932591,-7.404417409296711,-9.686858713433798,-12.236563242456725,-0.24001202433167404,0.7077593998046585,4.938748699260043,7.514915679153915,12.460306757917543,10.322277823232557,6.294043258775941,9.609026690405825,5.837984251405455,0.636136773420791,-0.1604654958531172,-6.483831449141045,-5.552928138954984,-2.876670172994902,-0.11675884383225656,1.8973424153695344,0.9697767862535569,2.5515662689212593,0.6943084043587682,1.6712185995783102,3.3769288295813373,1.7947626086603174,3.6299036603650414,6.396929791452793,6.167371563443469,10.21502155635078,9.193201810222625,5.628979148020827,5.359982873328966,2.813886640147058,2.4328495167955166,2.398522184822456,0.6774162519150836,-0.563809468535726,-1.2757265680199545,-2.925009392923072,-4.928652272427942,-6.544537047422265,-7.893311307404942,-8.211577102024908,-4.489234812321595,-1.5701383731944714,1.5986423739673719,4.794305248459386,1.0221548658678363,0.39880623139080207,-0.4914770345043957,0.16663262406611656,2.97171608857956,2.9322991929245323,4.714796528179225,3.9034708964200986,4.972289546203052,6.455870160585519,5.039621217087232,3.911307605000211,0.5845045128726243,0.5107185498061286,-0.43598700541543833,1.3863881683309123,3.2913106805750103,-0.2860272124039307
Missouri,6.508384906011313,10.07168510303269,6.713948547630475,6.761834888321304,6.212402961715895,4.852448586520881,5.424111728663485,4.96593381721935,4.547235761654921,3.735066374803539,3.3949836011066616,2.81697777793269,1.882908031955736,0.9181403980459142,0.7725445124602208,-0.28040901160263276,1.6080351971027913,0.9636211768714801,-1.1472526387079274,-0.1854542020526417,-2.6632677099850377,-0.9864322427928608,-0.27152732068738505,-0.5877273722482722,1.56529693407557,-0.5459879027670503,-3.6731363461276203,-3.628046230724966,-4.823833073608317,-4.032325113240437,-2.6215449847904084,-1.8251260328106786,-2.2720021754355306,-0.657164744480781,3.3878499801527058,2.8062929140775243,3.373534627582714,2.461590259617017,1.591936112833764,1.3936463092050382,1.1251249086137707,1.5962425234347237,2.699645949245166,3.0637003962974014,3.889032009380334,4.02065661887923,2.4711662494864157,2.540095891189609,1.895164252417994,0.6242488234306237,-1.2242203140646755,-3.1132496656527855,-3.3205018596761526,-3.1140074282790775,-6.855207737587523,-6.7548240364234555,-8.903915021837339,-11.96679769092077,-6.786613719220338,-5.185147905313701,-1.6628234118616154,3.1180888802103097,2.0753556296002733,1.1534261568299646,-0.3117144765102186,-0.6363033226750475,3.7997448354244954,4.9116160803938875,6.347417482772098,6.451364767225426,1.5361409740665768,1.9093523197038882,1.3700205152822544,0.44376381269899073,-0.6380431865884056,-1.1939483951896555,-0.5213422562995282,0.8197480736807218,5.6024879397313825,6.487368608272748
Montana,-3.008354686551116,0.5846678100265374,5.526421641425559,7.370585033603169,8.863397376639572,3.0313773282562044,1.4148490399268105,-1.7315570721928262,-1.5609160669015956,1.6696048843524502,0.2272234663036833,1.4502183979603231,1.13117703711027,-0.22672120358173561,-1.7631822154904182,-1.896543547749065,-2.1028266173059578,-2.459745936666302,4.307088179498592,4.277685951195867,6.315123051976563,7.284071068668922,0.9594545843379818,1.6426728553458214,-0.08666184452566206,-0.3093266874588971,-5.121886022358806,-5.011299320818745,-5.087147120450665,-5.6307275443905835,0.9410920973396232,1.6821050036199519,4.37134794712478,4.652999450735317,9.654218326226905,10.098366943532092,7.528160345932311,11.713195881553473,8.98335025073257,8.100440371094745,11.196418787307783,8.362082570869923,9.16070591293207,9.870104180250609,4.539354681756892,7.241144217562992,-1.956435661667828,1.2223106265588723,11.666735856009803,6.352623009907952,10.948471105773066,7.5208044001765675,0.5070362322039329,2.6531200420182373,-3.086678432524527,-9.052531759594949,-13.746982607296221,-17.45053328898248,-11.913454444329268,-5.813306368825859,-0.10110424087802553,4.412211363713857,5.2218375587946,5.261909970772719,6.083704689365957,4.879432401298506,3.850486714930908,1.733006434554892,0.4218952913187116,2.8140985340749314,5.809172489050671,6.8165768362491335,5.744002609019586,3.784905113465227,-1.7181156294510325,-1.1215228875183005,-0.42570261698513495,1.9813663013209744,6.951694617633549,4.402393039568481
Nebraska,-0.22796604343991014,1.0694848191473467,3.9195618596275352,3.741619959696428,5.1590000605799125,6.099494293085669,4.572927882521166,5.599689206350107,4.362460022095356,2.8851857705770803,2.0557980430011313,0.5713689233486354,-0.993130081146493,-2.0594237990971975,-1.136367659006657,0.11465303680481966,3.2870833820891794,6.629294527503879,9.003399997504932,8.547975414311558,6.377623006380317,3.411618407348538,-1.4306469367750148,-2.1534384435625222,-1.9041087542278925,-2.631011826029174,-3.1313713607320888,-2.654968709010486,-2.390276721617877,5.617154926665984,9.564313307685673,10.897374928807672,11.460973168158688,-0.47182118262876005,6.221359802069835,4.778461152941517,5.702918738156486,11.770720424937792,-1.8674719018942176,-0.22991246959269784,-1.7314936705730426,-2.4969873655935406,3.763495039222365,0.8621605039622272,0.3139163891098644,1.0987703899054921,0.13083497958771992,2.7577401795612784,2.747269615243662,0.18386935400093044,-0.9676476570647845,-4.931463149291304,-4.789562726851675,-4.480414318949527,-6.656990700877214,-6.663784900335274,-8.559000334634954,-8.928028840931566,-7.170333998349412,-3.9956151397131072,-1.9888045738191913,1.5032447083430716,6.642296773616967,7.176245553065484,9.246512785098332,8.703765644815377,5.136503653521953,4.625643327356093,3.068322402038117,1.1744139816640398,5.7475041415314,5.340622728744782,5.585593867173124,10.731827779891029,2.48649407274334,3.7556590156490244,3.6906010679880965,-1.1850803203550957,3.4155101645727237,1.3760184980630241
Nevada,6.5578004580878755,8.030228302186414,0.8250630847881499,9.459628569612303,3.1477030031140787,1.8243652723074246,6.7297345260434955,3.024896765645465,6.11994256867888,5.37509503542245,1.1214594982782347,1.4541417175575644,1.9274170047647747,4.13643414600603,3.5464823812793305,-0.5454911892789573,-5.727240244021811,-14.643197569251729,-12.975389460980052,-5.944288125443263,4.614726534356148,20.3984612212824,13.707160373713052,10.253357509459637,1.7075695438077847,-4.558412053525528,3.6630070553424794,-1.4523195843396242,4.198617129553172,8.071122569585063,8.888562675855642,3.2170642580624955,-5.485072355351154,-0.6008489682056122,1.1119688055447345,13.951475626035116,30.023886613463503,21.146765899592342,30.518738665232558,28.556320734160433,18.66703896516895,17.028100366753346,4.5216368044796,3.078923184114479,3.4500774282419795,2.4878831828911383,-0.044369439826686764,-1.1292731945600565,-1.8777752211845296,-2.7820737048300215,-6.267228613558571,-5.5450773962110995,-7.552281249580761,-5.632193089057191,-4.20628429476387,-3.455799977241721,-1.4927324898526957,-3.04963257683291,-1.3007249855353042,-2.303675898942624,-3.1068682301304276,-1.4354603148198697,4.423540217973449,6.837056835329322,7.8504999964551665,5.210717183888657,-0.5575360960779974,-2.298408616927468,-1.391948514224217,4.911243954875093,6.872044945728209,7.505651261916527,8.00309924509906,4.152786823873324,0.16479680080648476,-0.4252467995534527,-0.13128742557287998,0.05587077345506925,5.018917728193432,5.388409658398963
New Hampshire,-3.4749695622563173,-3.31569996062027,-9.920665565244438,-13.361155756145262,-8.924503497816623,-3.959192608491635,6.198404170423431,12.500849519867499,13.730084777140048,12.864575015857335,8.127162385622704,5.1736133431931295,5.491307784097114,3.4975984910850078,5.0066839074012375,5.0092933059193925,3.4367490258212827,5.492164712656248,4.452509087898855,5.832899666694525,8.128436862477749,8.3167831905098,44.62393613911023,45.73702373855984,44.89265408288725,78.43195749443586,5.832451879939912,4.278437276731906,3.3406671754954744,-19.30543445420314,1.3188906950239014,0.9716289082201731,0.06032666761643194,1.041828630363763,2.724602446606968,2.7429909857038357,2.7516219745365214,-1.4566173652929615,-3.4049110872075246,-1.9195872801998561,-2.681202626749726,-0.7657687103877545,-0.4802764255774662,-4.244299456712404,-4.119081550276222,3.3344809624715435,2.635960464665662,4.339704820504893,5.5846165128068055,-1.2383630649645427,-1.163048380413392,-1.4853627967327814,-7.861802498141425,-7.043179152833874,-9.13434381489076,-8.028082180101862,-1.7925654813865641,-2.0480350136418886,1.9458877731511237,3.300307226772902,2.4985854923170567,3.613619706207364,5.019010789836469,0.04889215471956229,-0.18090061605290952,-1.6428347043314333,-8.660355354238511,-5.004186815768448,-2.418164537162434,-0.7607197148019131,5.2525615160745405,5.280488828161889,-1.4264230221819418,-2.6291917169725174,-5.14836021412202,-5.964235304040887,0.22447731640935928,5.40223092652508,9.655631499680151,10.030510704011947
New Jersey,-8.801454337020251,-7.4672964858771955,2.837764999678057,3.0728961253979414,4.033929035291893,7.133713746501062,-2.149305230719495,-1.723319356119786,-0.38462330973011133,2.288678827361062,6.356381144504447,8.263053256670174,10.004553166416411,7.5903705667453485,4.919759407523252,3.4846241379411467,2.467571879117563,1.5383306652135549,5.608854315496191,6.5357361994361804,5.7538757507379925,7.265081083797316,2.856579719393867,1.9298486642474098,-0.9708144580612551,-4.401657281120891,-6.183527499338773,-6.7606170255995925,-2.4183843246296197,-0.9659344183793191,6.219011175016817,6.912845624982255,5.769314043886357,8.073847343031169,4.651351708562985,5.875750694966342,5.6817404481812686,5.1649301913429575,10.43542574529072,10.548766720330228,10.216201874024293,10.309771857689027,5.675677848371719,3.735396917023147,4.9092761005518435,6.063615331106647,7.892314752012062,9.404283630994954,7.979053334436008,3.479061369574138,0.023877739774384614,-2.2018256048821296,-5.349529275128917,-7.18020330770435,-12.479938307899682,-13.194939956118398,-12.634182886147213,-9.648907200476915,-5.33304227501745,-3.920449894250485,-0.4584747061189658,0.995613589455973,2.7077297093645996,-1.0825326393981858,-3.6217448919796813,-4.032236277627703,-1.7970722968403765,2.3841408412807406,2.7236804512138493,3.765361135111373,4.19024589088843,4.7460473115634825,6.517606473435503,5.048422410194426,0.07146471444850501,0.3188552443224943,0.8584953373814345,1.0369519203340725,5.691528936774673,5.47311982663556
New Mexico,9.252850376099234,15.301331121331247,20.94993340928806,6.729593101182816,1.4469690822573515,-3.945221859872669,-8.295222416217566,7.083328267099084,11.372231233090503,16.07069467459894,22.453380441199798,11.492885266014591,7.622977291906007,3.637877840451151,-1.7036860235110876,-5.30029451197204,-2.258982142215789,-3.948530832563447,-0.20495191915395425,7.1321483578223095,6.0788960283445785,15.676278138413235,10.009614751223712,2.697864550828423,-2.4878076320573475,-12.712641264755856,-14.62148952543074,-6.590922052438097,-4.001705270596044,-1.726403549394085,3.989165205711377,1.8470096446455369,4.561858840111967,8.352491569978504,8.988122580671698,6.265727563163217,6.783572309152514,8.741894995796589,8.132981453832755,4.98216403634281,-3.0239259754161107,1.5640052563996814,2.234998486286125,3.219348940419027,15.259520819583633,-1.3622041484577676,-2.8991385460576122,-0.88867894795996,-6.505757076038209,-1.0962203144366447,-1.429671294847134,-3.531974207088615,-3.6953409298896607,-0.7369884710454468,-10.063690898760587,-9.424212011165324,-12.105629188218622,-15.79118370470756,-2.936656957418186,-2.878253499798301,4.213006233027479,10.701383981867533,7.5845790645970785,12.16381765215703,8.567584393335839,6.884046911361399,5.832836085841434,1.3933181387767206,0.32698808373194466,-0.5886140204984246,-2.874460580519791,-0.5495036709220861,2.3865375726965876,1.6547315309509973,4.859868086681471,6.3613606673629555,4.44309815322979,5.949318401637737,3.689754260862474,-0.6634831221891319
New York,-4.532141384385341,-0.7032602719346437,2.906758973424746,3.1012106123900707,3.282826342579328,0.09910412604056838,0.3997150021805471,-0.45184402282350145,0.008837461708518788,1.103869230665876,3.6918843060515933,5.439616303821436,5.757207650177006,5.358010481140819,3.3404514925119706,2.650063137617972,3.335309885619838,4.836559524022409,6.406086241550037,7.061067165984365,5.163573668464962,4.169389046095121,2.973045579988584,-0.47512125255772314,-0.23761308674646975,-5.395950003119666,-11.537329467432562,-8.91295487904165,-11.265022795314625,-8.566485541971286,-4.8013594028367494,-2.3190845727476486,4.367031445230204,10.880913682342488,18.2627852894653,14.32851887190795,10.31367534157793,6.242104714025222,4.689339245432521,6.402184680408757,5.823299259712205,5.24957632704826,3.7792288046952636,2.4381371716619187,4.16198578651267,6.020046765532232,3.6649964721264014,4.840544698302237,2.297910052107418,0.01993905290941064,2.7944662491261476,1.3987964256559409,2.029860985505764,-3.139833200221207,-11.220609173100533,-12.750523533577212,-13.089416138558066,-5.478069076741356,0.6650134482513939,3.6519101651513006,8.36647009145766,8.53996865952525,15.116311754254868,16.583398990280273,12.668176497029346,7.645779496103009,0.7374400639313811,-1.6538368736763966,-1.6009717300910355,0.9777444362750458,4.916147151669369,5.4355005661498454,4.638971679712717,3.5567317982979048,-0.5619323486931481,-0.7694758888802558,0.5691939078611175,0.8117050585693015,4.33415622491048,6.893609865532657
North Carolina,2.3042660190399102,0.3223046743506078,4.736596472202794,3.725859343217374,4.645506749278932,5.023273675715945,3.5689272210558802,3.6274899820824498,4.192578422052721,4.137380583055021,4.800692945852501,7.9460792361641035,6.404824525102816,7.488587406922279,6.2024863459631625,2.783474155844234,3.0240094119352205,2.1483448896791506,0.9680777244034507,0.6045582412558931,-0.12170944423795439,-2.0104673873772065,-0.9977840023019121,-0.9612071700578503,-0.9148917108556907,0.543577969403234,-2.557562175059581,-0.8716558848227829,-0.6044554148509134,-1.9413862098643497,-0.1554885533949149,-1.3366967207413696,-0.1962932811898869,1.7851207915179954,3.921713586923182,4.487375995736701,3.9241921854899933,3.9339651906294617,7.403423524794528,7.535197154618335,8.745960623962995,9.622589517014696,6.473052701782923,7.313689998888758,6.738559302010083,6.659730089299094,6.980580502646649,5.840877728552032,3.5282811882864875,0.6712032872488765,-2.871327316685779,-5.263224579509609,-5.747763315609078,-6.327878868723044,-11.156135932132276,-9.771418556572584,-6.574752626118741,-3.8481795514314214,3.7939361359750965,5.679417363105899,2.2564409678984507,1.2524760078280919,2.050690144337276,0.46210290900521883,0.6978515010994641,0.13416006942114073,-1.4721716891484227,-0.9814873927806851,0.5838806370233928,1.17816704838388,2.9473781844893527,3.0774019450930483,2.526498367093187,1.3957038360395198,-3.0794379225409316,-5.086194713877928,-6.092399087241078,-1.760840109567172,5.853445789502681,9.729530177854127
North Dakota,-0.5122907950210293,-10.514344072702366,-8.711267943965623,-2.6768678161745143,-1.5388824326026798,4.306025252575782,4.544298271508502,1.1060302766969676,1.2656929355381172,1.6949652829665325,-0.6196554271149812,0.4483268333233623,-0.4105317792359381,-1.5795082102025644,0.40071625531216337,-0.19841688524654894,2.821524452905894,6.231061639748312,5.973423545772608,8.198308917860416,2.793879314976548,2.134290687275195,3.7947984253792963,-0.45077234399168764,4.419307963305834,-0.06961969359912071,-5.560238497187832,-0.6773570353932629,-3.9949659018758634,0.7567901556119411,4.665132118809591,1.0060341387751084,3.4154147094781533,0.03643248104473494,0.4616219226891073,2.6342053737775726,3.871912131419982,7.131096438574282,10.95296710183372,12.035021180842861,13.00637983672848,13.338924770307525,11.289727940104298,12.072793534645262,8.404544549036599,6.719059258761242,7.072801219375556,5.707163299721106,13.477854542867812,18.778252621249095,24.956693666134054,32.419173022498626,26.755758045248584,16.787200507531196,3.1478867363146987,-9.006635181766445,-12.685919748397364,-4.416655454120003,8.54876242289432,20.810657739829804,33.198246086047604,36.54918432267431,41.35084773083673,44.314151740150166,45.229072229654456,35.04641411806635,18.250447019479108,11.023736392191937,-4.916545397207125,3.6590456395917967,12.242996671543654,17.24964657895372,35.68166079163115,19.336014117059783,13.743674678263929,10.51503243673731,2.7757770536857787,3.0445214486019143,-4.786803179929372,-16.031821556495505
Ohio,-1.9754351246849766,1.2936244312325187,4.842649977935181,8.799472680276924,8.839311934007355,6.854304992427014,3.683988765575489,0.8097117681178517,2.063747152879905,2.555738793223998,6.1692867875455635,8.16394118109473,7.734738762107737,8.722802129138636,8.410764013341158,5.127530505832903,3.225215957395226,2.8371443252568405,1.7423145019343924,3.8133697543311538,5.454299993083002,-1.6404580186515871,-6.591343863800435,-8.028163828292502,-8.699081461388369,-4.095587218917918,-0.04701704893827833,1.9549689790789453,2.6811299551034895,3.5802044985571553,0.41738621768004586,0.2169164285061158,-1.2282899180940938,0.5558975964156128,6.306266703565037,6.476937401463253,11.152744687942208,8.30355760522498,0.8663363748236736,-1.1037142855629238,-5.474425742032063,-6.21200639882921,1.2882667692497718,0.24677424981517262,1.2654912691786744,2.5266655726508556,-0.049870743368733546,2.934217793626403,3.1594551292990762,6.346435021390266,5.806065576483803,2.0099893313399124,0.38403629869171757,-7.993259405422223,-14.102948183054359,-13.847757548703022,-13.38515913690816,-10.185783545109665,-3.372664816611781,-0.30217807262672747,-0.24636046008911033,5.718482056235944,5.551557830342791,3.664701823006756,5.5066650560309,-0.2368584480646493,-0.3705643077236445,0.12390671375563639,-0.9411183578455397,1.423309295407584,3.555086092383296,5.034165259458842,5.075536457149059,4.471336496498334,-2.321693354067732,-3.567975661861195,-2.8328753185007365,-3.156203350043825,3.9837723942857317,5.434790036401781
Oklahoma,3.761984024827653,3.513977572727315,4.841538961922775,5.715915555025674,3.2743056510433397,2.4886177575377215,1.422306264752978,0.5133922615256032,1.7454263642164414,4.074433504668986,5.969789857491479,5.061451103333593,3.523525997443106,1.5018121651631622,-1.7938967899811282,0.19257396760180057,0.3431916445666157,2.5523174617566973,4.3318917397886585,4.046444281600812,6.515023454462936,5.850158456350178,6.251396725010379,4.314203551631386,0.9478193492490045,-2.42545842176091,-6.092229752561151,-7.272571364980612,-6.511870131184265,-5.916932651943282,-4.165581602050372,-0.22646456644364446,1.447060642328476,5.666268643535828,6.614424919130515,4.2647595467570785,4.220379985536224,2.459904758475796,4.315155132308284,6.37631249936139,7.5691351564657,9.575859331760368,10.477613261478046,9.52531767795074,7.21967688963425,4.857605993301634,1.3016708797731138,0.47574713374067673,-0.2343808148860255,-1.9127239660429698,-0.8023472716258871,0.4249959446754301,2.482785436373718,0.991738776962545,-5.521594140187874,-13.491359306234054,-20.271674791104292,-19.06556813010387,-13.468026854316884,-5.3300024796933085,2.30088419461913,5.476420071201332,7.989724873025933,8.680321941526445,10.078669585049186,9.560567044045687,7.655821393120179,4.308106920635448,1.9405507997090097,-0.041106420902345134,-0.6810679319801346,0.28282593210436685,0.8748448682490825,2.349434716451231,1.9558100054859195,3.7578258892779486,3.5800030998363432,3.908073341015779,2.8805740811268157,-0.6064653042821326
Oregon,-1.0549248000650788,1.4271550728959108,0.5771376615402039,1.9663462382721346,5.373028559207603,5.312690304120209,8.636991496078032,11.003812432113298,4.213049212156327,0.7336962313890072,-0.8933540586138088,-6.612426482017256,6.246983404921956,5.15107634374505,2.1838311912335593,5.268803365858528,-3.392773640600872,4.634083517328495,9.93743774646,11.036424920524004,12.791992808217847,7.915621111330728,1.920717092023988,-4.1489953496121075,-9.314512496283443,-12.961685987627321,-16.953461996693374,-11.24088872382973,-4.123538489215721,-2.1627038487568733,6.352504565860855,5.451590667332002,3.471944506609924,6.002882051160697,5.1557281948443805,3.492410215579695,0.7817764782229703,1.073097203564667,9.806819254534243,11.237574524866956,15.76697014215542,16.87713767241814,6.097830023982261,5.161398908997589,2.225253053599533,-1.9632486709625114,-0.7832423296213935,-0.8656091981908847,-13.848206214951489,-11.281602547394487,-10.426579867154217,-10.070050253951926,19.343895982039967,13.302734653648587,1.5267863263261265,-0.8918278000574806,-17.809722888082234,-13.813591907628311,-2.893959133374797,-0.7387352571048014,3.7429668825142994,6.232352374323559,6.801840826946735,8.33744670139551,11.806573594815513,7.124940522151945,5.875440597137609,4.620546636467482,2.74338435183645,4.963716886334311,5.11606456727528,4.585243206846677,3.134914073716868,3.3097088588743437,2.433000377196658,3.249237125033032,5.469762634708787,6.442035008895471,7.964770024010037,9.80481168487687
Pennsylvania,-0.3065134526003086,-2.251884183844397,-3.4641091410320577,-2.6445946322009344,-0.6803964421450238,2.021580016040735,3.7020426523605834,3.5851647004798863,2.4037597481075963,1.7773819030897389,1.2550818230613654,1.6975423440795203,4.063338889071724,4.251278755324761,5.996164195982231,5.381145994040469,3.7605999792892737,3.4440031606960257,1.7587512865939763,1.57903146189434,-0.3234436651585072,-0.726770768029959,-2.643058085129807,-3.762029370204783,-2.0465561169847346,-3.0840563002300385,-3.581293628023631,-1.9668587784833986,-1.4592053497472983,0.7079842324337744,2.481804448387174,2.098152138906946,2.0647516265497203,2.779634903773985,5.987809849723579,7.439766506103266,7.531479728303641,7.199633753592676,5.3530308280029795,4.158077862176888,3.5318001904781897,2.620978475479669,2.635365369129487,2.112899723361212,2.5610028582368187,3.7381403559477624,3.4708738228507063,4.571588070985482,4.137253620940128,2.107404259955589,0.42146284191612526,-2.311264871030489,-3.690653322024636,-4.94545822303468,-7.703534195141053,-7.171541239627638,-6.937330130262427,-6.144396658945992,0.6147272679321967,2.6539672959344998,4.727286373161698,8.164537107456942,3.823873941706621,2.6983055962478764,1.1749079534838673,-0.9541101225582077,-0.8772257576387588,-0.7041335381820474,0.4493813609871791,0.04287222184359693,1.1886441834347683,1.287465926944804,0.40426547749713776,0.10807218308462306,-0.9365170174483375,-0.10256845511291082,1.3635631969574327,2.800643469534172,4.939638113199303,4.8745148956983835
Rhode Island,-2.9369146623852362,-1.8047088473377777,1.9851157897791767,4.052505532793097,5.8367662906985815,4.765189463245906,2.380821874255013,2.819623405526198,3.5174562222159804,7.774715126587341,6.586057324793168,7.211531643283009,5.642695932685897,1.8736818575540537,2.685105321264108,0.3526176700597012,1.7670043268506723,4.297951243392883,3.928649039867243,5.726623933928152,8.758725910978232,8.275967847749444,8.992200785603822,4.789915170900408,-0.020151048269842792,-4.611519329662305,-6.910976159656343,-1.9478531014372957,-0.7811874365891941,2.748976410847311,3.797663114020225,2.0415832321257437,1.7613107324400075,2.60979735401291,4.149571977452552,4.645670709791573,6.0182798910348225,6.066083266110511,6.375957436056698,4.638045066858795,2.31484026647159,1.8844475665187623,0.41174192405448823,0.790807438841368,-1.293919733002159,-2.57379083109603,-1.7517141030556231,-1.0781240155831957,1.0342713577411498,-0.8345151045559406,-3.7792494861821124,-6.228944977277169,-6.683365523624136,-7.4678324400657745,-8.008744127702597,-5.638307710424029,-5.3111632413183605,-1.7882190010060546,-1.3069309759656094,-0.3910875066246379,0.8008704475800621,0.6572075325054147,3.7574323222548602,2.0282291871594382,2.3392274683131986,3.157499705653106,2.798102563349474,2.3210187050506494,2.580945588442286,-0.11981497569248459,0.5333447148008996,1.5988504047696288,-0.20250551941141232,1.8984020360723763,-0.12400144944032142,-0.5408685294811684,1.6409977548412729,2.346689632458452,6.621632041534586,8.037175599774578
South Carolina,3.035490458366126,3.9733159333624597,3.802938524969224,3.318379115471753,3.764253605218975,2.927142472438554,2.5680439809645548,3.1256158242554655,2.6561309907895554,3.0996950559656584,3.4070082938112125,3.7063913788496237,4.740484666103069,6.297371314452077,0.3590953691171854,0.39096130745942365,0.1767638546495881,-2.197361585509114,7.30206081897694,6.282885421973992,3.804682990988759,4.342716235219296,-3.0969579870853616,-3.3800330042081703,-9.49511939953309,-11.301005752179822,-11.913026570836925,-17.48687063016362,-10.988646831687895,-10.37100587256184,-6.092421800749727,2.2928944115412047,13.768233491525598,19.362565302338925,20.57470586000608,17.01230434240029,6.529312013699903,3.8562596119986448,3.261523774056549,8.507288968174796,7.287760827807026,7.743634779051814,7.970566603929127,4.6830776669674155,6.187086548173035,6.841801571318679,4.631543085282694,4.208038613467778,2.264102016602965,-4.172504652471964,-9.159827079979749,-11.972933701480407,-15.278035264105036,-13.13322993402469,-15.630507528774698,-13.617285432562545,-12.199914681422658,-11.888168664614565,-4.92389254551484,-3.669911766072434,0.9436306218687068,2.8018836798964166,4.486771961369738,3.9478429830116673,1.3006568956560534,2.240335251637738,1.77081777575143,9.399434375901379,11.702792149821411,11.993047242104533,12.446757899608928,3.4848192274393717,1.6715855927916894,0.8224224658115368,-1.2966560629867885,1.9107382038366716,2.290306338764735,2.2716241970954,3.3411357145750618,4.623406450790298
South Dakota,-5.629131858246707,-1.4968930813190104,0.6223005027330166,0.20384814565455622,1.8962144711328177,-0.3061761826287909,-1.2727237001171985,8.325759219236026,15.162503266761673,19.342454960599007,22.196720275002075,3.9511548577258506,-5.077139462934585,-11.452066153370465,-11.667005980323669,-3.102226022786526,1.5333887634276337,6.202215357758733,5.47867076254573,5.293436398018709,9.596852158631018,10.921591276615592,12.080158327611903,9.67131087525846,4.746576418987724,2.4952863654740485,1.1244082330935914,4.563524450005506,4.212263397958938,4.009684740243918,5.219772043498355,1.2078548342592734,1.46595435020198,3.6407076302328027,3.3268517373339677,4.659338392615978,4.150108529877414,2.453773546910221,1.3323356300000238,0.903550463214655,1.3924576264975876,1.005441611912044,1.5703189496402365,1.9813525220121055,2.370950530294082,2.865033680371404,3.0022766910710654,3.89856802818074,5.215178914947657,5.965600684756938,1.6567430243664576,0.1854807811600787,-1.0525970283231427,-3.9994139915914344,-0.7201544483811969,-0.9404869486864272,-4.170504799331217,-4.246517029996343,-2.474947522821961,-2.2546974752107634,0.15470946209698186,3.78405831213292,2.5666048110615365,5.118641688545863,6.969270410185556,7.077292666024027,7.249018479114687,2.3318733336248756,0.04550907565584803,-2.3468361176006933,-0.8878671247776183,2.429853997199856,4.884944407019911,6.175859068525604,3.2804761689615645,3.338418448195843,1.6612314145048188,0.4279456783982492,1.5588729937303674,8.378740321146328
Tennessee,6.938061582892345,3.6242283402408724,2.053320560471208,0.4130784667437878,0.4621566284684373,2.266644554885548,2.7784307408384477,2.8983489008990544,2.6661719111425333,3.1371473654395863,3.071420536456105,3.5984227018940906,3.0456638336558477,2.3165789803737233,1.4817358436868984,1.8130170199031495,2.2045306984352866,2.970340262873074,4.845980765967075,5.101603248800246,4.30153279211771,1.7742088111373095,-0.04706577721439061,-2.4503851350835255,-3.1660179885955757,-2.7022359141265198,-4.546481948744005,-1.2024359824207616,2.3413629076250824,5.2493591032260145,10.811552683772048,9.966643713046999,8.516385471442108,7.659405388731934,5.517209854912923,3.2873882326419164,2.4917347504936256,1.9516190139202156,1.935995037656981,4.155538851248078,4.792693006401569,4.119469393269699,3.702377536314079,1.835292960746301,1.4185843957246849,2.5753555779981543,2.763276940569194,3.7114307088389586,2.131312547972401,0.08497859479768112,-2.228632143504575,-5.0404833907074185,-5.969101469546099,-7.6631914859192465,-9.576382655933822,-8.445456862268689,-7.238102025497674,-5.291315522604966,-1.8548320974833246,0.1418587714535573,1.8560585706510695,3.565049318874964,4.050860891895682,4.6060904328233425,5.641302819886708,6.511661753184248,8.077152456508365,6.405592878618173,4.500487848775484,2.5225147317865697,1.0467247494435612,1.2726506821134287,1.0053482066173671,0.6927017135099657,-0.626523417188893,-0.1629252105162377,-0.02244683141517727,2.4156364262804924,5.839890785461342,6.413513056529407
Texas,1.8553242422387233,2.6661483982410097,3.4230890486759584,1.476807234850116,2.7046709789467425,2.9429160625807027,3.6964152211294183,5.549286931117018,6.881145265512383,5.715056331428612,3.5275686591435833,4.185524229132735,2.5164758013426027,1.9859592992449326,4.969538639759558,6.745000833752597,10.335445216087402,14.22645704780296,12.948166652156365,9.794169502703923,7.127107785630146,5.130019681858079,0.5748932014056627,0.4473980938668084,-1.298671508595881,-4.1433325654433135,-1.153857769887868,-1.2978776814708743,-1.2860880783646644,-0.6756912513715996,-1.681335859777752,-2.5837861501408574,-1.006065416441978,1.2352790323492506,3.51704392771775,4.989361770322108,4.518435187941138,3.6710530180225422,2.7070187188421873,3.780170739421867,5.325776170374176,6.733557381214907,8.575472485913648,7.853670241097466,6.606317482819854,5.9647132378343395,5.666105001841718,6.667557895801274,7.396609166296974,6.026241784993144,8.478383730916065,6.826400622611725,4.665957217445432,2.3838567252831653,-5.031462166971608,-9.148893047881996,-11.460163149761033,-10.273203900704988,-8.084470772200893,-3.6278488971301184,1.165325769779139,3.410283820240828,5.594304426368828,6.45854782030372,6.61412071326061,7.1871411528880085,9.16717518069681,9.604885907503629,8.457386469181213,7.352641682179148,4.7983239246808225,3.8638140509046472,3.9996645147256857,4.552749376719112,4.716206657252754,5.0063405312307685,5.007423305502632,4.194432935603996,2.255415717811039,-0.35102279711244494
Utah,15.25859679438549,-9.502491170683477,-0.21649926268298994,-3.2726040519247395,-6.447843929532213,3.4688969764561017,6.254532142777575,1.3980446890199518,5.160149079657509,11.957435360312724,25.805665530146914,30.363675575854792,33.00036535431759,25.35149388691674,8.763644616965689,1.0059107325116037,-6.2465273472846565,-6.796865641730047,-11.480772971581658,-6.347000062811696,-4.391515951311412,-3.1081792390149436,1.8064571032695844,-2.8343393097221945,-0.40673715935985194,-4.126791985852128,-5.157970859594929,-3.593752977068068,-6.994830149862959,-2.7665198297502194,-1.4289946017826263,-1.206977225997926,2.812128607801436,1.5699894431525536,3.958022208831208,5.495711680169428,4.458612376844458,6.4214319153896495,7.718977012963961,8.320042479027405,8.975746648659868,10.619949845893686,13.436043980895477,13.622304656118494,13.170393839867101,9.845946196369825,7.636809328217874,5.113750773806875,4.379998860584187,2.835296190909941,-3.0231417460460155,-4.516156754579428,-10.006935734715428,-9.472800748138635,-12.44812401179345,-14.602002537241287,-10.71968438970706,-10.934867363413787,-6.856104634119245,0.14043826200998485,0.11980326079964865,2.3387863487827696,5.211709831922332,2.1857519899254916,2.784523004587904,3.1657423011652823,3.232969845672358,4.2659862928509344,6.666878187922432,4.51355317710846,7.107923846225643,5.6354315123909355,3.0911880382789017,4.385096164703197,-1.8727570343059214,-0.44384028576352547,1.2045035063326714,0.9995058791288585,5.491108433154472,5.69298051413652
Vermont,-2.869260372777087,-1.5340220940168507,0.06988199000605548,0.23218486256457285,1.9830590891396604,3.081646756952426,4.054754504639855,5.132382092586981,4.844948962765972,4.760091023639798,4.483336104645548,3.145137111966915,1.0341946330071587,1.6709771753594196,-0.08176807794456586,11.226581051806688,25.081958843461504,31.469829279467888,46.893097862666885,32.11788271438927,17.620734665257963,11.73084922620328,-0.35538502304256203,-1.424041514415052,-1.776247832986649,-5.32540992562857,-6.625968904962823,-3.5860965343471745,-0.9819534200870702,1.762754619039737,4.454304155072194,3.2976176534236123,2.7374068032309804,3.6408034392665036,5.194668761410086,1.818206988386525,-1.2818363845916467,-8.041141339216304,23.07309425175262,27.26733575564374,26.417411658985323,34.95116748729985,4.244195174773873,3.0944722070562007,8.361692555736214,7.784386655728484,1.7107768799856322,1.5747747388649684,2.953377016461239,2.4803654024982658,-2.40873351302884,-2.9290861696038513,-8.175751628015258,-8.999377366454297,-2.3734999082638004,-0.844065270889306,2.0520056172313144,3.7963556936086196,3.784285562256932,4.045280191260776,4.348607483872452,5.444578235096897,4.818389553278289,4.238785449515521,2.555064069416474,1.293228899556197,-0.03885975545965444,-0.3233407334590712,1.1310308616945346,0.8069121503734652,2.793783866005839,3.379523445407817,3.0845143939669186,3.259557327899907,2.028219112926679,1.4465787829520929,0.8070966216809328,1.1956151946554294,2.0264885833331756,2.1933909831346363
Virginia,0.035771776669737486,-0.6496895494712406,3.3683424660583,3.928287055306502,5.6343597726091,7.006824178952195,5.099738575394626,4.727429098901695,5.878604339435628,5.221948282648083,6.903335991017647,8.126261867121878,6.977150789615186,9.543318302732914,8.942667901629461,9.03607373931958,10.730472227821663,6.856417201591561,9.396003103706017,6.301348600035546,2.9657623786916627,4.80332795325097,-3.168127061571967,-0.6781742058875454,0.6964206988883854,-5.341402050556084,-4.028720071030908,-8.107363879725291,-9.400702212197816,-2.289695753738698,-0.6905361559676145,3.0783096410554616,6.037156292962697,4.557224478651147,7.3253518587967745,8.21161823117556,7.616115776955142,9.057482951280846,8.57239341105169,3.2073138512573736,8.400187374810995,5.506232237965823,4.021441287095689,13.306023722671076,5.584051841407745,5.875898969651868,7.623167565304412,2.3965175996306063,-2.486621140693079,-3.223754076520846,-6.9302845390840595,-8.67571791843198,-4.245465543315317,-8.15296013003401,-10.557973915429395,-10.63248054651626,-10.7127933437404,-7.125285983721034,-2.9778719675764527,-2.4573914250037947,-0.965948797078721,2.1307282974119177,4.103357191988147,5.391249319789859,4.172578485389233,2.398520213071947,1.4503000137204796,3.2134701100888954,3.6209932579714574,3.375925066717915,4.255737524731328,1.5535194341191227,1.7496404569152417,1.4033283737739601,-2.50399756561769,-0.7946269256382544,1.0608696167389151,1.7218045427179725,7.70118328073065,8.046598873893785
Washington,0.6151492061359762,4.23035770153107,0.6755918105767285,0.7998321310807783,1.8728875000421166,-3.1462647410353783,3.1358717314363127,3.1517008270359614,4.09738529458485,16.235879320797032,3.3549670456472156,5.5265445994096325,3.7537826274600055,-2.8134416757324225,3.054904962444832,0.08068180723341971,1.4334983356991702,1.288458970530265,-0.96947043401145,-1.337984980474969,-3.551230088932431,-3.905693815261931,-1.7643895588727472,-2.6086017653684688,-1.599153533370678,-2.3583860132602266,-2.852787111259559,-0.2244449728364233,0.19857070987975198,0.9531163434685062,1.2805242159412369,1.170969043200204,2.0247070682817543,3.2029545069574104,4.085927625818917,4.569941150212933,3.8900838502858264,3.9876109190893803,3.4045912749290594,2.9779583535251524,4.039919235358266,4.889045786503983,6.720193242149238,8.340876007675417,8.322178116284952,6.742747804959192,5.166303122149072,2.387443687097705,0.9896767469873012,0.6020319256393398,-2.386789001485788,-3.7441152710022374,-6.133911144384959,-8.467426957992721,-9.728916839112255,-10.189951387562992,-9.86727034335245,-8.282436093769771,-2.5804798196730507,0.10998067694180148,3.7818267892731434,5.447966878840347,5.288956729480726,4.692395615175203,2.8190937499162225,2.076127987972155,-1.4374510168467625,-0.7968326820150055,1.1118819225957188,2.1592436296046116,4.619723633024112,6.051379773378794,4.332971035272618,3.2849820050977843,2.6692743609907192,0.6971071508171018,1.8605502217903032,4.007800932443182,5.182282456538933,6.851920148037262
West Virginia,2.3800075423929914,-0.5735006712337933,-1.0229783517865285,-1.2253064703531518,-3.0433115009763827,-0.7896405979116388,-1.0620035422179845,-0.5191902372572585,2.043604914703524,1.0881851420242605,1.3427688300474292,0.3710638012579955,2.0619947173425945,2.1341181025759406,3.358223001367053,3.6767998865055467,0.24622737178934695,0.37111138860343373,-2.33337490691484,-1.2204463200309945,1.7166091104068404,1.3003898058559562,4.028088003606419,1.986877616321907,2.857880457765899,4.59785621090185,3.059430303956692,5.32984754190703,1.429999986730931,-0.6468028229823942,-1.758271811452742,-2.7850188010518853,-0.6183407305931314,0.146232427207807,2.273894700549213,2.399768148980448,1.707317534039026,3.3527731692930427,5.211023135616164,6.326598148040963,9.007491431615314,10.115038864528254,8.130516141025392,6.243324598796141,5.324255908340173,1.0772534400846772,-0.5534140800730396,3.7084089543603413,-0.8946197009628487,1.9611674463025868,1.186564034728456,-4.320616368501893,0.07134384818103309,-3.6752567512743965,-2.7407724651515144,-2.4488907049095667,-4.539940682568819,-3.964710702942876,-3.418619602967319,0.3221680254926537,1.7111194312742808,5.980952509995673,7.232736070456058,3.514958760497454,4.301073940549206,0.721442253587264,1.4023337949116614,1.7852149060280569,1.580069944354566,1.7498828291152526,-0.9712873506255935,-0.2890043835923647,-2.620555156260758,-1.7286734625640208,-1.2551979239631135,-1.7507650215778134,0.3098236225873921,1.0249439150773298,2.0917272218185583,1.0863638030038565
Wisconsin,-2.728436233861566,1.4265046717136387,1.5147562348887118,9.13995705736414,18.51294798334914,22.712101445380927,25.995467184344506,14.434031702029754,1.4623325183053264,-9.160617071647295,-2.846533861716121,0.5867571104337714,6.715979965020352,11.754553023437351,3.1585618451974393,3.3880695007798014,2.5044688813184854,3.906172387735224,5.648007824422714,4.149006819239793,2.245635733759887,-2.9783435910641125,-10.092190928325993,-7.0530283658756066,-3.4860039426361733,0.5696803456220031,7.370616153131701,4.313750211029482,0.19114524374908956,-1.7042265164986488,-1.2363067923261448,-2.9084445126883076,-1.210060123959907,-1.3758928772165793,2.6767059705093064,5.1411856604389135,5.538167498325026,7.916669900273211,2.162730769535466,2.2232634666540245,2.438022777844677,1.630481450129648,1.2765153766967126,0.6468098972784939,0.7252018652878565,0.30579623585558785,1.8460952199311134,2.167968705117532,0.07199247093966332,1.090594199999314,-0.8350942332339717,-1.1012680613744255,-0.5144096622267815,-3.663087404674176,-4.072409309157338,-5.304395742682365,-3.603099219010268,-2.2716810082359284,-1.686144869041294,1.5404228563168134,0.9030542457717283,3.611369592464696,4.5497572737754615,2.7922680057844973,1.9237003420238041,-0.13023641056113638,1.3684406982592165,0.3241824131545504,1.8912625573252735,2.949352851564286,1.575405762178465,3.7761862100655486,2.635610577575948,2.8672730989580786,-2.421064731938868,-4.265840759480344,-5.245674606522437,-3.674436617626242,3.320923342194698,4.417943868800482
Wyoming,-1.374635241212739,-5.727362561185261,20.800990825669086,-7.736468230092744,0.9661472293560134,0.953044081681397,-10.36190310303866,3.6021471004777657,9.628040291012043,16.786414921875732,25.356512336261268,20.76300141148342,0.9417542558327373,-9.422113794878786,-18.803117844896427,-15.577094462972424,-1.9603852734360154,9.298413330258956,25.742128649847558,30.961060160375602,37.3572255027745,41.11670580154859,21.477917678619896,14.8273137185196,6.484505257013994,-8.12394382264418,-4.854093011445163,-7.137757926568732,-8.795484943984263,2.267371626505408,8.459672450624863,16.109611255813743,15.978523328837948,10.527748103807482,21.268017695028323,12.571038512812416,15.547110699839997,19.01211526266581,11.668900699042245,7.315848274091626,8.588369377295162,11.286312423381844,17.09375632241501,24.761374091934258,19.654278949115497,10.181122472377279,-6.789079537178456,-7.166026023845296,-4.978142281117769,-0.14583227785965466,8.575316191479699,11.768665780189322,24.058228820396224,25.30656225465069,20.04597372059034,11.35577623907375,-18.215025850713563,-27.658649309295775,-29.5317351714613,-25.108723786563438,-0.9528472888350227,13.138350643710318,22.015091352070097,18.49501118080196,0.9441690310051974,-4.124289618189832,-8.978692003363529,-8.554796059186835,-7.02904395756712,-9.177171451635937,-6.671160590327714,-6.801063513776293,-2.909966062405007,2.5343252189816994,1.8237023173025457,4.691303035358561,9.37660924185641,8.759244296222406,3.701115385592979,3.730301890257993
