state,2008-01,2008-02,2008-03,2008-04,2008-05,2008-06,2008-07,2008-08,2008-09,2008-10,2008-11,2008-12,2009-01,2009-02,2009-03,2009-04,2009-05,2009-06,2009-07,2009-08,2009-09,2009-10,2009-11,2009-12,2010-01,2010-02,2010-03,2010-04,2010-05,2010-06,2010-07,2010-08,2010-09,2010-10,2010-11,2010-12,2011-01,2011-02,2011-03,2011-04,2011-05,2011-06,2011-07,2011-08,2011-09,2011-10,2011-11,2011-12,2012-01,2012-02,2012-03,2012-04,2012-05,2012-06,2012-07,2012-08,2012-09,2012-10,2012-11,2012-12,2013-01,2013-02,2013-03,2013-04,2013-05,2013-06,2013-07,2013-08,2013-09,2013-10,2013-11,2013-12,2014-01,2014-02,2014-03,2014-04,2014-05,2014-06,2014-07,2014-08,2014-09,2014-10,2014-11,2014-12,2015-01,2015-02,2015-03,2015-04,2015-05,2015-06,2015-07,2015-08,2015-09
United States,-1.125330477930424,-0.8957115291247956,-0.8648132283788261,-1.0150827071213584,-1.397287296755333,-2.5250453738007375,-2.7434841413355677,-2.222140282870033,-2.2000184631737625,-0.6173789541988209,1.9492650927172794,1.992000623505703,2.3467013753361026,2.395668570276352,1.131697488686242,2.1792150309721983,2.057020366131802,1.8524971805144204,2.659474271422198,1.8262533610463334,1.8700145307617562,0.7386733778915757,-0.9588075684077149,-1.4594978691608937,-0.9453285517415824,-1.3047071258678493,0.05381577889532183,0.16927697379330167,0.8115021035418604,1.849013268296894,1.7958765969481305,1.7886105022248213,1.8810491108957181,2.1901726531538106,1.3951534982059195,1.4262141420222043,0.870276856640001,0.9445395161853279,0.08452713188880323,-0.3452209694551232,-0.9419192474198254,-0.8007288965953436,-0.7474803624635024,-1.5171422765563114,-1.2828275855854823,-1.0781566160449523,-0.7497016393247848,-0.668632581070952,-0.2745983216520867,-0.38564976925311273,-0.25025502005554173,-0.001466712896306984,0.4119353338451509,0.5781868131587737,0.3613473155159667,0.4185708134819083,-0.0021282629272674903,-0.6411619733252948,0.1306148599859792,0.7399295622511004,0.25411137303258696,0.12326470706935948,0.7368301325190268,0.6431947096520622,0.9291106857780479,0.6616114428009587,-0.04650913901070915,1.019185695955133,0.8404973384153287,1.2724942937121195,1.28630355322231,-0.1942947466470166,0.35226111342352995,0.7126919203867311,0.6608432955537049,0.3063310577887691,0.0069063802820835025,-0.028152979787075202,0.38309903418642727,0.49900546221935693,0.6653423482124107,0.9458464663511752,1.0691575186830582,1.9393269481557458,2.9161073398778163,2.594209322203992,2.171147948735495,2.46468524178215,2.2955417436463845,1.8777678147651105,2.3293823789234662,2.3364321403668993,2.3180128372968336
Alabama,-4.535332573287335,-3.738544132704609,-4.666052878261168,-7.030623349507653,-5.233161440599252,-4.206744527003329,-6.533939659233087,-5.148938466157447,-4.80760130351373,-3.0704453547660195,-0.197212195518015,-2.6452249400799577,-0.603384917536047,-0.21280712488067574,-2.032388445973055,-0.8721372605950393,-2.152043114320586,-3.5837857640163833,-1.981954068823051,-1.4055289798097401,-3.2226265569185606,-3.2695497560346913,-4.6780694203442845,-4.303648594670681,-2.483654561853316,-2.869621862915197,-1.215816768465319,-0.3760500526972355,1.6060761112524045,1.4718115848190423,2.4160913667659196,0.5019829190903415,0.8764592531831045,1.1165929074196603,0.05372603158590068,0.06389454436780341,-0.9371103758019639,-1.4515506310264452,-2.5428357519961775,-2.858275080968803,-2.625629365393268,-1.9962753619558693,-1.6599104619129164,-0.8092789879482908,0.7271024389799324,1.0331784885845339,-1.6765297348217505,-0.5734216960566698,1.2961072827585336,1.4579688130469477,1.6685224038146567,3.1103383614200535,-1.296171720030735,0.6616304123374548,0.3233360067914981,-1.8392472903184292,-0.8168376748378071,-2.9097356664340825,0.29500429487906565,2.3719103039984,-2.2938989427045335,-2.356684356550941,-0.9672733529889503,-2.9027536326111143,-1.3809092354231356,-0.12544656144322078,-2.1874902456034,-0.33063253134597637,0.20936742574792444,-0.2616553327478175,-1.2436717526617629,-1.9519045832806434,-1.7432935438511192,0.10580202912411857,0.8952083740610902,-0.5457148688948437,0.20854177342041486,-0.26750762593401806,-0.5066696795194231,-0.0060631558316131895,-2.805006938695,-1.3805532297098815,1.2123946556633856,-1.4680746499052968,2.1878413864537474,3.1486239387842416,1.0646663316512834,-0.8292871256367437,0.03994869746220943,-1.8528945160533588,0.36144144341291745,1.819972324268438,0.291697687722114
Alaska,-7.789878056586194,-6.499668545119144,-4.558812825002034,-6.063722870483638,-4.572268524694454,0.19289150463932542,-3.7093090795827712,0.13614893750006812,-2.9439057858710385,-3.3102789783598596,2.5248561561884255,-1.0856480420090968,-1.5660744129664208,-0.31182812669519416,-1.9451324266642023,-0.9570912778290247,-1.8539385453247788,-5.281256508184441,-1.1000002659587005,0.643211872437118,-1.981356439332914,1.8481258465286847,-2.63120025937232,-0.3864365642743508,2.181233446137048,-0.7318806519460159,-1.953983796638628,-0.484020388943321,3.6212564841654027,-0.0979803830323414,-2.1882859723461623,-5.9544450718075925,-6.814986002227517,-14.718835852430646,-11.889636693058197,-10.701184126639042,-1.7925398741451228,-2.6410444960955157,-3.842908864023372,-3.7408077280788756,-6.770809201619657,-2.3496143571325776,-0.6272321062795781,-1.6068293364595734,4.704818274963066,14.82601159863806,8.45268385821138,6.788186047718038,-1.424909179260857,-2.727463164911084,-2.652599649696947,-0.35318524859564004,-0.22630304627208772,1.8085293850148294,4.049028451511156,3.538890256080477,2.1364278160344083,-0.16804555654303913,3.3161452992356915,5.192590260832432,0.2707983932089231,5.7198037409721705,6.1234639669516016,2.368586335326297,2.0948017618090944,3.5905030990120768,1.2322448398073103,3.0560291066446794,3.2438171882170677,1.3036171106631724,0.9572336161906068,0.7716699586255041,0.3422449975762502,0.896469311292639,0.24831213209869063,-0.7601986634573596,-0.8747358601293078,-2.700372106979615,-3.5172629927880665,-4.07306119806311,-5.2628785414187975,-1.601015845667006,-0.9790545159751741,-3.404943058743214,1.1676620736320664,-0.14765365226609306,2.656307674001101,3.7850848432297344,4.695741952770979,2.893235047130713,4.324213510286423,6.4975242524244265,1.3861326488171872
Arizona,-8.319831788993922,-7.353184790716055,-3.407632669686853,-5.677630963542504,-3.796515444248219,-1.8737826238093973,-1.5379010997227849,0.9151333561888063,0.717479908621501,5.000061195375806,11.556981414171656,7.42283652693922,11.695441283898642,11.736496926396036,7.993512825303896,8.221980315321318,8.639947456840428,5.014629186997618,8.049008016156684,7.340416739260994,5.774829131438651,4.835158854544897,1.1028556490567092,1.3787580956318952,0.42851865371060427,0.0470480100837706,0.8157107535077729,1.391091603409159,1.82798158820425,1.723649517994812,0.6981969864849915,0.470983226061197,-0.24398449571279662,-1.4595945481745687,-2.5924823776420576,-1.2835514344006893,0.389611934190642,-1.2799657141185494,-2.07309744006706,-0.9428899989356208,-1.8575807474537094,-2.3919728278759296,-2.448361834675772,-4.0746302061435316,-2.189270406223245,0.06412176628487176,-2.3058376644301983,-3.1076035108023787,-2.5375669433199093,-4.156922391315219,-4.100238367765529,-2.6377269708631292,-3.716570150887205,-1.1537244311001478,0.09448295575352937,-1.8335423888019113,-0.08073383437754342,-3.4128993651539186,-0.6839414641573295,0.9880862309990074,-2.8234402387607354,-0.49797617201472594,-0.5523089950616735,-1.0755397291228046,-0.13770520854679416,1.783500758648372,-2.793592927275597,1.1914533812727355,0.9379661069872308,0.1466619591268202,0.39343248461796926,0.5053097460712943,0.36370844319880163,2.2678289466099644,1.6906583668278887,-2.4914910317978864,-2.8715340360155115,-4.0005398794823535,-3.440443022736253,-4.524454486434683,-7.057702468977792,-4.487335292045376,-2.2475830337935183,-5.794324856000708,-1.6612290068057474,-1.2464993752411686,-1.208736358898013,1.3825265520621006,1.3127021113634119,-0.23604096199558539,1.7052327298657612,4.825801059036276,3.5472269379134906
Arkansas,5.195004567817256,4.006961276039196,8.214461454918506,-0.6284265967822354,0.07325800644302524,2.1477799196510645,-1.5702430126897178,0.30693585438980836,0.0833097215321124,1.0991012432213418,5.855248196775921,1.5842877029707234,4.401783778214519,6.44561826036459,-0.15930807224376986,3.599800338148404,6.310343482650041,1.4408655583957037,3.2949066529411644,5.399975440292056,2.0638204054354583,2.8468958206006234,1.4719007007007372,1.3397391804492589,-0.24424256658767007,-3.7857002552861,-0.025781181512416602,0.9393126652742633,-0.07794551057698458,1.3517541355689953,2.7618702888055804,0.09160526301011489,0.3096841048662061,-0.9550083808798414,-2.8462154069442755,-1.329641532115845,-0.7361187802038262,-2.527469086370297,-0.07394032022180357,-1.6547385378644703,-0.17947332710108282,-2.1953876643570536,-2.834733969107876,-4.138800197686492,-0.005820371320683062,2.7348565383719814,-0.874800207489049,-0.332754948838973,1.695473328243879,2.4644275217159715,-1.2826993194650178,-2.8321719810695067,-6.454104058206685,-4.096414296849687,-0.09827626550190387,-1.0785509951737855,-0.31935826421244246,-3.995226712370429,0.5791728620813431,1.6609822219777532,-3.5631588698879733,-1.1863408680727063,0.08743570796612474,2.7525919219655814,4.8877132956661375,7.315996019753439,1.6425529186042411,4.103924946070797,4.662469175967689,2.198678242168158,1.9025887843852212,1.2916855604930537,3.0819661463628822,4.1535404605686415,4.731713421079198,1.5924661655576111,0.5743488884812961,-0.3934695616361959,-1.277478069831818,-1.3645384423659923,-4.55070390778545,-1.6880609117348966,-0.9519692748456192,-3.6188909162358236,-1.3008253290824814,-2.140745364122257,-3.5111529382802016,-1.402811821233445,-1.5995908069319524,-4.827236958303233,-1.4052161451090264,0.6494505658973696,-1.113985672198932
California,-8.578396754708601,-7.151730764680517,-4.275212082742915,-7.174646486857918,-4.992850879987319,-3.9146995159866784,-8.706371640618691,-5.225464329273724,-6.727977791107027,-1.7498281473511887,3.5928013538401458,2.557175567829112,6.18267604951299,6.710848509851621,3.9396311684563354,3.48467144700099,2.67693300667097,0.19385139779960625,2.806235523176403,4.0107900590848224,1.1648752345408186,1.897161142177866,-1.1821677724500523,-3.3017725596027883,0.37767149945887263,-0.5977587830194413,-1.612777007219349,1.5047399366756153,5.430808277845928,3.7021587549636976,3.9328297220889006,4.300318411402316,3.3809690759849604,2.3214194553828027,0.637748736760331,3.8418808474992696,3.3566670310827584,2.421252595209401,2.3054394763847874,0.3144024577731065,-0.09040609534103551,-1.1601343241957618,-0.1709095836441443,-3.692000475004515,-0.47934371285119826,1.8420109891478385,-1.5021016855634763,-2.0817679907410307,-1.2195750698795749,-3.3988200936291353,-3.7629050295778037,-0.737451048276113,-4.8601368449355435,-0.6517944652170236,0.3241052182341433,-2.181810516572881,0.45995839303361363,-5.856883074553741,-2.386923296878004,0.9865331586568055,-4.861667670182655,-1.8668423263345224,-1.2724797937589993,-1.1164840683133381,0.5329443930545336,3.1988856677055812,-2.5903181849232038,0.960164892530572,1.144392930972174,1.3435852094459004,1.2522722980651972,0.6435083986719397,0.1616674715243836,3.7224235198482365,3.0027811510255487,-1.951157141754676,-2.1910664096455377,-2.558816984831342,-1.125888517154435,-0.8044242845859426,-3.5978539015640445,-0.08297868975072424,3.374452716405172,-2.444418861299158,2.9201968053272016,1.9839885462498157,2.51362138311316,3.2595950131082287,3.3198588983687114,0.35458822831982933,2.5041943625732537,5.409910967340357,2.154627555876703
Colorado,0.5047393020909815,0.35456308717955043,1.881535993794436,-2.1120294784966283,-0.5266048645126646,-1.3870402536375972,-5.268832543651506,-3.3177771201784148,-5.148705863659488,-0.5206160024982115,3.425051393004986,-0.18801132555987388,0.6828107486688354,1.3945576442802916,0.22655233979379125,-0.5106766292339892,0.7201570452938684,-1.8965793048542,0.6439116342231562,1.6462136219931947,-0.9155281464917475,-3.671027685585542,-5.697014664971109,-5.907228028239985,-5.101744246221446,-6.778297754531234,-7.509230661819541,-2.8426180800934104,0.458987143140392,0.1767584375971608,-0.4722020878962748,-0.06281628119226047,-0.1720243039353099,0.5550302439646675,-0.7141219279535541,1.6885017747311757,2.1379002331852015,0.47911650017634655,-0.9928355279907788,-1.3041019282954804,-2.898182421034132,-4.122724023295486,-3.297481302987305,-5.529517445173038,-2.138224622541457,1.4048434785810637,-1.7026556506411508,-1.2928147278135318,0.9092684468400225,-1.725613965437129,0.012658955510146341,3.87239251687091,-0.7239697552344003,3.562575000713035,5.299814484500152,3.0505235254240417,4.94071375060808,-2.027856767211053,0.9562019374857473,4.633427336957746,-1.298225395365245,3.7141179540274316,3.976966810306768,-0.6075691932416865,2.645638122787447,5.486406370588226,-0.9466992432024584,2.5652484716583226,3.032201102902243,2.648182590943344,3.901281906929711,1.720240468117932,1.7946686875406577,3.8463602818383023,3.51046587685421,0.5096479465678478,-0.5805946655709917,-0.8000525463636214,-0.6671410452545016,-0.8925731500455935,-3.5231277873205125,0.1314290720785232,0.11403096156938113,-2.7696164122136153,0.5985460950265398,0.3741878475659721,0.5387413295164942,0.978285018746859,1.4274358600446548,-3.382478536423979,1.244278986544155,4.6201124267765366,0.9717740534394224
Connecticut,2.0543653145686545,1.3448761440181665,3.558519076117762,0.7642962138916529,-2.5718232539786596,-1.6328751456734527,-3.9643045335481735,-3.5709681730590455,-2.6087489197420006,-1.39555901810274,0.4955340270876107,-0.05179463081310026,-0.5255697732955955,0.8707618786175401,-0.7809798115972122,-2.732874667229088,-1.4576645175379968,-4.571509394635311,-0.9285105665949271,0.5566646434673532,-2.7402572210904035,-4.821232666796973,-3.6276026439431326,-4.8795411571932075,-4.161849317525197,-4.567541180242902,-3.554075925034059,1.2088386579385577,2.2982589178226918,1.621136660178707,0.1823244913454544,1.440586011826386,2.585079220175688,4.176752099020567,0.9432901917365917,2.5321810098655413,1.2739275228660896,1.717099405888679,0.34064570688174783,-2.6611554311144934,-2.659994810573575,-1.8110558596125563,-0.45357707473403897,-2.408203288811961,-1.6372431305135604,0.4826902475226773,-0.5695775686576474,-1.0993958337859635,1.2470982507750998,-2.2817363597262914,-2.1772529960529754,0.47691221374363774,-3.5097527947562592,-2.0595049119826325,-1.9417286382779064,-3.4256975627355613,-1.5171230295460116,-5.0900116665773005,-2.540063426867103,-1.745733148059266,-5.744657466767994,-4.293912222474777,-4.274042878068637,-4.466245466430705,-1.882884899769974,-0.003300859241544778,-3.3895755369114453,-2.156050387428481,-2.34203020460819,-2.5320001411806854,-4.563698462379528,-4.199463997475615,-3.2573362754676807,-1.4354676371042223,0.1957189212771953,-2.2647550518198756,-2.618839484445972,-2.4335489461009288,-1.3786092010505968,-0.37442728580899454,-1.0524872268741974,0.7910223564847811,4.353501450153992,1.4440181389238023,3.532983611984998,4.47274984445446,3.202317070192188,2.2729151252328035,2.5163391568658957,0.5686328292583315,2.0986560971888153,5.312047322938744,2.821044768135043
Delaware,-4.042291316751327,1.166935817905064,1.3513805951994584,-3.3426219125825685,-0.9482403972406069,3.837730092929934,-0.6461450696101504,-2.0050436927841004,-5.6145730663503075,-2.9572326515039236,-2.01295014136506,-5.30014053888624,-0.8399751500129893,-6.539252606547291,-5.344233325985488,-5.831729492749005,-4.532527358760586,-10.448049500201744,-6.381734973386586,-1.33572062855603,-2.031763727591035,-3.6762475553315617,-5.382522486696976,-4.802097951391533,-1.9936857013049112,-2.5355543775419775,-1.5641593445860011,1.9863524624555595,3.845659251161508,3.535136472614068,-0.43579676216747765,-2.916682804147621,-3.8030367163712877,-1.0288491031007838,-2.6056277236417165,1.3474432925298496,0.0035272237043728876,-1.1053401333342066,-4.01926420680305,-4.7227992028498615,-5.369799139631862,-5.369239878494887,-3.528137898726717,-4.597815003641651,-0.3467791475146251,-0.6243147235799624,-1.683044889891925,-2.3947369782154637,-3.58358490342728,-4.926463234316036,-3.28061881718288,-2.4845408265507207,-5.654189585238618,-3.435811555581837,-2.2484956643100635,-3.854823010214789,-4.191906554561251,-5.827598761218773,-3.2366024914743274,-1.1874277779217528,-3.7825747215267778,-0.12550666004735606,0.7631013177773526,-1.675547856745245,0.24862151777929722,0.2593534513857315,-4.696462119505343,-2.6783481809978116,-1.2497260339826142,-3.365128636450431,-3.8822128969772116,-6.555819724789362,-5.187347775122235,-4.908406721274935,-5.040411621816087,-5.339146363391359,-3.398793212447405,-2.7432081790138407,-1.1611343688055134,-0.8083571433981405,-3.2807700565663525,-0.4588696291715806,1.5774650139525694,0.7274544734560159,4.374829820770006,5.413838055842373,4.891188391996914,5.523601345310598,4.06227068443955,1.5118740809357372,4.317348363535359,6.268479787265864,5.664285185369484
District of Columbia,-4.672983833937881,-5.813344347806069,-4.376493226084272,-12.37847117408454,-9.570863906321739,-9.741521793677114,-11.953989057932683,-9.538065288056721,-10.89630694991048,-8.942589757229184,-5.063190996770265,-7.649463227820946,-3.0512029115671457,-1.7193401538725168,-4.0378535994966045,-1.9285662531387378,-3.399957973103349,-3.073003550361625,-2.7670701219379317,1.779224237993924,-0.6942951759976416,0.08771005151735337,1.073853080877564,-0.11007320668836129,0.7446444265752474,-1.5806404349399523,0.5210974749078672,4.333885249124482,8.11790073007951,2.9163595325838787,4.294462297342318,4.4916869899886,5.5414182550941415,7.190793603327774,3.605688334163642,7.7644423396085225,8.575541711462337,4.169265299643947,1.9702269809213337,-0.15437665644782114,0.6625600617719897,1.8663917345072234,2.6964390182362337,-2.1297901730115565,0.32717530817885626,3.178776513968791,-1.7778898830931293,-1.7601401808879882,-0.4788053511396583,-0.1401683968185205,1.37490106954738,5.486294453786846,-1.5409858597648178,3.1256929900553336,8.108142869285526,3.322696063862475,6.318603180898079,-1.826253567731552,3.569071813888406,5.753048202094934,-1.18422943599511,5.935771755791636,3.748568789838168,-0.1318474977946554,4.44349681872595,8.134342654168298,-3.254252409949998,2.7811316192965565,3.030336131401836,3.6454037968906463,4.582970891641727,4.419470364262377,3.1583303161205287,4.6609555376622485,4.934545882183375,0.31091943253861826,0.32806218431660283,-1.1358438657767527,0.5310275284437341,0.2013208578292821,-3.6132657510640396,-1.381273108394303,3.0903825105917058,-4.9200131087220385,0.3903378183981037,2.345262533737496,2.520312892100616,0.2768279634558346,-1.4706297240996877,-5.228572179930433,-4.464831019530683,-1.3812041491830462,-5.735367212955418
Florida,-0.6725960620249832,-3.0974347776904803,2.6557824798074097,-2.3081965110142817,-1.2720453432809447,-1.2079653972495619,-6.151488639197672,-4.776695996157113,-6.050633788314362,-1.2346425111077541,1.4693292806736198,-2.7463582689572363,1.3119618265706936,3.794115927901491,-0.42992416939648315,2.2241442665550246,3.348436974617385,0.050257921256714536,5.319467241949667,5.977212840742384,5.191182182703542,2.4007162301455764,1.2140490658082834,0.09202672049697105,-1.1923076799997265,-0.9707076319530793,-1.1336365041574692,1.234754859281237,0.18469527507479055,0.3807735365296399,-1.6152936006503182,-2.4427757889436257,-2.1938886899338956,-0.21586524213459102,-2.816248369429882,-2.301579571729604,-0.364686815448789,-2.896015774108521,-3.933430119997062,-4.86876695424147,-5.157262183822492,-5.167638695501697,-5.275889251435494,-6.655412394065246,-5.324822102476509,-5.17342113210325,-5.778134110622022,-5.328354500596279,-5.267353071553563,-5.703329633591271,-4.381826431123265,-2.914740320814814,-4.471895153569651,-2.47681179799161,-0.9001613024232977,-1.8318007708716086,-0.7331512330313403,-3.0063421191016073,-1.542069129721586,0.6757020135645916,-1.723867923611653,-0.04933798645747018,0.1599377215520573,-0.8408866351890341,1.023223599999347,1.7810030027338835,-1.1533021079480956,1.1168824129019392,0.8652979226764236,0.43048255064779983,0.7137700272927706,-0.22136135596979561,-0.13795870401420327,0.8548520853207118,0.33906257128439277,-0.10472441204915003,-1.0547715567243983,-1.319698073046474,-0.3663839781191771,0.21912723567002632,-1.7147026752873045,-0.9223112836047811,0.7800800705627843,-1.6807054663477026,0.6075948034574283,1.8967868939972024,1.9997216750416837,0.5820091336444775,1.8040371516910947,-0.4376088339775964,1.0174473107424775,2.477319105121546,1.5705159733394929
Georgia,-3.531239298045255,-1.5993037762075204,-3.364655409978342,-3.490714422674706,-1.0019697758121162,-5.887601291702941,-4.540123646525477,-5.370171361421148,-6.900330609344805,-4.954253690967648,2.299222729159307,4.139962931577418,3.281987919120995,4.642018058078844,3.134533896843414,1.6978650064869962,-0.4082007841911605,-2.9328373210585656,-0.316886660697599,-0.3486858184184425,-0.8771564158475371,-1.3972869520596791,-3.36825423315051,-4.203946713810765,-2.9455935633061894,-5.452166457087332,-3.851133643830081,1.400772877981022,4.381717718154504,4.191161378054963,2.825030436455546,3.805195926888834,3.29151188024315,4.450954156813372,-0.0916538344396226,1.4152158698344268,1.5390338463778328,1.2674005620017024,-0.7978414452360207,-2.2796918835077578,-2.4653958502768623,-2.645998331198969,-2.4631487701332664,-5.168340401562339,-2.9328539411900674,-2.049212496974785,-3.1950163820335846,-3.2778857485103665,-0.39500523653981623,-3.0374614992903712,-2.4828826227207768,-1.1153402555850027,-4.397168502218244,-2.389804467631683,0.29465832827575716,-1.5443449310264636,1.4363914967622742,-3.6048099970578904,-1.1346499580801037,2.246568334750901,-1.107936808615826,2.03203544882612,2.360018277823527,0.8888383385524907,2.7859376310290793,4.970693770702076,-0.5209327033248804,2.428090712472395,2.6612876337270253,3.1624347249942746,3.311720125494403,2.2903163742153696,1.6693321645677617,1.6690147294545643,4.486542915370257,1.4124907284327102,1.9650297204021332,2.3846619416582513,2.3589342880574478,3.926307040439573,0.19668064909757976,2.1912727006263557,5.047062297922273,0.7998225194470434,4.159612926504219,5.69491963787785,2.1792833684650166,2.082757878826825,2.3694319212754436,-1.782920856165231,1.0928336801751815,1.9949409448354944,0.13670356104796594
Hawaii,-4.543691607597497,-2.6617359020257987,-0.8994519298545466,-4.777145213953596,-2.686258517138481,-2.300335692785654,-7.230375041434161,-3.6714100339107465,-6.911125332702809,-1.0722285866532655,3.3137511394545585,-3.1280802017450973,1.6492884570190003,4.930490008588033,2.6542302941929807,1.042268428420378,1.786490038501061,0.667518121318262,2.7833554183432563,2.3803984561965525,1.8438608694110934,0.46897473657142374,-1.2653783656932218,-0.38744447144829447,-0.7952724217381925,-4.1579541130632585,-3.2273288622070844,-0.6726562569404294,3.8859502618905957,1.2532534902304386,3.2174796889999975,6.390539436001023,4.127480606525937,4.438540965647964,1.5692944900256836,5.722485590951172,9.074037353866913,4.982901664207911,3.4486812966046156,3.626668803883732,2.5931926636220477,2.5944400034681387,-0.02422078839701305,-4.9399162213432835,-2.1591455679646794,0.6295653706732511,-3.0781587096166687,-5.118339265938595,-3.7135820417629266,-2.5598486932819893,-0.6126726718907787,2.954015924533497,-0.9233858097723187,1.8309890112653449,4.861177184850909,2.727423573008579,7.327925997302649,0.06087127187249945,5.828347935570868,7.800543250634412,-0.24578906971851833,2.7082733419471743,3.750490891146781,0.4333041770838892,1.3467041929280004,3.790730013713123,-1.0679978316154337,0.5705054664387821,-0.2354432229967301,1.355813190271867,-0.9542161808687756,0.3396773528028692,1.8895215786407356,4.521458522749552,3.5006810272385955,-0.12222941147332568,0.3293390169192872,1.1214472666960558,1.9415673987993713,3.93459443529608,0.6034228764331613,1.3902476114599345,5.7737587268255135,0.0158121563196572,2.217840328731439,2.141361547866632,1.724104189172929,0.891362638772223,0.8873019942653394,-3.8457045178125893,-1.10126807093418,0.9934588649404058,-3.9012848224108656
Idaho,1.6044056340036226,1.4927148403559996,3.4946332320728657,-0.10147710840195644,1.6905979437537706,3.57474117847461,3.090757434592627,0.836604213440017,-2.0342064423779194,-2.2963825451658493,0.2513120161272019,0.7704787207347188,5.010777567102289,10.264677609378294,9.344286901282395,9.361929962974507,9.737273520344207,5.299378791960966,8.367523422586496,13.025562546218842,7.741372475526511,11.848164855154874,13.071946519557361,8.605101625425847,9.696434495834657,6.592418693616634,6.777974684856336,8.234454260269613,8.063071070179644,7.4036941321703535,12.262672298779506,6.403359630884813,5.898702582049724,4.779306835160275,2.7692527762228503,6.208656615617312,4.581993069846789,0.8145763484162294,-2.425981138212175,-2.512820752029924,-2.73467982504073,-2.3955597973755474,-7.932697649486756,-7.692015310626261,-4.173836182914716,-1.7569294525156538,-4.583958399104643,-4.59709893396252,-4.6942636095772725,-3.066882462765356,-2.9071752238280633,0.4696934918785393,-3.132682200590046,-0.6597053653356025,-0.6774090107423454,-0.574660188395709,1.2226434209611596,-4.240013982618907,-2.501806930159094,0.7036523100439072,-3.2860006251838754,-1.7399868442877244,0.6590001088556509,-3.1061076864830595,-0.3690605791798861,0.6112768614530825,-2.927222036509115,-0.7778863506764113,-1.3198365911349286,-0.4229181135510172,0.6904557352994031,-1.1149970152030004,-2.6068045508786595,0.3131820563644985,-0.7869271446728456,-2.6443016726005113,-2.5707904916033755,-2.4709474842344887,-1.8671445339234447,0.31545748054025247,-1.903023872403605,0.2726906372846523,3.282152324368702,-0.5651312399873288,4.727914586352105,4.303604809378659,3.563064410309788,5.020014298607793,5.2409380165503725,2.4921719015811226,4.7975534239318645,6.170381596706755,1.9801953510721324
Illinois,-3.826857554382513,-5.591162148130648,-3.608008433686887,-7.335354511349782,-6.416993195651618,-6.394234422307263,-9.121882865817252,-5.9958285085591925,-8.48077884802433,-2.1268552777137777,0.874290492619664,-1.3730840606903523,1.1562270318148433,3.9668289959270333,2.514264504681355,3.301429251985518,3.5320464583675966,2.7623954029140987,4.293370819482646,3.520962192986401,2.9958023593837075,1.7244629667782951,-0.12040555666170832,-0.5763525458261973,-0.3649622883423824,-2.4543047760571035,-3.0805054680335346,-2.2306618872820954,-1.5542260369693888,-1.0298565267101112,-1.3794422968876034,-1.6234231403689527,-1.2038822716026316,-0.31278773262061554,-1.0335996189599148,-0.6893147932276316,-0.4909718602977222,-0.8769653253864317,-1.9045191208074692,-1.5196101595934162,-0.5768281111978383,-1.5259152748454252,-0.838090510534281,-1.396506960632537,-0.949740565746374,1.1579759182333382,-0.16506810729252683,0.39410714774374533,1.3916834955906836,0.5379014551563603,1.3719477431951446,3.8778172345858906,0.829366821725298,2.52893319158318,4.152081798083998,1.5118138658425657,3.0311617961197768,-2.1049134468770334,0.2805934971176574,1.7031601674469166,-1.8512614724726744,0.0795118166010979,0.6274163619530794,-1.842147354099752,-0.2205500086537545,1.0823108087606015,-2.90608637028462,0.24681470145158038,0.26831871144788577,1.2084452085446622,1.1811088112965078,0.5265456284217319,0.17576552842603815,2.4285730714635623,2.3125259227646664,-0.054453368616290625,0.057957326199145294,-0.13834735191849118,-0.2546716058099631,0.7789739352403168,-1.7017665376985236,0.3032612215159535,3.4665286845582335,-0.524591554286549,2.5443632343700933,2.846410581456275,1.8067961875852134,1.747365150481393,1.603939212615128,-0.43067564275003295,1.5493529582485144,3.387996372446268,2.674398260716549
Indiana,-3.2481136822534666,-0.5358529096008615,-1.293550398752276,-3.7769732049020983,-4.15231163250846,-2.9208037314175055,-6.484931681429529,-4.921704536087415,-6.748490731205579,-3.2902690176183587,-0.9481300707753828,-2.9531283015898935,0.17471655925101642,2.911196110029341,0.040296613259124335,-0.41058379506089643,0.6528316342792432,-0.7481721999215352,3.2987125184209813,1.606523437214196,0.8211620037382943,-0.24753793578070443,-0.18271898465728045,-0.34931915284181425,-0.9929989680282812,-4.8340701255997685,-2.1774253085826394,-0.2377970750402589,0.9928851112918092,0.8697468884501344,0.5051750760645058,0.14270719280072916,1.4152869347230879,2.730369072638422,0.004510083869681162,-0.7565908829856958,-0.07863972236384642,-1.3599031834062092,-3.321399481098173,-4.5201433543184795,-4.057123614813597,-4.003170927284982,-3.9529408209120924,-3.3270931594480073,-3.5725596103760955,-1.867516080068081,-3.853509104111357,-2.2247805487140497,-2.2492381544349174,-0.9544051751877989,-0.2082839785785472,2.4217566660399057,-0.37583873946641133,0.9780603842537786,3.1234944005254555,0.27911637822213253,1.9140137541835607,-1.4071704786369286,0.8736996051864719,3.4737224450021724,2.076480838718325,2.331754996791174,2.5514082454030476,2.083358461301712,1.9830349016096398,2.8219236413133935,-1.445701778525677,1.2043337414982485,1.660996632908451,1.6347943550386306,1.906137121359985,0.6951559587320529,-1.3728682930777643,1.4887373860010662,2.025595895698855,0.7279669611965064,2.0342849469743087,2.0263339037929695,1.9492004258529514,2.539773205844662,-0.2657886283803523,1.326008392955166,4.019982753031459,1.1409059090934022,4.976717843641477,2.210570000316913,1.025699945320527,0.7352607932696608,1.286213949874221,-1.0362743499205125,0.8052036669065211,2.2450837676714297,0.33673523929430876
Iowa,-7.5121432796248016,-9.034567986042358,-4.998896965548687,-3.979699034322306,-1.640248043831543,-3.666221121284579,-5.5649569102245975,-1.12022725581304,-4.146866296392826,-1.4659686486071315,2.545492147093487,4.117236227518959,10.27193152154955,12.622687677913108,7.455848638549596,7.916722873889272,6.990480485287639,6.36123680601003,10.255628887219274,8.17645156086406,7.672542455436261,7.91749483627915,6.40469448816028,3.5135214372616375,1.9877782904273267,3.35110792110265,4.130571225418554,6.781309177468719,4.2552613545348095,3.589613257627734,1.3980972560243283,0.6830227434670372,2.648159383600925,2.3956489619586288,-1.32448639319502,-0.2821375004130886,-0.9217171187145795,-5.512294009965054,-4.986830049755856,-6.558253849098452,-4.628846612723068,-4.721908132076674,-4.015432917528867,-5.185420416804386,-4.802992132982317,-3.2696211837044418,-3.047753670068241,-2.2088281595973167,0.3009847545522643,-0.21225728147744785,0.6386910933297277,3.2351427418831604,2.1955992181413992,2.6586114925860875,4.441881004381003,1.670203205406141,4.1042727867967965,-0.02599116821231527,2.972964954090581,4.3388020765857105,1.1255709985149804,2.759916368572237,2.2739498760984027,0.7328753317460376,1.6499836644967254,4.17130074866604,-0.10550808602744684,3.6760746615228777,2.3724414840819947,3.017729071829468,2.8681619881670657,2.8743121381066934,1.7632241093751273,4.296126935283619,4.346185571866766,1.43727190122517,0.8741323350359912,1.5538957742648272,2.05692798725038,1.8043746419882423,-0.5424428978696781,1.6261185555172066,2.118934424451799,-1.5407101999465513,0.8664744395802131,1.0745468311800426,1.3941492761206886,3.0073098576405974,3.1084319723658997,-0.40966830322915254,1.803198948479951,5.6909314251695635,3.6494005929051645
Kansas,1.8901416841440162,-0.3572859333868761,3.2121030261678425,-1.5537107643154888,-1.8072866174283844,-2.385924746666645,-5.083846538048427,-2.038944304646753,-4.64268322842126,-1.893282584845531,2.7819586998571992,-0.6238960943438541,-0.6952107942511632,1.2738060758788399,-0.2530468837609663,-1.3577753164644843,-0.14054502704609192,-2.565060170211214,1.3608296587411426,0.40953947815513136,-0.5289311120279974,-0.7713693300864416,-3.2470284814547634,-6.739409216534195,-4.702320619938619,-5.501716772161648,-6.052353318322485,-1.8056188999096143,-0.23161059682187626,-1.228986165636056,-1.8614940464617349,-0.3673061926020094,0.5751705735753607,-0.6226856436066921,-4.69216377188065,-0.46247988489264297,1.4949406213027978,0.81311473295692,1.019412367283752,0.08027772960732397,-1.0652250421980045,-0.08036901773913654,-0.2318060791292507,-2.665197848005695,-1.9715678425164682,1.3488939604855195,1.792621903812371,0.4653556992400238,2.2169482726425325,0.2229207339054095,1.3230946776876613,2.4192283474304337,0.33810578073179304,1.7450917025495882,2.866197700847363,2.0032624394999754,3.808057397796051,-0.741155341651067,0.46264698986509106,3.051717234680344,-1.1811215270347084,0.3511191704426725,0.6676358593360175,-0.7149564898661953,-0.47781789358901156,1.7790557166934076,-2.358458323672269,-0.9489203617905078,-0.2921513286995687,0.007794480702043883,0.3491126564438621,-0.30054031059586384,-0.7759079875229028,1.9464285596358852,2.4832476079758017,0.22898723426159093,0.3620174657792509,-0.8238168344803839,0.9906323946086413,2.4702751397309313,0.5035134449493218,1.6148581326801679,5.68216439416788,1.7949474076625664,4.052348913672485,2.9525982495720653,1.5317725484555698,0.34177681459209386,1.5971667802682306,0.043244384012637256,1.1064881983420203,2.8560209126996154,-0.09012765145036115
Kentucky,-5.0393667334003,-5.699678032661444,-3.470290694338438,-4.16221580092012,-3.1400539783676136,-3.391573466043343,-7.529379787995939,-5.522586328188257,-5.472788960502217,-2.555397160392195,1.796926337105475,1.6956424138363821,2.6206636894220408,3.975284233849858,1.6279973116820297,0.0704533173932448,2.5511006873075575,1.2123359375795042,3.2421580814805417,3.412387332296455,2.7284836895595332,2.470876594282355,1.8161982009624198,0.5965261587148073,0.6619479993596054,-2.194247866300087,-0.5016210161381749,2.197768769842725,2.0414478896171153,1.830061207201989,3.2212114234078446,4.204029262173896,2.027892781197741,1.833405092291684,-1.4512321370732844,-1.0331611109069423,-0.7210079167664684,1.6297186417801983,-0.7852684012140555,-1.4002890750015309,-1.758455639322542,-1.6130168028509801,-2.7927958442338143,-4.451796139067266,-3.4367513609979,-1.617848724286917,-2.924123888110722,-2.3839235458655974,-1.3031475097885694,-2.7019085866819155,-2.263556254281836,-1.8114235540042263,-3.2911682663320043,-1.663819422233195,-0.7936794444765329,-2.310209494499811,-0.4698339793880183,-2.589752915316649,-0.945624012986015,1.6412269503397607,-1.4955421710241947,-1.6408394500615473,-0.36677700590187273,-0.16756027921010525,-1.0364583685285667,-0.696472390701549,-2.01025781390692,-0.9142712284419562,-0.7991290185617296,-0.7883653173297611,0.23257090047059478,-0.9178710258788624,-3.8881078502286255,0.496371392389903,0.5572515689712183,-1.243869866022886,-0.006232793736331986,0.44267327206022256,0.29041538928899446,1.4190654268919678,-0.17109792033377216,1.0082433223262006,4.03059733862046,4.2363113252019895,7.98128262586785,2.335049329805542,3.831011543916517,4.935648503036823,5.442674335924595,3.657737417789454,5.025487114355099,5.280676925688459,4.465331205111381
Louisiana,5.603000087881051,5.778226013736941,2.883035534777698,-0.9835606952922751,0.9138479446893779,0.7653942125871179,-0.5699141746701777,-2.73539579653691,-6.679687581759551,0.9171764609696808,5.526464526540345,0.6712235927170576,2.868822280559019,2.6006151167303964,3.550734899274304,1.4380885149222433,1.770828858919407,0.924857917009529,0.21419399489170893,2.591020554718507,1.0097344759560283,-3.2970981238303825,-4.652193542435273,-3.88328363850068,-3.017995502393939,-4.991967979015826,-2.9345144189326713,0.41560300010389545,-0.8202766283929985,-0.6960878622538361,1.622495220908979,1.402205646250645,4.054296250543634,3.1629453925266353,-0.5314749906323932,2.1661444563401684,2.9085014050252385,2.4685659019052166,-0.1421012179818861,0.7781776017535125,1.9511566705694052,1.741648023533253,1.713087759478729,-0.8571152306114747,1.1745703003617805,4.408089434689213,3.2870523863016787,2.1166382252059535,1.0698482210677698,1.1949157632855432,2.8520893476418294,3.212294982293016,0.7083847990170072,1.5908911179592897,1.2202104097452826,1.357411806065496,2.571317569363344,-2.352339905891704,-1.1745202093596923,1.2192007072811837,-1.4510554816171874,0.5991205170390819,1.9523907571506147,-0.9633461456138099,0.07073990854152862,3.2147154267361104,-0.7789303256497803,-1.0208677074042807,-0.22903787151364235,0.41809023983668536,0.9362027961642124,0.7912692952461329,1.1345205599398156,1.857823790478451,1.292953316910069,-0.2716047356100112,0.24014382860353733,-1.7653725834337906,0.6915464764646957,2.0920417983756088,-1.6701932603297318,-0.03974280553595839,1.6823158437468289,-0.6432161676846069,1.3542665650944845,0.8053126757822073,-1.0842286175402793,0.12942036815416905,-1.1957319027885973,-2.5598685699194457,-1.6993983939052542,-0.1094010819271365,-1.7324064088952782
Maine,-3.0667825060551426,-1.138864335924368,-3.263593462861731,-3.2877999714926784,-3.8314566877908707,-2.766579870604526,-3.9048094831850717,-2.325433019197269,-3.8892848850773634,-2.008219227778889,0.16506792366671122,0.44182118902659984,-0.03453206159088439,-0.9991960076478679,-1.2929144271456465,-1.2326812614884017,-1.4550627927773767,-2.8581116062506804,-1.191591751409667,-0.9914807131501984,-1.372346517833579,-1.250400272487415,-1.4885561424169393,-2.618929112044291,-2.500567287838889,-1.7450747564210038,-0.1390509028830322,-0.5254316044348004,1.4218719667475619,2.6902432025743654,2.296961098749837,2.371519749139473,2.6133611343054124,3.8589809572304206,1.5000137838655014,3.441748904449992,3.4910164545722857,1.339388018029139,0.5736532905554925,0.5693568531598154,-0.4179903577378708,-0.7458407364895538,-0.7764334035739959,-2.1863018133090217,-1.0081544181113922,-0.6845024943570047,0.3091437413213078,0.8771330544534266,3.9181646723338197,2.5657209248314072,3.741493453386772,3.7096507432066583,3.672849297253391,3.763968845399686,4.102607903427847,3.6588097181561268,3.600220995260094,1.880163526422007,2.3742507840809166,2.495175319614061,-2.007842985075797,-0.04208148798921922,-0.7863375939177856,-0.32582790936567946,-0.47658578669202545,-1.1558253020303761,-2.3977001751484264,-1.1626902400000427,-1.7924427674259156,-2.738032114707726,-1.885061820909704,-2.976030846123469,-1.9078126956394628,-0.7737532245424757,-0.08602434411832896,-1.6065177054773898,-1.4501829829038557,-1.3827320768854539,-0.9109218707526265,-1.2916447221653578,0.3844311490033282,1.0186634399883832,2.5904993418091964,1.64060031964572,4.312847655891173,3.3894395387572893,3.41217886768035,3.0341417264546147,3.3176227148113338,2.926074335167053,3.463439167921188,4.26134287360294,3.1770443426877786
Maryland,-0.7257325008483441,-0.518839460572956,-0.9398230425748255,-3.9843565441785382,-2.9159538144817776,-2.73991476275281,-4.8965606830643855,-3.2514723982637683,-3.76135550724431,-1.7023786312782712,1.3669820681108016,0.4191587592793783,1.221704759480456,3.8967208051436004,1.6032043087603993,3.5413211048144517,3.035347775897483,3.2996136904850335,5.17202134672249,7.360900634311128,4.929528586146544,2.1942824961345706,2.011012500844078,0.3088799424744006,1.8778451739863942,-1.5180623711263241,1.5330441324043738,1.8522630803771887,1.4521955683337922,1.7318964854075665,1.4680068382484828,0.4270618979558833,-1.338660923795987,-1.276594606687186,-2.6332147155180676,-1.4097504395257314,-1.0042672073749732,-1.2072100100848304,-4.0432935855072065,-4.386272185846407,-1.6942311864454325,-3.9738959593761116,-3.9764396644571756,-7.431599768667528,-4.671076336213273,-1.6075314075585359,-4.664489578568136,-4.330052604717621,-4.445155521539091,-5.211756284422678,-3.9410605583997005,-2.4415931212131134,-4.886745774622052,-3.0386069772585755,-1.6711736685486682,-2.1810507276537066,-0.1136471742821844,-4.137880528263522,-0.9962127850788841,1.5529402981886042,-1.9568203344580866,-1.754876654817026,-0.3549167062947599,-0.13184531686480738,1.168822885940179,3.0112521524725278,-0.6364739883293199,2.679393681162307,3.6963057605347385,2.942178010889547,3.407633328249345,1.0464825411327512,2.3115322594608068,4.6745088424124175,4.827311917395243,2.138236620728619,1.8974942260502732,1.8317085749892597,2.2645565539874046,1.7118441025438604,-1.1117623047864769,-0.46763618932943435,1.739255222285005,-1.663940800053724,-0.6006575054095319,0.5195101530987926,0.5406809897497908,-0.09413987674816486,0.33257051441468605,-2.7309837902961345,-1.3538512382898125,1.3035251048760954,-1.9888027016935297
Massachusetts,-1.0364129825458401,-2.587644805194224,-0.046239196867363275,-4.08453626340624,-3.4615883042435236,-2.7887613451788353,-5.182173233287696,-3.479080265967735,-3.963490054326243,-2.3182484002846135,1.9326366465676692,0.753526202908764,2.1478409816491046,3.605387795131264,2.587761856274939,2.887729548702175,2.9261838597145893,1.588602581053153,3.4417085100673415,2.2530024806163884,1.6134250635634646,0.15057846525915444,-0.780292781471994,-0.5682663600458919,-0.9142825148491016,-1.9577677588970221,-1.6849924341739677,-0.7590821020901023,0.7555344486300766,1.5034055875612207,1.395312729617894,1.4709329536254394,0.013610388697514575,0.5091297392960932,-1.9805236221329188,-1.6328775380417486,-1.2025844952039408,-3.007474689844767,-4.105395625032746,-3.6348838054736556,-3.582868609047248,-4.063004210369613,-3.7406234741768505,-5.345208241861663,-2.543101693267526,-0.8490199532380486,-1.1427827612926291,-1.2182726500349306,-0.533982696755361,-0.5357392820003977,-0.2165428419576524,1.236713420299859,-0.8997853359300954,-0.02714219758810204,0.6757548461746754,-0.5680505288335144,-0.32203234010600085,-3.2798746223960418,-1.7505281915607105,1.1916449386242398,-1.2406793743640903,1.161968742635572,1.1061362169368039,-0.17106539950955668,1.38396264072277,2.8458291970078355,0.39651072051685454,3.3926782319663333,4.063736906611987,4.3248961054503505,3.4845037111754364,1.9105389049918695,1.9436148229981298,2.2700004820816,2.4033276763237725,0.4619422814962893,0.2049237738656047,-0.6097945125289638,-0.776496689836341,0.12456974237880114,-1.3707051317486463,0.630630517274934,3.5416456179054148,-0.3039300591331726,3.7656828309084087,2.2298007062002494,2.881126472262028,3.3457132673399435,4.127533648474737,2.5146994230134574,3.6858336709170865,4.317741592658429,2.816080461680579
Michigan,-3.3487335209388602,-2.929510246386321,-2.9700392701219913,-5.387920079446962,-6.311316623318029,-5.6978008232801445,-8.72250326054714,-7.909094282741863,-8.345227785996329,-5.254773925963365,-2.1118643968705735,-4.644550195036136,-4.594484840060006,-1.3158847848996846,-1.931330672510822,-1.6930397170406362,0.0945667449327872,-0.6537125753059887,2.993173945977065,1.226550782003789,-0.9617121164586894,-0.1878100337389501,-2.3665961206140436,-2.3484359381113604,-0.870519585760502,-3.6907252050025985,-2.9347919878313147,-0.4182647435645118,1.7895865197052445,1.5482160935471476,1.5696025302523409,3.846018481215306,4.193983306268873,3.216245147771467,2.647897888905433,3.5974967574159202,4.675763293388889,2.6663637596381626,0.04370625437056988,-0.16702096706309924,0.06524400757062948,-2.315023739146366,-2.029329546254944,-4.483072406224049,-3.635340395294087,-1.857985350263059,-3.710274593598866,-4.192026407825079,-2.9834576570905886,-3.0536910358720912,-1.8749474561654105,-0.7993150373897094,-4.606669602308002,-1.2150690382418157,0.30476382815563074,-1.1023771588837559,0.42389603138035525,-3.684889231984455,-1.8055926386553702,1.0315514698481913,-2.160081571712056,-0.8496291773696905,0.18971146426291494,-1.2578314496075278,1.3407277607406884,3.8217554705055736,-0.3355192150031744,1.606769588659362,2.723581222904342,2.276317900728204,2.2682104616439602,1.2941535308170717,1.4496182925928998,4.2970057596611095,3.736362954392275,2.594971164124388,1.4201512227847914,-0.10116953483153479,-0.19557303298612863,0.6830275384487771,-0.9229868941886741,1.2231487954296092,3.4431283882070756,1.1166665120882353,2.696566916140416,1.3770760498048444,1.924951762087946,1.595907668215211,2.33266339098628,0.3873430466517103,2.487537763682314,5.299090475332765,2.105338573291938
Minnesota,-7.939887678911492,-6.416198224884403,-3.4596857786624406,-7.71893474058135,-3.503837919943292,-4.781664876722349,-4.681287521316031,-3.090157755479401,-4.916149305006796,-1.545262587183226,1.2636996112147825,-2.847629854144246,1.3251103230141008,0.3317335700554485,-1.3379745078339051,-1.1523050348904027,-0.054941694002115384,-1.6988653331450263,2.054821813111391,-1.7113802952243629,-3.7517640256935056,-3.5486161095207103,-3.4729557036506367,-3.5614910902952888,-2.206841632824862,-1.618631208832197,-1.7226792304961789,-0.33459589831353836,0.616513712316409,-0.07053765772932227,-0.20785468252900707,4.293652228385724,5.751391646615247,5.002065481276386,2.147442582708633,4.401157551651404,3.633364481660766,-0.19252066331576972,1.4989017591876235,1.8914515903749227,1.0461611040095675,1.390758339539916,-0.12329924148063959,-1.5372373731610947,0.4181874786165269,1.2266666408917701,-0.5549136980278697,-0.28327244640430876,-0.7108321546606818,-1.1794391505127835,-1.9352365550264479,1.373834771293205,-1.8672419625052772,1.7345154819072492,3.548447715455093,1.5645697684152444,3.77389696552254,-1.8165127023408538,0.06994014294296419,1.9736269228721706,0.6719263768339866,2.2215580369264347,3.4320418610132584,-0.018762521311693175,2.5871349902362897,4.086037050878908,-1.1661359821441926,0.8464856923350109,0.1110463085146173,1.8121026166032888,2.1312419205926987,0.40415691155908245,-0.1430806792374694,2.5524904470011585,1.3789291683747504,0.2588871723196126,0.8086309387445108,-0.7648002361433364,0.512564082187383,0.7882186760553427,-2.2796926388816643,-0.7404945142976216,0.7042083620215338,-1.4622932597144598,1.2663370391067328,0.5254266675408087,1.6724185051592626,0.32754047886521187,-0.6258138893066738,-1.3972617489116863,0.6106447513974257,2.509197302712578,0.2218421874585804
Mississippi,-3.484743126192106,-1.7483792562582388,-1.9471339772216447,-3.306440004703215,-2.683448383299986,-0.8976626364298699,-4.270112760844221,-1.5385034375907338,-2.0169190116314595,0.7143088011894215,4.408775129244903,0.5085972034965205,2.8873422915675593,3.278309389636643,4.458483567955436,4.4814606800394206,7.608136874014367,5.860288127694757,8.90803295980417,9.214008378335029,6.306157591188774,4.767795414934921,4.572585489272712,4.8659282985973125,3.8799175897467437,0.2617648202727908,0.7865523248713828,3.233637326393562,2.8443560667753798,0.9095008993597418,-0.33575555384027056,-1.3001808644545259,-0.08238665088640128,0.4995709650073614,-2.630183790076651,-0.7422008189765323,-1.2196479033045196,-0.42179369420474006,-2.441150959104663,-2.904284435577286,-2.8090144915912156,-3.649863766519195,-3.451019162518766,-4.005368937558842,-2.6482891937432447,-0.2640481083814983,-3.1273715183634,-1.5453897099669143,-2.1888895985325116,0.4832044805227061,0.5073006409648376,1.7956715763808713,-2.452175045882305,0.6599680498703477,2.2827528765770895,1.111270493833669,3.744882766428582,-1.4586052432625831,1.9324727104671737,2.6800045083954323,0.8699430291836754,0.42270448295086677,0.8317942580569184,-1.532827584584644,0.43906349767886926,1.7211073626581221,-1.4052327316478592,1.7012315199160004,2.289227577712938,3.76646915405332,2.7055802390331536,1.520853423538884,2.4063208417487045,1.7099453733028915,1.6335371263634675,0.1836846522513031,-0.3976401640612917,0.14225509087153382,0.23948712732610095,-0.820715904837605,-4.014096388006593,-3.7346848784181383,-1.8745424620430013,-4.655288261287957,-3.0284124264431953,-0.7672689564531218,-0.16778520226021176,-1.1561771455489913,-0.2546677140628896,-2.775999874903343,-1.5616984322928662,-0.25070371510767053,-3.1340571852849948
Missouri,-2.5689467068134255,-1.951962336192576,0.7823485141622406,-2.2611930867642602,0.5706804706768969,0.3933821353063539,-2.4205072956303972,1.0753171858630455,-2.918942321987638,2.9781562190752333,8.314029331148756,2.4161077496137437,5.109524382461697,4.355783826240982,0.3202412742605016,0.37033526059454136,1.2131955352328276,-1.0593233014899683,1.9881640296019754,2.3370255499559156,0.8949050609212312,-3.40088764836317,-3.3285556385561486,-4.394652332113869,-3.1564719367832748,-3.110047407348396,-1.9940341867902933,0.5209465021565038,1.3779264962904092,1.1736089942335426,1.0624645326916013,-1.0925661139705234,0.4211814766649115,1.516439276776446,-1.4200853155052342,1.5802884240037482,-0.2740986381914166,-2.3125674996528867,-2.9456583616219434,-2.1484013106287225,-3.2187884518440986,-2.811517440554969,-2.8906384906997475,-4.225980958169313,-3.210906985852655,-0.9174699229895505,-3.5045620325877302,-3.4792514125554233,-0.4516102991623839,-0.4147465527751501,0.7225374455946345,1.5213736186678801,-0.7186041399365696,2.2176373588789793,2.5602465175023714,1.024279888229762,3.4708466475543736,-2.5153538955197168,1.3145871390199442,2.6020915284075246,-0.7654765731629164,0.9514558951562085,-0.049047416206890515,-1.5710859092721825,-0.29749240651414477,1.0937397249998575,-2.9701241052527574,0.9291671731603816,-0.23985072241593136,0.44817581638128634,0.16454231506022302,-0.664686122189861,-1.4841521378027742,0.14422348036941016,1.1790791578804047,-0.49269335304258244,-1.62236780045089,-2.8152525038363017,-1.7412595321179087,-2.94163881323804,-5.081216539367422,-2.3409660547084177,-0.1022016073520225,-2.704972080791702,0.1608023487857363,-0.6240717788684697,-1.109036590909277,-0.5908383805987251,-0.554022193829322,-2.2994139305986474,-0.7422838402759152,1.7709107695625832,-0.07976768244157419
Montana,-3.1473913263289806,-2.8039380508044456,-0.792328831933698,-6.514471225538518,-25.21819453993791,-22.695752053570548,-24.213838503657488,-20.29713653377475,-1.3140762608354495,0.6258413527816565,6.856256735789912,3.2051710401910745,5.038108640067048,7.081245303812311,4.015338918560527,6.044677185410241,3.2468971488182765,2.8717985163223294,5.247545972316256,6.012211571561912,2.851513415629828,5.176951208395567,3.2799656905261454,-0.305935255611968,1.203887809103312,-0.5558056551402747,1.0374443476328103,4.833704064120928,9.77122510759824,4.596553615755727,4.840678742646291,7.318334912479598,8.376767257620424,6.035689773315229,3.081465516808374,5.144170033221595,5.598121503845991,3.6110481504447964,3.6154564934691455,2.2193886452089484,-0.26359009404744926,1.6834862971064453,1.6729866957876038,-5.484894094187211,-2.961758710754981,0.7410625317650826,-2.557734841581604,-3.2750019699437174,-3.396800962033416,-2.9000455454623344,-2.662775617126667,-0.46106897193301055,-3.3544958179417743,-1.250728661597955,1.685706653897331,-0.2925683047919706,0.15705476769652843,-4.6659423581322255,-3.5905847796782226,5.716290186116044,1.2474700092216766,4.2057405574248925,1.2450876508694448,-1.5189996026754597,-0.7169703565592616,2.9251206918238513,-3.198679310342044,-0.17944423180481628,0.5500989856824167,0.8614487923536229,2.0294582305249174,-3.055447475644236,-2.921940767434905,-1.2726953181201328,-0.2567056270664855,-2.482170087171108,-1.396845859937006,-0.9470197945968749,-1.0199829122175168,-0.7874581839736263,-2.3953710361288727,0.5553599990973246,1.632555682549724,-0.7946095873372462,2.4569273076209748,2.0020849081191403,1.3035706761540207,0.9560437075720476,2.0876422942158865,-0.766446920526794,2.011291776849134,6.509408358754484,2.3017376441058093
Nebraska,-3.8631756696314037,-2.659870465149876,-1.5011503210563766,-7.474574994092453,-4.64173211934119,-5.844748806464704,-7.841063382993661,-4.808824160881442,-6.012045566523841,-2.553726497844236,2.7230629744001793,-1.417906646965314,1.127136944338627,3.037686987360377,1.5890425688643361,3.8247862943710307,2.0628605192547766,1.8695830139883198,4.244347920363735,5.976397786435791,3.397502896017667,2.1994391194771015,0.6921129752751333,-1.4692186187697271,1.013227003337436,-0.8024575793004008,0.04513224381444511,2.9044801663648956,6.574378514641932,5.217720669390395,5.0383382817287465,4.022998310526468,5.458284691105435,4.131782064087762,0.8489385559067303,2.171643702567059,1.7372390346202422,0.07999693267146493,-1.9866633564281404,-4.1237327601238265,-4.772554878773417,-4.9163298711993475,-5.076483754324108,-7.0563346494109265,-4.884784733602591,-1.5317398956595203,-3.7975173463577443,-1.9491065685902205,-1.2506158523366295,-2.32938729614126,-2.693333747798907,-0.6259223559490639,-3.1680187644811344,-2.3079843814084917,0.05068937550689231,-1.6809638338839215,0.1117557058843305,-4.989562805274723,-1.701654187647244,0.2622803265516394,-4.53438061608822,-1.9752083585298679,0.12846565611222324,-1.2690215728049743,-0.7878505307408813,2.386217896020066,-2.673957054461133,-0.5181521168516516,-1.0770639012568954,-0.9599905261945121,-0.6463926958949792,-2.607351076940652,-1.430392679994113,-0.7514263718505301,0.12348887920244264,-1.2752294229284458,-0.5435248815295254,-0.2826787684870044,1.2404025415023057,1.420832241101932,-1.5401298422121636,1.525678759307759,2.850798286147117,1.564389980467697,4.181236734065955,5.3304814933749105,3.8454927914415924,2.980342330749187,3.27973197032039,0.5248685788944506,2.820200881943691,6.81037442934697,5.433459595930278
Nevada,-4.286399604712896,-4.265878739412835,-4.697443681755006,-3.754842624638128,-2.0423213598086085,-4.177663622111894,-5.7060021415985425,-4.471569350823323,-4.9273839419110645,-3.6554348195740967,-2.041416817604698,-2.086918218326758,-1.034272449477556,-2.2878942143546777,-1.7301577394168617,-1.835655680184569,-1.6320168052337596,-3.4184921162486797,-2.6304296970598826,-3.7673469033464286,-4.588587497872697,-6.620207527842774,-7.324638277456954,-8.377104625144733,-9.221170639972144,-8.901029242067757,-9.270943217562188,-9.029795853713248,-8.493261923924775,-7.206219172526206,-6.996533340386227,-6.877617312628503,-6.332212910389945,-5.305341471892491,-5.172213476959431,-3.832739665384261,-2.908113440255087,-2.932149705960935,-2.9942859891745046,-2.1254426122309575,-0.7046493804628723,-3.4950523216813085,-3.024747522968901,-1.1302533503392709,-1.471442601446592,0.7789186515709716,-2.873793785202614,-4.735298672747158,-2.3571791042446697,-2.78361261365532,-2.0896078516866514,-0.7437465722889097,-4.257098466110536,-0.9761218106942018,1.4241087142354338,-1.4135731980738768,0.09787066993783787,-2.102205846739567,2.479191160313345,4.08401318713744,-0.40853242182179494,-0.789678647873189,-0.001472642433624285,-2.3124716120275832,-0.672725565602116,1.19885848576421,-3.909519357253568,-1.5204100037206714,-0.9804604136071361,-1.4211045051479985,-1.4697110869676824,-0.4696391996350862,1.05041053516184,2.8761903442476826,1.6903843082048762,1.6416549010142119,1.0306792816533699,0.7708328821982685,1.88038750620481,2.35283424256689,0.7759934697748097,1.7981010843851535,3.939643153288509,1.6294276543720745,4.0022760049012165,5.297865894598165,5.608515269660398,5.222605888638958,5.906712999069797,3.683590177542905,6.000742298635109,6.51758087458299,6.817892189604445
New Hampshire,-3.776647063317409,-3.0709724922186394,-2.2775219476828426,-4.930573469847664,-4.600753957023162,-4.943379027208369,-5.571675521006965,-4.17063813274272,-1.6485205039452042,-0.4573911080199049,2.4907739064752104,0.23356596196442073,2.7767217059725384,1.5882484493259823,0.21769544579654157,1.6813569071254155,2.2901869870405664,0.47871656315335903,2.8689643796627045,1.8350668439325535,-2.944455767779639,-1.384901382140363,-2.24021238614591,-1.4844245088500618,-2.5105271199027066,-2.780525584677178,-1.100816161864467,0.4013316332306722,2.6349920492833574,2.9574973724350397,2.6188025168333304,1.8182981379413026,2.2174597072024476,2.3816489359495128,1.731989770643335,0.19645438330523193,-0.23209168104997185,-0.03672341227511006,-0.9915628212069989,-1.425289394502923,-4.933390829341713,-3.9006395998090735,-5.23123918368192,-4.887883570215423,-1.9608711003009927,-3.613608720199012,-3.605132523412512,-3.120145836169173,-1.7199576401002252,-0.6927280542229108,-1.3421684012240083,-1.053825473347485,0.052113463683631886,1.7332970736490396,3.619983866367159,1.8653313388294024,1.1824068483371661,-0.14296137735536643,1.2873873317889117,2.3361354946766175,1.7212241112379825,1.2447617831724367,2.507601585906251,3.567840225438402,2.6739336322683616,2.544494358376669,-0.45664610161226893,2.2127348203564394,2.747781852306886,3.2134497076413506,2.3808984168277365,1.1627946166057912,-0.20596978671786867,-0.2359514175556728,-0.4896022085338139,-2.5806662202755746,-1.8093908147312192,-1.9986908044869836,-1.9620145273297893,-2.458832541975804,-3.069872110907494,-2.3811686067155793,-1.5085547927051757,-2.025867991761996,0.3274353274278389,1.4512017704172995,2.007607683608274,3.3278683750579305,3.5553122134569195,2.125314629387678,3.998727008509842,4.267733464269232,2.104504014546683
New Jersey,-6.69089521671845,-4.974281846131667,-1.9840452961880504,-2.6587874450421256,-3.1284304354963535,-2.7119973996917497,-5.0162723768938715,-2.427235794636124,-3.798853321417131,-2.9129402366897232,-1.282948753920573,1.0022898859175202,-1.0074634218226262,1.0064944454860245,0.9939281872125653,-0.40160948250806855,2.31573358683062,1.1465653631684318,4.391019967527886,3.5640242899648866,4.700371131058505,4.864129890327602,7.032721394846352,2.7667197130605685,2.787882496122652,0.9001095237311001,-1.3613881604768625,0.6737339396920895,0.7760163531788069,0.6808601196907041,-0.6397439182710631,-0.3818031470611175,-2.0089835047969116,-1.815609144218457,-4.324915490682455,-3.5264719511040954,-1.2661483908486597,-1.7099677753903118,-2.1098672495631265,-2.5389764634033605,-2.814571892246099,-5.461627921463164,-5.865247983976012,-7.077209046274737,-5.287600065647379,-3.2697216146050283,-5.390883648119055,-5.072199286086712,-3.545058076517772,-4.161203093276432,-2.655980140475547,-0.8146716353847838,-3.1198024193260805,1.0820301512661683,4.438893613000742,1.5891837026760396,2.910688837663398,-1.674214101124211,3.2294578836925396,4.581960927133639,-0.7847142389511724,0.49826085193734154,0.8069174432224226,-0.31345944581638535,1.0565955458438694,2.3785292312028257,-3.201492323854764,0.30245598263227863,0.9410888771873966,1.2601160574976593,-1.2525239859028279,-2.8486898352335195,-1.8849655566607788,-1.4619869996825605,0.2812690920750051,-2.348144303463323,-2.2662429509019875,-2.469241253567768,-0.3260763968005616,-0.30043938290205247,-2.24527224308082,-0.6089363118451014,1.4631305907279,0.3952990814007999,3.6459053603910476,5.751723359068929,3.9525253858236455,3.6549707312484045,4.338391806505215,2.4799173072633867,3.2846719147192798,5.1190574050497055,3.2279932806311606
New Mexico,-2.4964684487026823,-3.0594309247204037,0.7770896915775799,-2.9576164270887046,-1.1280515089917906,-0.42337724857773856,-3.357750207609723,-0.5103961586941507,-4.234345994418231,1.1963425527554492,6.619466573688994,2.9541053391943723,4.428830398160248,3.5710758128934894,-0.07378457355891536,-0.5985690734400849,0.6319574372874759,-0.43820669841562454,1.2499870304229297,1.9606096352201476,3.2046620598989133,-0.7376071537163659,-1.9441825563286257,-3.3978096660912698,-2.4058428500296682,-0.2881887987907971,2.3170411322095097,2.981984792436226,2.7486985795242647,1.4440185630153712,-0.4511285725001976,4.344213200446298,1.573012974326848,1.1506402767304644,1.3764512207605495,2.77874234252641,4.468315715280632,0.04810842183493289,-1.9857400086619852,-2.3236886969641866,-2.2150653729616114,-0.965240901981297,0.583760690707197,-6.930872023778909,-3.568074025411235,-1.6794450480558858,-6.1405824751916676,-5.691751009286125,-6.212617056864329,-4.710229789833463,-3.9426100606422576,-2.1586817783961374,-4.0546686022339955,-2.922329144899728,-1.4398755892594535,-0.43058531119073074,0.3327639980931086,-2.8854708947780585,-0.9061815340705704,1.433428292170352,-3.374297714105133,-1.7681286706174602,-0.9315549845591101,-0.018772010584003445,1.101078531690267,2.3341879176212514,-1.9215687780806276,0.7741193092670268,1.557677353542943,3.5524871448335853,3.5796348116978898,2.1961766146935338,2.011704608271313,2.8582922039759984,3.2831026990080074,0.2326726767114639,0.4702111246164843,0.4243856220578487,0.2219275408648842,-1.5724361291103268,-3.727848511474946,-3.3246789240954158,-2.023736052505231,-2.5982049653088803,-0.056478911354098285,-0.11165858881137286,-1.108566501721586,-2.3485647887139036,-2.784435750425189,-5.535233748735327,-2.5719001163568027,0.03664151847199898,-0.7384074359854677
New York,-3.593231412605518,-2.821482859392214,-1.17451913571147,-4.051385771542327,-2.0794833106681674,-2.8749022421505113,-5.354469684653583,-3.236371988246383,-4.727652392310235,-2.9247945966613424,0.8939290595067659,-1.1109922760551605,0.08039460184225408,0.8392019142590055,-0.8474335443127333,-0.951950914632008,-0.3788035069019423,-0.3032041154089511,1.5622070292989665,1.768953770436265,1.213329528189949,0.7262003744727218,-1.1617216017768142,-1.549781131983446,-0.9260503639384071,-2.3784905453451093,-1.3378168035608036,1.0067118223656433,2.167905976514505,0.6987331138529367,0.9682104332832312,0.5884832007858529,0.25200443766579667,1.1925641117707428,0.11441803279810038,1.194305742329313,1.7457498348175022,-0.20320026086048248,-1.1916076347391775,-1.634328487124073,-1.5795676725198202,-1.5640145827938574,-1.2206614279139054,-3.3220588403139804,-0.8424160372858631,0.35533819135218525,-1.476066286752659,-1.299076650230246,0.03249103749137023,-0.13746210089208244,-0.18656106961572122,1.5282211553441472,-1.6171996021304809,0.15282643823422143,1.404447303495668,-0.059391033770158946,1.2233094895516816,-3.007042036761412,-0.5569210961630292,2.6373548863984095,-1.7121504356152415,-0.3695482077634705,0.5765583591520816,-0.7128246380419646,0.8093268550785946,3.028184755234524,-0.7752412946103392,1.6700271583098683,0.8046442292447173,1.2701478147746528,0.5799299442119696,-1.542542850089155,-1.1784923547466821,1.0376059490045293,1.0275785936087383,-0.8926877367599425,-0.9485667518185966,-1.0997291263473445,-1.5353056161302774,-1.2146822636950048,-2.3572082275408386,-0.2681234981125179,2.2542601676875234,-0.8945426281596088,2.825158150125141,2.947367723675378,2.5881323423908342,2.6055975919692282,2.4930469942043367,-0.7757127643415503,1.7647844166061382,3.8358503748567445,1.286199337224862
North Carolina,-4.553295873600835,-5.122735030790947,-4.399842037137659,-2.5542248602245174,-3.555768753969372,-1.5753913992339066,-4.692938568019568,-1.9120579972891225,-5.955351943120205,1.9008147201579748,7.718099099287651,4.128214498689121,6.305466730867697,6.483038921082765,3.85653587654831,1.4407559352292827,4.2429746216454385,1.7135124592916007,4.498163743508314,4.115890729138702,4.696570493243939,0.04340998440249629,-3.460518870517062,-3.7889367649268992,-2.489050156493998,-1.9552178413191734,-1.668135790955198,-0.4524445860420485,0.3470081873094823,-0.3143714701074359,-0.3935060885695011,0.3685169597523796,-0.8879470881443358,-0.87114584987784,-1.9828065376395156,-0.6434429573716433,-1.137320980925169,-1.7295363278554223,-2.7585203716258793,-2.2046728029609586,-1.5575873836232224,-2.0593854309199613,-1.3702752466976504,-3.1202308507377268,-0.4223188848716426,1.6217579188885354,0.496520084113883,1.1972144541631862,2.5803097762822604,1.876417409763357,2.8598537083800597,3.847160924363939,0.8487715120452672,3.7244364200000732,3.717980180432836,2.324952112303,3.7990441875384993,-1.4989273029732424,1.1623399595063209,3.2203390526453433,-1.4111592646370779,-0.6535176023618022,-0.15516247002972275,-2.583708382761271,-1.113562574080768,-0.29640267120325015,-3.7602141867166754,-0.8642796543611428,-1.883518645283707,-1.4119012096444266,-1.5269357842882034,-3.1515641693947987,-2.0930941360759383,-1.603209294032769,2.402793339716823,-0.4996871366512675,-0.6203489272015126,-1.0055931281063226,-0.1496237337304029,-0.2654721971927437,-1.7540358680284922,-0.10058764043191784,2.156055833283982,-0.9327658953914199,1.786065096583106,3.167973184981976,-1.3606427582081504,0.6472788529896867,1.6721436456193155,-0.6660055440284129,1.691421617217832,4.3018209069544895,1.0565022227382965
North Dakota,-5.8443163981540645,-4.562230647211899,-2.816338123861563,-5.394363809305376,-4.647147930590341,-3.681500829295755,-6.3816266091835745,-2.964225448439832,-2.834436852063614,-0.9138528844085376,1.6487392006531376,-1.6155633598150805,2.500428793357893,3.2027063090380254,0.6348054654439362,0.7187819018534118,2.708161340005508,1.4821404267279854,2.968581320197888,4.724651864184096,0.21739261143063096,0.6548554622625822,0.5127787968557267,-2.246509895462226,-1.4018771034174886,-1.2247084010309293,-0.24443836791841592,5.194117304286109,7.363119891395857,5.213304344814251,5.981035156957083,6.491327769441519,8.46525695812668,9.379407105639384,8.253752245674942,11.20981341600522,11.257278660925945,10.610820580556826,9.115348468970561,6.809355665391044,5.785805025643583,7.4796384869174535,6.895340829481983,6.02872895337923,5.558563679660559,8.730549249437122,5.454766600088889,7.157389685173953,7.4883578567956075,6.653555233875588,8.749537343747328,8.530425179643645,6.248369291074325,7.788935010107068,8.582149713249015,3.942258131713211,9.517088151240875,3.495772715912304,5.54122925601376,8.210530478793686,4.487948814699657,5.848507851900882,4.610609177748488,3.055637696476995,4.651199682175682,8.791587320785466,2.6611327368838986,7.196480258134258,3.728616416925512,4.126184690277802,6.730192284909641,4.001312722226695,3.392714482910808,6.978163348844883,6.177929507923506,4.49611633414559,2.915062220516754,0.7242768859250884,3.6463514091947786,1.2331233383342155,0.930670490357419,3.2667604896509057,2.051795303302564,-0.5088218414244456,1.7379101756169066,-1.7775843428143467,0.5039664151712929,1.2119555490170424,0.24978842295932774,-2.567289440523378,-0.16039337878560903,3.0100476799539746,-0.8588149451405104
Ohio,-4.441039943642385,-3.837933702483158,-3.784154080397345,-5.80489570345162,-4.633376996246621,-4.646565872729735,-6.693191208332366,-5.33442693283584,-5.766349364293691,-4.141202178740071,-0.9621638832200207,-0.9368861438064998,-2.963381419738131,-2.4052925970956753,-4.016664761200273,-4.181730594421924,-2.1290148582444495,-3.669175059870277,-2.2029769122016147,-2.546557446775224,-3.4193430341907796,-3.677078198931591,-4.2011849859820085,-4.552588434148655,-0.3136237995877795,-1.615023909796496,-0.2304979609377898,1.8825350628166104,1.522039798169676,1.7325848342952805,2.5188194223096536,2.688133593093581,1.5724415972492005,2.6530503738826137,0.8436618932995358,1.2828327877653722,2.9397944058017385,3.220935829241035,1.126981532349523,0.6996811270126058,2.0253815299764515,1.1320786787133033,0.7324792198231156,0.11174167404458327,2.4805737176309126,3.429140358258378,2.3162146006033995,2.000257205571445,4.21606181863201,2.8575529334655276,3.7643462326440282,5.808019563080094,2.271509614209541,3.6344828803577913,4.879033850772205,2.8526050747923697,4.263241920568667,0.49080781943335483,2.9126512489709646,5.381397454870884,0.6518280990297415,1.1478513295701709,0.829510881073351,-1.3146958313250219,-0.14628231678168271,1.7246684653282902,-1.7157962432887321,0.26496042145069987,-0.06087263581845127,-0.7089773494706422,-1.1570802919269647,-2.46369603329888,-3.863978241380884,-0.47515149697366,-0.49185306942087886,-1.7421850053568364,-2.136297455015531,-3.620443356592557,-2.8023721224167315,-2.0983048502600723,-3.2471129369155283,-1.2600247677204004,0.18739457506351637,-1.2161003674540827,1.789520793284044,0.4248356614500613,1.5567197669435004,1.186224215179465,2.2324443403325076,2.0496024919891807,3.0834380753155637,4.719502937302656,2.03171579645137
Oklahoma,-4.050542586106055,-3.373990105989792,0.21704390884797237,-3.8447541045570417,-0.41793452549014065,0.34329825764348404,-5.36452833931785,-3.2695808984189974,-3.5572536630296003,-2.7422887210607607,3.4648693644444633,0.19298850529668543,2.213332278854291,4.7075032425791985,1.8506389057063584,1.4123575425737562,1.2471405840005516,-0.035015859963750035,5.06733926279298,6.484564217947029,4.27206885923647,3.874313996363222,2.0724984717828225,1.8492846708684785,4.292713250007345,1.2875892322296882,2.02337415706618,8.660622969997725,7.81650014631732,5.47037586366609,5.747262196334869,7.1145272640262975,8.139689465380142,8.253457721055172,4.107527591133585,7.468210710458606,6.163388900989472,5.826786923631691,8.149630564788794,3.729795371264137,4.103410961660379,3.8147184264648635,2.2239593798965154,-2.8382852523943427,-1.429619567035076,0.48229998632043264,-1.0291393024492685,1.2422707714953896,2.042475436634867,0.014381085630167989,-1.6197743638036146,-0.5458952426220314,-2.4034956989504255,0.05511097408694019,1.3638269871500717,1.4239509904988135,4.034880286681345,0.16338437969456304,2.942532287223434,1.5406835140141517,-3.8388348192396253,-1.3778681341874186,-0.6790485382347066,-1.8144518076375848,-0.09800058169488876,2.3722887494234652,-2.649857780243831,-0.22709726285690296,-1.6257517589059305,-0.5895383829208969,-1.6411211476323597,-1.8543655170741618,-0.36399697281072013,2.8407255133213933,1.3409422306850425,0.9057501918539339,-0.02751053898581747,-1.2454354618590222,-0.4131037425920989,0.19419083211976565,-1.4632983775753066,-0.45122026953329664,2.8559074519983225,-0.7625774451281662,2.1280113798968934,0.7804641540373843,1.066140567818847,-0.6162384397288303,-0.6962962419551524,-1.822080668866291,-0.2630255197873282,0.9572794865520194,-0.45446964624819425
Oregon,-5.002001322556766,-4.266799254235395,-1.4118262508776969,-6.335503406839401,-2.5591316267892408,-1.7917106166535388,-7.349786994357414,-2.009180731551695,-7.0400604115639736,-2.1026401670631483,4.724664383749112,-3.4506737176616578,2.3908286080233934,3.9946364562705448,1.258238915281376,0.37584318160513625,0.167543061680906,-2.829591591200105,-0.051884556659340414,2.2161750957699287,1.63186118098761,0.38928051740045766,-1.3643266806166712,-0.9277204462944931,-1.507251902619257,-3.5080163338674857,-2.6472007244696876,0.8371147298659444,4.3621789133853515,1.8694894990273707,3.770034703650263,2.1319014623130355,0.885392538425889,1.6332860010588373,-2.4870044634701527,0.9708857192884912,3.7064528804596915,-0.6088479082779884,-2.293525163465346,-1.679897644978582,-3.2540176272211676,-2.3594464955611096,-2.4314906123801556,-5.908006641183903,-1.9602689364197665,-0.6266496942359241,-0.7803370276838348,-0.6805845951269657,-2.0139333866668467,-1.3557108343295565,-0.9785029142461356,1.9850822998279423,-2.4376325018656657,1.0391636048668962,2.3542682565916606,-0.08713210043282213,2.6560154800642066,-2.725784421026945,-1.1740055521624866,2.003785991058924,-4.155497691615339,-0.4334608819168069,0.36851172489581213,-2.6805768726614723,0.2656343274665691,2.6600172874464048,-3.69634078676006,0.6439207081508468,0.8970606843546028,1.656189277689634,2.0856398230541484,0.6595981332042036,1.7416248515750627,2.315129881006241,3.3489143353903095,0.1784439980334986,0.4231247537369736,-0.015945787520497197,0.8309888215632042,0.10365252604488291,-2.9237613406066503,-0.5967351318402734,2.5443150466958655,-2.505288101584691,2.4913320626186857,3.9807438708628227,2.6479632543705525,2.180806429165872,2.622356484197948,-0.2093489997797921,3.1521197773921665,6.154781706635033,2.8774411391027224
Pennsylvania,-2.5211160995315427,-1.3471533931192639,-0.3412667828533137,-2.4957899691355387,-2.7571065921671085,-2.7262490080973674,-4.443922974808133,-3.7693700190792727,-4.140201301339574,-1.6598939244907165,1.2937390296107694,-1.2826046895197558,-0.12217457087716858,0.9825217588191734,-0.7377285821310191,-0.7413375435882955,0.7566536025115864,-0.531962885291329,0.8977498416070783,1.4640215521327726,0.3928077854002144,-0.6727990585307516,-1.9933599330745386,-1.4460425003437438,-0.5766686980275487,-3.3304491523618607,-0.2788141907522166,1.3001818192938313,1.9635843196592684,2.44390347799045,2.3997185729477044,2.529885099243396,2.799597380959169,3.216918256011754,2.062718220015773,2.3038851570299204,2.4458288006473814,3.483937128621764,0.9701251164789709,0.6256666535372771,0.1614949465015988,-0.27686902164484145,-0.2366590038606199,-1.8801628607352368,-0.8517380281520968,-0.05768196238716349,-0.14037975193067334,0.9288304043915492,0.24200046227643252,0.02421898674550179,-0.34365790420655834,0.43646781338784735,-0.8141874779196062,0.9481791799540342,1.7100588608664085,0.011219309862583605,2.334654934835562,-0.5999644690350356,-0.2177345187862687,1.4753008361503646,0.1525550143919864,1.610983619186274,2.331564156611127,1.8852856320620714,2.5762958502497364,2.965567831772213,1.1929352735336052,3.514796743342388,2.5405392845159613,3.1429164850714355,3.6931363490212483,1.6371707954837798,2.0026374767543627,2.8106606217739727,3.2316953205323977,1.4419499562165126,1.19041306048933,1.3138640586723376,0.7627085724222796,0.6231817558727388,-0.9162833675054753,-0.1620884293940322,1.2687079140512432,-0.20187017758982154,1.590547203832384,1.7116363263087884,1.414523582197286,1.8511780849886441,2.5526570628283194,1.2658930139615796,2.4204262408483457,4.248949127242968,2.952014126951262
Rhode Island,-0.2779460114573603,-2.2605085090873036,-1.5079112231566238,-0.6319719563703583,-0.903947153715782,-1.527902241592598,-2.259530288293796,-2.3936699820964447,-3.252004369312178,1.5230247996166633,2.1551598644413437,2.309264587503816,-0.3610373327859418,-0.14817003414522364,0.863137906396624,0.7120856810560074,1.3488839101162236,-0.9337196839097104,-0.30703561930088824,1.3450509415083394,1.2576795897003843,-0.48204375538730326,-2.1659643494937897,-3.246441924337199,-3.0813522055907314,-2.547617398385053,-2.879350371455803,-2.0354173599072776,0.18917392776742456,1.434997728328487,1.4954580522745757,0.5931801346278408,0.13333601872241577,-0.02245392007833076,-1.7876772207815865,-0.7693078971309876,-1.5693965429742982,-1.6537542877262026,-2.5265269729440645,-3.462482945648303,-2.8810802081892155,-3.382586249883284,-1.3155436651262038,-1.329267388549724,-0.4732510085337997,1.1559106002177135,2.5906913861202523,1.054592909056342,7.180142089994955,4.532417402120446,5.562661576382884,6.862045127949074,4.773516613764932,4.43343860391817,3.9631557787814535,1.4043461334130292,2.4858274599249124,-1.0979788815333766,-1.4198490190936597,3.2121862483350334,-1.5311014103998821,-0.14692829904619084,-0.17701822338005876,0.01886399722211314,-0.5392817499668783,-0.3096165820088993,-1.8064621651455604,0.0019967622315028495,-0.13166974065669695,0.6248213591057385,1.3096943542841677,-1.4223896665377205,-1.0557701859994224,-1.117347389313513,-2.134802289307148,-2.9899304641297735,-3.536768836385398,-1.6747610344305681,-3.8113503823435297,-3.436183640148914,-4.476393485416782,-2.4955160775985648,-1.6160459314716116,-2.9059292205884337,-1.7454200171840524,-0.6308095046276877,0.2218816978165884,-0.6168263869632407,0.46331734304668004,-2.730601715284812,-0.6217780677089401,0.0006214369488880136,1.0850017052316148
South Carolina,-5.342338144652795,-6.134553514447306,-1.3192672581575426,-7.466563114513695,-6.304118161918416,-4.088433718442811,-6.4995978057074035,-5.554422247239997,-7.772089999904042,-4.317850376594286,0.11432107080307657,-1.1747955930965461,-0.6156177357419172,0.13693625515795524,-6.03132691297694,-1.031266248981802,-0.04134794542598479,-2.922165133284393,-0.0935187574508384,4.141877810979166,4.9627023379663076,1.912505811108528,-0.3813230870649473,-0.8699237456569028,1.320014658689556,0.3919222334107261,0.8645122799601201,2.6834886455414733,3.2953521807208577,2.6887502954250966,3.420340136227318,1.7667696823332004,1.6975968972320528,4.308238816106394,1.8201899203393146,1.4865934960581741,0.13854806090538332,2.474680728526417,4.590030084042558,4.16896310456604,2.345127694888826,2.700234618422268,1.3342925580619684,-2.888630088247187,-1.3209967642378502,-2.264606481046183,-3.4174429427095725,-3.7833589593221904,-1.8699497365251703,-4.215851077113065,-5.1746496951254235,-5.580924212219041,-6.578925778893973,-5.083529921988185,-3.1730642548805448,-2.433094816008753,-1.4844557142998889,-3.4620525733961607,-1.7042275763974828,-0.18975734291256882,-3.4123034009773012,-2.147167098595797,0.94588141987311,-0.8460467988486866,0.16331295614346503,1.3463312450384555,-2.324270715696188,0.3034244608559786,0.5962436757531682,1.4204807743642727,1.8637618748860916,1.2314380566296337,2.5787004340856194,0.83968890181148,-0.11906209542045189,-0.5925121736938193,-0.37363470252332165,-0.4809861668419311,-0.11556122642963775,-0.7955899312556143,-2.1358286227959877,-1.2696037674118426,1.2903481968175872,-0.3008747900355612,1.9382558269455028,1.855351621314944,2.719494761440421,2.519203674715933,2.3226980664453083,0.5484492322543141,3.079472235901632,3.8319712885781807,1.6204911808284255
South Dakota,-5.499473011371704,-6.084503478489099,-6.981383758699666,-11.31907897971383,-3.8817763570387993,-4.0854050131775095,-6.545661595173477,-3.024592897140936,-5.903432358553949,-0.5941673731628824,5.659232073546995,6.799506596086892,8.613786503172685,8.758916999373731,10.444740389768654,7.536428501219788,10.880192793247701,7.521538104380012,17.032718697302794,14.567662330912356,15.109545436558086,10.350265694897205,8.546109872335371,5.6982938805322805,5.8205582220520595,5.397284730041197,2.46604280229558,7.443252997535121,3.2105950036066804,4.76707700457594,2.131622830302058,0.9779009585398164,0.9773153898287928,4.0791143356792805,2.089078901948889,0.8354419945532616,2.412190055322682,0.6174053564236209,1.802907853083841,0.5735032381805178,0.3217770866370653,-0.37566834292767826,-3.186789042269704,-2.57439684700007,-1.7311760419848314,0.6182225142487742,-1.1283729022526923,1.0468919430944328,0.13571711429440037,-0.25004723914080373,-0.39751713903749014,1.4295812767933702,1.3962735022546668,5.035080229093308,6.041649209541356,4.242981232600746,5.593704003275232,1.0539059525327445,0.41983470023424246,1.8201752129622983,-3.2165853416823826,-1.5099127039292881,-1.33443844062386,-3.3054488199886287,-0.7266373100169672,-0.38917705548536646,-3.7643224891403095,0.22662030816423964,0.1382268783583182,-2.0271643085628255,0.8681787713626985,0.9378172483981614,0.8915421436876445,3.3055662175482956,3.4591146336119776,2.1618114945445344,1.5089437445664595,-0.7869749214355801,-0.1095346625923097,-0.7040388526492475,-3.1159718360138737,2.6446445853145573,2.0990717991511776,-0.5175335903993156,4.171710681026082,3.0957863827607,2.450523008230594,2.9620425329370144,1.7429521949575435,1.4774054702202637,3.4929180320287445,4.360711172302321,3.632421308771363
Tennessee,-2.2346083879638696,-3.017281461400111,-3.0931496115546535,-4.484659444215289,-1.1461116119993437,-1.4663602571143595,-3.965344315309572,-1.980674770606266,-4.423698822355488,-0.40479129689085724,3.8266704047196356,-0.12335982316548091,-0.29558144373978146,2.0542716238722876,1.391997727760696,1.9171940019676899,0.9826153057520792,0.1857201303749853,2.1420843181596676,3.475004101289067,2.1874674460481565,1.1136410653887423,-1.1269924914781304,-2.0390204700502617,-0.772462465166866,-2.010601099568522,-0.6662245403058452,1.556424673138144,2.30002502044695,1.3142123750141204,2.0089422824979475,0.9023597346153813,1.2459417578658745,1.518716128899552,0.1413691361749698,1.2096372151743928,1.8530480280288186,0.13286233243666998,-0.3059806489487754,-2.2346334070002642,-2.7763488491886337,-3.1044391775886653,-3.389529485714376,-4.4937225125020905,-3.4857456898115804,-1.1493373236796116,-3.8806670083289285,-2.5155935094921955,-0.9673767929477819,-1.9532307486305154,-4.178456860431984,-1.0921215626768923,-3.477572641917144,-0.9807048444580194,-0.3812289276368697,-1.6989485581648474,0.43768336367883703,-5.391311285864224,-0.4626788458537095,-0.1507395449616391,-4.623946037495283,-1.80495453011453,1.1434251178691952,-1.8233606269896618,-0.599652344777826,0.2000602013147711,-2.105726934054221,-1.2311308231003744,-1.1070081635027824,0.6669309205397279,-0.038133165386640674,0.7428620417799415,1.6191255964447822,1.4713928165517083,1.5338973840621233,0.6573389841510455,1.6247780417577198,0.7008801084111848,0.08059715020593702,1.6650026128027102,-1.4289317781015989,-0.8813857703398336,1.3789568524378677,-2.8207700774260847,-0.3418542529818586,-0.8324948877782177,-1.0499266464952366,-0.6579009271332645,-1.150222248769146,-1.8603646112483287,0.7971353929687502,1.428604503958523,0.6179802035969558
Texas,-4.26059422457283,-2.8700501986479203,-0.6490701859256718,-3.857924602079014,-2.4574661221506324,-1.8402422666681961,-6.1684368508396155,-5.689264753822709,-7.764716453670816,-1.9849119869398728,1.7595481920915288,-2.4296766774300727,-0.05499831836633958,-1.5502189050273496,-4.388654583551615,-4.215188283728863,-2.4722195176523734,-4.44421653367958,-0.5389079187984084,1.0506405927923357,0.9481217404938473,-2.03964333949326,-1.8441727852335559,-4.314463663197998,-3.4300062448304978,-3.297221128384361,-0.9215135162676383,0.7085256373168834,2.3710681312957096,0.7836718134323868,1.4082026255219653,2.007840690461432,1.09585586693149,1.5144130737397725,-1.8574759386926278,0.8844712494373146,6.258220866614252,3.797565624190448,2.606237455698478,1.6970892619413793,1.0360459319600943,1.649571591090844,0.6379206156941173,-1.6931645295321873,1.3282834213922365,3.714836175204076,2.504221976989511,2.0587394389173843,0.31769368395180647,-2.6697926564271275,-3.828688696897303,-1.1884568657108259,-5.3456297511873325,-2.8416627357936353,-0.12786150549082648,-2.380043205649692,0.24185520353296894,-4.866871312342957,-2.6352217266182896,1.5044376610777392,-4.501383820718368,1.5700411284983178,2.453145831559842,0.7452901459293483,3.212239538478428,4.996440445706932,-0.3270020077599392,2.3212275824526203,1.9971148490489876,2.306308814730003,1.8349414937874768,0.04478538184518641,2.748689968033647,4.689824698472303,4.528909195379218,1.934424874677125,2.552014766543995,2.1239919147978203,2.4818609024134375,3.337466087121374,0.5990716734399827,3.6862254569353823,6.102089928811336,2.960586240622356,4.646166061286736,4.097307051860923,2.772436874369846,2.5247159759398894,1.5183314438960631,-0.4164143014480159,1.4607577439908064,3.3145918196180615,-0.9551576065639616
Utah,-6.139324647700095,-7.637992559410829,-6.1535257828565655,-11.173708920187797,-6.586575582688814,-4.003305481590307,-2.0189672774165928,2.2174014526382306,3.079567031169879,5.089471138801163,5.5355535553555315,1.1921137093076486,3.7463527945384,5.24044389642416,7.160291792638635,16.36049368607509,13.275427290557577,10.689348910295827,9.631071688076666,9.240006447453242,7.753949579831926,7.255008121277755,7.839818763326228,24.8913883632293,25.030376670716887,19.742237844171054,12.566488501210038,4.2832414648219315,6.241961017116854,5.22787872802684,5.891253782857712,6.586988331058579,5.392927553592369,6.325088339222605,4.619205911792702,-10.503009091297107,-8.39912208864283,-9.765166340508793,-1.256625162395516,-4.505215077814148,-5.363025738332767,-7.28857501495724,-6.234278493569674,-9.395044068109462,-7.030214055692364,-3.8135593220338895,-6.299240500348446,-5.6716702633743985,-3.30555853568407,-3.0880262174992215,-6.538900402859597,-5.01238920598135,-7.965951584333792,-4.643806149563454,-1.3501599536512385,-2.1619556913674614,1.1639456995135393,-3.124421574797305,0.5281867688584172,-0.06067040800849466,-4.537945658069923,-2.505128364517941,-2.150242930110877,3.742878278587483,7.054263565891467,10.2839702760085,1.7171820340627721,4.3752114728924285,3.6316717019133935,2.278777688613745,3.422072303660331,4.559366621136244,5.161748563311164,6.563376689619991,7.221430026481947,3.0023643619350215,2.323403830307885,1.0780892792684347,3.693941333734991,3.2978405067079053,0.7361068934102609,3.7075321311148817,5.1045152529220665,-0.6930920614952938,1.385204833480689,1.7171850132229167,0.5699629524081078,0.2696236200007397,1.1883990775875815,-1.0820655667452235,1.264918778899462,3.616217455853428,0.882661489672142
Vermont,2.2236568507467838,3.6886675001272677,0.03187328788757444,1.5113166236029485,0.4343133167609219,2.224025026723217,0.5398976377186477,0.33790641404297017,-1.733223948239235,1.1026116433181001,4.1533449358120285,3.516030504803673,3.6884985042218625,3.9483375095892503,4.891604768221569,4.316275050205339,6.441536404395738,4.74567382945625,5.683914674488943,6.975685917904187,5.0950398522172975,6.254158679366202,3.7147145414814315,-0.45269413039813516,2.3937385222428746,1.1439831552077042,-0.8099892607029631,2.805959989551708,4.333056036209346,1.2276869141825038,2.397140338978059,0.4395576189125754,0.9964310059783857,-0.46891955927943546,-3.2923380658926167,3.2221891107900746,1.3009044732879491,-1.6683150415218542,-1.4716091628804506,-4.216700706873523,-5.398618859490868,-5.193573658641714,-6.226570399689521,-6.595939081173208,-5.3881173950077095,-4.329142392164715,-3.4739894040027766,-7.0183590897078405,-5.384002054050656,-4.665701336216534,-3.6734985752330562,-1.4626081385070355,-4.477854388885109,-3.0603086902533088,-2.568047260620038,-2.2316199631882014,-2.266477396536125,-2.4019178157105805,-3.6986785711718304,0.01603384318841985,-4.013251959243731,-1.9988941212400722,-2.068329472805623,-4.02223040000196,-0.479159806154946,0.5483086678635638,-1.2015398872154608,0.17151766763094203,-0.06393638956759781,-1.4164749585058947,-0.28148387153460225,-2.3696552641886344,-0.6412280995666803,-0.9146727583795018,-1.4637562762543954,-0.7148515719265066,-2.59214160258072,-1.2247594661223897,-1.4352732296111,-1.5086992618330826,-0.8713165338759434,-1.1057211671400022,1.2360613169503052,-0.7391790168881242,1.5954216605428295,2.6699273205643053,3.7222116637514673,3.545917839210784,4.925644759550223,2.63055179182071,4.239746788807576,4.010973951979043,2.3737022812335042
Virginia,-5.5264273523691765,-3.678199090313208,-1.4030332326950785,-6.7354554547303565,-5.765666080613493,-4.739234084298893,-8.126649042087179,-6.407255773559904,-7.3205981963993,-4.69531217866161,-3.3275847543348163,-3.2721845115398094,0.09923522681622836,-1.3667353041966213,-2.3174765195403957,-1.3755731545477883,0.8333332539235074,-0.8958120035301859,1.6348887878733016,3.6977771631328467,0.6568883675537356,1.3050739155872733,3.1590658111992576,1.2036266718468898,2.7731668169623855,3.388336583517898,3.387961564523988,6.418965044992654,9.171131054483581,4.75485689468093,4.499862486821113,4.9706085616323055,6.670524825565311,4.446128969216499,2.3768881225784635,5.448690725106938,6.400484920800855,4.098220847880126,1.5858789980721333,1.8612485272668355,-0.32281088677723646,2.5954209740024092,2.7308583292495765,-1.4979286767688993,0.3621017198182184,3.5708007810275415,0.2890369394378927,-1.413866753371543,-2.2562496492612403,-2.020037082470447,-0.7560675647665761,0.08881968731022637,-3.684319306931868,-1.6663801995880543,-0.42443276102432353,-2.053926078112931,-0.20295878085719166,-6.58423453882622,-3.3029161785098444,0.591714869493948,-4.253627037181943,-2.861618151161334,-1.7254947189836032,-3.3827478376334303,-0.9159374955852857,0.45860128571413505,-3.988989859660278,-1.2385589675459319,-0.9752139056324004,-1.44146297327497,-0.47940152234175515,-1.880256199651927,0.8523679753529169,-1.9815676843176735,0.4542273337952399,-1.12331903093152,-1.5165839217688428,-1.227427847222381,-1.4330729145341958,-0.5972595285008128,-2.874379758459447,1.5448371047899538,3.4382765991528412,-1.5526570023617432,1.7369110581063285,7.661221591923345,4.309519742481236,5.111228488216792,5.124663151163315,1.6426049430668794,4.4308019589179315,7.110077599568973,4.67535165935868
Washington,-3.171776962244717,-2.3792637961202066,2.361700005005409,-3.8654109602945415,-0.9885119560478207,1.5005013655415318,-4.540622417248957,-1.1907999650471328,-6.061656833775044,-3.6361855144918023,4.980534955778686,0.29017854614903626,4.344129275998494,6.5487807596171415,3.5541066539386623,4.002682876105055,5.7797814367852665,1.664610819119995,6.202821820777573,6.677175458917508,4.273287741932824,4.7707459596746515,0.5106147615162846,-1.2679305008987014,-1.9505094734011044,-3.9653210544283697,-4.230983991592361,-0.722709359581558,3.042313364483253,0.7456329790880988,-0.7283813909172093,1.3312554692811138,2.5474044132253097,3.2882227705319025,-1.1965773176657355,4.060864402481171,6.318687951301072,1.31238447811598,0.1953809189967793,0.23679262667362658,-1.2183367543528354,-0.6179117516632759,-1.199604662594548,-5.8528479385994485,-2.3775914156417155,0.4615004131347733,-2.3560319309663997,-3.7410079705608204,-3.4016812711567623,-3.1447112561587933,-2.689692788057113,0.4313562253333719,-5.419948479987299,-2.1370712951017925,1.2081168479005615,-1.2883038832331586,1.7231964870059975,-5.607603252428673,-1.3372352429950438,1.0958267406086997,-4.514390609549379,-0.2517605779586554,0.35613168124396616,-3.101827582304652,0.002402116785317434,3.1643969634278566,-4.3607058125910125,0.19025364932912533,-0.2496601113149079,0.3810087596917571,0.21003835246143515,-1.083341324913241,-0.4421801285541485,2.0306298810372105,2.4877010144409057,-0.7310589465937198,-0.1701909935253331,-0.7267287143162202,0.7264345522349288,1.0564584005952478,-1.3041359613538073,1.1435018458577462,5.5876030294458765,0.6338213099025855,5.483233317518557,4.558231640622968,4.0529022533714265,4.627773583042331,4.7932651218726114,0.9255481359423559,3.9272284576630594,7.23623655486333,3.4481268731281314
West Virginia,-2.759286269544742,1.353466416403781,1.4640283796567617,-1.3382133997159196,-0.6923389224598973,1.6159728140589777,-1.6781254954432316,0.11071563501481615,-0.22650920885353296,1.6854636520497135,3.876191550172782,-1.9167976561395694,1.292610087355278,0.7657008238429687,0.23263239003744776,0.8060291834285885,0.6110914510989257,-1.6963123281055765,0.49024779691414233,0.15903730045538575,0.7997298234526252,-0.7153206605673303,-0.7623349937758892,1.0894486229156348,-0.16552852743034327,1.0646752903356025,1.0868018501500636,3.271496605874712,5.7493888764722705,5.973850643014092,5.0939964117996315,4.862224870674119,3.343163901026575,2.9957429986419077,0.9862328608679672,0.8373407491839895,1.70213282345067,-1.0444291836460153,-2.098287154688978,-2.6889326449385615,-3.170839656534273,-3.1640702923434314,-3.9173452472231363,-5.15423299996799,-3.1645455768915727,-2.8572163913442914,-2.622575521268909,-3.267639956966932,-1.7095923142060134,-0.3993800968735146,-0.1019451662743214,0.4495749656098713,-1.6252227035045017,0.4979958078992751,1.9337260577399806,1.4923439686257225,2.755629728386484,0.955070271908741,1.9630012042022214,3.952802934545246,1.1784638911524157,2.4602632560881026,3.1777424705932873,2.5969297113136944,4.5145575404729446,4.305886296326109,2.23995745539765,3.9137648589780922,2.9521888198974175,3.854997234895923,3.4013216752141875,0.1911422699454564,0.9952805296329257,1.424242565543412,0.8598863458765384,0.15927293656232264,-1.551399697856941,-1.053331777736446,0.906502159687038,0.27486602011209027,-0.7395978236484804,-0.2971198911507811,-0.3034340482875343,1.0325285194719114,2.6463423253712954,0.9043130636338597,1.6840370857525118,0.24775988502357452,1.8470286956100122,-0.8628576530901467,-0.7734249467369645,0.8892240540328287,-0.5176847899899185
Wisconsin,-0.5343677149947897,-0.5404870908317403,-0.623785984603618,-5.088371761083407,-2.5445472500661794,-2.826419124799476,-4.1970487124087015,-2.143905654791793,-4.887219816104604,-4.064412130171454,0.7332132915220742,-1.529647361263147,-1.1993728738060965,1.1252228275851883,-1.5384306362360738,-0.16056722186034048,-0.004654892630586761,-0.7140605613937328,1.7121695167912991,1.722842706280497,-0.5368450726871435,2.3034465449430623,0.19496622968611896,-0.4481330817484996,0.8377300144488271,-1.39693559568705,-0.28301741372562983,2.2222761684655152,3.2928198835074083,2.2083771474328153,1.258906970105536,1.2014521141101824,2.297013606872101,1.7795032074191597,-0.5886540603764273,0.8765789391376178,2.7641845484880685,0.957200580173014,0.6908541957086577,0.08070839161583702,0.1504258215601915,-0.5176907445949451,0.10976657548640392,-1.413385568466251,-0.19098158763066728,1.1180696691601546,-0.6744049824382732,-0.10849730257185217,-0.2732003399603351,0.016096202159231056,-0.0983277928593802,1.9362308991714448,-1.10725365345923,1.9140767274522064,2.8788474719734203,1.1959017058680457,3.852368682898056,-0.7570839535740675,2.1700262867878317,4.910414763693425,1.700303779085612,3.463402305135906,3.3363345384069265,1.8149959488515353,3.1002779299812473,3.164699999868792,-0.088501779367965,2.3392195215584897,1.7159063040630256,1.640951753870713,1.3922104872194372,-0.7113853891717178,-0.5377542739425376,1.664521405603271,1.941899510903467,-0.010897512762482542,-0.08931632816301137,0.03792916686152684,-0.7757461121203876,-0.44812017424016354,-1.82025025394217,-0.2554241028139429,0.9795837592592773,-0.9276156322610154,1.6911897533754408,-0.2282699253226955,0.16055243745813635,-0.26961216913370833,0.5166032400202242,-1.3342256922896696,0.05616130678361131,1.585021202551555,-0.6176052244095558
Wyoming,4.08277663621847,0.6778722205345467,3.9626317400466577,0.18789837720008062,2.88166638028075,-0.4363270394993258,-3.955088611429018,-3.0259238826233883,3.113926502401666,3.3678273493873254,6.427423952758472,1.9321207540873675,3.3679316225176557,4.239248588436122,-0.6201214552609717,0.19428838368159798,-0.40623999370371444,-4.497424205063254,-2.5011037917140975,-0.12688510465270203,-4.5413118530153,-3.776498730397946,-4.327449819382871,-5.3159696012211555,-2.650663887030596,-3.58006224969222,-2.2214623606103245,0.35915643397141556,1.9030508368805845,4.118313408148397,5.076614211997236,2.246271305982873,4.316888284805969,3.5736563863897244,0.16537749596216406,0.2066467828045912,1.8670967476549738,-0.7059730233636544,-1.4385587656889953,4.6115533187854165,2.704513348728775,1.7081845025069806,0.794769273192267,-2.311302856461311,0.2468579101717548,2.669145256537073,-0.6966860961317686,0.9880988491675081,-0.09116349184758397,0.8786547095596753,1.1567339335605438,-1.2745051824041365,-3.5853808619491514,-0.24135181289061614,0.32055121178201174,-1.176284288108849,3.384935279712553,-2.615692213086646,1.6983953310785584,5.8900568956295825,-0.19042014335237797,2.7041750160660962,3.046825291045113,-3.100446386510612,1.4072104667333307,0.952493078395132,-4.640636956930836,-0.13386949026679754,-2.150751769942515,-2.2084916015752696,-1.512437371871055,-5.1213160238165285,-1.9919401266551433,-0.2283193410914132,-0.04167598917655139,-0.45420940364930923,-2.9040945462480856,-2.977618351846073,-1.1968154060753475,0.9522516307408938,-2.408746554335216,0.7312064942165956,-0.10851332687423873,-2.272006521590527,-0.865436681689119,-1.4792771540361285,-1.7838853661000065,-1.5670307187335062,-0.9898242419518946,-1.9760488511746648,0.7031486121958962,0.3853966615603582,-2.558554764725379
