Geography,2006 Q1,2006 Q2,2006 Q3,2006 Q4,2007 Q1,2007 Q2,2007 Q3,2007 Q4,2008 Q1,2008 Q2,2008 Q3,2008 Q4,2009 Q1,2009 Q2,2009 Q3,2009 Q4,2010 Q1,2010 Q2,2010 Q3,2010 Q4,2011 Q1,2011 Q2,2011 Q3,2011 Q4,2012 Q1,2012 Q2,2012 Q3,2012 Q4,2013 Q1,2013 Q2,2013 Q3,2013 Q4,2014 Q1,2014 Q2,2014 Q3,2014 Q4,2015 Q1,2015 Q2,2015 Q3,2015 Q4,2016 Q1,2016 Q2,2016 Q3,2016 Q4,2017 Q1,2017 Q2,2017 Q3,2017 Q4,2018 Q1,2018 Q2,2018 Q3,2018 Q4,2019 Q1,2019 Q2,2019 Q3,2019 Q4,2020 Q1
United States,3.479698439414009,3.1174391397421184,2.452232754964144,1.5575072043284635,-0.2184687936095477,-0.8294227835390044,-2.064257724117352,-1.3830577834399935,-3.2022222650899956,-2.4409241823828864,-2.3918835222524746,-5.525651314372962,-7.409474082783643,-8.743512974051901,-8.150192373547135,-5.1578751087722186,-0.1345214265728222,3.4263279344699757,5.2909182621663815,5.121623540462909,4.940892485748481,4.4822992006090745,3.2451910559368464,2.5373537540782762,2.8855435296050524,0.7580127718573688,0.24310283956220743,2.2171780633131926,2.28062120728202,2.1353957412615725,2.4794719046852434,1.8221111904195388,0.9777803799877102,3.1312078358869293,4.728986645718765,4.4231330931749575,5.07639231148348,4.687708591589593,3.687556255625551,3.151426999710972,1.327116212338608,-0.009108629515623298,-0.01718073226088151,0.6417614997333448,1.9024279555252932,2.5069231890395107,2.0964095143348276,1.8707956494795535,1.0946727115639725,2.4233968434522914,2.3687194387357113,2.629026854513059,1.902202643171824,-0.10758752331784042,0.966580709921963,0.3015256683389425,-6.635021917879295
Alabama,4.448153557271021,3.746280344557567,4.6274313798992175,1.5418748791434678,-0.9917702049458602,0.09359620784396624,-2.2432324840764397,-0.599366555747098,-3.742522520704921,-3.4306628056628132,-3.0073503960254824,-6.113497489261302,-3.8020980706553096,-6.030569322393914,-5.234486522797893,-3.9436801237233055,1.403157103482845,3.7384213092230865,3.7935426704325113,4.367222352664954,4.392948077480896,3.5000961271441633,3.5161668978764276,2.7135893727569695,3.5504785427601067,2.805898682187335,2.2339054687902773,4.911449967667249,1.4271516597098053,1.6211278633233572,1.7504940910740925,0.49211130663007746,0.559496746884064,2.627497851576018,4.548697823760262,4.355869492095522,3.1122414179504347,2.4466538976101155,2.1479080172135796,1.6950277290610136,1.8266695646421858,-0.2630614718289181,-1.828068742808359,0.3430499752966769,-0.4296824247823837,1.1548714663853261,2.2279146265383853,0.6233684190967976,1.3095226999468748,3.715602737812549,3.369363205148347,5.459228894305341,3.6790682269816686,0.6168350168349899,1.8569703475110688,-0.06390895163053212,-5.706553085762452
Alaska,2.5123595960004517,3.8646224468224437,3.7575782030202056,2.63620916741236,1.760424474338227,-0.6997751415057831,0.04666627778100545,0.6886553098948955,5.8896502263013515,10.105022741913453,8.617573319339986,2.8807425135718776,-5.223416134287637,-13.97519657468065,-13.347468999946313,-5.092343045192782,-6.136106845902031,2.273242513550834,4.270300965360586,1.9140710627528408,-0.9383005648322471,-1.091205868128316,-2.8537196383836183,-1.752001798930405,2.552837929064756,1.8346661233637123,0.9866576970512307,1.7145814052999715,3.2235196418986742,0.7732629093891864,1.1415363807947256,-0.7278846341988456,0.6965837960873487,2.51144045503728,4.2082468465591605,3.2354390460234583,3.752094781558129,2.975723595657931,1.9573856835049186,1.950302139318208,-1.3644858057790883,-2.1223975475352996,-4.100724154448707,-5.709015318925809,-6.6692689986099944,-6.277561608300914,-3.472963575996809,-5.291015799561054,-1.6688938987442472,0.8446863691812558,0.8573718761731913,3.457025720606904,1.8590561555299647,-1.7392630241423037,-2.458703044204347,-1.10471480115135,-7.220043794877011
Arizona,8.185902163813815,8.44992513328183,5.164892043774042,2.0725482061364633,4.179025189251432,1.1335555301504519,-1.996835999296895,-0.7492754647628392,-10.876641312199899,-9.923305681640295,-8.394913369444337,-12.081582508368339,-9.885855416861348,-10.438266241915253,-9.80058151487563,-6.148424921777704,-3.1449735449735474,0.7469523696605775,2.2531909351393606,2.397367427307533,5.100078664452406,4.694554402482086,5.102322421772169,2.7943144341302677,4.403509501434574,1.3540027386621445,0.4776861006473544,3.4174192027388544,1.6747650151346116,1.5889819827994625,1.6503839504683895,0.216070490519667,-7.033315705975673,-6.017328476860626,-5.895149010224071,-5.475170851836109,4.970926557957263,4.302188054405683,4.678897154625309,3.982212921789161,-0.9422885871691994,-0.5123013060646081,-0.16662484316184778,1.3755144343486265,4.572898938325605,7.361800862981357,6.196523190460374,5.813514908484545,3.2520876523356783,3.189633926709523,3.25311014750717,3.0214342666854233,1.2056331685165462,-1.7866492747765563,0.010086376056758932,-0.2503960810737124,-4.810509140801719
Arkansas,4.712798084983901,3.3996749794354164,2.8628508640495385,2.7649088220798337,-2.574440789790981,-2.93960708222168,-3.9436373523927672,-4.838137259603849,-4.538434121420941,-3.8362736768454258,-2.6911995147348975,-5.431857354527209,-3.2524372536818005,-4.953901483260036,-4.16506498498747,-2.245741936859159,3.38857681917584,7.462735534388282,7.066042235809377,7.718475712805961,3.2816631240603473,1.6547092047015766,1.0813875782183422,1.1933923112739633,-0.21684569822305944,0.005005455946986895,-0.6661324251227027,1.572424554629757,1.0453347284544348,-0.6606871145991846,0.12201885745978647,-2.79875917081097,-0.9936972907311402,2.5918013624088037,2.7445964184275615,4.897520845364389,2.7857394277668774,3.3032767562470613,4.307378616031604,2.757468344649717,4.2639792573748805,0.18636316094739314,-0.9567219585545799,0.7321979096172753,0.8042191004382405,1.8402346085586547,2.7745357586799257,1.4584169224883627,-0.3109290634891135,0.7110506402251652,0.522569268126036,0.227159858002085,2.676353584969095,1.6248878031627876,1.5338409397760706,1.1745166588671547,-6.365504947613501
California,4.418366767062563,5.3361192207147985,4.200099244431539,1.7382525697503655,-0.5387901711611066,-2.4391569375130167,-4.478269073526633,-4.730546484565276,-4.1020309521855385,-2.0591566555879592,-1.965967133544676,-4.552599185683164,-8.780371832057435,-10.885720785622189,-10.665041882957999,-7.233983452709258,-2.202831467233804,1.2306939539633026,3.4166093830555124,3.7985242220083117,5.996226374868094,5.465014868286968,4.4544840837098105,2.4201026148235285,0.8679123840939726,-0.8269403208129806,-0.972418318849782,1.162849181680084,2.384916797112574,3.0018083182640005,3.615607052492053,4.661568904312542,6.079521662495501,8.561563670411983,11.686386232157915,10.254144696213977,10.333051812139672,8.306829820494853,5.205757567870067,5.334861436646904,3.1384164808466695,2.434634016855787,2.6744847720131655,3.931642110946577,1.3907712165214734,3.518589001271391,3.407228915662635,2.110275886496911,3.8946882658094983,4.11242881281682,4.174239952773777,4.480212139432343,5.122569479012689,2.7891110459917643,3.0935906230427177,2.0968289335832004,-6.811492846111253
Colorado,3.7937208069533455,2.865320849416936,2.3260919459939573,0.8896779602505245,-1.8395744598839927,0.9278491926634282,-0.5509937391507863,0.6599079061855365,-0.7107446129681305,-1.1552164331964432,-0.7491885425144923,-4.2986732969445045,-7.9581969725433,-10.599974464992489,-9.826800905022075,-7.989973207761633,-1.402913247110372,1.7873621303335292,3.396627477620605,4.747250807937089,5.390800339921102,5.635961362041972,3.8975489313001415,3.7960554719007575,2.666073976058067,1.829847665948089,2.0449793462185553,2.430710546605525,4.919799019262337,3.56985190833567,3.3483258370814823,2.085809365343475,-1.4098023973358653,0.06199988375021662,1.2263056092843363,1.8229621437026022,6.575489146305852,6.606641494820413,6.070623304161723,5.793069278629468,0.12787139790838478,-0.8736400457707454,-0.1107888526598404,1.3140237587023722,3.570353477765106,5.473101729698045,4.053237630636876,4.038509405113248,3.102017808858632,4.118096694056938,3.5131809279512,3.413508779424957,2.2834248810449282,-0.9443800211901675,0.7283504118947115,-0.9419152276295066,-7.337097232198042
Connecticut,2.7031755751902704,1.3704566383186032,-1.1998213032101608,-1.0929952334744268,-2.70762350936968,-4.256706209255081,-4.692849299140874,-3.410095521486962,-0.5373343401512515,2.21014209650951,2.529171891061482,-1.1519014186692849,-1.176198754483624,-4.030928172813326,-2.946037062336131,1.4408473447080479,2.171081198436812,6.271336883790794,7.42519184488944,4.966883731285131,1.6171390587030237,3.316307408954123,4.321959570128807,5.00652194661549,7.066948343717489,2.763152439782769,0.9288615621486407,2.3743157809691047,-0.7541991766909414,-1.940494200706006,-3.0038137294259126,-4.293225739624528,-9.44413046988535,-7.216176742846566,-5.301768290790218,-5.603141717430962,7.162598907834613,8.063407604478439,7.415622302590604,7.947063255478738,4.6060089229073355,2.728652907143754,1.8278913640525047,0.7111138085556294,2.998429204859531,3.3332001917239107,2.6581557733225396,3.5696350013057225,-0.2606127294840105,1.5017104423957732,2.5932196792776123,2.5883471042321164,1.1632408160105534,-1.2195818576487938,-0.44957461136456933,-1.2506499031053424,-7.559263014904246
Delaware,1.824915417030828,1.7723441017854438,-1.9662353416902383,-0.15413700309978495,-6.735443081002075,-7.572990353697762,-10.206238721319938,-7.218948032785481,-3.599088838268795,-1.2032321208241752,1.9685529174203007,-4.974122794922006,-10.733459357277889,-13.683143028846143,-14.260910370717957,-8.962775219595246,3.4782516623607673,2.7076715547626127,3.755678397460453,4.341866173610899,3.324499380941178,7.813542626545093,7.848205431181806,-0.4399498945953416,0.33670700548634486,-0.9008743491502185,-3.3123012961604186,1.237712380192512,-0.46585996565269566,-1.5296461887720245,0.31262963000433963,0.16267391458105032,1.6173174940007513,5.399174468941904,6.868519788598863,6.595246741718101,2.2785600671370156,2.142454605369997,2.1621774665433438,2.730197785558818,2.6724039232149037,0.24220094261986497,0.6558952045746463,-0.14739072359633876,0.3094421677678372,-0.21549512570547522,-0.2835929110949892,0.6688500392084488,5.425861078687473,8.25324408212108,7.784629544408636,8.248717008797644,3.5429645967153793,1.2375639076965674,1.5404583802985234,0.8135725230907267,-6.659311749480198
District of Columbia,1.6012031139419656,1.6462825340753826,-0.8159673178469661,-1.529559912286412,4.307792773182414,4.580177699091849,3.3334428779563345,5.638911243647271,-5.024103174106306,-4.441239785148509,-3.3849252623767714,-7.378109868091502,-4.3241818002043555,-6.339398976422721,-5.547691936315659,-0.08901007278545102,-0.5603591810488135,10.171985008231452,11.838849455745175,6.6884691288412625,7.9065578124458575,0.29249992051634377,0.26695196941997307,1.653172103249291,5.592534725937967,6.313731706028433,2.739073231878521,5.589061037745646,6.445597535268369,3.321737401848691,4.419549675819019,2.0463833768280066,-2.039378475131371,-0.367477297214106,2.4518135115299815,3.5600204587784523,3.355039362425872,5.960220140967484,3.147179414675524,1.8161994930669476,-2.5060653363675476,-3.527332039401159,-2.681068041011022,-2.5645015147216284,4.627834524532898,-0.015112588786454925,0.7136150234741891,1.4578382288016947,0.012906199585160441,3.960096735187435,2.011933619242956,1.0637805408708478,-0.1806634774032258,-2.747891829020061,-0.14531429929263245,-0.43605716379626763,-9.018126748727996
Florida,0.7717696351634555,1.8554069130491675,-0.25059712596421496,-0.8614122472897794,-3.405669905959186,-2.693928300062179,-2.734052993130515,-2.864798833589471,-0.6923576707544866,-0.7879605309860132,-2.394212724741221,-3.693711967545639,-6.837930117969376,-7.948319568239419,-7.840522632596297,-5.7119989890267115,4.456124565195931,7.335435728879806,9.296065323702267,9.867759733732424,5.0223753597915834,4.637810101177288,5.405155781782348,4.003293720582715,0.2040510127531915,-2.7248010282268003,-2.636523838731971,-0.8582012960990033,-1.1609219497100205,0.7734604478142951,-0.9209723708288803,-1.1919667945064925,-0.6190918639411828,-0.22390317700454657,1.4836196281867526,0.9010177609259633,5.304716319624397,4.9298479702409885,4.557840719229859,4.484637520643168,2.562172490663272,2.0249506285824346,2.0954011509012136,1.9837589202899921,0.49681025235700954,1.4890422729375674,-1.380685311818747,1.5266254616998076,1.7227496582589104,1.9240072941089057,4.608146916565913,1.1499191034652827,1.2352042412974353,0.15609025850736136,0.2591796557516148,0.6533703245162968,-6.132487180419696
Georgia,5.4410339256866145,4.502135437065225,5.350348244752951,1.2941543086539686,-4.350414554496196,-5.002409294522863,-6.317442851057774,-3.83376463562496,-5.167963386727692,-3.045275220740192,-3.1079199386183674,-6.851647989762985,-7.65897069611212,-8.654498246429892,-8.507351791021412,-6.890978696754517,-1.35989714536579,0.6851567057326231,2.2535421964823654,3.533419399633314,3.9738046795523876,4.236761437254426,3.2551334970479227,2.3000188612025063,3.2022666585132313,0.6780997038998231,0.33195020746888027,2.405023097645173,1.28777404700769,1.9673974142776942,2.2019810768827166,2.4625663902697483,2.0874770874770925,5.5264608599779566,6.590933764964826,6.503382500805359,0.6809607946134555,-0.6175488348663238,-0.8629709534347637,-1.7616703788232841,-1.2635413307025545,-2.6197717203574427,-2.7487461122474652,-1.8315155021039562,2.7880790884460787,2.3172201069931027,2.6756559486766003,1.5824589416058206,-0.09720716342018043,2.4531554701410374,2.2271069123561555,2.8601903051056845,2.4914860970772037,-0.036780594558321875,0.979037615174192,0.8140952173043079,-6.473020712570856
Hawaii,2.9957817243880873,6.04298866595751,4.345413373669759,-0.17897990186663396,-3.7451522582216143,-6.148285225091234,-7.095434972808848,-4.808760375394696,-8.651700618817465,-7.654885195149809,-9.580832794755779,-15.275416915514308,-17.59330682964456,-16.80136494252873,-16.547027049105022,-7.66728120594295,-0.8820564516128993,5.483000539665382,9.704140563821474,7.067183462532297,11.444069109972983,7.445683686346759,6.31949943675481,5.54098972103075,6.938997229615956,5.20707679935665,5.56726986624707,5.510976218193932,6.9845172301690415,4.26745250284127,3.6191271166229337,2.5317702689390083,-4.569496804580897,-2.8831870357866336,-2.629610449392956,-0.7302075326671827,4.2778247674013565,5.013855643070706,5.150100460938426,3.851142082849408,-0.469492528198167,-1.0640410861731522,-0.14331075954702063,1.0214447478541289,5.941400931909249,7.682306603953961,6.068024913702531,5.018681673508903,3.111340374121038,1.8164062500000153,0.4200677414505322,-0.5051170553871684,-0.7126745482152358,-1.6340268210592528,0.9898548682541853,1.151333215610102,-7.484640883977895
Idaho,5.0564771444836145,5.453579945093483,7.301485218160266,4.402497288741686,0.8898015058179224,2.321162196315396,0.316538677654979,1.3438520639733689,1.268279813055953,-0.5070014485755456,-1.9371160775966452,-7.131578218352086,-8.636507434356234,-11.406865398614976,-10.691811924640389,-7.143283285273923,-0.9124979631741827,3.0382200497239857,4.997228499552286,6.131540059537819,1.217932905772061,1.92622280386061,-0.07208121827410237,-1.4438211316490273,1.4083934972228307,-0.4844922360871355,1.428440805047285,3.488907771214452,-0.1922537749829761,5.622473767500935,4.099764611609151,3.218945681528158,6.626469762028978,1.851374693425717,4.570471865137397,4.446872334512154,7.463234256358116,7.895846411873271,7.522221608789274,6.626721598781433,8.313414409918327,8.213349080361944,5.998990184248593,9.913514908997037,6.065088757396454,7.250505569287048,8.787935057281032,6.384811117635552,4.575073736195894,4.494676274065289,4.73995903464242,5.246541065646139,3.8975614733190627,1.7887063743251108,1.8988911326035451,-0.20907775035133785,-6.63991807073414
Illinois,8.598043157753658,7.709983539367419,4.503746750267611,4.961582118222301,5.142445747197374,2.56107817596258,4.9765336733947505,6.634085473640426,-1.1620854934950706,1.1270563528176425,-0.5117992631683883,-6.259385665529006,-5.253261020169835,-8.69741500365895,-7.53532967692863,-3.7272055840467644,-1.6911442120876619,2.633032590683118,4.370744801757842,4.352336085058556,3.7826063858046104,4.0418750923404865,3.2584910552242463,2.36187044400265,2.9495776810852297,1.698989735059033,-0.3826569043960159,1.1511577328868978,-0.8970126098890138,-2.5632586298036095,-1.1039864497005696,-0.6020301015050654,0.8890762036646792,5.570511705035158,7.286091486476843,6.032617991206606,8.670181022478609,7.191545062296992,6.196430946996339,7.686760477848731,0.6315384826601586,-1.0908893552355443,-1.3743859554935127,-2.7050841483831047,2.101921835065976,1.9534322243154576,1.6140007076562732,1.5893859808005664,-0.6342532380765679,1.1750775910012519,1.2928340565347203,0.6641408513483558,0.8005665823964899,-0.45215972764027285,0.3684442485676401,1.007793127878132,-6.349220466208339
Indiana,4.879610271389543,2.9901227177491823,2.7019751338524625,2.5054107696757595,-3.9601316228718435,-3.142588663818587,-4.8346228897065116,-3.626368280223793,-4.192942905663755,-2.4834221817708846,-0.3641853774980405,-3.9627251433648336,-5.716743891946802,-8.282051282051295,-8.481621787652298,-6.948897742922318,0.3727076828356635,2.653620352250496,3.34280536101849,2.9340322890422823,3.240046004710003,3.2996361576504976,2.5450884448004762,3.747118867303249,6.397674344583203,4.9627215877334505,5.412509897070488,6.144471245398001,0.38989659264281296,-0.3034169571900837,-1.3039298161278812,-0.8960251963481143,0.36553628543615296,4.338362003809279,6.257737189244039,4.982249353836243,4.801963539914105,2.935210941121954,1.9213690231767566,1.9830055466676844,2.612046008272429,1.4853389631714653,1.4054287026019252,2.261946137877263,0.9690778575372684,0.3208269383679271,0.3280082048249509,0.11849538419142812,-0.21146081138973685,2.0303211833556154,2.3751197229794423,2.2781070517643194,0.7380276029630846,-0.7000397441919224,-0.32834666210879443,-0.8907667052396425,-7.069608029812576
Iowa,0.31145945392141544,-0.10057441469837691,0.9838288993218688,0.4139287007812837,-2.689231837726867,0.39855110068605215,-0.10331325612389158,1.0583809965476163,1.0705739115831854,-0.650243453630103,-1.0062776002399434,-3.6691072994635863,-4.706322173298993,-5.405602264213763,-5.930839949853726,-6.927506775067753,-1.0461618935530284,-0.14190014190015915,2.3955221394222646,3.786396724294807,4.434826659618522,5.739149592421243,3.8600867678958775,6.10308058170501,3.4176587824656637,4.044171267840409,4.676322852160106,5.165361812886035,8.998490904641482,5.19865427747514,4.3776250286820275,4.249697993498255,-0.6408037643713108,1.780819310134788,2.9438470728793305,3.1268253160740858,2.9177494068466747,3.7415252256043368,3.0713523049069336,0.9765678527383411,2.594432399301074,-0.14332588158937834,-0.4269770207093018,0.18727269437456392,-1.9982701276003718,-1.5328091571355176,-0.8675671030134163,-1.480029979862921,-0.42854803195459346,0.9827739528231892,0.768388392042336,1.3024509174900647,-1.6822771508201362,-3.1384190792639193,-2.1445001901794782,-2.2610678320349606,-6.385114411584265
Kansas,2.2692238752464484,2.7235438884331424,2.278688524590179,1.9327929630706482,-5.836371284352208,-5.035581820440483,-8.500293850510253,-9.310452418096718,-5.483378624874357,-3.5758668697382596,-0.9031102806648525,-2.980409118164564,-2.1337140606538028,-6.681460521725656,-3.9625643241544632,0.046606348595224965,-2.642037165595161,1.2710148388905727,1.6688311024306375,0.595473188515864,-0.2170161315324417,1.068443988720814,-0.1337691727432649,-1.3832261182084358,4.686351067245264,1.4020919780454122,-0.5116222857833466,2.273400095958497,-1.4869116163115292,-1.193608740457638,0.49400712666018065,0.4222146806939083,3.8492051536970897,7.6258657701810595,8.465629784833602,7.012295122702748,6.440258383939958,3.787857404950744,2.479661205839732,1.8436989151434153,-2.8962860673013977,-4.591480605187048,-4.829354938103785,-3.9945644739121966,-1.7804348639646794,-0.11401641836426825,0.9674624108477684,1.228281830358397,1.039235671216695,1.2793927402785263,0.7186441956749418,0.03096788723934809,-0.6278754053850322,-1.014341664083853,0.38297673112034947,0.9944181246775112,-4.878280173804144
Kentucky,3.0492341062481416,0.8586061010910515,0.5896845232271521,-0.18156250556258172,-1.2690156648198159,-1.7891362516447535,-3.2954304307844637,-1.3312053069885974,-2.318697582634437,1.0178666163128574,2.2492662454625885,-4.842717850010381,-10.104617604617607,-15.362499443677965,-14.532008691841991,-9.712066247554665,-1.7055259039287345,5.601245188566144,7.133440749963385,7.633973179069153,3.520249857107863,2.272636736645028,0.33204422047735815,0.07133573724997408,-1.3813162435296917,-2.629170155997433,-3.4320978040803745,-1.5956096322481195,6.146524834039817,4.946296777806671,6.099183550045371,6.412495534473867,2.486531288852049,6.699066133028389,7.084295228052165,5.501053770259411,2.737749512921373,1.5709565062070279,1.5915825334019527,1.2489724483572644,3.06196384324319,0.8871967572035248,1.6635811094033814,0.9332495242086057,-1.8287708091030608,-2.246858059230594,-4.092185849145747,-2.9278207845002777,-0.7435437240842723,1.2009629101283883,2.6734615281273175,2.410228994030121,1.4314218017921851,0.22641775397111386,0.3907953732619336,0.07308478705355748,-6.256092313366657
Louisiana,-5.913792592446228,-3.6869308392813234,4.622843379472181,14.00659815875707,7.91095710610597,3.899621792906058,-0.6451995375905415,-1.2396249841136335,-6.3754634179567935,-6.568940921835796,-6.7614065794184235,-7.257896872927424,0.7888418886475402,-0.15478898155168272,3.6743923120406974,2.623573738645952,1.7798218115822442,5.872116936121733,6.502952614143731,5.416705669443672,-1.382950700087113,-0.5269501638625634,-4.201964780773344,-1.5213852301317161,2.9259171743530037,-0.01702383336670957,-0.20469280953485325,1.1922294691072215,3.52747417278035,3.071822761735911,5.402647266848518,3.702860311079864,3.518159642881257,6.584394130793908,7.220299663525612,9.559588707598596,8.296699202741976,6.9106358149627285,5.975913955422054,2.2918191641395618,-0.35002924077196823,-1.897395664557509,-4.48820159786728,-2.1723203789208116,-0.7059696726475618,-0.3424865917368532,1.221591160025803,-0.6679090180779502,-1.4993350774873606,-0.7780404197231773,-1.9389856539495163,-0.6198002963119,-1.664225332227379,-1.950683486440144,0.07830992934308866,0.07233464476634059,-5.014357501794693
Maine,3.5727541804269505,1.45918183285392,0.5505557496718404,-1.2882797731569042,-4.332564529023123,-4.9789463834565515,-5.769375258274166,-4.574049426927241,-7.348816658982645,-5.569724960363967,-5.7209492390340175,-7.116195063214943,-6.463752190004248,-7.5792810736967295,-6.673855359276064,-3.453677296689987,1.349943475273201,4.185049365303245,7.097870412324444,5.984044041131905,3.0488605047898165,2.366408906794903,2.180948956063701,0.06545677213653874,5.422786314627739,6.248479141759855,2.9583471348128425,6.314556714953423,5.232429385355639,4.131441374159812,4.79259244364911,4.432050493221902,1.588865506026385,3.4941763727121584,6.02400391430736,6.793560894024643,3.650624758712263,4.39812248216728,2.8214130592152706,2.1596177289755527,4.469557949817414,1.221368640917607,2.2406054739065455,1.8587554874224563,6.2035861493243125,6.679315892557377,5.709440848368001,6.189393032443463,1.557331411914988,4.359585925397697,4.052634578898938,3.0173941053309616,3.8965122466420543,0.5301352433910074,2.008044699732365,1.1186067053866657,-6.533868251763448
Maryland,6.959441600015653,5.080286061260289,2.494581095090001,1.2708536389185694,-6.464515184242797,-8.745700527401988,-10.131761633733907,-7.958325546626783,-3.6880473604383672,0.3960197004724222,1.7372976733716716,-0.9096169659807356,-3.157702233149787,-5.744663810019638,-5.37833380264694,-2.7569743973280594,-1.560041125495709,3.461644679540302,4.797636255420464,4.533482236925282,4.067951956176527,2.1867460602638427,1.3884099714001668,0.8425805541277398,1.9621497624119173,0.5696488672326393,-0.14604235228215026,0.4537504372595063,-0.937085693624194,-3.1018361271503134,-3.250688705234181,-3.345969017699921,-1.383946223803859,2.72998133962905,3.979084696624574,3.711938731393993,5.169329467645417,4.704701691003068,5.212949224779187,4.327457519453709,3.0627407277064185,1.000642174575642,0.7363379961763393,1.7029454296369697,4.987337209633207,4.078688897956862,3.4452628809801196,2.5696432246356546,-0.5737001400370517,1.595623432869833,2.1679699917350086,2.9156672655473357,2.1808268968650726,0.5214269688131014,1.072095297359775,0.5316980663913541,-5.953757225433536
Massachusetts,-0.26212454513682404,-1.7240493583618377,-2.039728036261827,-2.4208911268316284,-2.8548754470405058,-1.9884789495143864,-3.0861354214647743,-1.6546717038475345,-2.0624462904611782,-0.8714759624102493,0.0820947113722848,-1.0633731785308045,-3.8640278184004546,-3.8243016399087533,-2.858006303155886,-0.7624480765268034,3.710589773060206,6.301326948466067,7.505221990133764,5.570491803278686,5.019611251751968,3.437532891274593,2.7377298235822956,1.3954884727269017,3.327160429965138,1.8030851886523602,0.23841139546112944,2.5391801521261916,1.522903629536927,1.1074684151607463,1.0266445882884383,1.4208618766926815,-0.0867884334687785,1.1981493930167104,3.091349783446574,3.5873118722940776,4.137876574406748,5.740075023444818,5.222586240123335,4.9690559457128405,3.424644549763038,1.315546358227729,2.1016483516483637,0.22933294810212757,3.514704938916529,3.536127220337739,2.192026548275686,3.257364201423304,0.5533519849842299,1.9912634526975892,1.8474797918184365,1.767487306544741,4.057302351791387,1.58107886397194,2.793767881148538,2.0959777800637993,-7.260050261886439
Michigan,-1.3903357640836491,-3.0519871537535086,-4.295508605009094,-2.11846830896858,1.6740481898338058,3.5414445284112652,3.9557226399331675,2.4537214085642423,-4.774607361227655,-4.680063987202564,-4.233133764616061,-7.078940731399745,-7.534124411150639,-8.21699409475661,-8.811127194914736,-6.489121466105014,-0.4504606726274285,0.4822581566767787,2.492695608162525,3.146370064204527,4.447483900381826,6.442844632479207,5.729453092557882,7.876993730372243,8.498750504708797,7.138430635097001,5.368023268157021,5.426809545174732,3.0465174754840425,0.8407048756893746,1.2079022395051526,0.20091053048296634,-2.3454428328811017,0.10483009612721869,1.8852899603830253,1.2099601947788972,3.550189403404271,2.145778585682968,1.856266364453465,2.3734238981926117,1.1167630280976404,1.7128653500202928,1.2056860036832666,0.4385128693994295,3.0192821687667237,1.8922645366804511,2.4935316027408967,2.4354593773728213,2.184891079751293,3.412813214502361,3.6275706465453266,3.967533309860457,0.46698887387674576,-0.27343608995415125,-0.20701901541043666,-0.3912377014116597,-7.606772807682611
Minnesota,2.0792136791904228,-0.5457130778986161,-3.4496069293414457,-2.738894003093824,-1.0274525444169045,0.22218787433826143,0.5080399020975153,1.1787090793774846,-2.739213447571164,-3.6088138337863813,-2.5428826451412916,-5.886607581996877,-7.370871641084326,-7.47385052298952,-7.80280932992204,-3.9502402934756975,-0.6006389776357894,4.300319903164448,4.730437411594493,3.813984253312565,4.620939401731393,3.305459707585964,2.904303358970658,1.049234911467597,2.5550696883736608,-0.8244982296358013,-0.6001342537395787,3.497406691752272,3.6008148266496196,4.095069532237685,4.706083941458699,1.2233587831264874,-2.133975903614458,-1.0784656639850971,-0.7479712363184678,-1.0124837400741495,2.005200126063666,3.5888974011432855,2.887375853507143,6.416530189955937,2.6860541459081753,1.8166647703568763,2.690396960812963,1.4200932598558802,4.489723000545345,3.2602622364598086,2.051682195804822,0.6732997137794785,-0.6155009043544342,0.7575415971502147,0.477646847170996,1.7112531138308285,-1.70129928923898,-2.7916759901544133,-1.1056302092192567,-1.585738118056296,-5.84713446198624
Mississippi,-12.962304108428626,-8.849557522123908,-4.639111111111113,2.4857015151376913,7.214738973021381,4.340320827054763,1.712325574892093,-1.7507476502420898,0.21150861012517855,-1.8692015904209067,-2.475301966678267,-6.280744666394894,-9.070239324600989,-8.034649776453081,-8.498642134245463,-6.423268762324548,-0.29886133830107164,2.5745943646565688,4.3944419911063495,3.990413916349031,1.9404282531149608,1.3201548244401495,0.7810962893007641,0.20462898579515554,0.6959215078952893,-3.0571175192227087,-4.0099174199090495,-1.410642769340573,-1.1340075730291044,-0.5106759419357488,1.5416217535439267,-1.0095220858093856,-1.382325141776927,1.6207258911971427,0.7240571234001462,1.0929516805655972,-0.4622419232459154,-1.5053891739251335,-0.18294441074995668,-0.06631499623211759,-0.5356014483304732,-1.0599850592582079,-2.9613618479376123,0.03116862224634528,0.3206711910211919,3.086482736103153,2.719154177786923,0.4854759272288641,-1.1338392722520942,-0.8383399483336827,0.18886967992083672,2.1815890290378586,0.6059558546926017,-1.478250454155292,-0.4638033872608598,-2.1526323002525642,-5.988701706870942
Missouri,0.8264310013311598,0.22376810508674325,-2.4860968827747785,-0.6477604127720005,-2.0518932795452463,0.6707396820058495,-1.0430541225025605,-0.28694809532320154,-2.9700838700014947,-2.4451579377157318,-0.8426700032228084,-2.6295925877002597,-3.372596687214821,-5.674932701728369,-6.255675897867304,-5.41284314770494,0.17072172359056406,1.6619101882758887,4.078927242135317,3.082581213567875,0.0777403472402117,-1.054448423287158,-2.039876549257819,-1.11605811850293,-0.014938453571277195,-0.34887917552231573,-0.988167988558042,1.7176052020623414,2.4034582706654457,1.206237424547301,1.9617152381433238,-0.8457829420599122,-3.414064779690687,0.7316176105130016,0.9114596233294094,1.7687739158163214,6.681772406847934,6.052203088765013,6.287245844664578,5.313971819401347,1.0685797894935445,-1.376223620054357,-2.4875070431642103,-0.8302806032318717,1.957652684767496,2.50780741397693,4.017315853288868,2.346687167755795,0.3939063602136277,1.9052527911493047,1.5454106676137838,2.5741086805173925,0.05839789037620214,-1.3557086987544817,-0.8618370311911702,-1.1502670262739503,-6.838596715211973
Montana,3.803488234471327,5.939453231153866,5.485673599723832,2.129618007614746,1.3941291098304236,0.6874685765296137,-1.5371084361992613,-0.9883244571896788,-4.449964731499373,-4.721336200307769,-3.327863063212777,-6.823894491854143,-4.9792442333205,-5.65585693505603,-4.80907664868814,-2.2680343702124954,-0.8073051545927489,1.2402503174315351,2.2957628840380133,2.451297779292325,5.310055961042972,6.996483841347329,4.437726189425372,5.968312396749197,6.429533818377772,4.4353741496598555,5.446151245589182,6.368753662007198,6.675106339882528,3.6417204473483853,4.090813453696568,3.1938856811229255,0.44336425173974525,2.7353947902767373,5.714588226234935,5.029072538366222,6.057770468250826,5.984884848142591,3.07569039142668,1.00284972682555,-0.6594953969003831,-2.978421099369504,-3.6799844532581867,0.2767519386113996,-2.092099006880948,1.501061726587114,1.0849130143707353,-1.5985806324429515,0.5076281669491776,1.5834655893810357,1.4969516620699526,3.2135864863634076,3.2345996408026463,0.037282959911931444,2.119348552836232,0.4526044607566427,-6.7566254846030915
Nebraska,-0.003845562221199754,-1.318457433907338,-1.0840001963768353,-0.8399628876562103,-2.7073799177018008,-0.7599591018128993,-1.015475327820849,0.3274837502364074,-1.1117040199217443,-1.0253311274679717,0.4984055035199298,-2.1102865306770275,-3.699373444854155,-5.407975337310331,-5.633887142643314,-4.1230426189631615,1.292946902012068,6.359451880852872,7.417864204972014,6.759199551782824,5.099626082057054,2.768740983932746,-0.014766104898400774,-1.2783317325306218,-1.4474671761231255,-4.256616778640444,-1.9385836229558426,0.6930792377131407,0.7526605214226365,2.1516465960910347,2.2419678714859597,3.4584773535476363,3.593831293131388,4.048342555107952,4.779393713236385,2.0064893176588314,1.9937458542594289,3.125029728212798,2.0618556701030943,2.2171463090035823,0.9411524239552727,0.5378030330983926,-0.5050505050505204,1.2087242372755904,1.0667574806483329,-0.13396093112023344,1.0622981079833913,-0.27188540668764927,-0.6666302387847705,1.4525776132156158,0.7260207669336367,1.1591206418619098,-0.14393897720813129,-2.634438789371662,-0.8712917966200132,-1.1666395355146593,-6.233186738525662
Nevada,2.3440871351388592,1.028036600781914,-0.05916222949943916,-0.2832182845063996,-1.6191327520196843,-5.866803669238222,-3.8703330053861187,-5.562041982362435,-4.737618076151627,-4.987719962323615,-7.766965029142392,-10.881383277216612,-13.15247221847303,-11.806398413830815,-11.179131285205125,-4.717723686022956,0.41443046892808055,3.84179010400253,9.424793283431976,5.745381700277773,4.745248560638887,6.927878438394692,1.132020705335973,-0.40036325641801024,-0.24626417250313773,-4.817635649746928,-5.461851231762733,-2.630469523613454,3.6527200371295834,2.923372066439383,4.240204015544031,4.433413214652526,0.4725339633786229,2.0503360890056395,4.150243675125724,3.4160263023419684,3.396484041645328,4.137526380042969,1.8726521937714935,2.174156255826938,-4.955797659660327,-5.971519188651297,-3.1649739225912765,-6.068873640411695,0.6011192589733798,-0.6069509413538314,-1.6233428768508225,-1.0355446323622344,-1.7532585864592392,0.05445352003111067,-1.9824613640947861,1.5774233128834412,-0.584761067994359,-1.5442777173068118,0.4919205479720588,-1.4475947507779159,-7.128127577673901
New Hampshire,-2.1878985932277484,-4.764947766170254,-5.341119762699288,-5.592826551463516,-1.4772651557696208,0.6690589413698194,-1.0556415127597396,-1.4765909922019327,-6.987933183262968,-7.836242622127353,-6.997228820269198,-7.045192355921156,-1.857199243824913,-2.0124309537036136,0.5246355219750933,1.5896483995597024,-1.1303261858899691,0.45781766448812705,1.5000582238548437,2.2807669835873967,1.6849001263139833,4.336900388649303,4.60992907801418,3.7826384994079874,4.448795688057943,1.723680450667426,-0.6450648055832465,1.5301629238221108,9.88832671491059,8.875668408960951,8.349974411206889,7.242762658570947,-3.417439396857708,-2.03088717702998,-0.16114990645896773,0.3492614957583231,5.341728155892978,6.609292701279166,5.875695732838602,6.247424002344717,2.5557118130679464,1.0657538355669003,1.5814744072756362,0.06896432820124102,6.673523025939906,5.496049932346897,4.9836551979920545,5.487500215365003,1.1528161180008918,3.1029945966520622,2.7900786250071867,2.203312318296152,2.0756961076624854,0.8980666286787631,1.3283991271890412,0.3611666000799108,-7.509058115592729
New Jersey,3.4074797419742526,1.472745844553836,3.4845127572247314,2.778635959369006,-0.5320984291292126,-0.2964969435191621,-2.4546916502538783,0.01912864468997696,0.3249835682465528,0.014685366032750282,-0.7539201066973021,-5.852245819824411,-15.221110100090998,-16.27266720505102,-16.370677989827808,-14.095842442299139,-5.700210363628541,-0.6324257968345893,3.886712865320869,5.531157804652852,11.263245353456002,11.596201149361884,7.391295007304296,7.483087560553982,3.234550978446553,0.1265172182026813,-0.8471948548166169,-2.064905540498947,1.6478562015081493,-0.5261599210266747,1.369918289115299,2.4064631884116956,-2.3620128287613826,-2.7439538737880387,0.11046095056128079,-3.5397178916110055,-2.264399604628638,-1.003040754270305,-3.435421823278564,0.342743383718675,0.08478818277473534,-1.454354301734731,-0.8852928157458868,-1.5299182884550515,-0.9175903811215382,0.209187515689091,0.501646188839178,1.120608181789854,1.9129539016224593,8.987767201068777,5.4347601430254295,4.992502516278794,-1.7234059758217803,-7.172066386385611,-3.5873560401862163,-4.116329345476259,-7.6665946702047805
New Mexico,3.338904469184058,3.640400604686307,4.37658888794381,3.014254324187284,0.6917095368195976,-1.9673087617259104,-3.30755858172467,-1.826733756289635,-2.0400014519583274,0.49937229739156336,0.10019570937625848,-3.0714948932219244,-1.2987734835290794,-3.8974017321785626,-2.2339052180583225,0.4751321940378622,-2.912357103973888,0.21086077411900722,0.055497081618973834,-0.21737472351461304,-3.3641715727502164,-2.2185070955716326,-2.8584270522530812,-3.2065736671125435,0.05301961725840216,-2.1912154858995634,-1.3664241624745186,-1.0374713732922767,2.4266117421212416,2.475386779184235,2.0949985527642117,4.152494189700065,4.219907655964789,5.987020116858171,6.9781992374621185,5.221422004290526,2.676882153494552,1.0193227331168837,-0.336294184303842,-1.8021625951141376,0.019156389111870297,-0.871691099044991,-0.5822483036860423,0.2919694497997974,-1.7456336358247064,-1.3883115803474966,-1.6315425409268935,-0.9796401208838948,-0.1299533096323258,2.581539556754536,3.0415541554155423,3.3413288782281523,1.705532990677671,-0.8729477509724768,-0.4313011828935396,-1.367376245224556,-2.703196680861956
New York,2.82581286942037,2.3667425968109446,1.6667608978345485,0.9700126865085136,0.300350971922243,-0.7031754155633297,-1.4514675950127365,-0.21348751876355102,1.9873714433117058,1.9799206687134512,2.774141122296969,-0.7387762833870071,-8.424698960796185,-8.43066375133223,-7.646438690123214,-2.649303996407714,2.980522131757815,7.1682265418766455,8.688569424131096,6.128920664206639,9.42557955128504,8.124146270461512,5.476664551561161,4.127777475960243,7.458519378936251,2.785544164854535,3.4767456333236413,4.492142663355375,4.007417838513276,5.177312109611097,4.42343931678763,5.9207701295199655,-4.201031665061657,-2.6887230720600606,-0.9599047774460787,-1.7658483237168712,-0.21199725299332886,1.4282620678793552,0.8703490118921842,0.5029032103268093,2.6770396967883427,0.8074299079025243,1.7179918328128698,1.6128878236041218,6.218915138327651,5.12154031287606,3.673615899795011,2.6229230884895776,-1.2995445649589468,0.11996886304317396,-1.255557985275893,-0.05128252090220263,1.0275654389622422,-1.5659586923513196,1.5584918891985167,0.7119100629449526,-10.20415650164169
North Carolina,4.400021098159181,3.750330320807561,4.644395419686957,4.22159463937723,3.4031889739910888,4.38499077970106,0.8352491190731883,0.4709529047095085,-4.2713076787773465,-4.781518100276197,-2.942962675348217,-5.443815248653971,-6.584118493717004,-7.142417843744239,-7.283022351698173,-5.405689867489016,0.7212090085561392,3.456231372116131,5.377985772290277,5.429763560500679,5.815151942542847,4.431237396101183,2.153326054090378,2.3682127592211515,2.644233233879804,1.6674499867176307,1.9506880851807311,4.31550840730319,3.857679399073047,3.965590014672467,4.739054608506286,3.8899046301329143,6.092869371188932,8.370065344314282,9.082946736222068,7.827170593887047,6.358502026126629,5.200203369874502,4.783164953456576,4.142956708925544,3.121297614278525,2.736113819621664,2.6432348681329785,3.075945613960768,3.910402115964783,2.640961309916814,3.2708478608638676,2.9151188401985393,-0.025454198351849693,2.6485912774990368,1.8469677952367975,3.743721201376779,2.916043410457964,0.715953063558456,1.5662171332298471,0.3202192270092384,-6.683468755073469
North Dakota,8.533360019442744,9.614892709961627,11.87225014594696,11.670909446946595,15.157143233488734,14.780387886330637,11.150708294620012,12.465242115283454,7.315985130111537,5.590882907710886,5.271956944921562,-3.2531462300924474,-15.968706366378537,-19.908650400590446,-17.04157330258664,-12.644326514636969,-5.5404051294410035,3.589983305509185,2.5541846408014153,2.9531527969954716,6.340723234547691,4.343565875481863,5.902959790321541,11.800168957837311,21.36552473072115,23.07122028369494,21.402356577168245,18.75093021924554,7.658693412961811,3.280992731215624,3.9250198886237113,2.503784117312437,-0.807932427469702,1.6904502682945879,1.9453242366539985,0.9603085026335652,-1.113622634891553,-5.38471097685714,-9.726863149990614,-13.725417128590186,-13.576038228484169,-13.802057022772736,-13.265125757717557,-10.065005183137535,-4.541930776597197,-1.8015166965551912,0.10189525168129519,-0.620745134294684,-1.3567095017436606,0.46550489376939347,0.9939643609886903,1.6346502355926382,0.355949440650878,-3.2576927646429743,-2.5197429269333886,-1.4728433365429403,-8.113162021956796
Ohio,-1.367873483568423,-3.311422784423125,-3.3723751839043277,-2.724394445353324,-0.3782301140464842,1.6323788067429514,0.07019694692715192,0.0514433826002498,-4.984929283561321,-4.392634219378925,-3.376969816726772,-5.980184705440297,-6.576378721327482,-7.750976244712011,-8.289620336002127,-6.467829123109601,0.07182969831526086,2.2510307119077573,4.367265023971456,5.11154088333182,4.86242523110387,5.096166285738922,4.360784984028972,3.895937185768382,3.3478184212982542,1.904947529312798,2.034005875789494,4.335694576005932,6.186715370952028,5.629152405878805,5.937236646735419,5.531159026989688,1.8570321507551162,4.318987534784431,5.307119722711516,4.07424724144379,3.53593928316275,2.8593875612073343,1.5728700156477762,2.0099373747720244,0.6398422797741902,-0.6652219478835418,-0.5684081914526244,-0.45889337114870965,1.2724390938880161,1.1435468729044642,0.7105649792974418,-0.18935874633893435,-1.0735670385903788,1.0855344577631583,1.1882973926421239,1.8067536059716856,1.3198592150170596,-0.7669301804953067,0.7741574702700613,0.5015805010580133,-6.4457836609735315
Oklahoma,6.039030508724683,5.229050892073702,3.6482779362576667,-0.6326245923925363,-4.987127748399654,-7.714824240634418,-7.853085486168495,-6.8422229176912115,2.121894509437747,4.905550274360693,5.062264421012427,1.8285132891162386,1.3069200430261878,-2.2088839842453387,1.3578564940962763,9.554332252469678,-8.148259569272163,-1.9642742460801716,-2.5753842018011435,-6.088243392070499,-7.093797262279763,-5.048850789848012,-6.875396657499471,-5.320299043500578,2.407589818031006,-1.4665733631641868,-2.4939256859530197,-0.7760714527631671,5.589923759960312,3.266882058155717,5.780938199572529,1.3945913262270948,1.2398358392144853,3.715650093472428,4.037231393879052,4.626379016822319,2.813953268106954,1.3728694840065345,0.7133389786826365,-0.22246941045607066,-1.778870955855257,-3.045741397577037,-5.084126157248741,-3.0450445470208334,-2.565160709428739,-0.09787246172997523,-0.1049530118625638,-0.3363995742739745,1.2080549833471388,1.660706133008685,3.045871205914368,2.5048151185186542,1.1774664498150087,-1.7262027282423607,-1.2291056712843602,-1.6269010743686259,-6.844395980409663
Oregon,4.090014916016338,4.542991525240052,4.587383082006757,2.6220309665443366,2.17752486968079,1.8980780793232759,0.1162922331196129,-0.323747661822447,-4.690088313905624,-4.606447806138534,-4.407804115869327,-6.892960621964664,-7.552460974153391,-7.6389851656730885,-6.8509796330946,-4.788588894549176,3.5547456200044043,4.1394360667851995,4.26561075003173,5.2620559704096594,5.2871924529142404,5.778847113348342,5.542638233796159,5.955932727795089,5.2438379350470745,4.577424190014977,5.005035458016859,4.964124812280998,-0.036185632293670354,-1.7239651197754753,-1.8981967131225312,-1.8977028853032416,5.5454444902514695,9.38806731259563,11.847853760374756,11.783710425570712,11.402739934836058,9.056920423290267,7.466151927086664,7.009866543448113,3.4386625048103676,3.1999931605810263,2.3511170983402385,3.986114638895956,4.152749760243377,5.993604612631712,7.758021257574251,7.007930433649814,5.227855436223505,5.26780620100512,4.021478613569308,4.955678143427778,2.735261946969405,0.8530890137875164,1.0560441913877223,-0.45165219156431785,-7.185496838998161
Pennsylvania,0.2200911806319854,-1.298637847133999,-2.686743145422396,-2.632986222520399,0.6784313725490131,-0.6227167876129972,-1.2275178516451406,-0.13680710198621515,-5.75117828068398,-3.684000796971497,-3.362324669448482,-5.97376104955802,-5.2796892112495595,-6.4882811691938596,-5.8005847405604,-2.346059768159088,0.6261180679785321,5.674213850391002,7.00605284085888,5.840520996689312,5.9338753387533885,4.0643088162949095,3.510564725069433,2.9767355716299426,2.4282673652326854,0.18607551648528972,-0.6412046270442822,0.5795363709032844,1.863192703078017,1.036071762024758,0.4877706073045226,0.43314126763362154,-1.782036444950093,0.23251423404446608,2.168332950470899,1.1602832950858681,2.2717060262619175,2.222596730542347,1.288443114943196,1.006170002640102,-0.5819175942198762,-1.293701207389791,-1.0597228120294897,-0.9022439931073314,1.7058846637335268,1.8254880576924932,1.2173946973096594,1.7046675654025867,0.07821477197012966,1.4154903077026868,1.0996318498101525,1.3504816974190683,0.6049670982806176,-1.214012520693389,0.20209145591639485,-0.5942170455945294,-7.484487239735677
Rhode Island,1.9227686265079325,2.4211666532937492,-0.4235039795617464,-2.7869940278699334,-5.82562449003667,-9.066961750132206,-10.694796672554492,-8.603694037341889,-2.936417633120035,1.4322790467267512,3.270682091910575,3.7979549473360352,-6.981846339155116,-7.734448820987582,-7.021110409689616,-7.188885479382482,7.416870924478568,7.642916321458176,9.880435908353384,6.515567817769313,2.766207067282341,3.0733542855921034,2.080955123841429,3.4186753435800905,5.420153544832778,3.7657771647255456,1.6835604070912862,3.6854960567986765,1.1991813376783371,0.5087354575620686,0.6901213766105195,0.7496281804297873,-6.755416801657203,-4.807032547409038,-3.255608886038648,-3.205064695741765,0.8802038366779602,4.184817240694876,4.152338733065433,3.709352193983554,3.458784728745305,-0.6627695948181559,-0.027844903885387778,-0.7105987781648672,2.2153175692034406,2.747496770025835,2.3286812760497217,2.5724878979752073,0.7471082862895406,2.8302257500442,2.1619519782249244,3.0283648767818994,4.337731801216659,1.9230952949606201,3.3760252726130955,2.0608375032920603,-6.476447999699539
South Carolina,2.9115364718054826,3.08374168981554,4.235233160621753,7.651869158878476,10.587750341832212,11.962939413207359,8.361915555688103,5.2524998062166,-7.983090140460947,-10.962374024194567,-10.675425237160304,-13.215623820526769,-7.784496215938508,-7.952578133700491,-5.942770279986043,-3.795360283432157,0.4639202871377573,3.012604764733042,4.575434611688667,4.330999503831537,2.7493387936182914,4.8346626520174745,1.7459223524006295,2.5057332783783943,3.388827766591242,1.7344808270102279,1.6892793366037941,4.560075880982337,10.86225416871629,10.413663302899257,12.522708005328807,10.885748937554837,3.5913828544521174,6.3042886934445335,5.864097872493099,5.609255093057807,4.966913468010507,2.006089915815875,1.8935863763449838,0.6651791352671069,0.41805811174311575,-0.9607425059576001,-0.4199060408264923,-0.2743507172430985,-1.2008525389572073,0.4862975533154425,-0.17368069472277875,0.992224915497331,0.778121930951098,2.706222379055957,2.361315578158455,3.3086952910887724,3.171747459603553,1.1297170390124565,2.2782431052093948,0.6551762946766035,-6.372105790034568
South Dakota,8.583666903595079,6.824299410029492,5.019867795603094,2.912985421353964,-0.3307436564400229,-1.40659113070943,-1.2217222570920998,1.995147658700906,-1.302303876665701,1.7942636079577838,2.4316027815316286,-3.8224940750034824,-20.674015637723155,-25.11199195205628,-24.44999737885963,-23.281180637972113,-2.0386538482764687,3.9955451967347018,6.483173354920793,6.9399997638250905,4.5384892734811535,2.280932245492765,1.4129632043094742,3.287323321554762,6.306316016382847,7.878630873352555,6.84858155648609,8.67891850283845,17.50666626111465,15.867202977727073,16.937617768512208,16.72814913186759,3.87495901568622,4.254749568221074,4.6995397313813925,3.7510534299679814,2.756896394188826,3.1964680643103924,3.4792147616942493,1.2939542364207792,0.7259029327125207,-0.49363491885121946,-3.4737824752381035,-0.17240826276621324,0.7158563793075937,1.2841712981261586,1.772761918811912,0.3863795194755971,-0.9601746641380741,0.5097042918694099,1.1886354851178917,-0.06801632391773667,-0.9855744088565018,-3.1314628019936124,-1.8591029191735788,-1.4653481202706382,-3.344492475704492
Tennessee,5.116799632669454,6.243448322289651,6.195448202858089,6.7465123153648845,5.0470028301801,3.6524761706480287,1.0276113925312333,4.789001643678992,-9.036410731766475,-11.838474167743735,-10.347394763515027,-18.594262819146678,-10.807413192129673,-8.24054996433949,-8.318075857170012,-5.762726063690526,-0.2594656928695069,1.7099737674478932,3.293429509914127,6.925213912656965,5.176049929879776,4.587282549858301,4.694944799535159,1.1016191723306357,2.963988355760041,1.4633799815301474,-0.3572185390367173,2.9131802388931387,0.8550979655588219,1.0872065692481576,2.7890019747835173,2.0216548803387875,3.9324466051772697,7.016068389599094,7.932097853180832,8.062463285686327,6.251709341255242,6.580127405024072,6.0374258329529855,5.017440543601359,4.682063480792433,2.2138172733266366,1.3334595916118464,2.804689724189686,3.9435640458203074,3.4966221950639995,4.109146823205596,3.853512805880975,1.899828697283625,3.9935054285432914,6.3500611995104155,4.3222146805003225,3.254909181149391,1.375199104228136,-0.12122886167634217,0.8101932535533402,-6.287552816218944
Texas,9.55802354766087,7.517101405697951,7.935864042017153,5.699438261345238,-0.7511847875248472,0.5053884799392682,-1.3470477697556917,-0.4946257961783465,-2.138852014027849,-1.1279278921164184,-1.3614308056301976,-3.83865257093706,-4.76903920715102,-7.49004945121216,-6.674458786462051,-4.315357012845198,-0.5325707968364681,3.136679704476331,5.045576816266092,5.604591503978449,2.261384403287345,2.7083969787310167,1.9584059052832328,1.2567934782608816,3.1153657236615144,2.2605591909577587,1.4601657430474395,3.53348988035333,1.6489642031864569,0.40219855168401286,0.7045429490584263,-0.0893479562882172,7.732190039383806,10.496188925406837,12.202937781139298,12.40786965152617,7.316982878297085,5.890064189494608,4.4418427261277635,1.9207231780668654,-0.5139880644382252,-2.6783351120597634,-3.0147595835385808,-1.164855336632907,-1.6842926490984795,-0.2658174544688796,0.03327379076041724,0.13018234206712584,2.0402585150374177,3.903769186788058,4.101818945746736,3.7521777192237256,2.7399745962620177,0.2937615874977762,1.1368222790259612,0.9590483032864904,-4.107584397234688
Utah,9.528918472132519,9.19169697893752,10.54823114610485,9.47622987335327,4.568852639259536,4.40346292713092,2.381278494139737,2.2700848738518773,-0.8354202909632987,-0.9620069356210201,-1.4238208088066584,-4.696129979631468,-9.990939235040113,-11.276164753544894,-12.882180732468644,-10.601602417543079,-1.8183959991004341,0.9491193737769024,5.2498636904828215,5.61751526136122,4.8308809895179925,4.948682325826829,4.296573524902991,3.6858451334421347,2.164186869212375,2.090345620228231,1.2488469452919941,4.017829945372936,3.911803645992454,2.589335075639566,0.7288527577265376,-0.35629569614320905,1.140829747821741,3.0707126130451092,5.598791384639849,4.361370716510881,6.449924899462195,5.583915585341528,6.229057640902068,5.479207734910376,1.2516954784207523,0.24039110823001636,-0.03012528574717336,1.7514038819226005,5.17414992897343,3.861284759646468,3.8137696316517093,2.1122141076660825,0.06154845658699896,2.5692913045358297,2.036181711075648,2.961027837259086,1.7470718392523092,-0.9122641350353154,-0.7321195488470393,-0.24374620446394343,-3.921140573309394
Vermont,-0.7608859424438646,-2.9495700499417974,-2.230566608754131,-3.9698649018626777,-4.9400288468837825,-0.4517227370335215,-3.8645266074328863,-1.3852022257614223,-3.099482920401687,-5.47830734100958,-3.8002484472049693,-3.3057851239669462,-4.961214755905342,-8.264029523936804,-6.810880052892017,-4.875609580072786,-0.18751964620569345,6.112866715973026,6.3575292656970595,5.629497962368866,5.461317927110017,5.152439990284392,3.362413099444459,0.6669539699152397,1.839094662918461,-1.752500703008882,1.9733989452349125,4.117910873730986,7.627984104995998,6.453228658754735,1.969819828728505,2.3201629008888998,-1.85263474347772,0.7854810831572894,2.945169611513025,0.8668363344113106,6.955997358118518,7.63448236437433,5.567330789882717,6.367620276217945,-2.1174533283216013,-2.290853404856122,2.132690849060818,0.8061567546839958,9.21076692389276,8.263047751918334,5.521820802935648,5.410426305499769,-2.5065720074343263,0.10292542509035417,-1.2129993790105544,0.11833127722249416,1.1652869851956278,-1.9167913598100632,-0.31179280864972087,-0.49958926386025637,-7.164138563267667
Virginia,4.59435273509643,3.514401333015949,2.280709970495938,1.7791032496914663,1.129537262897285,1.764229736193375,-0.6822344322344399,-1.011325746093847,-5.651207372940086,-5.760435309217775,-5.144068968696691,-6.4927713750162335,-6.67175426881617,-7.511917207776635,-5.983902951125623,-3.439549861564576,-1.9818880575657176,2.768876582770756,3.638337468982624,2.8221123706360576,4.549673086749322,2.1806476351930852,0.5097816219236181,0.3138462153544697,0.44384600039895644,-1.6008295476990093,-1.673449131513668,0.2281717365961582,0.5511146417754961,0.06222463091761177,0.4582895905677335,-0.8141800540798474,-2.1192968595694364,0.8294801456354703,2.5663699029321294,2.536758441662579,4.4554755130455925,5.131903549259899,5.020965592914806,3.977361588989694,2.521008403361332,0.7049116731480654,0.21455824323441453,1.328344598723344,3.574524213303178,3.1663409500901913,2.6231766688076514,2.3444603195220224,0.4466316153328387,1.758620061565375,1.3361150165540463,1.6879243606827836,1.225266017659063,-0.3409914707382853,0.9156984550385672,1.0403387564073858,-5.163806831397956
Washington,8.80283564137227,13.04874129619712,8.359237521206309,4.6123828297863625,4.637193421837841,0.04264149870652782,0.8401890425345615,0.822004730132496,-4.667296203147047,-3.3909221792831787,-4.98080965881693,-9.173349607605687,-13.564458392585689,-14.118200713753462,-11.425613753767777,-11.161272034352065,1.4307758640252377,5.195442714279192,6.918361501002576,11.167836630504151,12.481682420717032,2.785766221363668,2.0222262707232614,3.2083173874218707,3.6677175221027696,0.727453174821051,-1.343487394957978,9.629606740415703,-1.1099279554110206,9.762795719212177,13.693423196090324,-5.294311081880958,3.525280353886161,1.2395313081925692,0.2079002079002253,9.817460317460306,5.944639142412713,10.048578031410665,12.423834623004735,3.4879309098793243,8.153048769701574,3.993382932766452,-0.6359207966882169,7.9253122899517345,5.27723258096174,9.272462024116658,9.368124283670596,7.35303633245978,2.8190129958907058,1.1404693121733056,1.790699986996207,6.452342025360322,3.4148773817258777,2.016571083384917,3.436485511602737,-2.40355011996516,-6.728423021288412
West Virginia,-0.6490796467952566,0.39030289703699256,-0.056114253020276034,-0.18584498988301482,-3.736416798399306,-3.062096155952262,-3.342323994055133,-1.3639318254431674,2.1749865068154794,0.4891881510269645,1.952186243579088,-2.0551999910643444,-2.2804158471480602,-5.101914623314988,-4.877503826259883,-3.6161890316915377,-0.4957099809076949,4.094350128540766,4.967879079709195,3.588584680186465,12.171299774605558,11.308256985147704,8.930709242870089,12.50242715674293,3.8415168220928333,2.38954611916033,1.934079027105874,1.3695848604526097,2.343881793734456,-0.2716251572829498,-0.8474234699018567,-1.2609418504497003,-5.315363358704618,-0.7710331844671928,1.5294560014634142,0.9889742055240455,1.461296631951915,0.543917009768306,-1.8557443997357537,-3.039312187380722,-6.895438029874857,-8.346464595774577,-7.934565332680614,-7.226319714925002,-1.2845806955164372,-2.1233259234113553,-0.28358738036158065,-1.1243858865565068,-1.2848247916277775,-0.3412396509286002,-0.5732314255243552,1.405937687034902,-1.3048846962499705,0.2245298905416762,1.2078212290502774,0.35301454375372643,-6.123760144274123
Wisconsin,1.5164826769548132,-0.23170129524821112,-0.037045480451401935,-0.47331405723666403,-3.0751429861529282,-3.3836518693367954,-5.112270399194211,-3.5187972808422048,-4.440238753821516,-2.486479031415935,-0.45865587790537493,-3.124409949615904,-2.9159049360146256,-5.014901247663779,-5.02218332176381,-4.267410728024389,-0.2971053154651422,1.379479052552085,1.5592064147785707,3.435380345681136,3.6682230732909886,5.011645229652334,4.36800550694103,2.3464451097597645,1.1720529144441927,0.8421999100854133,-1.263153687029686,1.5233718646881442,1.836753068758191,0.21201133368997202,2.6183415483335564,2.045882810396903,2.8026916842674114,4.4546820626384065,5.2746819212940155,4.298932106183613,2.451074076905418,1.8039334456453755,1.0202552043320903,0.9245815027493977,-1.0884874035797907,-2.2897995611914617,-1.5626883804612917,-1.1982773023445765,1.1561020689135029,2.4395581393136236,1.4395809387424372,1.5359756498539183,0.7476321873368561,1.0346909394882131,1.479520757871279,1.64504727891786,-0.22854710661214148,-1.1546346261686482,-0.33680202813395815,-1.0750045512470408,-7.505541283722999
Wyoming,7.536766712886633,12.331833417512282,49.32005940777868,12.777570600400052,3.7910938737384914,2.184776055344926,-23.675499261791895,7.572296037996757,3.053957819775429,2.7700831024930714,3.4350756449675206,-7.557170136463127,-5.499762695776,-7.0586861541156,-7.774912398125902,-10.101569899840799,-7.730322632488253,-3.463402887565051,0.05016169140954039,4.168488068417462,2.8412802090137297,6.443251450572104,3.9842549923195003,6.240853920977863,6.791574044670259,1.5782609581643536,1.9152843176479135,1.3541160265759105,7.499553951985408,-1.0893224334219278,-2.564773619471345,-3.1367102015528645,-9.487146387341864,0.3802898315569457,3.2758941300440068,4.452514081746347,7.504864358261256,6.0918936393760506,4.853504586421786,1.5990123456790153,-4.737989197384621,-4.691755384996269,-7.014815733488519,-3.8116439354907743,-2.5763453695414458,1.374803920589083,5.108343251118323,3.605934430205768,5.98427608740046,3.5599183938972896,3.2104405204642394,3.6599165008388885,4.116530669261379,2.398286937901498,3.9891806007414683,2.884217262016788,-3.9130595702944277
