Geography,2005 Q1,2005 Q2,2005 Q3,2005 Q4,2006 Q1,2006 Q2,2006 Q3,2006 Q4,2007 Q1,2007 Q2,2007 Q3,2007 Q4,2008 Q1,2008 Q2,2008 Q3,2008 Q4,2009 Q1,2009 Q2,2009 Q3,2009 Q4,2010 Q1,2010 Q2,2010 Q3,2010 Q4,2011 Q1,2011 Q2,2011 Q3,2011 Q4,2012 Q1,2012 Q2,2012 Q3,2012 Q4,2013 Q1,2013 Q2,2013 Q3,2013 Q4,2014 Q1,2014 Q2,2014 Q3,2014 Q4,2015 Q1,2015 Q2,2015 Q3,2015 Q4,2016 Q1,2016 Q2,2016 Q3,2016 Q4,2017 Q1,2017 Q2,2017 Q3,2017 Q4,2018 Q1,2018 Q2,2018 Q3,2018 Q4,2019 Q1,2019 Q2,2019 Q3,2019 Q4,2020 Q1,2020 Q2,2020 Q3,2020 Q4,2021 Q1,2021 Q2,2021 Q3,2021 Q4,2022 Q1,2022 Q2,2022 Q3,2022 Q4,2023 Q1,2023 Q2,2023 Q3,2023 Q4,2024 Q1,2024 Q2,2024 Q3,2024 Q4,2025 Q1,2025 Q2,2025 Q3,2025 Q4,2026 Q1,2026 Q2
United States,821308.3556557714,820545.3451649579,828040.2330240868,833951.1497377297,848371.0821780381,845830.9333288746,848496.6408663997,848177.9149651739,850534.5549621165,843522.5851351481,835786.238259939,838847.9385838357,824428.0061435273,823626.3622101411,817135.9438579058,792680.9747093051,761078.8186847309,749034.8429626515,747450.8718171655,751391.4829595941,763802.4763861154,778705.3268585842,792120.789791999,794245.6291335047,803749.4560064207,816730.2927108912,819743.7012315718,815155.9799260483,829701.4710547186,825799.4933548629,825219.9917162703,838297.412027173,855489.2939720819,849501.1103732934,852002.625779884,860202.5739659669,864684.0533044152,879200.5693511555,896373.1345747783,902824.9194844406,917901.6204484872,930109.7883015011,939111.3804209703,940395.9423865167,939381.8145189799,936783.7155059573,945669.407297708,954448.8571223833,964184.4846507361,966454.1994018898,965816.7475994383,966888.8256308342,964136.1928475201,977561.3141415783,975533.0584065047,992367.5810076148,990474.5423215464,996076.3914946065,1010235.5481975483,1000664.1128001299,914695.0447149422,534995.9127485359,777131.0140737415,765434.7393348175,797133.4789658237,966396.2492380308,1008728.8439372081,1004846.1829586388,976701.7200443328,1015296.5291745889,1018551.3967113498,998046.6970658207,1013548.3658981685,993410.6839570814,1007144.8727917221,1009231.0786906547,1011867.8111462503,1002711.6852564898,1006420.4957434814,1011201.384261869,999331.2590313674,1004710.9659096339,1001079.4223077879,1002335.0091914048,1008410.1180359822,1010873
Alabama,8345.535573883039,8291.754825567741,8299.409749598019,8521.009986269444,8703.157922169428,8598.540627088942,8689.222034832252,8670.477284963234,8640.446429152138,8661.546540261243,8554.475743888997,8640.250149048798,8350.14815631154,8372.131527885675,8310.79399559177,8104.798027135914,8005.08773463894,7855.326015790139,7866.513981680549,7774.556753265523,8151.218271575943,8165.84113927481,8213.63534443822,8210.691142888114,8631.024984191794,8583.623339235062,8611.887674116095,8497.260093765242,8963.817899405612,8835.646991924265,8785.301145417427,8905.424568661814,9073.0477769146,8969.215602247476,8948.508051345052,8978.342627052807,9098.760470452204,9231.053260103701,9391.80666473957,9397.008087478094,9478.26805026106,9544.21816498347,9702.22364817257,9657.766204765949,9788.78317374573,9630.67955050496,9650.601980994019,9827.1559339488,9878.973881230691,9825.585693122075,9814.005167024985,9737.45592672219,9599.76543422883,9725.28656031508,9715.668835251396,10065.734399559176,9746.877371682534,9818.715889505158,9978.978593882675,10120.889108597858,9151.069117992447,7106.223001391122,9202.690785171,8354.5644586367,9321.636527795343,10525.324261530957,10548.485313725134,10338.26932304746,10324.137155606944,10547.307633105092,10566.444943180792,10436.60565482105,10480.376117865982,10220.795681198171,10394.209152499503,10402.452916839804,10313.930590233238,10225.310123575002,10348.672168524507,10453.583883760004,10267.2159256382,10465.949530270456,10498.924587631658,10548.976013983487,10773.81487236003,10864.3
Alaska,,,,,,,,,,,,,,,,,,,,,,,,,,,,,,,,,,,,,,,,,,,,,,,,,,,,,,,,,,,,,,,,,,,,,,,,,,,,,,,,,,,,,,
Arizona,18299.327165627168,18368.237087087087,18940.822869022868,19407.068549318552,19756.4168976669,19916.5028990529,19930.515222915223,19835.50015015015,20734.976172326173,20235.715153615154,19631.45768075768,19736.070235620235,18367.085389235388,18189.34002079002,17984.721702471703,17284.68135828136,16520.529833679833,16194.40739200739,16084.804146454146,16142.580988680988,16102.271563871565,16409.199041349042,16555.464668514665,16631.668676368678,17083.518133518133,17354.742977592978,17550.723562023562,17253.969415569416,17888.74688149688,17645.546685146684,17698.716735966736,17966.870385770388,18322.936971586973,18083.767717717717,18150.758142758143,18143.847955647958,17007.698024948026,17006.54632709633,17102.137248787247,17189.666285516287,17996.04673134673,17904.102852852855,18083.19186879187,18080.888473088475,18067.643947793946,18015.241695541696,18221.203661353662,18481.487375837376,18926.234696234696,19284.604677754676,19170.97048972049,19398.046916146915,19659.29037884038,20007.87092862093,19903.83422268422,20305.776772926773,19411.29144144144,19425.303765303765,19797.110221760224,19962.186913836915,18971.72676137676,12487.859805959806,17319.232293832294,16669.098856548855,17653.416620466618,21062.82616077616,21809.510267960268,21824.098440748443,21030.578620928623,22337.947632247633,22368.08372603373,22082.078759528762,22169.415846615848,21372.440933240934,21827.169635019636,21441.926703626705,21787.24410949411,21442.502552552553,21592.991071841072,21964.60557865558,21494.904804804806,21563.430826980828,21416.7813005313,21512.180272580274,21718.142238392236,21604.7
Arkansas,5016.863139084308,5049.354013204921,5063.41638106166,5138.547983522065,5241.917727888341,5215.437381964561,5204.096762725255,5282.573847861255,5130.1559252849775,5091.144195101764,5032.116271961175,5037.843284677026,4923.132921071441,4898.410371129754,4899.998057823257,4759.998113314021,4751.832867461721,4640.071064858357,4681.464325081825,4653.793214137917,4944.113066664158,5012.950625446748,5045.27139027877,5039.147455889544,5114.392464542341,5110.026326135209,5110.423247808585,5109.402592077048,5123.975287799556,5139.8521547345845,5101.52086170573,5211.071243557428,5182.719695459163,5093.298912757233,5091.938038448515,5065.2308801399495,5118.928712238065,5265.4495128099015,5300.435323163161,5395.583118580941,5341.488364809449,5505.190203528836,5579.868181219668,5592.229456190512,5612.642570821264,5539.665686016327,5536.433609533125,5650.29342669576,5654.772971295286,5626.534829389413,5656.870985854558,5743.059692073285,5759.560293066475,5791.767651706105,5850.512059365712,5983.537523042775,6068.365354952785,5966.072969414242,6110.77927090779,6116.959908393213,5639.860056995598,4233.283052744441,5667.587871035702,5285.522408863473,5639.9167600917945,6626.493930815243,6550.455078815696,6452.698940972875,6204.6228951130515,6402.0063729731755,6393.217393062713,6334.75650088409,6171.508286934277,5971.913388322486,6024.47715849667,6013.646867123133,5978.54765057748,5857.5432432940825,5954.392131597758,6019.770801512358,5879.147122944961,5954.67564707874,5927.40145780821,5970.325701628983,6003.497012903954,6028.9
California,105799.85130581299,104547.99780960407,106986.88390901433,108816.72370120753,110167.15897219883,110036.16675091269,111366.3454928391,111000.37753440045,109979.44846953104,107936.23990452122,106945.02041561359,106329.22193204156,105109.77888233644,105984.86093793879,105136.78758775626,101776.9046335299,95400.14928390902,94238.77495085652,93585.16427969672,94457.5454647571,93721.55824206685,95987.58862679022,97541.93962370121,98556.11651221568,99678.32822240944,101595.94630721708,102146.92389778153,100923.4295422634,101080.08003369841,101040.91741083965,101571.63847233924,102475.07966863242,104356.23600112328,104580.40825610784,105864.67219882057,107728.27287278856,111269.11415332773,114044.25863521484,118984.150856501,119494.61538893571,124395.34498736312,124950.37388374054,126642.46927829261,127174.5407750632,129730.91474304973,129161.0310586914,131510.78843021626,133918.61451839373,132926.0445942151,135232.58803706826,136807.1955630441,135209.6306374614,132815.30890199385,135301.4602358888,136583.02330805955,137007.0599831508,136252.1666666667,139668.76790227465,143752.48416175233,142542.49415894414,131464.87363100253,74384.6755967425,104905.86315641674,127225.85731536087,109007.13507441731,138674.84754282504,145922.63364223533,142844.99165964618,128701.88306655435,136087.41356360575,136908.47820836844,132260.2800056164,132465.54616680706,131423.0101376018,133572.90308901994,132117.13386689132,131475.67711317047,132502.00791912383,133925.36669474866,133593.1596180848,131292.01791631564,132130.63821960127,131684.99458017413,131897.01291771975,135039.4757933165,134649.2
Colorado,15988.563777882255,15868.783936687041,16010.572106427066,16224.0334169148,16563.507015619285,16314.988190635393,16376.923132911943,16387.829915199636,16345.176605895977,16563.312251649866,16387.24562329137,16539.356283410823,16271.945353392884,16385.687511535984,16279.541148200387,15818.340068606452,14938.785982691672,14589.768949485451,14613.335389785649,14542.63606888506,14806.151719514532,14906.065635828589,15206.002148740183,15361.618560309253,15680.836706193733,15814.444789217989,15823.598695780876,15919.617332706473,16109.12267495516,16192.676417837678,16282.85213568058,16458.529236100225,17074.372907416113,16880.972285778964,16920.704135541277,16886.620440892235,16802.28764213202,16946.60774347455,17219.082536697486,17290.56091347577,18073.901598495537,18219.195519685178,18407.142750178482,18432.267302234064,18278.598530359224,18200.30341465113,18563.148689686397,18922.682977241464,19257.677004649217,19490.41994810984,19427.511185986175,19729.97963050027,19636.298161207753,19893.970892754533,19855.991918717024,20481.573788504065,20621.998610458133,20886.098552995874,21116.11480088457,20760.475792717967,19635.324341360636,11853.335179090704,17164.938153197865,15458.805781051386,16607.718436678333,21229.662195058245,22708.115486949104,22717.26939351199,23834.240758153544,24386.20184749865,24493.12726671194,24180.336331818417,23976.80798377126,23106.602568388793,23262.218979957863,23200.673565620156,22225.68513468805,21897.313082240682,22039.49077991955,21971.518154590885,21751.824397081615,21821.16037019624,21676.45074091487,21759.80971982796,21935.876348186455,22370.2
Connecticut,8957.400984208916,9049.180473295131,9207.79589694239,9199.161589606754,9184.771077380692,9176.030173658195,9102.47866672499,9113.564690958401,8994.496526836097,8828.739145269235,8721.396583701498,8824.901675342286,8930.965080267706,9043.424268404706,8982.13134596037,8735.254113993264,8843.662639429596,8644.753781549363,8667.778601111062,8854.961856436725,9103.331437819868,9270.261379642185,9382.933760552907,9297.869843838853,9242.652915445518,9600.71017890731,9831.597952845457,9820.511928612046,9973.264550982023,9854.409579633437,9889.586387297144,10071.226630506104,9949.600153099165,9765.295000218712,9711.037439307118,9718.072800839858,9007.714478806702,9054.190503477537,9207.689300555532,9222.93258387647,9748.559367481737,9918.474008136127,10036.263015616114,10097.236148899874,10320.448982984122,10278.87639210883,10325.67220594025,10307.231031013518,10721.997572284678,10713.576457722758,10641.41070381873,10561.570010060801,10297.95714535672,10409.030580464547,10366.07223656008,10557.306154586415,11241.44176545208,11208.503481912428,11039.974594287214,10847.887905166004,9258.962162635054,4481.205507195661,8184.683775862823,7859.884585101265,8449.8955863698,9923.803827479112,9989.467201784697,10153.305848388085,9906.21542364726,10220.248379335986,10210.334915358033,9800.471807882419,9648.571956607322,9346.371199860025,9497.098490879664,9550.076895148943,9849.399549451029,9699.951415073707,9684.921324526485,9792.050693320502,9804.948856130528,9862.297712261055,9819.33936835659,9792.583675254802,9753.143012116705,9747.6
Delaware,2489.774204608188,2475.9532672807045,2546.411052677456,2535.0305256123424,2541.4335822413345,2512.897695906093,2500.671482116396,2528.3616817270536,2385.754737484383,2335.520946044106,2261.148839236424,2347.819647267339,2305.776935816602,2309.304657582009,2309.0630328035563,2232.5163029898017,2046.6826858819768,1986.3973036580758,1983.6427811837175,2030.7354505041114,2133.3293314350467,2049.388883400645,2066.4959177150827,2138.1376645262517,2202.893105151524,2224.880959990702,2230.43832989511,2135.214004706976,2218.9128279629253,2212.364796466862,2175.275392974402,2173.9706191707587,2212.2923090333265,2185.8827207484674,2192.503239678066,2197.190760380045,2249.889124560537,2312.324967312665,2343.3495888659677,2337.768056483714,2304.7379492692567,2357.3396635383674,2386.6245866868117,2399.527349856176,2375.872284045675,2380.17320510213,2424.5355144260106,2429.8270970741205,2409.8688903739435,2392.858505970886,2428.5223232704766,2433.7414184850513,2515.773030769678,2574.0287648545777,2596.113269605137,2639.7748670715055,2660.288810762123,2671.5002004823195,2664.444756951507,2603.4103379144026,2310.102019350902,1364.7692361333063,2086.9132114943195,1952.0624226399743,2317.374925182323,2691.917494261557,2713.6395618444376,2716.0558096289624,2659.588098904611,2702.2590347793243,2714.074486445652,2696.0009530174048,2607.8803963157743,2542.448406310835,2590.435087311503,2591.1599616468607,2567.408245924979,2555.834419037104,2559.0721910683674,2550.760298689601,2529.2315309294827,2547.7641514367897,2524.978934828718,2481.5347996629575,2487.1404945230556,2494.8
District of Columbia,,,,,,,,,,,,,,,,,,,,,,,,,,,,,,,,,,,,,,,,,,,,,,,,,,,,,,,,,,,,,,,,,,,,,,,,,,,,,,,,,,,,,,
Florida,63457.95541263076,62166.058339145035,63804.72019630635,64021.71853286841,63803.27834689397,63271.23591372853,63627.37271858453,63555.28024796591,61853.177016660215,61972.12959318094,62328.98732274312,61891.386026088076,61558.31881183005,61521.55165181455,60869.11479271601,59570.00847216842,57154.18978173834,56480.8461061604,55855.083461190756,56131.19762366009,60048.70247707607,61036.36932455121,61442.24993413406,61883.45585432003,63075.14439364588,64083.71805760042,64942.339382668215,64527.80767661114,63489.676099702956,62454.42822161953,63328.909890223425,64310.80934004909,63300.79382668217,63506.25736794525,63326.02619139868,64181.04289293556,63174.63200309957,63687.20946919799,64700.82960609584,65130.50073098283,66917.6730776185,67280.29820483018,68276.61614877955,68720.70576779026,69427.93290455895,69409.9097869043,70850.3173498644,71550.33523957123,71899.26279736537,72563.95537646908,71120.66411468424,72786.00018597444,70440.11119204444,70402.62310732275,71141.57093116363,71836.54234792716,73619.38914632572,74251.64011365104,74458.5455043265,74322.2907348573,67025.09085884025,41306.10196564639,57353.88592535194,55884.6413741444,61853.897941366406,76581.66876404495,81008.14646002842,79790.50463127987,78823.74460028413,82299.32260880797,83041.87505617978,80412.66265271859,81215.77277541005,79057.32420508847,80495.56899393,81323.1905566318,81160.26157303371,79974.34043135736,80906.49607645617,80697.42791166215,80931.0075164665,81601.4674932197,81469.5382719876,83090.17701149426,83159.38578328813,83731.8
Georgia,23857.404956586637,23653.726783406448,23632.079827802754,24151.852750423215,25050.69338424013,24715.903536778493,24892.031039190348,24500.66392140088,24007.949693285034,23659.876486702953,23501.214141653167,23628.390005824855,22868.532666508912,22915.516399694196,22736.19105156816,22032.173018184465,20973.194110526605,20885.86832371626,20743.93317163296,20590.6825654841,20750.574851193185,21116.113215137342,21344.39020150354,21520.517703915397,21673.522321932396,22113.595089830174,22083.584537743238,21970.18400895571,22480.855370697347,22392.54563135956,22354.41747092124,22594.501887616727,23019.815367602892,22836.308221235235,22860.169070025666,23211.440122321936,23519.66325154268,24248.280098112387,24577.6582066731,24958.69382292444,23978.185129329962,24441.134793490728,24663.016088428565,24821.67843347835,23859.864837905236,23955.062244935107,24066.002892404027,24469.915404918363,24559.70107304731,24478.77097766533,24585.283838760763,24771.496854578883,25051.18536050385,25747.823749931744,25880.41135300435,26446.184056282655,26354.676471230687,26343.852993428838,26553.188893641807,26082.12162112966,23959.490031308593,15580.150307625101,21934.269741704138,20830.76698217959,22752.67225640279,26544.579309026703,27433.82640570108,27656.93764129822,28385.308499736064,29762.350061889072,29801.954151118556,29588.928428927684,29949.301042102776,28836.6967216994,29160.663091359198,29046.524598176096,27252.77914065202,27096.57667692084,26679.626793417916,26902.984017146915,26519.734507708832,26774.824200447787,26849.60459253327,26790.813429018697,27021.304308571638,27027.7
Hawaii,11709.004044695792,11409.56276262197,11733.516103573904,12030.247509791856,12063.997781814986,12125.709045623698,12255.290382004472,12034.435499750929,11721.568014573017,11461.296756234067,11426.930603334604,11452.920776315917,10618.89489358377,10551.887054238581,10286.196044187885,9636.441719655015,8686.137527470917,8741.689982516285,8529.950137232494,8881.864469970013,8645.98209433391,9266.174136802727,9419.52847501001,9570.665642062491,9673.271396059816,9974.313968412107,10026.294314374736,10100.569548060676,10369.216786317775,10507.543631142498,10631.705215811528,10745.396825582871,11201.148674070384,11052.228678172707,11130.076020941386,11125.51850245651,10752.417867573085,10776.314045574862,10858.965259178949,11055.67761108018,11199.424207616647,11357.089711958273,11507.98052666022,11605.5360574716,11268.895570467177,11367.313334505425,11638.91680096893,11860.018035573006,11938.234906867485,12258.985667262481,12432.540898213536,12640.708634414588,13425.710399390511,13666.766174387825,13601.975506197437,13512.30325060314,13217.665839364727,13331.973330012404,14089.87633642961,14466.425904220509,13414.747719791758,5527.161336576122,5916.6444027700445,7063.168242154306,7457.8247077094375,10289.891329445893,11630.417644875513,11184.27353805882,10846.893994002794,11822.326125941336,12213.410482413728,12411.35459606763,12020.762944296306,11883.298332698449,11888.348555884393,11844.990542190444,11988.244434025843,11937.742202166417,12165.74130258544,12224.00363348668,12185.326314452877,12238.907950693976,12199.245222258036,12310.10377999824,12513.467645363886,12610.9
Idaho,2667.4163087423194,2657.003097341413,2644.537647197263,2723.434825548654,2796.7073495667087,2797.3534247266184,2835.5098635824934,2845.27699982349,2831.4813949383474,2882.0272750960303,2867.8136215780046,2890.3502433325207,2886.0937481613473,2864.659254620796,2808.336702445092,2680.6038428887227,2627.663684197255,2528.472144940449,2499.6647936926865,2490.3917149269164,2618.1625789044574,2616.604397636438,2640.9652316071715,2661.449614618443,2660.1194598774514,2676.0053079270083,2642.52341287519,2625.3834189269837,2701.6582922175617,2683.07413026485,2703.5965176972927,2736.888390643255,2704.8506635959416,2829.391151773932,2807.880649391038,2830.5312844090677,2901.219507787481,2913.304913719919,2972.933850537517,2991.746039017256,3147.4121481344505,3179.6018928664485,3236.6085246232337,3231.5159321862943,3458.364322157128,3481.8130500197526,3478.0886167449758,3614.2964622225213,3721.050881292394,3784.9363132811645,3824.118871508662,3871.6624023938202,3907.272545031226,3947.139182839804,3965.2672917384616,4057.9600749749943,3940.108364923134,3946.7971430492635,3972.8301715515286,4013.11485799299,3917.381721062762,2637.0507762265393,4008.9723760853303,3867.367902801476,4175.127705445773,4721.5552730451445,4711.82614122532,4781.222214283914,4804.290897934826,4893.297252317752,4832.946231497904,4810.18158321636,4798.590234759147,4654.287447572138,4696.434350650988,4746.258146806419,4452.902019786003,4435.153955099056,4470.422057945921,4474.830570801779,4407.8287762769705,4418.736045153102,4421.738394425626,4394.527228867054,4525.376450959461,4521.5
Illinois,30944.22017107765,31381.565689428287,31701.070887556663,31720.913415704053,33520.104284252084,33778.46209972219,33114.74978066969,33328.158195642645,35411.21870156456,34829.3061924258,34995.335509577424,35622.60236876737,35039.070061412494,35263.817063898234,34882.354584003515,33403.88376224595,33156.864534288645,32087.392762099727,32107.235290247118,32156.234186284546,32798.88912852757,33164.153626261155,33732.29785056295,33677.629660769126,34068.81092996053,34602.53444216991,34927.303984500664,34586.33646000878,35251.668577277385,35246.404233075016,34817.562655358975,35112.770880245655,35115.20057756983,34564.46918409125,34686.76394940781,35134.233206609155,35542.42235706975,36639.43069893259,37473.62678023103,37718.21631086417,39332.750182775264,40086.36130282206,40511.15338499781,41101.56983477117,39669.66821172687,39416.16979090511,39683.43649656382,39977.0249232344,40649.24118292148,40488.0712604182,40413.965492031,40428.94862553006,37696.75398450066,37992.772108495396,37802.44581810207,38438.62156748063,37909.35250036555,38251.53487351952,39193.85248574353,39389.44312033924,36772.254152653906,21257.01693961106,30185.749656382515,26643.65590729639,28829.978549495547,35536.348113759326,38390.02762099723,37738.868738119614,37899.63371106887,39149.71298435444,38826.15829068578,38002.89584734611,38241.411134668815,37389.80222254716,37515.336584295954,38119.11636935225,38661.74877175026,38549.172795730374,38471.0175318029,39244.06623044305,38372.20984061998,38506.248143003366,38233.71709314227,38171.354861821914,38644.740890481065,38772.3
Indiana,13110.77397544716,13093.584066154239,13096.599839714401,13097.202994426432,13716.492095005648,13464.675002732141,13432.104648282393,13428.938086044225,13220.095767003024,13120.876816873702,12868.908935922187,12973.70706713781,12744.659065243524,12793.966962952169,12818.394728789479,12456.50190157007,11986.64438089687,11697.582485155368,11698.185639867399,11599.268267094096,12101.696142217043,12049.523259626243,12168.79710393064,12041.682248369823,12547.729051764964,12503.246391752578,12501.43692761648,12480.628090051365,13358.972139448471,13201.247182252013,13278.450985392154,13357.916618702417,13522.728643765256,13242.864857382245,13172.898910786493,13313.584747368039,13527.553881461514,13908.747659465957,14151.36664238097,14161.921849841536,14442.539579614588,14545.980612728134,14616.398925357911,14624.39072529234,15002.116363702598,14904.556089031365,14938.03117554916,15065.598397144004,15175.674132089905,14960.197111216348,14986.434341189757,15193.165618738843,15625.47675858803,15784.408025208553,15770.837044187825,15962.03708790208,14479.181228370551,14406.350296892646,14467.41971148592,14455.65819460129,13468.143142326326,9849.214870132237,13478.8491384649,12156.734009689993,13432.557014316417,15520.980204728427,15807.629481621798,15656.840803613712,15306.558704600928,15642.06351316892,15804.915285417654,15534.09881971513,16061.105249353393,15576.922804269425,15809.89131179192,16008.480000728572,16703.615806345853,16615.40442971112,16697.735047903538,16894.966638738115,16536.08958507887,16682.053025390698,16568.961516884632,16351.675031874978,16541.065611453134,16557.2
Iowa,5713.018338297173,5639.567257734581,5596.8381816447445,5654.391631071871,5724.690016852325,5636.951191851529,5657.410168629239,5686.924758079047,5589.459534282292,5693.96801237957,5691.4861037212895,5757.223143859501,5683.034198560663,5659.2883697760435,5634.0668115189355,5541.028776139652,5392.919199991521,5335.0303575024645,5283.5139831900715,5156.064619656806,5364.947418626589,5348.177765530107,5443.094002056195,5390.7726843951705,5621.388953777994,5676.125101484912,5661.300728147622,5715.500246955453,5827.521529639954,5931.56045745053,5949.269211120415,6022.451977233463,6344.831788360237,6204.771645698418,6177.87312213166,6276.277446501818,6309.481359632853,6383.67030493169,6465.304976205366,6591.614003328069,6610.194778958971,6705.111015485061,6718.45965934986,6699.2080975950985,6831.621278444922,6734.491447710098,6730.802124028871,6779.43411800867,6764.878059120922,6697.6652895102225,6689.548777411526,6679.352828328865,6618.244212445283,6622.000614738895,6595.504562846454,6716.581458203054,6609.389835610339,6621.396907227422,6726.307856999015,6691.42697855833,6070.7485781513315,4159.745989888605,5826.984900740866,5355.221019830628,5707.517892081528,6617.506347709039,6744.419082343215,6616.567247135635,6522.321796733405,6633.739371906433,6620.726121103562,6524.937862616455,6498.911361010715,6320.281016226986,6385.749741915653,6444.711842202884,6403.45849558554,6393.195467890491,6372.199862213695,6392.055131479931,6310.890010492956,6361.333127007176,6315.3171989104285,6268.83172052698,6315.3171989104285,6328.8
Kansas,6616.382151016891,6503.172019551293,6504.325916700999,6530.9296565414425,6750.490641971608,6672.730795160867,6647.986111839394,6660.037926514101,6402.847072924079,6360.922143151428,6107.513507996554,6055.716347054196,6035.266725345517,6151.938548260234,6089.820418367729,5887.5678901831525,5922.697647851979,5719.163011723285,5813.846683396381,5885.195990486535,5802.820555076968,5836.347677815648,5954.686241057717,5931.864719652421,5788.717367691673,5910.132989999624,5961.609623955953,5878.464923779917,6092.064107269934,6012.829836323458,5937.634205400951,6020.907116371399,5997.1240140080145,5944.621693696393,5979.495029776395,6068.216899509344,6247.455590097007,6440.476941083935,6535.80166672909,6542.276311846886,6688.693039065133,6726.899855799842,6746.195580358814,6722.6047941870465,6585.803876549682,6483.299346417469,6467.401207910409,6473.0424828645255,6397.910957339226,6360.858037754222,6417.5913142814325,6465.79857298026,6280.021131877597,6323.869223566425,6411.885933930109,6582.278079703359,6232.839559534064,6314.317519382748,6405.795921195549,6323.80511816922,5724.483759691374,4108.771328514176,5715.380793288138,5221.448707816771,5713.906369152402,6429.386707367316,6491.953575040263,6360.537510768193,6220.531323270534,6365.153099367017,6461.695827559084,6406.308764373197,6951.3328514176565,6908.895078467357,7003.96338252369,7029.349119817221,6859.662133413236,6787.09482377617,6782.863867560583,6852.802855912206,6585.996192741301,6761.709086482639,6733.566817109255,6695.039473388516,6729.848704071313,6846.2
Kentucky,9946.738396298426,10000.81264264915,10001.334594834005,10002.169718329767,10236.4218588916,10088.918171452264,10061.56787696599,9999.246786094594,10181.721269919051,9952.166699020892,9769.379043885521,9889.323655964643,9926.486651526147,10075.138633772156,10032.96489723607,9423.846697513123,8941.354097835409,8494.876198912521,8528.281138743085,8503.227433870163,8849.490513301354,9036.975738100398,9203.374094631396,9172.578915725095,9159.321330229839,9262.667862830647,9265.068842880972,9217.258022748476,9079.149474636486,9029.981578823374,8948.870209297284,9098.461705476031,9666.241292158655,9537.2147120631,9577.718201607659,9769.587824759465,9943.919854500222,10236.108687580689,10331.73032784568,10397.078741389221,10336.01033576147,10518.171648275016,10614.00206941395,10650.225551042717,10796.163381927496,10723.194466485105,10888.966480394281,10853.682512698248,10609.095718876335,10434.346127387695,10341.334248046966,10371.398693894476,9741.298016340454,9764.68147422185,9806.437649010055,10056.974697739288,10160.112449466156,10191.42958055731,10465.97642978976,10318.368351913454,9504.018553106476,6139.827940857733,9133.850063609036,8334.532487725812,9655.17590583978,10856.605444933422,10827.271732144707,11071.44096421874,10519.841895266545,10804.932178633017,10759.313557676904,10707.327120065587,11150.464525005418,10893.350878747044,10998.26326790241,11006.40572198611,11268.216937908157,11058.287769160455,11024.152096271097,11037.722853077265,10864.330337269239,10987.197881583535,10956.298312240264,10864.434727706212,10947.111953786858,11077.6
Louisiana,12176.465661131466,12153.079542751108,11586.351272779179,10761.535480801256,11434.55155826236,11708.183146976258,12113.869284388828,12275.47156349622,12422.089922443738,12215.115772945712,12092.7237522006,12157.98082504639,11624.441238045392,11445.05430603797,11313.839977161346,11290.733932055002,11716.865418470763,11384.978588761478,11665.612009325785,11577.24889137365,11994.978179568921,12129.273314459724,12508.91263738878,12246.343942998525,11845.138977970215,12087.822469905315,12001.559901508303,12092.163605652568,12217.916505685873,12135.154853214064,12039.789903411525,12342.269039349098,12764.199426654615,12646.288578293763,12855.36327734691,12966.412330494362,13196.49252509873,13484.96799733549,13760.139989056479,14098.608540705143,14275.754886520435,14353.475220059952,14482.308926107436,14235.984481610127,14029.570478660135,13869.648639196843,13692.36225674454,13909.419044107153,14055.337219869629,14037.692603606605,14047.495168197174,13873.989774944095,13396.184769472335,13344.511250416332,13132.775855260028,13219.73860684208,12339.188233334922,12118.770566684116,12161.201667697578,11929.441033449113,11171.142644050055,6957.300199838227,9765.594918399393,9248.439617928345,9461.295306180711,11522.774639577487,11730.729045534568,11547.28105105391,11541.25947566256,11827.774434981207,11920.198615406576,11714.904905552648,12499.810255983251,12144.117197982585,12385.260286910598,12262.168082980445,11698.660655659705,11518.153430556216,11554.562956178332,11836.456706475712,11610.577610981587,11724.847506780226,11638.024791835182,11627.241970785555,11733.249705000715,11772.6
Maine,3515.577171943151,3537.5720289968176,3551.225523096,3558.381534472742,3634.5074469099836,3585.8641303122536,3568.742385300417,3516.499112059173,3493.1871976969032,3429.485525870815,3386.549457610364,3364.159483364117,3255.063236301519,3234.0342212741607,3190.307918628547,3121.7331347606287,3032.6122568785063,2979.0519263286596,2970.008132809587,3013.822239275773,3090.7383860981763,3115.411259679335,3200.756573276796,3216.341751428596,3198.1663605698777,3202.073630585399,3275.653232226009,3213.707636811391,3385.1006945709005,3419.344184594573,3394.7591148339875,3443.3146276111443,3596.6200983325098,3590.2543213409294,3590.2543213409294,3631.478215100197,3672.482599308031,3742.1549309331185,3834.12943298388,3914.20651734693,3850.153630238547,3973.6936057854896,4012.546796389272,4070.5412198780814,4068.082712902023,4058.819409831516,4133.716068780729,4196.1884871187885,4358.362143718079,4361.3913755278645,4396.68851139842,4444.365985969841,4402.000642543118,4537.789251060066,4550.6086088638,4610.051795392073,4609.788383930351,4588.891074633854,4615.671239908777,4553.506134942726,3838.6074278331303,2355.7326040772436,3262.043640037113,3193.9517771823485,3786.4958603227456,4655.051253436001,4846.683091837707,4705.889665548069,4679.241206004006,4785.483828897965,4845.409936439392,4771.479119516489,5277.316929840535,5279.468123444586,5320.648115293568,5344.969773592431,5280.697376932616,5181.083942491958,5144.557553133373,5163.347570736106,5112.421354803464,5120.850521578523,5136.2600920891755,5178.932748887906,5082.96317300105,5062.9
Maryland,15780.527562107734,16027.591236287055,16349.447500497701,16319.84948501137,16864.13394943367,16814.86300149834,16742.19721497501,16533.593237565357,15877.474355347395,15423.04733913809,15129.193987782774,15259.637936273431,15291.185521642097,15508.473946709419,15440.947935330421,15131.143557665106,14767.46015779713,14564.88212366014,14571.439767809805,14714.467303722797,14585.795691488804,15178.996636595104,15393.27209002609,15460.08916690242,15245.813713471432,15601.521600184413,15698.291159798406,15703.253701317075,15705.380504825074,15781.236496610403,15761.386330535737,15880.664560609395,15639.804063328409,15377.852764593092,15338.684133320761,15456.898961640421,15344.178375716427,15814.379184610065,16006.677668458387,16123.65186139838,16283.871059001038,16745.03295298568,17005.389149089995,16987.843020148997,16949.73779063067,17017.26380200966,17180.141503997318,17357.72959691531,17939.94205723027,17744.09890086862,17640.417229853625,17568.99207870996,17593.45031905196,17748.175274258952,17727.084472804618,18131.177139324598,18703.99621747923,18915.96763377655,18871.659227359884,18663.409717201564,16110.182105847714,9375.83603139178,13623.59433774453,12630.022632257254,13082.85454583556,16016.779985121388,17034.987164576327,16493.892905416025,16904.365982460004,17220.90523790065,17003.08511195633,16835.06763482434,17224.804377665314,16852.436530139672,16784.910518760673,16836.66273745534,17413.203721748974,17210.625687611984,17081.95407537799,17216.65163088465,16840.561877220007,16949.206089753665,16877.603704984336,16809.723226354006,16798.025807060007,16915
Massachusetts,20532.119970068456,20550.350986170517,20574.32602104446,20522.629852097518,20446.70890833002,20199.71610113906,20165.75146840097,20075.34560773047,19944.731615656783,19922.00528051586,19677.50987279093,19799.632706680095,19602.587888809852,19747.68679778654,19695.241408999787,19585.855312387408,18786.188003362677,18921.547054421833,19056.906105480983,19442.50458303694,19593.347510785516,20216.4486775615,20626.27192993801,20652.494624331386,20635.26256801574,20986.396932940403,21238.634279010043,20949.435420843074,21377.739429268247,21441.672855598765,21390.975646438237,21625.980936192223,21908.187075854297,21858.488826480178,21790.809300950605,22116.7199312683,21908.936295694104,22187.895816050324,22519.55046513991,22970.83054865262,22994.805583526566,23720.79960830323,23958.552037469857,24369.12450968618,23998.010949033225,24167.084892883868,24543.942472308703,24492.496043308358,24875.846861344886,25077.137258307386,24920.800051733535,25022.194470054594,25194.015553317873,25725.212419743733,25474.972993246924,25905.524661191535,26881.0088926252,27076.305530869216,27189.937206573853,27032.601040213583,24132.870520199176,11998.505994623407,18219.77780446571,17077.217548754237,18064.939037571476,22673.140532301128,24984.48373811745,25021.445250214783,25067.147660443246,26525.37920866167,26672.226297264588,25774.660929171245,26909.229506591404,26365.295902888764,26516.388570583942,26842.299200901638,27866.73246186961,27508.355638493445,27330.291056565078,27562.299466959823,27476.88840522139,27530.083013847954,27248.126614132492,27280.343067244357,27042.09115818452,27033.6
Michigan,20333.981627157907,20320.169501204058,20378.18043021023,20136.468226017863,20022.978591097068,19710.364140341608,19517.454781186178,19741.90182793623,20440.56519910178,20542.544729061035,20434.81014662101,20266.762614182506,19579.148943780037,19567.869040917725,19547.611256185413,18815.33837853216,18050.376802788134,17897.983013097328,17774.36448581038,17605.856549173415,18072.706406413523,18043.01033561275,18328.6911407582,18304.289718239736,18954.84085066604,19279.19560848227,19406.957773555383,19724.176266295457,20623.34566589105,20781.954912261095,20605.85030634951,20990.287812064988,21448.85039373279,21149.127260534256,21046.68732637654,21217.957688204275,20962.66356015729,21260.084672363515,21556.354774073585,21596.179737240516,21911.326411087517,21954.37420364368,22169.6131664245,22286.555832833757,22311.187457451455,22442.86305821149,22522.28278244612,22517.908942560734,23149.353300750885,23007.088403426234,23055.66104636394,22868.736941788513,23641.064984707926,23602.160829937915,23713.578645965634,23927.6665982503,23229.233429183983,22944.24323033622,22894.519576902363,22015.83816413831,19439.64647164616,11084.231077964172,17444.94528181107,15081.23012690897,15450.704496174438,19972.334129266284,21813.720721013644,21079.145822368086,21204.605966448886,21614.36570307975,21627.717424835137,21354.697735147383,22774.354081103873,22418.23143359379,22839.961679384654,22837.42945629312,22258.93158092606,21873.1128626152,21899.816306125973,22112.983450013715,21828.223453265186,22210.128735889124,22184.346100775274,22111.14183321987,22535.86470630074,22655.8
Minnesota,12645.969055645732,12747.384713031171,12976.274217546925,12897.1136627544,12890.211763849002,12681.887100969741,12535.679528239063,12561.033442585425,12794.712019811044,12787.38755566654,12695.409188621134,12724.70704519915,12524.2702667832,12328.481705997418,12374.118751820866,11962.68106401132,11567.582565447203,11372.35742498023,11377.99162816831,11486.731749698254,11562.652637657633,11908.592713405751,11983.668470886918,12015.783429058973,12149.595754775875,12353.413055104673,12342.567213967619,12130.016898697299,12471.167901735545,12317.495009780661,12357.779562575433,12664.139360927289,13048.814583593456,12892.88801036334,12987.824334082488,12878.661647313438,12733.15834998127,12788.232686144755,12960.780158779706,12842.884457069129,13138.961834602736,13385.31736900154,13452.082676780288,13761.963852124692,13585.895002497191,13652.519455196236,13830.84198609897,13978.880674865773,14241.293688350603,14102.128869605025,14032.68731531194,13965.92200753319,13923.66548362259,13902.818931826694,13890.423684812919,14200.727425396428,13768.584040870684,13994.6564437924,14242.279673908517,14045.645982644523,13535.891449202978,7630.260522537144,11619.41723477754,10055.644139925917,10449.33408769301,13081.070396845214,13854.64649456861,13613.080032879678,13505.466751987347,13941.835788904147,14135.934088733506,13724.07383568485,13907.044584217754,13491.803809256251,13748.582619553003,13682.099021933656,13867.886872060597,13661.534180297163,13686.747239563823,13843.518943272153,13595.895713156031,13713.087139468094,13617.023975111333,13550.681232571691,13466.168184750488,13537.3
Mississippi,7986.700351529099,7816.848990277529,7643.172147916689,7471.651485817438,6931.006673774662,7130.696787678535,7294.010053943354,7662.299553463036,7472.625244645252,7478.259135006176,7455.2366941485725,7541.553458814092,7519.643885188274,7343.5326457578985,7277.873479082435,7073.036354231545,6809.843253913796,6723.178718238343,6628.098124122496,6614.048175321179,6823.893202715113,6923.355711556123,6965.157786950142,6916.748062367385,6981.989903830929,7031.16472463554,7027.8956771421645,6931.423998986583,7053.561177675264,6842.116403635635,6787.099029864139,6874.9459869733655,7021.218473751438,6832.935248973387,6916.330737155466,6841.907741029673,6853.801509569403,6875.571974791248,6880.788539940251,6820.6937094237255,6828.483780046237,6830.918177115772,6945.334839383927,6895.116705549514,6877.589046648862,6808.452169874062,6774.231502496596,6927.320301069367,6941.648466678631,7033.877338513023,6927.946288887248,6918.13914640712,6886.839755513095,6975.034483632256,6972.600086562721,7161.5092991586525,7066.846030254726,7038.607024248118,7081.80018368187,7064.481187387179,6797.323497556187,4525.68326066991,6740.636822937011,6367.4089750762705,6676.786065513201,7548.091553800842,7331.360660410223,7337.481430185055,7439.656552903546,7433.188012118781,7340.541815072471,7233.011018801001,7155.458083585808,6928.989601917048,7051.265889009702,6992.005708917015,6719.492345533048,6608.066513950321,6657.658659966852,6614.88282574502,6543.2419976986985,6597.216058440393,6578.505978105966,6594.086119350991,6579.0624117218595,6588.8
Missouri,13708.09801155724,13531.544639139649,13802.192770656933,13532.406575864226,13815.983758250171,13531.25732689812,13448.655057459462,13437.880848402245,13573.635882523173,13704.219296296642,13404.696284506017,13428.543200552656,13253.857357704981,13365.765475779273,13287.472889963497,13071.557740456874,12733.965856664083,12570.485191235915,12440.189089703974,12377.411364930591,12825.474805590044,12831.939331024374,13027.311655261905,12861.388835780766,12887.39059363885,12747.756844257321,12775.195163323033,12720.749493553896,12910.519229081674,12780.366783670497,12758.243741073013,13036.936615353019,13271.383404438055,12955.627251001224,13012.515074823326,12976.88835687413,12798.754767128148,13126.290722467536,13229.579473296053,13305.860873421148,13773.030578142065,14012.505331453804,14141.508527898877,14109.904181331043,14042.24214845172,13898.298715447305,13854.052630252334,14090.366948907289,14440.31325908569,14294.21498426983,14348.804310159727,14379.115751640698,14499.786893081526,14589.284656316806,14743.427673895387,15258.14755458882,15301.675359179977,15402.80926819705,15561.692937760805,15297.078363315564,13708.959948281818,9315.955775352646,12763.702673662003,11709.26674726239,12383.444922002633,14823.875101522604,15388.443656120764,15090.644517779292,14609.683825465136,15032.89475723261,15293.91792865878,15052.862958018652,15341.755416872824,14959.630135643538,15173.390443338718,15198.242952230697,15145.23384366919,14920.986639158318,14963.077882541847,15025.137326711412,14689.98759697159,14976.868870135082,14907.770276048133,14948.712270465556,15188.187023777295,15388.3
Montana,2326.377031009829,2296.199433813264,2310.6482739413086,2387.3010773765036,2412.6434327979355,2434.0038244045522,2439.5501311466164,2442.0530798302148,2459.7159336087884,2462.7877342659312,2415.4308074683063,2422.143260756138,2358.4318397190927,2350.6385676815253,2341.2525101180318,2256.49356605982,2237.86366392622,2207.8567223217187,2217.6409762666926,2202.0259895928816,2232.3457997828327,2245.912919351882,2283.457149605855,2269.235850267229,2357.0950375812613,2411.022204673332,2388.125912738144,2406.983355661163,2515.80473820033,2530.879315499274,2531.5050526701734,2578.9757498625077,2698.8897458858037,2640.809959386854,2653.552243594264,2684.0995945736327,2717.576533216759,2731.0583249897763,2820.1405440469307,2831.0909445376733,2892.0718761017024,2902.168998632127,2915.4232496157265,2872.759351599848,2889.4835996220727,2828.303569867302,2822.956361315979,2898.8696571855658,2831.5744687151864,2868.3223062061966,2838.0024960162455,2839.1401999633354,2832.456189274181,2908.824566722604,2890.991057351967,2991.0236768998634,2993.5266255834617,3005.045878047749,3051.3219860956387,3072.511722110192,2882.0885239659865,1933.3572024875552,2889.8533534048765,2786.578277607773,3024.329959950926,3512.8031496340586,3529.35674206422,3560.046306036975,3544.8010731459676,3627.9387890795765,3613.6037193462416,3674.3571101208527,3856.1053156684948,3787.2457842708673,3845.2402429737854,3915.5219043052753,3850.67277932114,3822.3155084399195,3884.9745533259065,3842.5950812968003,3834.887137055265,3834.062301693625,3852.322450044421,3882.5853750370175,4040.470240294445,4033.9
Nebraska,3920.126854935742,3881.331828168866,3828.9245113083502,3810.845688527734,3908.8116387954033,3824.5430554344603,3782.855417022686,3779.069498840392,3817.056295882958,3817.311526322214,3769.668510994472,3799.828241233194,3789.1511011909947,3781.068803947896,3793.1071729994587,3719.6858833068854,3644.0525964740964,3564.165468987044,3566.2073125010893,3567.143157445027,3714.1558904563444,3810.29268924268,3854.958016112438,3828.286435210211,3911.321404781418,3925.4016173470277,3860.3603937433513,3785.6204134479567,3872.1860707622022,3781.494188013322,3805.5283877099055,3825.2236699391424,3893.6254276596856,3839.133728878581,3867.506846042513,3951.8179678099987,4019.4114958062323,4025.7497183810833,4108.401842293407,4094.7470137932232,4175.357294191501,4213.854552112577,4241.8022852110835,4228.742994402497,4258.732571015048,4264.858101557186,4239.207442411983,4295.996215146389,4287.828841090205,4228.4877639632405,4237.293214117565,4261.752797879575,4274.301627809649,4319.0094930859495,4317.180341604618,4418.549364395696,4398.088390848692,4430.162349381832,4511.070398625909,4515.8772385652255,4013.796426142605,3003.89211641411,3965.983257188693,3539.408116379235,3929.82561162746,4470.914142849669,4484.611509756395,4448.751633040961,4477.550134270319,4536.168058486058,4588.277606500776,4541.102513645003,4521.577385041936,4451.261399026976,4501.882102812701,4549.822886986241,4641.748383524857,4636.13331386123,4730.270807540063,4758.218540638568,4702.918612133154,4784.80504472771,4748.68993757302,4783.954276596857,4885.493453014107,4878.9
Nevada,35010.55630648027,36018.75452324863,36236.80748435931,36540.99645188075,35824.10071348575,36443.33042886383,36264.95428960377,36546.08322391288,35356.1176865297,34495.09674055766,35049.215773924465,34588.3542278134,33875.18878890863,32764.576895226695,32305.410939793008,30822.108215223605,29263.860382714145,28691.428970031666,28453.368038927936,29181.454675793622,29258.77361068201,29645.029166988494,31146.644270873567,30975.72873059396,30726.137782884063,31782.49077488994,31488.13623329729,30695.278032555805,30457.55621958755,30232.38177763189,29885.803043176027,30156.4193152854,32387.138410442578,31954.423669575965,31938.824235344095,32276.585898277594,32572.975148683097,32908.70210280374,33660.527009152705,33893.5011682243,34575.12862052985,34972.23595717155,34776.22567486677,35031.24251274427,33224.42108693133,33221.708141847535,34115.62354696069,33515.384447169236,34285.52173283387,33898.58794025643,34107.823829844754,33354.98156908937,33529.627408859196,33451.29111956438,32821.88786012204,33590.329555109296,33421.10960550707,33722.92474608017,34017.957523943776,34065.7731810458,31498.988013632505,15088.044083571483,22441.142615084576,21682.196227890632,23005.435192515644,30279.858316598446,32888.35501467522,33901.300885340235,34928.48971769522,36575.58650169923,36270.71929790685,35654.54164574805,37176.84295589712,36560.32618560284,37651.947463698154,38472.61335154862,38095.85310303546,36399.24507125203,36333.79527110527,36213.40833301151,35978.399465127055,35577.90094713061,35534.49382578976,35061.76314493705,35271.33815266085,35124.5
New Hampshire,3945.5928116736854,3971.8545686024877,3956.456488101068,3939.97203995691,3864.2569385956326,3782.9682988933505,3741.2139947115857,3724.729546567428,3826.5647047301927,3828.3595730095003,3719.581108608364,3678.2046714327694,3565.4113700910784,3528.8527372441486,3469.9527176574284,3424.2308099108805,3489.8852022328865,3444.2105278621098,3481.383194594066,3472.7867202037023,3474.0620213495254,3478.0768582900796,3558.5625306042507,3563.7582019390857,3540.4249143080997,3639.520536676134,3727.3746156106163,3703.096660464206,3708.3395651748115,3713.2518362550195,3712.49610224268,3796.665977867007,4118.986534129861,4109.161991969445,4089.2767407697584,4136.510116540986,3995.329556360788,4039.965096464597,4094.472412104594,4162.630173342474,4234.850004896681,4348.35180687494,4383.682371951817,4467.946714327686,4437.2922534521595,4467.096513563804,4519.950661051807,4527.791401429831,4723.101410243856,4694.05288414455,4725.037978650475,4751.110802076193,4990.961884242484,5044.3355988639705,4977.216971893057,4989.26148271472,5033.2829889335035,4952.702849867789,4869.949975516601,4762.871912643229,4697.689854078935,2134.617951229067,4322.893017334248,4454.957535990598,4447.164028988347,5096.953579473117,4988.7891489570075,5146.784790911763,5458.619537753403,5483.039193027128,5450.164763490354,5366.89232200568,5673.62586426403,5668.713593183822,5755.008970717854,5842.532416021938,5947.957310743317,5849.52295563608,5816.8374596023905,5848.105954362943,5884.617353834101,5895.38656350994,5811.641788267555,5800.4002448340025,5790.481235922045,5787.6
New Jersey,23499.629552063045,23757.287135286926,23621.606943249244,23582.07099325151,24276.645751166267,24112.66141310748,24454.108253997012,24310.116527016624,24255.08068753114,24195.776762534537,24001.69118981838,24402.891227863583,24394.579692920877,24192.856493500614,23808.953433579423,22973.531853797725,20580.932970696136,20170.298217310567,19817.39493636487,19724.84487159745,19504.476877575977,20132.559355949095,20736.830409891754,20969.32875220798,21778.692546763894,22568.513002400472,22301.420703836226,22507.411988767606,22595.020059785318,22729.127799266273,22243.46459531682,22205.725733955347,23158.182711173515,22785.736091308485,22718.120631369173,22929.053910050276,22570.310091036732,22274.464374292314,22885.24987454142,22205.950370034872,22351.739185651524,22273.341193894656,22239.1965098057,22430.811085646994,22564.69418904842,22071.84263055392,22217.856082250106,22320.290134516963,22696.10629557498,22452.82542144119,22344.550831106484,22360.949264912364,22376.673790479643,23565.89719552516,22629.16474387427,23097.30633362018,23238.153155487114,23419.434471669912,23981.02467050138,23562.52765433217,21084.117788849133,10350.332000543503,17136.587963222973,17377.62247656144,19573.889426151545,23013.74171203406,23609.925867113547,23922.394653743377,22431.93426604466,23241.97196883917,23450.434250645412,22827.96767426061,23795.0259966484,23664.7370705195,24148.37854975316,24093.56734634721,25528.093350242314,25398.029060192945,25500.687748539338,25457.10834911001,25092.97326418769,25210.2332977037,25229.552000543506,25001.321743738394,24688.62832102903,24798.7
New Mexico,4841.991285107598,4831.661321865744,4826.803170836159,4865.77065593662,4994.179258413333,5003.639868313051,5034.6297580386135,5014.378939010029,5058.664821027087,4926.727666749937,4891.544425609365,4934.347293101602,4955.467465472325,4963.240507119661,4919.056901966383,4789.216423396738,4899.624297848042,4748.868200635238,4780.727443702937,4805.989829056779,4787.477716712465,4791.517652831805,4817.9562221191245,4806.450074943793,4631.556637878734,4695.019431854681,4690.77494200778,4666.739879019307,4646.437921558831,4603.3282234752505,4640.199032868206,4646.182229399379,4798.421341137005,4762.7778541094185,4784.920795117947,4889.49888833375,5009.571926412334,5074.210904321759,5145.9069858320545,5177.20370614896,5186.715454480568,5168.86814175083,5168.91928018272,5127.497150351522,5231.563859248421,5155.367595731772,5168.203342136255,5188.300745869169,5159.15183969166,5092.620739802291,5070.426660361871,5133.122377859462,5254.1670461439635,5317.987809143143,5320.084484850648,5524.68935084401,5706.2307840548165,5697.946358088576,5793.882056314907,5792.910426108989,5587.794175796724,2977.893165839906,4827.110001427501,4601.129270903965,4808.95585810642,5835.2530477142145,5804.621127011884,6017.970664858499,5611.522408193854,5697.690665929124,5677.746677491881,5712.827641768674,5983.298808036829,5833.565479461831,6073.302448163878,6076.47303094108,6011.16925341708,5864.913338210628,5867.4191213732565,5870.1294582634455,5775.881328289497,5785.699907212448,5743.510700902895,5750.874635095107,5739.5219032154455,5731.8
New York,54223.99733352433,55062.88893095403,55425.652864977696,55942.87488028485,55681.429779396705,56401.289460974906,56399.87241435763,56614.55497687553,56106.54376458069,56342.48202635779,55950.6686366799,56645.02147914704,57325.2038554414,57487.455693119955,57572.478490156755,56227.70125035811,52324.446343060605,52451.27201530716,52945.112761429205,54722.797742806855,54112.75917406785,56495.52306102401,57943.036180575444,58479.3883252159,59385.5896369664,61356.701481602744,61262.46788155363,60856.484025702935,64002.327516064324,63322.853663078626,63726.71194900339,63988.86557320018,67104.24256129006,67034.80727704334,66917.90093111775,68088.38143699095,64141.906607866404,65207.52566406089,66200.8753427741,66783.99002578479,64285.736839520316,66621.0296647976,67301.9205644006,67679.5634879057,66635.2001309704,67680.98053452298,68679.9983997053,68687.0836327917,70450.59814799657,71180.3771558957,70979.15653624196,70799.1916158474,76360.39106536242,78886.27666066385,77525.2033847665,77448.68286743338,78678.67933123236,78576.6519747882,78880.60847419473,77174.48434698972,69433.86720009823,30460.834085048904,48749.94625097205,48393.55902672615,53626.003661032206,65711.28573650391,70997.5781422666,72439.4230753489,67580.3702246961,72491.85380018826,73645.32974665411,70909.0127286866,69504.71953096222,68549.63011091556,68631.11029140916,68398.71464617526,69653.5094257766,69732.86403634428,69647.13271599886,70165.77177792329,70225.99625915769,69438.11833995006,69843.39367249212,70879.96327303236,69119.28285106207,69245.4
North Carolina,18298.46867329372,18286.404200218436,18346.21318376187,18521.27638881176,19085.226332352235,18935.3188371189,19159.666698135912,19301.61677495789,19806.527807704413,19870.95722774477,19453.577797523187,19439.459797115935,19051.856513207826,18899.63879972603,18923.51105496011,18375.219257325854,17697.5552377779,17517.871596231096,17540.460396882696,17368.73417374725,17920.619644212435,18202.466270524426,18592.379772680997,18463.520932600288,19042.87233113049,19120.136296995614,18997.438038910794,18881.670435571355,19587.313765017312,19537.77241813369,19457.171470354122,19891.492501064404,20460.832953851277,20436.447316784215,20506.267246070973,20836.371764684107,21788.181683049188,22389.3518094815,22686.34319986672,22808.271385202053,23710.539956683515,23962.867127598525,24195.68578885989,24121.245423076212,24745.517731993114,24837.92646193147,25037.11861313193,25085.63319634957,25840.304490846152,25468.10266192777,25739.681651579944,25628.02110290443,25798.720562373892,26089.03798893023,25861.86652783177,26515.40160122915,26885.806593732068,26689.69473352955,27034.17394346643,27122.47561874086,24728.576131504415,14960.973377020047,23663.308828048357,23092.428229762503,23241.308961329854,26841.399065178357,26699.705679272876,26234.068356750155,25068.948286777366,25933.73998445049,25795.126889542957,25537.92259121453,25935.023439032968,25351.821676755335,25797.437107791415,26090.064752596212,28108.938810832824,27806.5569112012,27891.521604561192,27947.99360619019,27536.518067048004,27895.62865922512,27687.96570778031,27824.52527535588,27707.474217433963,27733.4
North Dakota,,,,,,,,,,,,,,,,,,,,,,,,,,,,,,,,,,,,,,,,,,,,,,,,,,,,,,,,,,,,,,,,,,,,,,,,,,,,,,,,,,,,,,
Ohio,24062.29182780537,23929.390798245706,23866.142717913095,23689.208214704144,23685.472041182387,23107.699492996297,23003.62037346162,23061.531063048864,23647.042827815738,23630.230046967827,23183.490441580525,23146.929314974754,22589.438851621064,22575.561635683105,22440.25878028803,21738.125027734866,21031.988232122676,20776.594084956814,20567.902106812926,20318.645959004243,21200.11604060177,21334.618287385045,21598.018520668957,21500.07740049145,22331.10913954525,22508.0436427542,22549.141551493536,22349.52313761677,23149.864879884706,23031.641674874805,23120.242361247914,23494.393452498214,24718.2571504111,24450.587004530895,24622.98472560628,24964.043994235293,25197.554839345146,25630.95096786903,26089.432832896142,26163.889433794026,26353.099935717317,26659.19929496418,26793.167802672913,26972.504131717276,26782.493021182177,26613.564604091276,26737.65893892109,26916.995267965453,27012.000823233004,26710.70511565698,26590.6138238862,26434.762014121454,25932.78041451959,26243.14968636274,26234.342991632882,26763.27841449886,26857.21649161733,26968.76795819552,27118.214899065828,27111.810030171382,24532.51595247229,16060.475622349635,23645.708480129393,21650.058080436294,24365.722491679542,27690.650056506547,28043.985323849905,28003.42115418512,26819.587886862486,27587.638415120946,27479.82312206451,26942.881613080488,26944.215960766833,26237.812295617372,26433.42766643511,26399.00149612749,26121.72404690562,25726.757131748385,25829.501903596723,26017.911796908207,25401.97690489274,25729.42582712107,25770.790605397673,25601.595318769505,25863.92807390434,25739.3
Oklahoma,8724.346073038043,8773.368385368032,8799.034517477974,9035.932916852747,9229.284445414314,9223.12457370793,9110.62136129268,8981.34960923227,8868.504181722219,8524.663565222687,8400.952808452763,8393.680737688279,8936.09166294507,9002.566945109822,8949.181390321139,8598.154256830823,9153.997124558484,8757.797598554667,8975.104183752183,9392.521045633552,8470.251365149608,8685.846874873128,8819.567423165929,8781.581547643214,7847.163231293897,8242.421665787017,8239.683945028624,8391.114124477286,8082.7783240631725,8120.507538264788,8017.586348503918,8351.673834801673,8562.221671876903,8459.557143437132,8573.00144736308,8546.39422374244,8679.94366448784,8794.671275019286,8942.165980877757,8987.338373391256,9023.270958345176,9021.987651739677,9074.859883886162,8971.85314035159,8781.581547643214,8600.891977589217,8461.011557590029,8628.098077625755,8536.298878445861,8615.778334212984,8471.962440623605,8597.384272867524,8409.080416954246,8486.934351021073,8436.457624538183,8726.741578701636,9077.512050870853,8984.771760180261,9107.712532986887,8937.289415776868,8432.607704721693,5705.581168040275,8579.161319069466,8213.590044050181,9274.627945475213,10276.890404368478,9867.857812309692,10257.041928870123,9171.364540619545,9335.542232349479,9256.148330356056,9169.22569627705,8699.535478665097,8482.057785920184,8480.175602898786,8555.20626243352,8455.87833116804,8303.250398887581,8433.035473590191,8473.245747229103,8400.952808452763,8449.889567009053,8350.304974422475,8361.94028764565,8440.820866996874,8429.1
Oregon,8632.846924729343,8587.062600861396,8629.719580202845,8826.992472934413,8969.849570904893,8966.346945035215,9015.133519648602,9066.046688540007,9202.89928501961,9181.007873334116,9087.187537539141,9055.78899849309,8796.219402793658,8771.325740362727,8710.780350329702,8428.443686477358,8106.827575372184,8081.808819160191,8086.812570402591,8018.886647287028,8444.205502890914,8460.217506866591,8478.105917558165,8506.627299639837,8923.815059474826,8988.238356720709,8976.10425995789,9022.639146512198,9436.949749382806,9436.824655601748,9467.5977257425,9506.00151652791,9459.967005097842,9284.585524051769,9322.113658369759,9381.408110592183,10016.634330814692,10240.802386474152,10514.132298090179,10567.922623945966,11215.533128493411,11230.169100877427,11349.883849351814,11369.773760540349,11675.377867669848,11659.741145037351,11695.01759129626,11927.56693028674,12232.170287167759,12434.196743579603,12639.725825861127,12731.294473597025,12942.577869807305,13060.791492908975,12992.240100888115,13354.761878399897,13131.594572988919,13027.266359584906,13017.634138443287,12992.990663574474,12614.456882087015,6042.9052816637995,10650.859800788723,10210.904972800821,10272.951488206563,12762.693012643076,13031.269360578823,13193.39090083254,12267.822014769848,12319.235558785495,12145.355203112142,11968.347502912287,12118.71022774637,11710.404126366639,11870.774353685514,11857.26422533104,11803.473899475253,11656.238519167673,11737.54947685665,11741.427384069511,11697.519466917462,11658.740394788872,11617.459447039082,11557.53952591136,11725.665567655955,11704.9
Pennsylvania,26591.290639803323,26775.922927784773,26985.43674921549,26937.652895204974,26602.31768303652,26439.739481521457,26288.18832323959,26270.658151945794,26894.958445763627,26412.313245787613,26138.616377845738,26285.926365653297,25424.120525274328,25465.118506525952,25316.112050528674,24714.99682197038,24047.436589314624,23737.26565529372,23762.99542283784,24133.956466990465,24345.166756610903,25227.895704663108,25597.72577002259,25667.563710499493,25850.782274989506,26338.799624232975,26556.230297215727,26458.400631608405,26584.222022346148,26479.889228678225,26482.71667566109,26744.53826627491,27271.574383881994,26903.44078671224,26764.895884551577,27030.393156243128,26872.33886990066,27094.576202754295,27491.549759149326,27493.528972037337,27688.62281385541,27942.52755291719,28113.02260598429,28060.714836801184,27846.677100197874,27822.36105614519,28034.702324558773,27973.346725030482,28359.8587275889,28332.149747156764,28193.604844996105,28212.548739781338,28550.99414363095,28903.01129299834,28662.67829945434,29009.32329955428,29674.338829925447,29802.422178249486,29912.12712118487,29939.270612220425,27435.56630888849,14101.043592972357,23112.117127381025,21521.395454818015,23532.275749035598,27884.564889768342,28830.628650236853,28819.036117607084,27506.81797285683,28232.906358058004,28343.459535088245,27540.747336651275,28346.00423737283,27561.953189022806,28035.833303351923,28117.263776458596,28387.002218624453,28248.174571765507,28322.819172113293,28518.47850332794,28096.057924087065,28445.247626471588,28245.629869480923,28261.18082788671,28155.999800123926,28292
Rhode Island,3235.0222987959437,3237.661007252499,3298.933873750176,3332.3118222785524,3288.5846535699197,3313.2240221447687,3285.0206837065202,3243.17830675257,3105.1087434868327,3033.0411605759755,2958.4034070905504,2972.1109834882413,3028.8260808336854,3073.9240071820873,3053.3969115265454,3083.5878485424587,2806.317846958175,2826.1595637938317,2830.545988241093,2864.1980882974226,3031.0192930573157,3056.5496540980143,3131.564365934376,3073.13582153922,3127.3150172510914,3164.736700816786,3205.413933776933,3177.244864279679,3309.6257833403747,3295.369903886777,3271.5529898957893,3314.389166138572,3377.341210744966,3338.754383185467,3318.3643632939024,3357.602300732291,3145.409018096043,3174.503349000141,3206.030774714829,3248.627068370652,3193.4883423109422,3338.343155893536,3373.6744340585833,3394.6127570060557,3330.3584926418816,3337.1094740177437,3388.6842302140544,3371.6182975989295,3415.2769284255737,3437.723084776792,3445.6049412054645,3408.9714432826363,3404.37940518941,3492.3477767215886,3496.9740837558093,3786.2382146880723,3943.7725364385296,3888.462465673849,3936.713134593719,3886.85182544712,3649.6422158850864,1973.9595391494154,3324.635579495846,2965.7369604633154,3215.249119842276,3954.532983910717,4127.077101816645,4057.1684621884237,3936.5075209477536,4138.694272813688,4166.452115019011,3960.1530902337704,3938.803539994367,3821.2268034431772,3855.804164906351,3896.995431981411,4035.9902566539927,3959.536249295874,3955.7666657865097,3997.8489253274183,3988.1508150260524,3983.0104738769187,3987.294091501197,3966.355768553725,3941.168096922969,3893.5
South Carolina,11191.573259888148,11116.26183377131,11145.500387440201,11090.715016676775,11493.261972744423,11446.893761370527,11609.182501179166,11942.324809648946,12760.561303988949,12887.557042146756,12659.850730240549,12591.92277727242,11809.42229297217,11480.710068391618,11311.333194360219,10914.102338959641,10856.511248399704,10533.853471801092,10606.654517047367,10496.493097668623,10967.854023482245,10889.884547031872,11159.676655885723,11036.224984839298,11318.273659120006,11464.761766390408,11368.185937605283,11297.599934303618,11703.247949093728,11718.310234317096,11645.361519607844,11930.51125261101,13113.195981571324,13085.877130921097,13254.663327100601,13385.350801832761,13651.155835186308,14013.093688936056,14143.48582474227,14266.78982632572,14511.035118085036,14491.690418435415,14614.108403241022,14580.292096219931,14835.612597702313,14586.1988747389,14757.495451788966,14725.008169934641,14731.505626305507,14701.824064247692,14745.681894751027,14888.921273835995,15071.736068998045,15346.696609055996,15230.776080621254,15561.112669294524,14854.071280574088,14771.671720234486,14937.504527154506,14842.553062462099,13211.543843912135,9246.323424129103,12883.422297183479,12303.671985546796,13575.253731217575,15612.796981335488,15690.175779933967,15522.570939458259,15243.475654437032,15667.434682635941,15817.171518091773,15656.8024813018,16586.381750724348,16297.983289535747,16769.491884812345,17153.432488545248,17400.926508489996,17344.51677363385,17343.926095781957,17495.43496479348,17209.989892864363,17261.231196516408,17138.37020332188,17123.89859595041,17336.39495317027,17532.5
South Dakota,2076.422216252737,2099.040386822633,2084.288254495429,2124.7308147533113,2265.3130739863404,2261.0489926493933,2208.8471024933456,2205.6424202463227,2290.1294976678305,2239.4902211694225,2185.9905671282168,2249.3161477284752,2237.715727693798,2276.728099180281,2245.952555617964,2156.8570921552823,1775.8177244865565,1691.7808916782665,1680.7101711885518,1645.48515144855,1748.008498376029,1764.5086392016087,1802.3556716891746,1775.2615399643457,1835.8326829308003,1812.3669930889646,1829.8205930954764,1830.4827175266796,1955.0415655245956,1968.9991485343555,1972.8659552125814,2011.957781630809,2316.561504961456,2308.5895268097715,2335.7895984435922,2380.52272501567,2425.9444609961984,2436.406027009207,2476.82210228984,2504.922663150097,2530.772000944264,2552.4102273559793,2599.8977915618616,2576.1672519475446,2594.0181266127784,2581.278852556432,2552.807502014701,2627.1508331501786,2655.224909033188,2650.987312673488,2629.799330874991,2657.9793466669926,2593.01169747735,2617.8546061360885,2580.45781826174,2605.380181852223,2418.4756974122283,2408.384921080694,2433.863469193387,2392.3350248683323,2144.0648481444396,1499.5794117886476,2201.16645909139,2046.2028572126305,2168.3250873037196,2493.9843675466227,2556.621338738431,2507.1209162616915,2714.1010134557623,2694.95237490537,2834.104445367001,2900.6347082142825,3252.275751137594,3270.8417201885272,3368.279951484367,3421.594210684835,3330.9626185417633,3284.9846980390244,3249.22997875406,3298.9952510032804,3268.272677395459,3283.7663890856106,3245.7869317118043,3233.4449323141794,3255.8512230660904,3253.6
Tennessee,16380.83124545517,16267.027490183174,16233.699247567802,16413.95626707899,17195.13775862465,17285.367878876023,17247.365553454838,17543.864980136706,18168.972750166486,17998.063896266925,17511.14640049601,18418.934569781773,16549.91111043072,15893.710528692698,15752.471939560482,14999.334944849708,14731.896119960504,14535.787863107858,14390.68807513606,14127.516891069557,14770.914550339476,14855.657703818804,14966.616365209007,15199.101179550378,15565.915069311024,15596.194997053039,15705.527890510783,15375.497000221982,16065.432266558484,15874.607755486326,15706.543995468568,15915.048732806197,16307.874909486156,16173.139392083773,16281.659401575287,16393.837388914828,17028.293324556234,17429.24834089848,17709.693309247337,17903.76935618441,18338.255836133583,18863.17565732569,19035.913500149265,19035.507058166146,19390.127688433364,19376.30866100748,19360.863865649135,19738.854909945425,20299.9480676347,20187.363638312043,20266.21338303621,20534.87153387476,20460.89909294796,20726.712149904703,21075.43937141676,21338.204113500153,22087.276688379785,22019.80731918281,22143.77212403267,21728.99808026454,20019.096657302725,11304.980539332379,18173.037169997628,18070.613790252828,19574.652348767253,22202.09654860957,22047.44537403458,22734.332325497733,24091.6453281079,24613.516834426646,24544.624918288773,24674.686352885346,26896.90789556272,26642.271993141614,27249.69953690592,27543.35386970599,26724.373273730704,26461.40531065576,26420.557891352768,26200.063115513272,26234.610684077983,26261.029412980413,26108.410448321003,26152.509403488897,26453.886133968143,26549.4
Texas,62050.735373157244,62106.546153255535,62431.333887438566,63464.60846898034,67897.68973817569,66778.37353731573,67403.14421452703,67166.72354883293,67865.9085995086,67396.94301673833,66779.9238367629,66983.78821406634,66334.98789542384,66798.52743012899,66190.8100468366,64504.859398034394,63288.649481726046,61554.63955006142,61437.59194179976,61657.734463298526,63371.59050214988,63931.24860257985,65009.481868089686,65275.35822328009,64863.75372005528,65821.0636286855,66465.98819871007,66308.63280482187,67179.12594441032,67472.13253992629,67565.92565648035,68951.11821253071,68663.53766507986,68241.08106572482,68665.08796452702,69624.723322328,73601.24140433046,75000.3866554054,76411.15915233415,77487.06696867321,78976.90473740787,79755.93020961303,80341.94340064497,79750.50416154791,79560.59247926903,78452.12837453932,78441.27627840909,79306.34336993244,77925.02656249999,77430.48103885136,77018.10138590295,77685.50529791154,74647.69353117322,75780.18727733415,75738.32919226044,78119.58914312039,77273.90079468672,77321.18492782555,80504.72484259828,78679.24724355037,71235.48444794226,49742.132912315734,65176.139058660934,63011.921030405414,66296.23040924447,78924.96970592752,80947.33533476657,81303.90420761671,80472.16855420762,83113.87881219287,83055.74258292383,81842.63326550982,80031.88351121008,78322.67837070025,79620.27900798526,79732.67571790541,80763.6248502764,80320.23920838452,80688.43532708845,81482.96379376536,80031.10836148648,80516.35208845208,80088.46944103194,79998.55207309581,80629.52394809583,80764.4
Utah,5053.4209901685945,5089.1351909975965,5114.259715999393,5218.426135083978,5524.626957695409,5551.204967614665,5649.280592759421,5717.179102475022,5806.118536710033,5831.312275279328,5823.837209989537,5859.620624386035,5784.38547651564,5774.626363498414,5737.873959156943,5575.222075536493,5189.494863869787,5104.431389414668,4981.992588510594,4983.307646293057,5123.395906909137,5172.745180535257,5275.527328269881,5301.205561811661,5391.806121666626,5448.0075384750535,5508.777050738352,5492.165794538818,5508.223342198368,5593.425243788484,5624.70977629761,5767.4281524786165,5791.168406130452,5778.986818250793,5698.214584980552,5785.49289359561,5871.110076590714,5989.119209174913,6057.571427430496,6083.249660972278,6313.730840740829,6398.655888060953,6502.75309357804,6461.363380214198,6402.601061408342,6403.085556380829,6499.15398806814,6650.870128023896,6896.92436047951,6861.071732515514,6931.185076391051,6996.24582983923,7232.887017115109,7353.595478831731,7412.842292610074,7647.683927131003,7769.430592360095,7879.618591817012,8150.93577640942,7904.604689683813,7079.717392241895,5094.949130667433,6708.109748344793,6342.31604411753,6669.973072653361,7910.003347948663,8275.520197905933,8224.025303687375,7962.398018544695,8267.07614267117,8345.218260376485,8363.97513716846,8552.789749303176,8332.067682551853,8432.358141856546,8485.168093857566,8598.124636014407,8463.573460798172,8457.344239723345,8546.422101093354,8446.200855356159,8551.820759358203,8531.125902676282,8485.029666722572,8583.312932569821,8666.3
Vermont,,,,,,,,,,,,,,,,,,,,,,,,,,,,,,,,,,,,,,,,,,,,,,,,,,,,,,,,,,,,,,,,,,,,,,,,,,,,,,,,,,,,,,
Virginia,20389.999159028543,20353.968531240083,20611.075973977488,20697.816374208964,21317.899030222703,21030.32124176296,21066.574280834062,21071.689740334896,21669.753679366797,21518.29159588568,21064.35016800762,20904.65886706864,20490.084236218707,20286.133090033414,20015.458559054674,19542.167349586514,19013.495730739793,18717.688724822194,18784.634520898282,18885.609243219027,18707.680217103178,19353.340170621068,19602.44080718326,19538.608769064198,19637.13696727585,19833.08130728593,19721.20843211559,19619.12165338162,19794.15933282309,19572.41528402621,19479.447367880675,19801.276493867725,20027.246357034852,19722.765311094106,19707.418932591612,19818.846985196662,19614.45101644608,19994.77430976871,20312.377621385505,20408.236884205417,20625.755118632045,21172.886873938285,21486.93160503276,21422.432333065768,21438.445945416195,21588.12873863615,21768.059466295806,21962.002104762083,22401.931621833523,22338.766817562395,22160.17055759861,22063.64406093076,21817.21235976031,22030.059957251397,21821.215762847914,22356.782131456624,23122.09935503743,23251.09789897142,23487.743503705504,23455.049045156713,21010.97146017286,12759.512874050291,18507.065240157553,17697.71058261308,18482.599999066624,21844.791358808267,23022.236689129906,22572.29866433945,22421.948637271555,23266.221866191267,23082.065324161365,22824.068236293377,23755.971510575146,23362.52595157647,23553.132420803075,23683.020609867646,23939.238407474473,23554.466888498944,23649.88132875357,23811.351919953704,23580.489008568387,23924.781674102556,23767.092074707387,23718.16159252553,23823.58454049917,23828.7
Washington,17374.235922458938,17380.537499617192,17640.74012311022,18494.866393768945,18871.3856289748,19633.876465123878,19157.844823960557,19372.09844734129,19879.112842866038,19707.65743101847,19453.231253253845,19584.776676432462,18969.58520635763,19045.72926368657,18522.96092526618,17794.078500627802,16292.46517695818,16348.654239952637,16360.20713140944,15816.433535794857,16517.221428936005,17327.236659486938,17578.249482957504,17753.643380528985,18585.451565418894,17940.590169557272,17975.77397535754,18310.80782760486,19262.34597850165,18175.061352987417,17806.944220659243,20283.726609569112,19301.993401455682,20113.058894866328,20402.931444146143,19333.501287246967,20136.689809209787,20378.250266942967,20538.67791876359,21503.081789691816,21820.523739039007,22770.486495646226,23603.8700748257,22547.56820367289,24029.489098722963,23809.45902961383,23689.20393217709,24565.64828860465,25679.18948561162,26448.76959606374,26360.810081563075,26537.516807709188,26296.21891569094,26491.305241881975,26432.753087453173,28189.842851747122,25527.68906809853,25553.945639591268,25564.185702473435,25323.675507599964,23774.800355243413,13598.540941803369,19063.321166586702,17571.160208654466,18842.50340033279,23984.065230040527,25833.315560273986,25469.399479384654,25412.685284960346,26098.244366635703,25862.460354630923,25383.803056318335,27253.00838088627,26526.751613397166,26660.397562295202,26558.78463061831,25672.362777023514,25094.980769898226,25269.06183889507,25401.657524933395,25306.083604699827,25384.328187748186,25428.176662141057,25202.895278733373,25730.127234307532,25721.2
West Virginia,3778.8416038305777,3767.718130355985,3765.082603539705,3764.578752824828,3751.9824849529014,3783.880110979348,3764.30744859374,3764.656268319424,3625.748502002551,3688.419779383796,3659.8553196249973,3722.216535027857,3722.9141744792255,3708.4962924842816,3733.7275859754322,3647.3753249949664,3628.926637281006,3504.4367529590763,3536.41189448012,3514.0099165417405,3630.515704920234,3662.258299957488,3736.091808560625,3663.8086098494173,4086.3843286420697,4089.988799140806,4075.493401651266,4119.483444834761,4246.260036247288,4206.339556530105,4182.9298771619715,4215.835204618173,4395.477363345491,4244.1283601458845,4193.898319647373,4204.479184659791,4176.496091110465,4226.377311883293,4269.359653637035,4258.623757635424,4267.460524019421,4301.52858389457,4244.670968608059,4173.007893853624,4005.148090304969,3957.94115409572,3914.7650236054865,3875.270879108585,3954.1816526077914,3875.38715235048,3877.6738594410767,3795.895012641801,3880.2706285100576,3836.8619515360347,3839.923813572596,3867.7131183854303,3887.053234287249,3884.495222965565,3897.3627950685795,3892.8668963819837,3534.1251873895244,2293.2183921419464,3413.8986552704005,3178.251551697134,3314.3300024612354,3776.554896739982,3735.3554113619584,3689.466238560848,3573.3867854026357,3644.623524936791,3634.158933166268,3554.0079117535183,3607.0672678048013,3462.42335488779,3474.7483185286296,3468.6245944555076,3510.2504150538116,3447.191560199584,3456.570935045757,3491.9955160763434,3408.550086143244,3502.1112881211825,3461.8032309310183,3451.532427896986,3469.5160226433673,3464.4
Wisconsin,11560.495320205306,11625.78592874635,11607.834085343353,11572.54518769499,11707.675844543593,11586.931253983696,11594.18576604381,11520.534024958904,11380.485054849205,11265.027651044988,11082.189355563754,11138.749958066355,10943.984752926968,10985.667457814754,11025.87466872421,10785.123234593579,10587.65295716059,10399.404517092153,10441.579053306048,10328.703763963902,10612.98227045523,10579.906613774363,10671.264282599213,10770.49125264182,11044.564259116374,11154.365602670334,11158.177295447684,11015.0543795498,11203.794650944346,11317.284729444127,11090.304572444564,11245.108482337548,11450.571018819819,11340.892633097385,11377.779982555605,11508.48415746922,11788.828013351673,11948.058405179643,12110.116827132744,12137.16755006877,12243.771990003019,12309.062598544064,12353.327417893925,12356.155448019055,12206.761682713273,12074.95088731591,12188.440965815693,12246.722977959676,12343.244875708677,12326.153737126371,12228.033387567511,12285.70061055386,12446.160580697104,12438.78311080546,12428.085779462577,12712.73315944849,13152.184449327384,13241.45183501627,13402.15772082257,13304.775118252877,12516.369502499245,7363.698614512395,11521.394729779597,10802.337331007413,12049.252700526687,13690.493835754301,13584.381227146163,13955.590920527357,13286.454401355295,13660.49212486162,13663.320154986748,13619.42420913147,14746.824566406116,14650.671542151698,14896.71016303801,14969.378241470697,14908.637072696165,14650.179710825589,14681.165084370492,14668.623385554698,14577.511632392901,14583.413608306217,14544.681891375089,14474.841843067528,14580.831493844142,14661
Wyoming,,,,,,,,,,,,,,,,,,,,,,,,,,,,,,,,,,,,,,,,,,,,,,,,,,,,,,,,,,,,,,,,,,,,,,,,,,,,,,,,,,,,,,
