Geography,2005 Q1,2005 Q2,2005 Q3,2005 Q4,2006 Q1,2006 Q2,2006 Q3,2006 Q4,2007 Q1,2007 Q2,2007 Q3,2007 Q4,2008 Q1,2008 Q2,2008 Q3,2008 Q4,2009 Q1,2009 Q2,2009 Q3,2009 Q4,2010 Q1,2010 Q2,2010 Q3,2010 Q4,2011 Q1,2011 Q2,2011 Q3,2011 Q4,2012 Q1,2012 Q2,2012 Q3,2012 Q4,2013 Q1,2013 Q2,2013 Q3,2013 Q4,2014 Q1,2014 Q2,2014 Q3,2014 Q4,2015 Q1,2015 Q2,2015 Q3,2015 Q4,2016 Q1,2016 Q2,2016 Q3,2016 Q4,2017 Q1,2017 Q2,2017 Q3,2017 Q4,2018 Q1,2018 Q2,2018 Q3,2018 Q4,2019 Q1,2019 Q2,2019 Q3,2019 Q4,2020 Q1,2020 Q2,2020 Q3,2020 Q4,2021 Q1,2021 Q2,2021 Q3
United States,2611571.936194148,2613838.223128179,2620637.083930271,2630646.517888907,2624657.04527754,2630079.946155399,2639199.0531042377,2642976.1979942885,2647967.4251704277,2653902.9385690796,2660485.962520312,2677321.2368873977,2696530.716613944,2713015.256098382,2726289.222426276,2709319.050027403,2702277.3727680934,2712259.8271203716,2715119.6653942675,2722161.3426535777,2731685.1436977778,2733897.471419093,2723213.5473015206,2719193.5859542512,2725560.7730546235,2725722.6506927684,2711180.6428660713,2710883.8671961385,2708401.7434112476,2695640.389604146,2694453.2869244157,2693347.1230637575,2691917.2039268096,2686143.568166303,2675621.5216868743,2662212.6573271924,2669281.31419286,2677564.0533446153,2673085.4386892687,2672680.7445939058,2665477.189696451,2676080.1749949516,2680127.1159485783,2683688.4239877695,2690730.101247079,2695397.5731469286,2710263.336249916,2714795.9101179773,2721567.791313712,2724265.751949463,2731415.347634203,2740210.6993067507,2744014.8238031594,2753592.584060075,2756938.0552484067,2754806.666346163,2741586.659230984,2764222.548964934,2770778.5933098085,2798999.261559763,2801778.161014586,2692591.6940857475,2735516.247800544,2741856.455294559,2748466.4588521486,2771480.0630751033,2805960.0
Alabama,38277.962909653244,38350.80735145423,38324.93364261781,38616.709466880784,37992.954055393646,38738.11686988243,38148.19630841214,39220.56202541684,39708.978036836575,39827.20098336604,39753.95848450604,40415.927373659266,39834.366010428435,40182.6659370725,40418.3157160134,40329.548991851545,40434.23799837427,41236.32297230317,41294.83735997938,40831.89700033704,40775.77095501497,40803.63494914649,40594.25693610103,40089.91864232042,40546.09203195939,40621.32481611452,40600.227791986355,40692.975086738435,40456.52919367949,39810.084529828106,39370.23147960903,39585.58034853982,39267.930815440435,39055.36834592279,38830.864164634506,38519.981601538486,38714.23344634112,38857.93204464799,38970.98024941018,38900.92220702234,38575.31153274252,38767.17503519102,38955.45602410832,38754.43720930232,39004.01898530898,39059.74697357204,39276.688070738914,39332.81411606098,39496.81362437796,39548.162984991766,39600.30845972362,39645.288907393086,39245.24156307619,39371.82370784512,39355.90142548425,39408.84301433415,39156.47483891433,39531.04653145383,39733.65757449593,40003.938317571716,40259.09289240468,38826.087479926246,39303.75595075239,39352.71696901207,39386.94987608794,39593.93954677928,40155.2
Alaska,11416.856770833334,11398.404513888889,11324.59548611111,11575.037152777779,11373.334895833334,11488.756944444445,11562.820486111112,11607.487673611111,11544.877256944445,11561.038888888888,11450.961631944447,11399.804340277778,11459.233333333334,11621.358680555557,11705.602777777776,11650.62777777778,11838.968055555555,11891.779687500002,11988.876736111111,11965.33420138889,12004.020312499999,12019.036631944446,11983.022916666667,11918.249131944443,12178.616840277778,12356.267534722223,12407.043055555554,12731.54826388889,12773.288541666667,12738.165625,12842.3890625,12548.807291666668,12375.35607638889,12135.349479166669,12202.286631944446,12036.852604166666,12258.534201388888,12251.4078125,12103.407986111111,11988.240451388889,11858.31111111111,11822.17013888889,11867.473611111112,11834.76857638889,11983.022916666667,12030.87152777778,12122.369270833335,12183.070833333333,11970.933506944446,12041.179340277778,12184.216145833336,12289.966666666665,12189.179166666669,12289.075868055557,12325.853125,12267.4421875,11949.045312500002,12031.253298611113,12041.942881944444,12184.72517361111,12236.26423611111,11893.052256944444,12073.757118055555,12090.17326388889,11679.896875,11692.495312500001,11728.0
Arizona,44416.02914303718,45722.702741020796,46437.969439193446,45920.31112161311,46653.54221802143,46088.609168241965,47984.325929426595,46827.04048519218,47055.85018903592,47264.33175803402,48348.81411468179,48355.43257718967,49613.88594833017,49388.38547574039,49055.571361058595,47928.54174543163,46755.182892249526,46170.394454946436,45806.379017013234,47377.79111531191,46012.49684940138,47932.796471329544,47734.71534341524,47674.20368620038,46986.82908002521,46716.89035916824,47416.55639571518,47466.19486452426,47042.61326402016,47527.65201638311,47365.499684940136,47163.16383112791,47100.28843730308,47096.979206049145,46515.027252678,46216.723692501575,45673.53701953371,45812.05198487712,45200.316950220535,45418.726212980466,44937.942186515436,45691.974165091364,44577.235979836165,45898.56474480151,45500.98424700693,45810.63374291115,46299.92722117202,46596.81253938248,47010.46644612476,47209.49306868304,47440.19376181474,47516.30608065532,47098.39744801512,47119.198330182735,46988.247321991184,46728.70904221801,46704.12618147449,46959.88248267171,47090.83349086326,47765.916666666664,48810.21550094518,47013.77567737869,47728.56962822936,47764.49842470069,45964.27662255828,46007.769376181466,46515.5
Arkansas,18185.464776002787,18178.708357001826,18219.80990592434,18176.268539029257,18583.53046214273,18659.35249759796,18552.563541721658,18451.404935012826,18339.73634319139,18397.165904699563,18482.3718554339,18461.914920125437,18580.902965864578,18565.888701418,18609.61774661866,18320.405477716424,18510.523601271238,18409.740351173572,18752.25325886117,18752.065580555583,18778.3405433371,18631.763786677366,18893.387344659015,18792.604094561353,19131.551114442886,18624.068976148494,18850.40901268068,18963.203674335608,18750.56415411093,18858.85453643188,18640.584667039733,18821.506553621017,18704.77064754886,18741.930952054143,18529.85446674621,18522.91036943966,18428.69586003738,18454.407787902146,18143.424835552367,18192.971908226078,18045.456760038433,17989.340946669345,17771.634112193937,17833.56795303608,17904.69803085175,17928.720853966275,18031.94392203651,18065.350660430155,17935.664951272818,17963.065983887827,18025.562859646714,18127.84753618904,17826.43617742395,17912.39284138062,17945.048866551933,17944.298153329604,17614.73504872718,17742.731653134273,17797.533718364288,18063.28619906875,18207.047781144745,17406.787486142057,17813.48637433878,17788.149803085176,17504.94323996157,17616.048796866256,17775.2
California,332323.18367919384,330254.27916707605,333276.2745218549,330566.4413246027,336829.60971923213,332675.1963249154,335557.714971012,335730.4004198565,341153.3876883771,343826.6912714506,342544.8339011819,349425.68486283196,348472.594020171,351109.3679890658,353241.3691074922,349438.9683588969,342611.2513815066,340246.78908194345,339685.5613731988,334199.4774983697,338207.7724359719,336866.1393334107,330935.0583404054,334654.43723859463,338596.31469587196,336504.16406564054,337875.6850343478,334109.8138999312,337649.86560124345,331944.6040413424,327514.55810367776,331240.5787498995,330798.9025057395,331801.8064586441,336311.5533726986,336836.2514672646,336178.71841204894,339791.8293417185,343262.14268868975,345503.73264965205,342388.7528224185,349588.4076896277,355463.03382435703,353809.23856426927,360497.4788329775,359922.9676281679,360474.2327148638,359079.4656280428,360517.40407707496,359218.94233672495,359232.2258327899,360039.1982187363,361081.95265983575,362712.5018018098,363406.56447120407,363343.46786489553,363815.0319752017,366003.48795190407,365923.7869755143,369154.99739331624,369168.28088938113,351886.4525088661,358229.3218798853,357498.7295963124,363609.13778619474,365907.1826054331,371748.6
Colorado,43839.852968460116,43852.848330241184,42744.77714904144,43018.54610389611,42844.40825602968,42273.47869511441,42987.79041434756,42287.340414347556,41718.14356833643,41795.682560296846,41648.40179344465,42435.92071737786,43028.50921459493,43488.11184291899,44358.36790352505,43629.761286332716,43489.84455782313,43541.826004947434,43854.58104514533,43499.80766852196,44307.25281385282,44018.322603586894,43779.64112554113,43180.98812615956,43671.77962275819,43427.033642547925,43032.84100185529,43537.06103896104,43384.58212739641,43406.67424242425,43459.522047000624,43020.27881880025,43255.49486703773,43289.282807668525,43049.734972170685,43064.029870129874,43468.185621521334,43839.41978973407,43877.539517625235,44141.77854050711,44745.62968460112,45009.002350030925,45408.39313543599,45412.724922696354,46285.58005565863,46271.71833642548,46555.017223252944,46798.896846011135,47569.95497835498,47781.77937538652,48042.98614718615,48219.723067408784,48547.63936301794,48665.03079777365,48775.92455163884,48714.84635126778,49336.024644403224,49834.6133580705,50011.35027829314,50467.054298082876,50998.56459492888,49184.412090290665,49875.76533704391,50085.8570191713,50388.64894867038,50889.403555967845,51833.3
Connecticut,31256.055553235215,33015.435762724905,33000.49734126155,32484.66450215974,32689.839147972692,31996.87931151973,32180.103623753886,32298.69639822824,32302.964518646335,32549.60090566369,33175.7951441478,33097.444647901255,33686.14039985492,33552.91406966136,33488.89226338986,32349.60897750129,32616.366503632544,32066.38870118593,31604.517098798675,32074.31521053383,30689.919866348657,31324.95521141312,31682.562729301077,31739.87748920128,31659.697798489826,30672.542518932103,31303.30974357847,31002.71211984656,30142.380989855246,30767.05089961861,30341.458320785197,30695.407449743354,30601.81366628931,30651.506782585755,30277.74138025785,30159.758337271793,30292.98466746535,30363.408654364,30196.3422265698,30262.193227306198,30345.42157545915,30858.20575711946,30304.874431487195,31032.893828517415,30383.834659222048,30392.0660343141,30642.970541749553,30878.63176197751,30424.9915346823,30621.020208170758,30774.367677478207,30786.56230724421,29841.78336612334,29763.737735620936,29670.448817911034,29576.24530296868,28743.96182143917,28971.08680083092,28932.368851323874,29272.599021795275,29038.766996032227,27747.9654353011,28195.81321345746,28227.519250849058,27159.269683347437,27605.897998527194,27737.6
Delaware,7568.438900207857,8173.926755983617,8066.32163980984,7744.063830750551,7784.047375028298,7448.408618880039,7798.304455557613,7648.883879730814,7742.1522668806965,7862.819736165133,8098.579280113601,7970.345203844333,8111.64163322426,8122.872070959643,8101.128031940071,7923.511889032948,8270.93862237863,8136.25301804861,8114.588627523614,8334.816715029532,7676.044016381634,7914.750554629458,8224.503550040132,8224.583198534707,7905.0334382910405,7799.977073943735,8334.737066534955,8234.14101788397,7904.714844312733,8215.582918647486,7757.683723323249,7981.4163445905615,7836.29678747093,7877.076816694449,7670.707567244963,7648.963528225391,7529.01289539215,7537.9335267847955,7395.999909448252,7537.057393344447,7400.778819122883,7614.794324051779,7335.4670535695905,7676.362610359943,7509.0211232532765,7532.99532012101,7617.7413183511335,7697.310164433743,7758.161614290712,7837.252569405856,7936.016702681567,8035.099429935584,8027.2142289724425,8091.649861085385,8114.42933053446,8113.553197094112,8066.082694326109,8109.7300693544075,8127.889926118005,8221.875149719082,8270.62002840032,7905.113086785617,8109.09288139779,8105.8272931201245,7564.93436644646,7643.5474305941425,7740.4
District of Columbia,43474.721896274976,43585.67276249516,43382.26284109149,43391.27167210936,42940.83012121547,42294.09088393203,42256.15896385676,41981.15254331101,41747.39708584712,41855.02890906071,42450.56005424254,42330.12620800354,43179.32706868876,43282.21740189295,43827.488752975034,44134.737305584764,44787.1663308795,45074.02647644877,45935.55521115846,46316.296858914044,47145.58346155975,47977.24080921016,47682.32013062489,47604.08554546964,48141.77051253666,48076.337950406814,48153.150088559254,47339.51040294459,47538.17883433885,47523.006066308735,47363.21785299164,47235.19762273758,47332.39816793047,47141.79026955222,46487.464648253714,47060.23664139037,47261.74996679028,47277.396883821326,47138.94537554657,47205.32623567831,46898.55183206952,47237.56836774229,47243.73230475452,47360.847107986934,48478.416303204736,48515.87407427907,48511.13258426966,48577.98759340234,48769.543789782474,48781.87166380694,49043.1277633254,49220.93363867825,49527.708042287035,49962.97682515082,50131.7738694858,49556.63113134444,48767.173044777766,49578.91613438866,49865.302130956996,49774.73967177727,49765.730840759396,50007.07268223833,49886.164686998396,50931.18908507223,50905.58503902142,50945.41355510045,51398.7
Florida,121159.00930913902,121326.85947452983,121140.22011152066,118994.4937435025,119042.09304413572,117288.4345997543,123207.03184954166,125860.06655325582,130191.602910878,129101.8294490124,133160.29613458086,134164.8919005765,133310.60971552783,132242.1306776297,131575.7404687648,128198.69535015595,129957.36424723562,129832.10292977981,129594.10642661375,132020.41814573293,128357.77722332484,131005.8014743408,131250.06104337965,129031.68311123713,125548.16587279085,128995.35732917493,122922.68865891693,126105.57873546926,125179.89759947077,125920.19198563464,125341.48469898874,124603.69553917398,124460.89763727436,123295.96738493527,122153.58416973823,122078.42737926474,122040.848984028,122149.82633021455,120511.40829789244,120848.36124184862,119491.78117380211,120842.0981759758,119023.30384651734,121026.23231263587,121510.99361118987,121935.6294773651,123060.47610811832,123748.16074095077,124745.24082789906,124975.72165201779,124698.89414044043,123720.60325111047,120754.41525375674,119886.35432378795,119412.86654380494,119392.824733012,119674.6626972876,120858.38214724507,121413.28978357434,122802.43779415936,123343.56668556848,118244.17845194216,120260.88566298081,120404.93617805502,116727.26389755221,117477.57918911257,119285.1
Georgia,74332.03408111852,74222.756156006,73613.92200180778,74850.17499134583,74195.99421516214,74191.53389168816,74576.60848494172,74567.68783799378,74559.51057829148,75061.2969691142,74789.9606244471,74583.2989701527,74474.0210450402,74259.1821310435,74201.94131312743,73943.98593888227,74769.88916881419,75319.25234335936,75545.98545328667,74665.81495442132,76368.91513423593,75754.87726931805,75674.59144678642,74566.20106350245,75751.16033308973,75100.69649313437,74694.06366975654,75595.04901150045,74724.54254682874,75045.68583695528,73991.56272260472,73593.85054617486,73098.7546405631,72758.2832820493,71646.17596253703,71139.18586099465,71646.9193497827,71752.48033866688,71644.68918804571,72235.68204834803,72978.32590676566,73100.24141505444,73072.73608696488,72257.24027847227,72207.43333301281,72273.59479787684,72698.81230239625,72922.57186334091,73818.35349436516,74034.67918285319,74290.40439536136,74520.85444151699,73913.50706181007,74139.49678449171,74200.4545386361,74080.02580483866,73534.3795665218,74248.03132235857,74705.21447844148,75647.82950594254,75940.72408073388,73413.95083272434,74799.62465864072,75070.21761606216,76194.96251875073,76535.43387726451,77309.3
Hawaii,18046.03951805289,17925.26323291091,17677.562772907087,18122.987299062883,18082.926856372113,18282.23747470986,18465.88089021309,18417.491048547014,18277.08118010609,18254.27449243561,18452.990153703686,18669.356208038495,18812.145904758076,19002.730486074066,19117.557200519394,19020.18256011757,19134.414317493232,19214.138564828332,18982.50194570546,18827.61478856936,19369.81899805732,19158.609238326273,19247.456160729565,19125.68828047148,19848.362801091127,19676.023569911526,19431.694533302467,19896.15768568754,19725.603325716933,19945.737441492955,19898.735832989427,19757.532688455616,19581.02875778836,19502.29610556937,19422.571858234274,19395.40215205291,19868.194703413294,19791.445241426518,19752.773031898298,19606.61191178395,19774.7864434759,19780.73601417255,19817.623352491773,19620.097605363022,20059.17592277573,20115.895163417117,20196.21436782188,20229.730282746335,20043.905357987664,19948.71222684128,19935.623171308645,19937.209723494423,19344.235844061724,19350.97869085126,19406.50801735332,19372.59546438242,19111.01267275308,19272.840995701936,19301.39893504585,19463.42557701793,19493.3717495244,19054.09511308847,19132.431127261018,19098.51857429012,19155.63445297795,19296.044321418867,19702.4
Idaho,10481.427841753677,10468.078843777423,10719.450744130236,10968.152844887798,10717.39705213389,11011.691115210344,10616.458090513459,10797.388355391586,10653.424546447695,10789.276272006018,10710.517183946129,10711.544029944302,10794.718555796337,10846.163540304817,10801.906477783548,10816.693060157244,10662.358106631804,10728.589673513978,10617.074198112363,10619.538628507979,10506.893622508373,10435.21977183588,10310.663352257463,10281.706295108977,10068.635750488029,10300.600261475367,10265.48212833784,10137.126378566185,10209.621706037216,10134.045840571664,10309.123083260203,10421.049297061089,10313.846574851801,10232.828425595932,10149.859268943532,9961.330343678923,9950.75382989774,10051.076683919264,10127.371341583537,10004.04713720293,10237.243863388076,10173.887465300786,10364.470082561742,10379.15398033562,10432.960710639898,10462.944613786558,10537.69900245357,10568.812436198219,10756.417200064472,10814.023260561993,10892.679664022064,10944.227333130362,11022.98642119025,11057.385762129055,11090.244834070598,11091.990472267493,11107.701216039544,11206.791854863264,11193.44285688701,11314.918738470908,11480.446313376435,11014.771653204863,11196.728764081166,11163.1508999409,11211.001923455773,11368.725468775185,11467.2
Illinois,97539.02316349943,97090.63718020864,96965.35286134799,96711.95826154712,96788.25923769533,97062.37755941303,96696.88646378944,96727.03005930477,95468.5349465391,94748.85660361024,94535.02547292325,94979.64350677459,94814.79571880006,95535.41604908877,95365.85832431496,95039.93069780529,93868.09842214623,94828.92552919786,95335.7147287996,96058.21903380805,98042.98640102161,97865.89277736895,97035.05992597721,96744.92781914202,96183.5033526687,95083.26211635859,94954.20984805853,94881.67682134973,94341.91806415307,94051.78595731786,94688.56941257953,93712.6705077702,94039.54012163976,94422.92897710056,94886.38675814899,93545.93874507597,93301.02203151377,92765.03122375654,91310.60274014111,92944.95080948876,91625.22651833254,91613.92267001429,89416.26615947361,90404.41089996103,89058.3109627289,89371.05076620058,90143.48040128133,90673.81928487944,90426.0766092377,90831.13117397515,90985.61710099131,91055.32416562054,89740.30981126358,89793.06110341541,89481.26328730358,89510.46489545907,88717.31153846152,89236.3465737414,89439.81584346997,90066.23743777325,89205.2609908662,84897.55279425133,87035.86410112116,86884.20413618458,85747.22539284013,86427.34026665513,87043.4
Indiana,35645.12929539127,37111.48447298896,37509.11005452912,38843.8692546501,41336.03458551643,42610.139035910935,42656.60554008736,41258.70864726865,38541.304918295275,36816.01425940917,35952.30481154985,35792.33234297304,37041.60736365496,37444.19883113763,37922.697412313086,37525.78124305043,37229.246911054375,37186.682174404224,37126.736836955264,37212.57572253307,36773.80422889777,36896.53255290569,35882.072996077106,36725.209487888846,35216.28957364099,36511.32168622183,36606.38293140717,36058.71665317523,36101.63609596413,35519.56332227332,35443.65620858055,34817.245167545836,34094.708762909526,33631.10783956163,33837.54681231487,34337.32776181539,35326.24847665389,36100.57197754788,36226.84736294333,36453.504585605384,35347.17613884021,35706.493457395234,36163.35496410685,35855.11532953201,36123.98258270546,36240.32619621587,36632.985891813514,36971.730254320966,37146.245674586586,37502.0159317541,37872.3291406104,38253.283533629256,38057.13103889981,38353.66537089586,38494.12900184136,38534.565501659,38022.36983730219,38311.45534038446,38539.88609374027,39160.267130416214,39513.90915075122,37818.05910138146,38765.833904124825,38715.46563242214,39145.72417872742,39602.58568543903,39875.0
Iowa,21333.421940132408,21699.599408680235,21711.206028255085,21775.156226304767,21682.986012033874,21770.37703000924,21851.395786257235,21639.745664598147,21545.75480411943,21657.496965124392,21705.061347303694,21772.197676217063,21942.65567742422,22002.509421506307,22225.766162740252,22112.203355527472,22565.77184205066,22666.134964256747,22694.127399701978,22907.143006016937,22895.991547994035,22804.048914499122,23063.718579889468,22814.29004941811,22643.832048210952,22454.712423373636,22771.732444310313,22797.904233547728,22585.571369560705,22862.76475470132,22837.95845011977,22746.015816624855,22663.631575720992,22734.40919705,22732.360970066202,22797.676652771752,22966.769169323044,23121.524096987756,23103.09005413358,23153.612986400585,23147.013143897242,23233.493838768693,23193.212041420677,23442.412991116056,23769.21898541977,23801.535455608573,23933.07714412358,23943.318279042567,23846.368868476147,23872.085496161606,23973.814103023557,24124.472576720673,23844.32064149235,24022.743969858722,24125.38289982458,24194.795036497726,23825.431437086216,24023.199131410678,24070.535932814,24341.12947545127,24401.21080030933,23179.557194862024,23630.167131297505,23705.496368146065,23563.94112548805,23834.07950657336,24131.3
Kansas,22714.566935182283,22700.73767068598,23221.063747359483,23497.89598843732,23395.164309321906,23722.127634198852,23595.68864451834,23813.993462638595,23875.978201720256,24297.770768857583,24449.892678316945,24902.55413941924,24890.700484136694,24998.618137438218,25133.20651512548,24708.450534167518,24555.587771252995,24553.1182597358,24417.789028593375,24635.106042106752,24662.764571099364,24831.92611002739,24579.54203296981,24929.71876610841,24638.810309382552,25125.30407827045,25068.752264526633,24899.590725598602,24889.712679529814,24512.37131970204,24810.194408676052,24567.935328838983,24559.53898968051,24358.767703332356,24235.292127472483,23830.786140955537,24167.87446305299,24121.44764652968,24032.54523191057,23813.993462638595,23774.234327211718,23483.819772789295,23546.051463022668,23309.225308523433,23392.200895501268,23444.801490817576,23621.12461314547,23736.203849846876,23605.81364173885,23697.185567875156,23814.981267245475,23853.011744610314,23666.81057621363,23705.828858185345,23738.426410212356,23651.746555958725,23458.63075531388,23684.838010289168,23831.5269944107,24148.11837091541,23648.04228868293,22782.478501905214,23221.063747359483,23277.862512255026,24012.54218862127,24134.536057570826,24433.1
Kentucky,30576.064661204797,31121.23817150556,31219.936250434628,31897.81866416029,31794.452432849437,32043.865145818847,32333.624032945063,32291.2772220532,31929.49541246523,32196.246977138388,32668.063807154034,33167.556112004524,33754.7429937413,34128.19518428373,33879.78278968185,33368.620103876914,32822.11283575278,32903.13862352225,32581.369548635255,33141.88127390473,34105.52130128651,34416.28687413073,34272.24102920724,33811.42770123435,33667.71529576669,33700.392362439154,33411.967233136296,33466.31786443845,33445.97805763212,33381.95768211057,33347.27997870306,33200.90005758867,33190.89687391342,33027.51154055111,32761.760294245483,32365.634220705844,32474.00204385431,32292.61097987656,31986.180119958273,31435.671578364047,31954.169932197496,31689.419004259387,31553.042266820237,31258.615227312235,30864.489790507647,30971.190416376914,31065.553782380044,30969.523219097704,30520.380272079274,30449.35766798505,30538.38600269471,30710.77420136474,30490.704160509387,30616.077395905773,30742.450949669677,30776.79521362135,30008.8841468185,30333.98761626391,30293.30800265125,30556.725172765997,30058.566625738873,28975.221833710013,29549.07113721314,29588.416993002433,30042.561531858482,30321.65035639778,30687.1
Louisiana,35093.239001717695,34971.0728323959,34757.61765742706,33484.94151987695,33061.05176203788,33196.6427851313,33099.9838379756,32601.586141704,31540.68707240129,30677.46897488577,30427.43107338924,30330.772126233536,30450.92456748959,30452.60267421104,31546.39263525423,31414.15782560372,32784.499774342396,33400.70056246001,34019.921942676236,34406.22210995475,34513.62094012776,34477.70945628866,34876.42761330595,34421.325070447834,34850.92039113986,34607.59491652914,34423.33879851358,34787.82357841322,33848.083814399426,34041.737330055126,33282.22622792541,33076.49034387525,32689.518933908148,32378.733569095013,31726.956918482596,31339.98550851549,31084.913286854608,30830.176686538012,30762.381174991304,30948.6510210726,30439.177820439418,30377.087871745647,30197.194831205867,30168.66701694116,29946.485687020762,30092.816593131476,30420.047403814853,30635.516306849437,30467.034392015543,30696.93501285462,30939.92486612105,31153.38004108989,30862.06071424562,31002.01481481482,31044.638725539724,31072.15967577156,30642.22873373525,30844.272782998218,30900.32154749475,31205.736970799237,31150.02382764699,29763.23643303807,30354.265620333885,30324.73094203631,29551.459364790677,29646.77582656922,29894.8
Maine,9969.0556077123,10117.182852930906,9962.98331070334,10042.843216821197,10120.679023936067,9998.497047755753,10160.148954494316,9894.255949101911,10060.324071846995,9985.708422236878,10022.786235791596,9967.30752220972,10096.481840400356,10116.998843930636,10079.000985374558,10072.468665864917,9789.46282344726,9992.700764247196,9954.42689219071,9942.558311673198,9829.392776506187,9951.390743686232,9773.178026923226,9604.165760173797,9583.188734142841,9337.812732280714,9316.467688249213,9248.2923536486,9286.290212204678,9204.406207083834,9187.385374558715,9123.810264964892,9163.740218023819,9098.049004926872,8976.41905574737,9113.045738449004,9161.348101020289,9269.913411180509,9169.996524033051,9236.699786631492,8908.059712146487,9095.380874422934,9155.183799511191,9255.376700159055,9425.861038910656,9455.946510455056,9503.052814524575,9480.05168949063,9348.853272297009,9305.243139232647,9302.851022229119,9313.983566745546,9204.95823408465,9249.21239864996,9283.806090701013,9325.484129262519,9286.658230205221,9358.973767311945,9365.046064320906,9480.05168949063,9579.69256313768,9225.935260115606,9396.235589866936,9325.760142762927,9334.132552275283,9416.2005663964,9486.4
Maryland,75108.79624868835,76626.5017838405,76691.85341028332,77095.1417366212,76991.09506820567,77163.07303252886,78007.48483735572,78031.56175236095,77814.00962749212,78035.86120146906,78532.01762854145,79381.58877229801,79673.95131164744,80252.65716159497,80503.74498950681,80925.09100209865,80544.15981112278,81613.86274921302,82029.18953305352,82589.83769674711,83437.68906086044,83867.63397166842,83816.04058237147,84990.65007869885,85418.01532004197,86339.81720881427,87128.33617523611,86367.33368310597,86751.70443336832,86270.16613326338,85915.031636936,85019.02644281217,86638.198976915,86118.82552465897,85851.39979013642,85240.01812696748,85952.8667890871,86711.28961175236,86943.45986358867,86789.53958551942,86950.3389821616,86821.35550891921,87591.8167890871,87910.83591290661,88101.73145330536,88064.75619097588,88560.05272822666,88854.99493704093,89442.29968520463,89683.06883525709,89879.12371458553,90111.29396642183,89452.61836306402,89468.95626967472,89711.4451993704,89408.7639821616,88550.59394018889,90177.50548268626,90825.86240818468,91382.21112277021,92032.28782791186,91033.95574501574,91866.32909233998,92545.64205141658,93457.12526232949,94286.05905036727,95059.1
Massachusetts,56801.452863410115,56257.52090751706,56664.73956837363,57731.57066553873,56685.772382994626,57548.70202730617,57569.73484192717,57937.80909779465,57943.65154630048,58947.96844445318,58879.02755208436,59411.858855816325,59781.10160138497,59791.61800869548,59778.76462198264,60237.98107454113,59057.22223151226,59741.372951545316,59222.563524227335,59393.16302059766,58063.42174067006,58667.5309161732,58280.76082508705,59799.21319175305,60549.38357990202,62293.938703743785,61949.23424189963,60721.73581082411,59815.57204756939,57884.64281639156,58401.69950915779,57596.025860203416,58787.30111054277,58637.15018394287,58763.93131651945,58294.19845665046,58993.53954279869,58702.00136235761,59358.69257441325,58568.793536424615,59216.13683087093,58540.74978359662,59800.9659263048,59697.55458775157,58588.65786134446,58596.83728925262,58890.12820424544,59006.9771743621,59091.1084328461,59331.23306643584,59669.51083492357,60000.19342035372,60025.3159489288,60406.82783635969,60558.147252660776,61011.52125671342,60325.61780212862,60730.499483582855,60618.324472270855,60891.16681749325,60176.63536522987,57487.35631799492,58259.72801046605,57988.638399795396,58328.08465798429,58930.441098935684,59395.5
Michigan,70053.00966846473,70043.82319169742,69455.2762468061,69795.17588719599,68606.4457935081,68524.37993438693,67676.16191287342,67653.50193684742,66436.59998107316,66874.48870698086,66307.98930633103,65896.43514715624,66649.7262420744,67240.72291410367,66852.44116273934,65238.07097883347,64994.93556039242,65062.9154884704,65075.77655594461,65600.63059524936,65533.875530740355,65832.74224156968,65094.761941263685,64813.65575218447,63335.85785621905,62965.33662660485,62762.00927415539,62169.17530677265,62951.86312734614,60232.05357244252,61144.57693132709,60644.2201634018,60989.01925806757,59913.58904450963,59540.61808775748,58743.23190435633,57852.75608971326,58420.48035393206,58629.31959244188,58667.29036308002,59296.25780574745,58901.85173653828,58819.78587741712,58346.9885397937,57844.79447651494,57918.898722437785,58331.065313397055,58573.58830005363,58653.81686382133,58833.8718084603,58926.961439702216,58884.70364657266,58185.306548689325,58163.25900444781,58085.480167818045,58073.84396391282,57523.880221444124,57905.42522317908,57967.280833412195,58628.09472887291,57428.95329484875,54679.134582505285,56030.159099082055,55994.02562379736,56738.13024194821,57398.33170562443,58244.1
Minnesota,39235.15265895296,39623.34605163838,39796.63316065391,39607.076737909854,39886.30356422744,39202.235675362674,39559.78222125715,39117.483901521024,38814.798994943696,38762.964204692325,38689.1847587141,38531.41025116067,39404.65620663627,39625.99454457093,39781.49891532504,38856.7965257313,38887.82172865547,38791.71927081718,38946.08857317161,39464.81483181851,38696.75188137854,38661.943117122144,39532.16222353196,39266.93457414358,38098.19247862187,38031.60179917486,37906.74427521171,38227.59027618368,37640.381557423665,37981.28043345638,37811.02017350663,37909.77112427748,37829.18126790127,38068.302344097356,37705.08045620457,37636.219639958224,37386.88294816515,37678.21717074583,37489.41746026821,37776.968121516686,37731.9437416633,38378.554373339124,37831.4514047006,38616.162025002326,38236.29246724778,38140.5683655427,38274.12808056995,38274.50643670317,38094.03056115644,38090.62535595744,38139.05494100981,38249.53493191053,38573.786138081494,38653.99763832449,38656.64613125705,38615.783668869095,38291.91081883137,38546.54449648954,38588.542027277144,38999.81514408909,38738.749412166144,36851.88737578972,37526.496361323945,37600.654163435385,35975.99292738157,36231.3833173062,36591.2
Mississippi,22157.825479418214,22122.28574457792,21648.277256585247,21712.81567077376,21276.74530463515,21128.91745051416,21177.975366704755,21450.301310358314,21758.821094401384,22220.401576959106,22551.81505522445,22718.3939350894,22874.725161350092,22938.609469989402,23031.92852834306,22960.84905866247,23211.371484009098,23124.811516330585,22952.563721705836,22513.004792638112,22947.984982861377,22485.968429937522,22211.898204819405,21762.74572769663,22288.646589259795,21954.180618431485,21861.7337008101,22214.514627016237,21821.397191942277,21890.514344975247,21762.74572769663,21739.41596310822,21691.448222832973,21645.006728839206,21458.80468249802,21394.920373858713,21602.92593850683,21515.057759729905,21332.562311500893,21410.6189070397,21351.313337244854,21403.423745998418,21449.647204809105,21311.848969109305,21603.79807923911,21645.224764022274,21788.909949664947,21882.66507838475,21626.473738278317,21775.391768314654,21869.364932217522,21896.183259735048,21328.637678205643,21317.08181350297,21315.773602404555,21287.21099342248,21139.16510411842,21330.599994853266,21410.400871856637,21638.6837085302,21545.146614993468,20643.789168184954,20974.11247053495,20984.57815932228,21035.598392160493,21270.85835469228,21181.9
Missouri,41222.693720099254,40698.365067990075,40895.974282878415,41296.17445756824,41190.31237816377,41791.858076426804,41654.02980049628,41951.273913647645,41599.230606451616,41501.256289826306,41932.177224813895,42035.13328635236,42033.057559305205,42683.17527047147,42685.66614292804,42874.142158808936,42898.63573796527,43349.06850719603,43365.259178163775,42989.137437220845,43396.8102292804,42906.52350074441,42371.401067990075,41915.57140843672,42393.81892009926,42068.344919106705,41722.113647642684,41865.33881389578,41789.78234937965,41119.32251315137,41699.28065012407,41450.1934044665,41722.52879305211,41408.26371811415,41230.16633746898,40998.10005359802,40900.1257369727,41035.047995037225,40916.316407940445,40751.50368039703,41014.70586997519,40629.035784615386,40635.262965756825,40453.01413101737,40358.776123076925,40484.15003672457,40793.84851215881,40890.99253796526,40725.34951960298,40824.984417866006,41006.4029617866,41145.06152853598,40629.86607543424,40834.53276228288,40890.1622471464,40861.517213895786,40323.903908684864,40717.876902233256,40862.34750471464,41269.19000595534,41098.98038808933,39508.973469975186,40377.04252109182,40361.2669955335,41095.6592248139,41323.57405459057,41825.9
Montana,7641.064284453683,7489.05489450153,7449.665893403405,7491.466465997334,7691.144585849871,7603.2026119695665,7679.729814103067,7676.67515687505,7774.9065024707825,7792.350202957095,7827.2376039297205,7796.530260216488,7956.417450388266,7915.420734959605,7918.55577790415,7922.33390658091,7870.887048003765,7892.912734332105,8075.87062514707,7941.546092830811,8098.298240058043,8111.6422690014915,7899.343591654248,7824.665261000863,8117.3496548748935,8054.648795984,7861.079990587497,8067.269353478704,8056.417281747588,8065.902796297749,8038.652038395169,7993.314494274061,7877.559062475489,7769.842202329595,7684.472571378147,7728.282786885246,7842.832432935917,7879.809862538239,7724.826201074594,7816.787460781238,7794.922545885952,7898.620120205506,7920.645806533846,7707.141343438701,8018.8771521295785,8036.160081182838,8081.176082437839,8118.475054906267,8141.867298415562,8156.015184524277,8184.552113891285,8198.619614283474,8002.719623107695,8016.867509216409,8015.902880618088,7988.330579849401,7910.597591967999,7989.134437014668,8031.658481057339,8119.5200692211165,8269.439430543573,7998.9414944309365,8061.722739038356,8082.703411051848,8025.62955231783,8115.8223262608835,8198.7
Nebraska,15318.886562120542,15060.98563118311,14995.685906981558,15447.177434415507,15772.68666566262,16066.04072968928,16054.66274744204,15964.793177518191,15588.000577011777,15321.360036522117,15286.236700019766,15390.617319766185,15562.441341528847,15694.030179692576,15650.332131931438,15608.44796539812,14998.654076263449,15169.158911678605,15444.868858307369,15951.601314043131,16253.36519103514,16832.323099296857,16712.277141673803,16859.20152112729,16536.825357455502,16770.816035844386,16138.76087709555,16747.73027476303,16270.514613552717,16777.906662462232,16315.861644248238,16595.034455039207,15789.176495006448,16123.425335805794,15717.280839067367,16085.333830021555,16213.459804023081,16429.476568427195,16365.82582716003,16506.978766343174,16189.384653181094,16366.320522040343,16407.874891986783,16237.864751451942,16650.605179927898,16768.837256323124,16937.198413923586,17021.791238457412,16934.889837815448,16988.316884889446,17078.351353106733,17180.58829503845,16946.26782006269,17026.903085553997,17071.590523075767,17070.93092990201,16896.3036371509,17048.999456874724,17127.98573943165,17389.514432824722,17493.895052571137,16751.687833805547,17059.223151067898,17136.890247277315,17152.885381740824,17307.39508269247,17518.3
Nevada,17424.554242719536,17433.568307034966,17424.002361230836,17671.79714965706,17859.620816311235,18014.51555413965,18196.084563921893,18426.587065702184,18503.666513623924,18626.000243619055,18707.67870394663,18716.692768262055,19066.953553090214,18958.968741801284,19302.23902777257,18880.96949139837,18983.987369289007,18935.053877290957,18950.874479967017,19152.86310483115,19139.617949102358,19263.42336306735,19220.19264645253,19159.117761703084,18991.713710130804,19034.392545256924,18593.623196282,18584.2412109741,18456.572626588208,18298.91848131629,18441.487865897077,18387.403480004497,18350.243459765377,18314.923044488587,18150.646321352273,18162.78771410367,18289.168575015927,18478.831846632434,18151.750084329673,18340.49355346501,18394.577939357594,18728.282279524752,18698.480679134966,18900.101383006633,19212.282345114498,19260.11207413515,19359.082821108655,19330.752904688732,19494.477746336343,19431.931177617033,19468.723276863686,19551.873421161126,19414.638890971102,19516.369045388106,19547.274408755293,19512.505874967203,19707.87192196694,19865.71002773509,19966.704340167158,20270.975000936993,20313.285915070646,19526.670833177166,19991.90692815112,20070.642020538955,19252.01781230089,19511.21815149357,19633.0
New Hampshire,10038.919611939657,10120.936116825234,10126.50329776292,10355.254785934687,10353.862990700267,10277.016010971116,10313.500928902029,10209.315114211022,10325.629430230565,10364.400868903746,10587.088106411247,10418.382641210252,10702.607110868259,10676.26241535956,10506.463396760091,10350.184674723578,10123.719707294076,10156.029239521728,10186.151664952431,10557.363336761806,10194.303608468328,10495.428448830033,10650.514203522756,10498.11262535356,10281.290810619696,10391.242634139026,9944.874019670866,10036.23543541613,9982.65131889089,9944.575777834918,9978.277105296991,9860.073924316448,9933.342002014226,9898.845362989628,9811.062849275733,9767.420127282077,9862.956928730608,9916.640459201166,9858.58271513671,9902.126023185052,9465.40056141253,9778.455075212136,9514.411636453244,9808.279258806891,9635.796063683896,9623.170492628782,9669.895046927231,9701.906337318933,9659.655410559697,9674.269260521129,9707.374104311304,9725.566856304105,9564.416850947115,9589.369751221393,9599.808215479556,9612.930856261248,9487.470457272648,9576.147696494385,9587.77912809634,9596.428141338818,9690.771975443558,9242.216254178451,9409.629338090339,9358.92822597926,10111.988861746808,10337.757931559097,9278.9
New Jersey,76588.79856944612,76488.2021968491,78121.2879902861,78573.61494224725,75843.95734255743,77071.80384780212,75319.57199604098,76126.4833251704,76553.126096894,77735.31183727193,76864.9035069997,76742.90365087139,77266.5755479368,77947.20632423167,77784.5398493939,78220.45746398105,76672.27215521815,77429.24202277458,77610.45818333945,78362.43390473857,77739.59253397818,77009.7337455614,75082.70677829477,75189.72419595116,73028.68580874249,73369.00119688992,73170.6622495,71644.59387371944,71307.84573282722,69900.20996591974,72228.19552467245,71944.24264315741,72451.50520284886,71994.1841047304,71992.04375637729,71899.29532774171,72209.64583894533,71943.52919370637,71880.03219256355,70803.43697093995,71199.40141626872,70014.3618780866,70463.12158279253,69072.60860271008,68540.37531223215,68497.56834516958,68939.19355536508,69274.5147973552,69049.77822027671,69453.59060956695,69801.75394167584,70050.74780008978,69355.13458532303,69618.39743275783,69706.86516468714,69845.9878076405,68975.57947736826,69529.21625137748,69612.68983714949,70384.64214317781,68845.01822782743,65302.0282539488,66517.03266907473,66499.90988224969,68126.57463062732,68892.10589159625,69920.9
New Mexico,26234.055518871235,26394.45253640277,26755.47644231252,26333.846497205188,26824.441935192524,26346.124444801248,25308.50725647021,25478.308659394475,25288.392321046875,25394.714122570218,25797.274063964513,25572.091280394183,25780.29392367209,25824.442288432394,25949.83409366878,25638.70567692601,25622.770468343886,25676.845684352073,25902.812166705135,26313.2090959267,25806.67844935724,26227.78592860942,25998.423418197875,25945.13190097241,25809.290778633,25913.522716735744,26127.21125149274,26239.280177422752,26021.41191582454,26258.350181135782,26130.346046623647,26083.324119660007,26020.105751186664,25876.427641019982,25654.902118435704,25458.454956898713,25508.611678993268,25492.937703338717,25344.55740047567,25219.949294022015,24985.10089213138,25178.152025609892,24919.792660237432,25312.425750383845,25448.528105650832,25447.221941012955,25530.81647783721,25549.625248622662,25228.569980632015,25259.656699013536,25353.17808708567,25423.188511675977,25140.79571696655,25227.263815994138,25269.583550261417,25185.727780509587,25177.890792682312,25434.42152756174,25541.527027867814,25788.91461028209,26013.836160924846,25433.63782877901,25698.005551485712,25721.516514967538,25581.756898714488,25906.991893546347,26031.6
New York,179396.01320541225,179622.47299869734,181039.20546548886,182387.09415512177,175450.17776721276,179216.65704913044,177403.1670245034,180185.90496439065,181037.3937871426,182097.22561971683,180446.7866462551,180271.05384666583,182343.613874811,183745.85291483233,183437.8675959646,182426.95107873992,182548.33352794073,183992.2411699265,182532.02842282422,183979.55942150255,186657.2200173055,185405.35028002548,184954.24237180158,183443.30263100343,184532.12131711814,185088.30656942635,181166.02294972853,181274.72365050536,181191.38644657648,179725.73866443534,181276.53532885166,182477.67807243578,185390.85685325525,184619.08187773963,184591.9067025454,183231.33626448858,181269.28861546653,181916.05778508875,182734.93639760764,180472.150143103,179140.56655858667,179281.87746959657,179781.90069317006,179338.03949833126,177707.52898667858,178352.48647795452,179649.64817389156,179966.6918844907,182537.46345786305,182320.06205630937,181997.58331067138,181493.93673040534,193278.9043729616,193137.5934619517,192784.31618442698,193119.47667848892,191588.60847588166,193063.31464975423,192985.41248086412,195092.39439758868,191592.23183257424,181513.86519221443,185030.33286234536,184626.3285911248,187293.11911685002,189048.63543439604,190532.4
North Carolina,72667.96180300403,72603.24950765703,73214.07044178595,73920.38147026837,73579.4581581964,74294.45010434731,75089.14865818172,76438.63676846653,76411.80484112754,77034.46339025896,77749.45533640987,78615.96875459274,79405.93226242614,80038.06090355956,81687.43526057435,80959.81652508743,81246.28680814791,81174.4719437994,80767.25798771347,80814.60844772347,81962.8571029658,81602.20443255636,81030.84221510243,81131.06735545694,81582.47507421885,82003.8941683078,80561.28348667,80230.61944093354,79798.1519061756,78716.98306928073,78678.31352693925,78477.07407189676,78347.6494812028,78076.96268481232,77510.33551335939,76682.491637518,76494.66814614504,77030.51751859144,77279.10743364393,76725.8962258605,78043.02818847183,77488.23863202138,77272.79403897592,78826.67830163722,76797.71109020898,76983.95623291496,77575.0478087064,77995.67772846183,78475.49572322976,78882.70967931573,79360.94932541664,79869.1775961906,79649.78713147761,80008.86145322006,80160.38292525205,80076.73044590105,79906.26878986508,80551.02422033448,80893.52588107347,81760.82847358983,82266.68922136327,79041.3337203492,80375.03834396401,80649.67101202198,78849.56435730873,79293.86950706916,80545.5
North Dakota,5950.95609971538,5850.137717145942,5748.301609578958,5875.0719795858295,5890.846717047797,5941.160496613997,5938.552576307783,5953.182373147513,5894.281538914516,5887.602718618119,5813.308793797233,5690.672931592895,5501.503297673962,5422.120747865345,5403.674482284818,5464.483550888214,5710.200529983316,5934.354460692905,6090.0663853175,6139.171616449113,6394.302551771519,6342.6530081460405,6388.577848660321,6302.580086367651,6439.6549219746785,6373.057542447738,6282.034762979684,6433.294140740014,6416.565286092845,6438.191942290706,6342.971047207773,6245.396663068016,6086.059093139661,6029.575355775838,5999.425252723526,5983.332476199824,6128.994366473648,6203.224683482187,6311.6123957208765,6404.416193934637,6539.0103248601445,6594.857984100502,6667.37089017568,6615.085268426736,6709.733693198548,6685.944371380901,6714.186240062813,6738.548032191579,6685.753547943861,6737.5939150063805,6810.870114829719,6897.503955245855,6777.09436647365,6855.077544410639,6917.413200510355,6940.502836392188,6912.3245755226235,6988.781165963294,7004.492295612917,7069.626695455885,7108.80910786142,6799.29349298263,6889.552978702523,6910.734380213957,6997.749867504172,7136.224074982826,7129.1
Ohio,80583.34062967013,81946.42530615929,80829.729113467,81339.19691383408,80065.92481369668,80457.76198308977,80813.8330822543,79007.24913493075,80807.47466976923,79433.26277143117,79802.05069556583,78779.14108702847,80747.86455272158,80522.14090950124,80664.4103888549,79269.53364994033,79100.24091752505,78462.81006589571,78723.50497778403,79377.62666218668,80456.17237996851,80583.34062967013,80608.77427961046,80697.79205440158,79504.00011032767,79151.90301896633,79485.71967443307,79411.00832773338,79273.50765774351,79751.97819724583,79347.42420288255,79547.71419616259,78632.102798311,78921.41056638215,77667.21370369999,77110.0578096948,77235.63645627514,77951.75266240735,76935.20146635508,76835.05646971505,76774.6515511068,76939.17547415826,76860.49011965537,76687.22337943694,77660.85529121492,77668.00850526063,78048.71845280482,78130.58301355025,78427.04399566713,78486.65411271476,78596.33672808242,78748.14382616371,77893.732148481,78130.58301355025,78148.86344944486,78251.39285076677,77776.10151750699,78417.50637693952,78618.5911717802,79570.76344142103,79538.97137899561,76001.30963260886,77446.25886984344,77383.46954655327,77482.02494007202,78239.47082735725,79244.1
Oklahoma,30583.428600210984,30460.116343385005,30252.275523412187,31105.84826891459,30834.362413160623,31212.586297672562,31649.814434106614,31975.00078880093,31912.35020670386,32244.829221748103,32395.98618172833,32453.664495405,32932.32820200907,33244.586658810345,33406.01964019274,33239.28290582858,33555.18769280481,33479.60921281469,33637.395864022124,33720.598488923526,34405.44559269362,34313.624369196856,34311.63546182869,33777.94531803884,34284.78521235852,33909.87617346018,33993.741767484295,33922.804071353225,33167.01927145206,33215.74750197201,33057.960850764575,33152.76543531358,33277.07214582364,33312.540993889175,32850.120030791746,32710.896515020486,32872.9924655256,32878.62770306873,32803.712192201325,32909.45576727521,33128.56706233428,33121.605886545716,33123.92627847524,33113.31877251172,32835.203225530546,32939.62086235899,33243.2607205649,33508.44836965302,33129.230031457,33378.50642159984,33640.379225074365,33860.15348925616,33712.97434401225,33856.50715908119,33849.877467853985,33657.284937703735,33894.29639907625,34096.50198150595,34307.65764709237,34895.37977438393,35429.06991817379,34257.27199376562,34956.70441823556,35076.70182944794,34326.5522670899,34477.37774250877,34879.8
Oregon,29722.24405218726,29149.747417202907,29074.715892319502,29830.8262589291,29945.5085896452,30448.768817521697,30435.04353857961,30464.324133656064,30022.370151720883,30184.023437038788,30187.988517622056,30371.907255446014,30593.341755711677,30766.585276580674,30911.15821477065,30907.498140386095,31067.931400909143,31121.91749808135,31059.08622114647,30429.85843320149,30993.509888423167,30751.63997284373,30945.623915225224,30936.47372926383,31846.002213826087,32243.730296947873,30826.67149772714,31419.603548025272,30877.607532912218,30605.542003660194,30444.498730739713,30074.831217899522,29988.209457465022,30022.370151720883,29878.712232127047,29875.967176338625,30072.086162111103,30156.87788535333,30602.491941673063,30491.164679142803,30794.03583446485,30867.542328354688,30930.67861148828,30899.567979219555,31406.488281480608,31362.26238266722,31500.430190684223,31580.341814747037,32174.493889840014,32330.657063581086,32522.810968770296,32743.330450439815,33047.4216305567,33214.87003365016,33233.47541177165,33194.43461833638,33481.75045752406,33626.62840191275,33652.24892260464,33988.97576598383,34088.10278056556,32460.58970423284,33134.0433909912,33209.37992207333,34631.31882047347,35138.849135131946,36165.5
Pennsylvania,85622.62252330667,86821.8814259797,88346.78333875145,87308.69293092418,86610.29611992574,87030.1607116266,86783.86219129815,86925.19456370137,86735.9248953953,87289.6833135834,87842.61522666975,87515.31920636752,87507.88066045156,88145.11609391877,88034.36441028115,87607.06127266434,86505.32997200055,86749.97548212545,86258.20494657033,88660.85527742532,85651.55020186874,86492.10589037217,86682.20206378003,88007.08974192262,83897.7063759058,85479.63714069988,85616.01048249248,83688.60058515714,82934.82793233989,82551.32956511708,82817.46420788809,82298.41900397446,83476.1887740014,83552.22724336456,82557.94160593128,82546.37053450644,82077.74214180099,81956.2458918403,81628.12336643631,81102.46612170848,80936.33859625207,80835.50497383572,80941.2976268627,82222.38053461131,81538.03431034302,81617.37880011325,81987.6530857077,81881.03392757894,81169.41303495213,81027.25415744713,81111.55767782801,81249.58402982415,80622.2666575782,81009.07104520811,81175.19857066455,81384.30436141319,80447.87408110403,81064.44688702692,81241.3189788064,81980.21453979173,81534.72828993593,77857.60709214651,79113.89484684194,79004.79617340786,77088.95734749736,77909.67691355823,78814.7
Rhode Island,9859.285677677677,9935.317325325324,10050.001425425426,10194.425177177178,9898.029077077077,10082.28759159159,9934.316908908908,10159.77439039039,10001.071967967966,10095.383951951953,9922.6756996997,9815.176408408408,9902.030742742741,9873.109613613615,9823.270686686687,9539.698106106105,9392.364052052053,9170.726342342341,9120.15983983984,9190.188988988988,9112.884084084084,9395.820036036037,9168.72550950951,9367.535535535535,9260.12719119119,9355.348644644644,9348.709517517518,9121.34215015015,9271.404612612612,9085.236212212212,9076.323411411411,8945.814542542543,8995.92631031031,8930.353561561562,8906.707355355356,8647.144768768769,8720.35706106106,8732.6348988989,8774.197653653653,8647.781397397397,8646.326246246246,8599.943303303304,8747.82303903904,8648.054238238237,8663.78806006006,8624.13519119119,8669.79055855856,8775.925645645646,8894.70235835836,9002.565437437437,9050.858266266267,9036.3977017017,8951.453253253252,8994.925893893895,8895.884668668668,8857.323163163162,8847.318998998999,8967.550862862863,9079.506554554555,9234.480152152153,9094.330906906907,8696.801801801803,8895.611827827828,8874.057401401402,8903.615159159159,9075.1411011011,9085.6
South Carolina,34858.919954075565,35255.82426802166,35165.13475317921,35837.77925192966,35627.3942640563,35893.9553481681,35900.197136639035,35650.89276182924,35614.91068711442,35985.74635509365,36290.12533405878,36526.21180387131,37096.05037486514,37550.23227713277,37881.78139414787,37354.533850367494,37122.48618485969,37061.16979223343,36846.74600005533,36985.901166554475,36461.95809902342,36649.57891717925,35633.63605252723,35473.55253644907,35942.05383579709,36309.9521915547,36258.91639170409,36725.9490349413,36472.60585582678,36500.87748595985,37017.11010890916,36875.017630188406,36873.18181004989,36968.27729322477,36451.67750624775,36168.59404088935,36385.95514528906,36553.38194192127,36602.949085661065,36666.46846245355,36428.91333653022,36633.42369996035,36964.23848892004,37223.82345650551,37587.31584393069,37741.15757153792,37929.14555372145,37938.324654414006,37897.936611366764,37891.327658868126,38001.47686717879,38297.04390947907,37819.73067346619,38123.00816034822,38070.8708684145,38037.4589418936,38111.99323951715,38423.71549903633,38646.21689982387,39218.99278303932,39558.986672691564,38067.56639216519,39020.72420808012,39126.10028403066,39037.613753354424,39503.91206853623,39814.9
South Dakota,6030.3206390488585,5966.005324168679,5892.328422812559,6001.324036782464,5959.926371911574,6007.463778562141,5996.217716886495,5978.224018205462,5890.504737135428,5826.493369868103,5874.395513654097,5877.070252647223,5911.41633289987,5937.981354263423,5982.904811443434,5960.108740479287,5969.895853613228,6046.916178710757,6088.009895968791,6080.046468511983,6307.946388630875,6288.980057588706,6341.562994612669,6262.2934571800115,6396.030406836337,6303.934280141186,6137.674935909345,6209.953678246332,6329.46587962103,6090.319897826491,6016.7037859929405,5879.319464982352,5760.050421697939,5706.008536132268,5683.63799182612,5675.127458666171,5750.992782834851,5808.925197845068,5807.770196916219,5784.913336429501,5788.864655396619,5822.116524242988,5825.15600037154,5760.658316923649,5906.066854913617,5933.300561025451,5992.570345532232,6025.943793423742,6130.562561768532,6178.82944268995,6249.892394575516,6335.058515697567,6318.7669236485235,6409.343312279399,6443.750182054618,6448.613343860302,6358.948798067992,6410.072786550251,6437.184913616943,6522.411824261565,6603.565836893925,6366.973015047372,6462.777302619357,6509.7676035667855,6414.875158833365,6482.777055545235,6544.6
Tennessee,42055.62531056376,42160.743825982216,42881.00032051609,43545.02057223351,43005.585227678705,43243.075206957445,42518.925434074736,41571.561035859006,39663.85464493145,39039.199763185556,38701.349719803606,39612.376853430236,41147.19369583635,42125.70432084273,43320.07560096767,43303.63731460594,43913.584255922906,44033.41071177029,43295.85075790827,42594.19548215215,41842.360174344416,41052.45725601478,40325.711964232854,40472.791368522056,41477.25718252065,42088.93446977044,42143.007780170876,42910.84878785713,43066.1473353272,42930.747766084496,43728.86982759501,43308.82835240438,43366.794941153654,43048.84387599906,42403.8574295426,42600.251692917,43411.78393540681,43190.73224248982,42951.944503761464,42304.36253840578,42561.318909428686,42637.02154398931,43093.40028376902,42710.1286596507,42964.48951177437,42920.79827697081,43074.36647850806,43054.90008676391,43513.44175895965,43460.23362152561,43427.35704880215,43378.042189716936,43407.45807057478,43425.194116386134,43407.890657057986,43381.93546806577,42873.21376381842,43067.87768126002,43003.854881745894,43060.09112456235,42516.32991517552,40461.976706441965,41189.587171190295,41014.82223197607,41310.71138648729,41802.9948043729,42379.2
Texas,170002.56634053288,168345.74717687702,167403.33627644888,170756.8750652707,169413.55952776532,171011.4780101444,171786.68697662558,173137.60260203766,173511.90693144157,175408.1288641578,176021.83596262205,178068.15963149516,179255.67336691366,181225.99615672,182096.20622203467,181974.60481552783,184387.63272589818,185886.75006549046,187974.87421785033,187038.16338335222,191816.71865467617,190042.09812846678,189903.39652416992,186882.36158126532,190289.10098543385,187587.2697346097,185407.94452736972,187028.66327346888,188294.07790993078,189880.5962604499,191102.3103914484,190731.80610599785,190579.8043478643,190291.0010074105,189641.19349138954,188670.2822613114,189785.59516161642,190108.59889765023,190285.3009414805,190608.30467751433,192523.52682999725,192696.4288298742,194094.84500470298,193916.24293889606,197239.38137609113,197932.88939757552,199458.6070448412,200184.41543992894,201155.3266700071,201818.43433986476,202819.74592156964,204062.36029431157,202479.64198774577,203207.35040481025,203173.1500092302,202625.94367994936,202120.53783415526,203560.75449247076,204225.76218430512,206973.19396256932,211367.94479460604,202988.84787749322,207237.29701732637,207870.00433555734,212367.35635433422,213511.1695842893,216140.8
Utah,20635.997331448492,20648.0002064073,21076.61195948173,21279.133195150298,21119.822309333424,21644.457062078298,21477.944451286145,21338.274633583682,21173.507895512812,21303.79364733839,21454.156935458694,21917.686142958737,22029.640231210866,21941.473658786188,22136.35670129915,22071.104708341285,21946.71127695003,22079.179369677207,21693.99620054464,21486.019112622067,21931.434890638826,22064.339451546322,21816.425525124454,21955.440640556433,22368.339539139335,22586.35539520927,22192.87933065062,22377.06890274574,22051.463640226877,21852.215915910707,21857.01706589423,21533.15767609665,21508.71545799872,21404.617796992352,21662.352257471422,21270.622065634056,21716.91078001145,21887.788072606803,21690.504455102076,21530.102398834406,21468.342151319102,21540.35940107193,21887.788072606803,21903.937395278652,22410.89518672055,22498.843525055072,22776.437287738714,22905.85010320365,23410.189085563634,23489.189826201586,23516.90555565192,23452.09003087437,23584.77635769171,23501.19270116039,23448.161817251486,23378.763376580577,23682.76346417359,23935.696774669144,23994.18351083205,24222.23813504935,24707.372517475244,23732.08436854977,24085.84182869929,24178.80955110749,24676.81974485283,24813.21605120289,25163.7
Vermont,5271.061995818673,5093.220143796849,5079.816527459078,5168.55771148845,5200.3463647952685,5172.512035082352,5219.090885727398,5137.436671255929,5136.255509662944,5132.45525062465,5167.838743562286,5058.915102748458,5253.9094752944775,5184.16958645658,5214.828433022283,5215.855530059661,5107.90763143134,5159.365193003927,5102.618081688848,5111.0916322472085,5104.158727244913,5092.501175870684,5107.496792616389,5055.422972821376,5251.239022997297,5328.682139615522,5193.10533068176,5274.091932078935,5184.888554382745,5121.105828361634,5089.419884758554,5146.526480036714,5217.909724134414,5235.6785028810355,5208.1523022793335,5147.399512518485,5037.9109683340985,5122.081570547142,5082.795108867473,5139.08002651573,5093.733692315537,5186.84003875376,5013.825542807608,5136.101445107338,5063.126200601702,5079.251624088522,5114.12156850747,5123.416796695732,5107.034598949569,5115.508149507929,5133.5850573657635,5161.830225893631,5112.272793840191,5125.470990770486,5128.809056141961,5130.914605068584,5076.0162684207835,5131.171379327928,5150.4294487787465,5211.644432206415,5244.306117995003,5050.33884248636,5134.304025291928,5114.789181581766,4936.485135893121,5015.1094141043295,5035.6
Virginia,94402.39176237932,94448.45868817646,94484.28851935199,95183.48208200603,95355.4652716486,95829.44275262785,95153.79450760344,96274.75636866665,96769.20803888908,97424.3820946703,98045.77373820033,98537.15428003625,99112.47899776914,99928.37543910922,100584.57320435261,100246.74908184042,100418.732271483,100944.9189350323,101343.14191581184,100709.46575873591,102633.01583813115,102058.7148298604,101451.65511880061,101458.8210850357,102361.73283065922,101657.4207206944,101471.1055985816,102464.10377687505,101746.48344390215,102206.12899241119,102462.05635795074,103069.11606901055,102423.15539838873,101940.98824171221,100927.51587417562,100329.66954827523,101647.18362607283,101785.38440346417,101354.40271989557,101141.47115176669,101885.70793075567,102248.10108035967,102273.69381691363,102139.5878773709,103808.23430068875,103904.46299013162,104374.34563326222,104656.88944481789,104401.9857887405,104286.30661951662,104422.45997798367,104518.68866742653,102572.61697986381,102760.97952090092,102936.03383892997,102704.67550048222,101770.0287615318,103021.0017242891,103732.47980048903,104521.759795813,104838.08601961989,102454.89039171561,103097.77993395095,103583.01821901395,103004.62237289456,102976.9822174163,105084.8
Washington,65301.73178425573,64879.36359667652,64197.798521335026,66062.71651880017,66929.11280101394,67451.11656104773,67391.91281509645,67173.86975073934,66475.6987466554,67041.74431770173,67908.1405999155,68599.09163498098,69542.01958879031,70277.73443177016,71313.07798901563,70903.70574566962,71366.50575975215,71396.82962962963,71054.60309815519,70845.22399662019,72374.4134347275,71809.81185748485,71675.52043374172,70430.79777496126,71601.15475285171,70565.81119560625,69851.75625968173,71611.98470637939,71661.80249260667,72448.05711871566,72576.57256724405,72112.32855935783,71809.08986058302,71592.49079002958,71025.00122517956,71044.49514152936,71704.40030981551,71803.31388536825,71770.10202788339,71692.848359386,70910.92571468807,71690.68236868046,72276.94385297845,72141.93043233348,74318.02909449373,74280.4852555978,74559.89805661174,74740.39728207295,76117.245373891,76153.34521898323,76381.4962399662,76738.88470637938,77495.53745951274,77701.30657653851,77749.68036896212,77554.74120546402,78390.8136178003,78796.57587663709,78784.30192930573,79501.96684973947,80117.10821011124,76806.75241515279,77909.96368117166,78003.10128150963,79288.97776369525,80903.36283622024,82030.4
West Virginia,14162.536159522359,13961.676536254125,13716.579119978136,14032.82923245107,13886.944730590536,13872.19879958795,13835.405554270816,13804.052555342989,13710.279887316836,13822.520760190888,13845.283896398763,13840.988965038789,13809.063308596296,13897.252565854476,14023.809876595118,13969.836905838078,14161.1045157357,14352.515290011981,14201.476870519478,14038.126314461706,14488.664614123236,14205.771801879453,14034.976698131059,13818.798486345577,14172.843994786299,14024.668862867113,13971.125385246072,14307.418510732228,14252.729718081864,14368.406536043894,14346.64555048668,14297.969661740279,14265.900840919123,14072.05627220552,13840.702636281458,13693.81598377026,13555.232865221687,13505.697990203293,13517.437469253893,13446.141608678285,13540.200605461769,13500.114579435323,13257.737286353984,13222.80517795951,13072.625744738998,13059.884115037736,13149.36185170391,13251.438053692687,13009.633418126012,13120.013154077405,13222.089356066179,13291.52407971913,13080.786114322955,13121.015304728067,13117.865688397416,13079.640799293627,13021.229732797949,13133.470605671999,13213.928986482224,13433.39997897702,13679.21321714634,13215.50379464755,13489.663579792712,13504.123182037965,13177.56523430109,13457.45159459289,13619.8
Wisconsin,40355.53399639934,40192.96974232099,41184.194860778225,39568.55627409183,40701.92090701245,39816.98780083721,41138.34340449972,39639.83444703387,41235.46512552602,40210.893493411684,40181.298462541,40886.57722638863,40667.32389909321,41213.37306022819,41257.97402224456,41940.32705795293,40327.60629121153,41932.824092380084,41993.68147980428,42762.318619600395,40875.739609450065,41729.82719049249,42684.371143926925,42185.007101911884,42211.684312837555,41433.87688178575,41741.08163885176,40654.81895647179,42539.31380951855,41367.18385447156,41132.090933189014,41693.97968831112,40183.38261964457,40688.99913297032,39165.48029026165,39959.960978142015,39864.923414219295,40395.96664420857,39177.98523288307,40217.562796143095,38105.89481880737,39641.91860413744,38407.680767404105,39659.42552380742,38795.333988667866,38867.86265587205,39106.2902285203,39160.47831321309,38581.49946984172,38630.26874606523,38747.8152067065,38970.40318536763,38506.05298269254,38746.147881023644,38811.5904140757,38888.28739548703,38518.97475673467,38738.22808403009,38750.316195230786,39197.576309656615,39157.14366184738,37215.12607274213,37980.01172975182,37987.514695324666,36901.66884436541,37305.995322457726,37739.5
Wyoming,5942.312027491408,5826.213974799542,5828.233676975944,5937.088659793814,5901.639404352806,5955.335624284077,6051.863459335624,6180.985108820159,6283.01489117984,6417.638487972508,6434.353264604811,6554.003207331041,6657.84375715922,6739.606872852233,6784.597479954181,6751.864375715922,6790.099427262313,6830.563115693012,6810.296449026346,6745.108820160365,6950.561282932415,6852.222680412371,6808.973195876288,6678.806872852233,6854.93883161512,6791.701260022909,6709.24169530355,6876.946620847651,6907.10286368843,6956.202520045818,6977.444215349369,7017.211454753723,7110.605269186713,7180.459106529209,7113.530355097365,7148.840320733105,7186.309278350514,7156.153035509736,7099.183505154639,7052.869644902634,7063.10744558992,7016.166781214204,7105.521191294386,6970.758304696449,6919.569301260023,6943.527147766322,7003.282474226803,7061.575257731959,6928.414203894616,6985.105154639175,7065.893241695304,7120.843069873998,6892.198854524628,6941.159221076746,6957.038258877434,6930.433906071019,6812.107216494845,6852.222680412371,6844.422451317296,6925.6284077892315,6908.774341351661,6636.393127147766,6740.02474226804,6781.533104238259,6865.733791523481,6892.198854524628,6931.2
