Geography,2006 Q1,2006 Q2,2006 Q3,2006 Q4,2007 Q1,2007 Q2,2007 Q3,2007 Q4,2008 Q1,2008 Q2,2008 Q3,2008 Q4,2009 Q1,2009 Q2,2009 Q3,2009 Q4,2010 Q1,2010 Q2,2010 Q3,2010 Q4,2011 Q1,2011 Q2,2011 Q3,2011 Q4,2012 Q1,2012 Q2,2012 Q3,2012 Q4,2013 Q1,2013 Q2,2013 Q3,2013 Q4,2014 Q1,2014 Q2,2014 Q3,2014 Q4,2015 Q1,2015 Q2,2015 Q3,2015 Q4,2016 Q1,2016 Q2,2016 Q3,2016 Q4,2017 Q1,2017 Q2,2017 Q3,2017 Q4,2018 Q1,2018 Q2,2018 Q3,2018 Q4,2019 Q1,2019 Q2,2019 Q3,2019 Q4,2020 Q1,2020 Q2,2020 Q3,2020 Q4,2021 Q1,2021 Q2,2021 Q3,2021 Q4,2022 Q1,2022 Q2,2022 Q3,2022 Q4,2023 Q1,2023 Q2,2023 Q3,2023 Q4,2024 Q1,2024 Q2,2024 Q3,2024 Q4,2025 Q1
United States,0.5224409777258707,0.5479280818350358,0.616726366609576,0.42420668177256604,0.9014803365250027,0.9821391571008199,0.8203572423613843,1.2971224281637355,1.8238644541772029,2.3155367695338223,2.5802423646933574,1.3069568755085357,0.3079563812600926,-0.09124728012914818,-0.5357944624594518,0.4849154158927703,1.179727213246755,0.8049137879122407,0.3330390819356159,-0.20282151706496288,-0.34720495040639077,-0.2469135802469262,-0.33793241351728565,-0.46753766831856697,-1.0113010142959873,-1.4691791759821085,-0.9108966513512947,-0.6387173348890572,-0.38424688618828395,-0.032414910858981294,-0.5132929718346917,-0.9252604193029265,-0.2763885232955986,-0.2553501945525252,-0.017299805631595704,0.34842493537278935,-0.49441122425153744,-0.2773375594295016,0.025445292620861815,0.04072904999492166,0.4621788724059896,0.5694609985432453,1.0328160773340156,1.2356234096691965,1.2308692252226645,1.086890460079829,0.7936348071306318,0.9893026622697757,1.011246099980938,1.239541059171299,1.2670117308499438,0.9248566422427486,0.07448826561521368,0.42956686990259774,0.6157125096204935,1.4845576412795969,2.0305273813540827,-2.71716634143457,-1.7456114543493142,-2.6438055247759658,-2.499805462609913,2.0909947421207873,1.869448048707449,1.8539965256284818,2.2755841098186433,2.0134361386482498,0.8788689338937665,1.4389476470069258,1.757722958671062,1.9503511604832553,2.354312354312357,2.5017635065273884,2.1520115796436117,1.869149961357558,1.8323464662567495,1.8449036539839376,1.8711408892141894
Alabama,-0.4720266996600065,1.0895143316228604,-0.3568242640499627,1.7115392532213518,4.56924378701934,2.9492596086795855,4.310757635693636,3.099355439303013,0.3616347489036088,0.9562514941429869,1.6905681466622637,-0.15016193934635447,1.5667459661766012,2.554463651432617,2.0775881527424764,1.2375045460353664,0.9202544175152066,-1.0438614213832809,-1.6363181879362478,-1.9379393374499858,-0.7574580484773185,-0.492922143579386,0.004887012276169885,1.341584158415834,-0.4921914752045043,-2.2188785430243523,-3.1382859153415312,-2.607591226613243,-2.7091343553636795,-1.5967545314654379,-1.239077351522619,-2.4878117288285324,-0.9854656451515212,-0.3736799350122063,0.5036882649829434,0.9577598090652869,-0.7063891469228183,-0.47802511415524246,-0.1687489199052567,-0.6511305623770788,0.3803805861973313,0.504900504900494,0.8675729341683346,2.3149192803954812,2.738603660347595,2.3080215211543074,0.02624751405756186,0.4470953836900427,-0.17544734087624564,-0.3047778408581441,0.29773018580382377,-0.115767307711503,-0.9277104824294248,0.520505519756237,2.6293545855219307,2.644751960833296,3.6629372039109036,-1.0644430309294781,-0.5353413536488475,-1.615854845617709,-2.221811675936372,2.1196443819378223,1.522006998866394,1.8274101630520705,3.313477659881272,3.3171019625202884,2.9673071881462993,3.6086631234271507,3.6066646774022777,2.624087139497458,1.4446697156867279,2.402633331145153,1.492038127798734,1.7498121225053929,2.347155990592797,1.7867118457804854,1.84541027424847
Alaska,-0.3672596046370487,0.6978605345995842,2.060162322325769,0.20769521252046005,1.5385601641131117,0.6803081520414522,-0.9677385422912091,-1.828744896891034,-0.7607803522949786,0.6157181800002142,2.2857871201419195,2.356503843980253,3.4471058519154565,2.3777145487258906,2.3946250739882724,2.691862948339974,1.3365859658473764,0.948206275735922,-0.0933015567161866,-0.5559106079511359,1.319968442133781,2.7875340344342523,3.5132419071594683,6.474614654847035,4.182847331063905,2.321985997183679,2.8360170239472824,-1.7484862420479805,-3.025076417435649,-4.510677612141408,-5.115099269543991,-4.574309368021751,-1.9732421643413327,0.4343794722944751,-0.5658177725070825,0.3821786225219475,-1.2025361113631026,-2.3421271813191837,-1.3493162453633007,-0.9742044505975489,1.340624808700793,2.896659439575001,1.6167370189746253,2.5473647419225594,0.0070473582474229225,-0.6590904551718707,0.6442701296606181,1.6159590997944986,1.256354759148326,1.8617181688413604,2.038649182035839,-0.2920082472599646,-1.6652913514211931,-1.9776966347577247,-2.362158341187541,-1.8531527342165373,-2.5205241234278195,-6.260193705575572,-4.514831573655119,-2.164358152382103,-3.9464813566354024,0.8269966060918371,-2.1556444818870935,-4.557397656902046,0.6737933268545526,-0.25352052664095454,-1.2839968572750917,0.07665068877662043,-0.37647210245190027,-0.2723195215719773,3.458351504579152,1.5588086171371878,2.7109374158888047,1.971408684478234,0.6986890359566789,2.088290278721955,0.8071194222282928
Arizona,5.022685495096332,0.7449442839455249,3.1156228702790085,2.042537436234993,0.7385673816268465,2.4938038958644912,0.6845936827983499,3.275615311737776,5.508687355629236,4.623439951237535,1.644002037857111,-0.8197681227309985,-5.738898672124133,-6.864112163814177,-6.864842981898093,-1.3519896091628194,-1.4854684628279449,3.871119907298225,4.456449743335006,0.6513455822211537,2.247962687714626,-2.2805354815780174,-0.4399088477162493,-0.6312743417205915,-0.5273288687492527,1.0577680790446695,-0.6747208566367463,-0.8556896379774483,0.3134385519340438,-0.5268472143078502,-1.5930586726514966,-1.826741238482286,-2.2444817296775885,-2.849188961025911,-2.844692418904883,-1.6609287265871764,-2.4604569420035176,-0.4251709476863933,-1.3822518443997223,0.7877051315446895,1.3971866603445502,0.5880152925532056,4.746825354657024,0.5654857284634749,3.6713740894306346,2.5324822870835138,2.36476889989044,2.857789017043939,-0.5462892426125532,0.10476056167776897,-0.6372456715855886,-0.017989566051691344,0.7720295507916741,1.7277465837509411,1.6447237183323336,2.4480207916833283,4.036605490823633,-2.5154557594341966,-1.3786809800900721,0.005854286801506493,-2.2226281231674325,3.9228021755012565,6.016675953195889,3.714327528172112,3.176710025661437,2.6469956452967343,-0.3219115728618283,0.3443020827453818,3.3809796073946994,4.887328900683911,1.6900798433263138,3.0515243559455394,1.2738736081409947,-0.5359717775943776,1.7666175939557174,0.8324008624218676,1.2269045235278082
Arkansas,2.233617671712452,2.50391853392614,1.6839620321644537,1.4106459377342853,-1.3301823092505165,-1.362748963753013,-0.4130512589840978,0.06517382930293107,1.3627787390875095,1.061776061776075,0.7994171928120404,-0.7271383993234202,-0.3857838645898621,-1.0921053900996573,0.48471182292117726,2.2757317300065494,1.6217262913298136,1.3246066659513744,0.9378955847942131,0.18287136770550397,1.698742378048766,-0.03946899758374937,-0.25272198681285274,0.7100806605757095,-2.435756911460211,0.9187388046765314,-1.2763363432011463,-0.5836077396824881,0.017283926908182947,-0.251927628063214,-0.39556962025314774,-1.4069718605627723,-0.8592467430228078,-1.3737945813561994,-1.8229721614134367,-1.6071255687869317,-2.123641856951969,-2.7422108408023727,-2.4655669126642645,-2.6763750860966184,-0.7044413443748537,0.6971525457537338,1.274568315850173,-0.11121221312304251,-0.7213957613016954,-2.1512618359018894,0.39453839008359093,2.2864372469635663,-0.1063861818400695,0.1660053445623164,-0.19002706144541306,-0.8292185752876927,2.223427876741908,2.526375358745291,1.8430837013187702,2.2400494906257076,2.6645305865702054,-2.1644850969878546,-0.2691592443965799,-1.488298557570306,-4.29658704705374,2.9266572637517614,0.5230874920260864,-0.08123557325567475,1.1533806156031485,-1.478980081241124,0.18256726676299675,3.6486580275434024,0.9157436708860839,2.4251395871003596,-0.053598401793093595,-1.0857192052726667,1.966760088587481,0.9709491245938331,1.7930967238689561,1.4399829793818364,1.0821408320759685
California,1.2203682704249745,0.6611570247934035,0.6079944806174868,1.6067671713703273,1.224859962656716,3.3154005703914837,2.19012515000857,4.107884262587059,2.0068934259483706,2.1351568953438718,3.378350039843979,0.17415498763395604,-1.5458218378333561,-3.094831028163679,-4.064141834188687,-4.226974868582138,-0.9750107576536745,-0.8905933062880506,-2.7646505333713978,-0.03329752953812909,-0.1229438697642898,-0.19400296334196873,2.2854781890140554,-0.4512780840021947,-0.7406935778258948,-1.6532985870064396,-3.516380721559617,-0.7641744649159671,-1.6977057452586177,0.23131305452690878,2.9262058480047437,1.8337847097595266,2.2218597063621472,2.4345583773944695,2.2104001198861067,2.511027801809288,1.3266945410828441,2.5660281565002045,3.300972907306753,1.8545916772593773,4.68605627887444,2.7843950128391493,2.323624529851274,2.2013543648601765,0.3821349407740994,0.14748818589532856,-1.1760509655110871,0.44640176158542155,0.8063226889412882,0.9667788731265405,0.5965271094000678,2.086571804376423,-0.6938180808991785,0.6201565771326063,0.8291890491234866,0.8667642752562101,1.9003702927408623,-4.09837682188431,-1.4351938796690957,-4.828814182585288,-2.0833537391645125,2.841131105398452,1.9354385824165945,2.7423028429657914,0.3611155569782232,0.25396698429203757,-0.3512085706696595,0.3919045969617541,3.498489968005283,3.996329799435516,3.704142479169144,4.133437170374895,2.8640491530157126,2.4416441298885565,2.653173908076622,3.0018743965011314,2.375179051239081
Colorado,-2.2923823545449493,-3.8566620038468287,0.4910624398756114,-1.8173128223368447,-2.7524471777929223,-1.0548451264563754,-3.154602224027976,0.30566153079822916,3.1368003030059715,4.366606545889,6.468742457156672,2.8746204981772814,1.049410193634539,-0.020914054244458104,-1.374269952823568,-0.37849698299506673,1.9679966520930094,1.141705842847555,0.05254055474069298,-0.6618578272121799,-1.5055621557403709,-1.3432608364356755,-1.644312189571807,0.7749102035386684,-0.9923680863195747,-0.39279724600582516,0.8219970412555611,-1.0846726730690992,-0.12958102136424718,0.10412512738711918,-0.8649411972374719,0.3369774347453778,0.8261804954864898,1.431891114307846,2.1912350597609485,2.4285080913322883,2.891584817254918,2.3651597137371203,3.137421455563176,2.462910259601129,2.6606661820669704,2.9265069485889863,2.439075896439588,3.8590302787077464,3.048824932057431,2.555447410383312,3.6663299593889875,3.1248411140826375,2.164401556105691,2.617975486137751,1.4178473775789147,0.5965645768828743,0.8673979051895454,1.7168606538828601,2.894089273634582,3.511110675462414,4.8036946972074155,-0.3027547783022578,-0.8661019694530095,-2.6240281815513202,-1.1096245427242828,1.7570412628188496,2.3711122217523397,3.8315666634250665,2.643405205445749,2.660132339200233,1.9321947967815467,2.8200805469701304,3.775428376547366,7.348242811501598,3.2394145658521447,4.521729625345014,3.226837912014711,1.0295542635658914,5.279874382170835,3.4232428428253794,3.0786439511271686
Connecticut,4.50082391598981,-2.816483016625991,-2.9777843437794456,-0.5470346204182047,-1.3538605085141202,1.6095291768953681,3.4051219581830567,2.385731056159331,4.084219287957338,3.1906292891120143,1.172518521927194,-2.0860302548359644,-3.136075316697282,-4.479447562131048,-6.099391425374559,-0.9018622747705137,-5.7368821007402095,-2.0896319539155495,0.3623188405797108,-1.1778495668830071,2.766829889724932,-2.14007403078122,-0.9314851638062691,-2.449349572328106,-5.031184628496157,0.032847914157451065,-3.7453840382722703,-0.7838989333834347,1.8896401219648948,-0.04676803056838467,-0.0060735506989721,-1.566236250597788,-0.3402926516804722,-1.0234049119453597,0.08807183422249357,0.37653346289324663,-0.5372888505031256,1.3055591876967667,0.1163143521796224,2.060140367860579,-0.9683054150385314,-0.41998034134571754,1.86290852149314,-1.8515773977136682,3.13519575856443,-0.9641461274627177,-1.1088079818306076,0.4711235491307243,-2.960802728485976,-2.447422202982014,-1.2566316655133416,-4.597966033765861,-3.693969030154837,-2.7193543726392617,-4.1357736293648015,-1.4566879516047693,-0.7542259927645213,-7.84613262892121,-4.516559659271486,-1.7713073783158588,-5.728994574775372,4.075195413678379,1.2039102115996838,-0.8755845367647852,2.4772177373764936,1.4556394969416133,2.4592141040259623,0.9478984238178609,1.611924489998558,1.9558889264415547,-0.6078051599233744,2.7161537961095465,2.4571651935981356,0.568880524396655,0.9775739371036668,-1.232964921725719,-0.2554021258782824
Delaware,2.6618363471224464,-8.973717146433021,-3.547525377628823,-1.4345112241904432,-0.6926920486191245,5.850934436112478,3.8794275527982656,4.2594246184479445,4.8988641195407885,3.6370539862711255,0.236560182267676,-0.3957432984514934,2.446509742609795,0.18414785819650814,0.014508313263522648,5.013886280749958,-7.205705026754088,-3.2171452767726505,0.9806197052338484,-1.5971464066558558,2.982650274610914,-1.0132346945878117,1.8023712386753112,0.13007508010135788,-0.9384765528730833,4.400803616273229,-7.737535277516459,-3.405259286853683,-0.9971240633303167,-3.691872492326639,-0.7596227377007551,-3.7309890631489466,-2.8526340124840566,-3.9782604351909248,-3.394636802630228,-1.7082164905036428,-2.4614843402414777,0.5930580988846599,-1.0029140875927878,1.660570592538406,-1.2899119550228173,1.415982292463953,5.593932296982267,-1.8071731822901127,8.592860059750258,-1.1708192675240563,3.5527520602299356,4.966447168685435,1.2944087085601192,5.267122792896001,1.985616317227013,2.8334912481922805,1.0433967056800724,0.10195378748516991,-0.7283026502124182,-3.5885399491784944,0.30456558312222115,-3.457022260089505,-1.5119314487564008,-1.0582862201476968,-5.7364012299862095,2.9924630506892758,2.1736345810876108,5.938751855542208,5.5097658247264425,2.5903418660310433,2.516996962245053,1.2486203752579512,-0.9188005194905718,0.2582540490202795,-3.0967499176896602,1.3251687267763708,4.613127262056126,2.478215072297238,4.37614669993106,1.6399423728179419,1.81867484524902
District of Columbia,-1.273849225254657,-3.0079685771687603,-2.581165328579058,-3.2048515683557843,-2.674786005629931,-1.0636193313395381,0.5665127989928641,0.794302609348596,3.4117605392706603,3.2745621566943655,3.164336880172475,4.457041753483347,3.8654291813646737,4.46909558898901,5.064940901532517,5.10040339655441,5.2152599936251685,6.540059088381809,3.89040978697921,2.8192758309918973,2.098654521143243,0.08902441520169181,0.8636129696345888,-0.46197949965970636,-1.018038204569396,-0.9835093494729658,-1.3440284113523024,-0.030043718790793955,-0.008269417626282914,-0.5327771525332848,-1.889895729890764,-0.7565002020788241,-1.2953046498645735,-0.5200602065708193,0.9415361906268093,0.07727087618907423,-0.2932520606193911,0.2201723814095269,0.41676241408845544,0.6448179797790143,3.076648354534096,3.2266125253787346,3.392034284406616,3.231424750412096,1.8669112401915906,0.37521181312031193,1.098613654198274,0.45794167269221225,1.219463396090513,2.740262872301932,1.9146183699870725,0.9237044145873295,-2.9452169873790663,-2.06175483896208,-1.7526900619055987,0.4952652640754508,4.426635166648017,3.583162730314065,2.4230016199723683,3.7937628134363712,2.1316846744938824,1.5473906462404816,2.411286957703028,-0.20321922035992224,0.10980197452596141,-1.9149703782470089,-3.10113509313828,-3.1734401613839354,-2.870795143492083,0.40847538016280893,-1.3102699742835089,-0.0707574983293416,-0.6579011969874026,-2.1044412096439915,0.6113208294940065,0.6756225168168049,1.5666854471231362
Florida,-1.5879550062262584,-3.235194654806672,1.6911734505277864,5.7401276280196685,9.40330035764331,10.264122169741382,8.07088403089817,6.561441284829584,2.450821082414131,2.49428533010622,-1.0174907500840833,-4.272102033628087,-2.2186561176317037,-1.8010588951881186,-1.4697137031688021,2.9842075195832387,-1.2222815923056292,0.6508068287003868,1.1745320074342316,-2.4295076110155005,-2.224626411522077,-1.305522635695654,-6.112226346488901,-2.391712840279451,-0.9336099585062276,-3.0807508309477574,1.3605236351900414,-1.4077971824311717,-0.30516080777861576,-1.550187826466186,-2.170106067540928,-1.737310623128753,-1.3024037451609984,-0.9785858829925261,-1.3293192705525865,-0.7112868381364009,-2.2550599491217826,-1.293274363275906,-1.669862081761393,-0.6270911591436336,-0.8087762593061195,2.2897932696764594,4.643897939073734,1.8115530400834583,4.336100018816245,-0.11479668902181958,1.1510258054175297,1.4678880469075075,-1.3776174731990773,-2.6100895233486434,-4.660651857427237,-5.000799808046058,-3.4845329405191268,-2.0682587497282685,-1.0927940000207645,2.0226894824356254,4.046102836692828,1.6806722689075595,3.5309562568922876,2.7572619244099617,-0.7324302724357656,4.205000259888761,4.213964717936225,2.192396880050616,3.343694267515948,2.6646049481245027,2.0578014426025444,3.9655799058948196,3.9662347395617568,3.952930201824891,1.2609089608469637,1.8547213666169127,2.8019122054862176,1.7480066181213008,3.179895824502902,2.275489095648468,2.758760679817669
Georgia,-0.1488303334199122,-0.20665282325695222,1.1736758399935607,-0.5037210038793599,0.5281848647026415,1.2324806674603164,0.2845431391276597,-0.054705139299174865,-0.2378275103738436,-1.1265601375589256,-0.833349868052926,-0.8210262330321197,0.4568396273465448,1.4802154857925414,1.8207647211829052,1.0626235462928655,2.172531575184689,0.583055922154161,0.20731395782978027,-0.22538175897058332,-0.8785228377065262,-0.7334077512092977,-1.1628705056427868,1.2279706640395487,-1.702027530491388,-0.5139232764828413,-1.2598831383986426,-2.6532317522732822,-1.9180131657690016,-2.752439121123175,-3.025127344699736,-3.135540161169779,-1.7002755829443505,-1.3427814029363858,0.20927871366113204,1.699315061352559,1.5165778720322598,1.7465353492554094,1.8216781770811747,-0.2193724308310621,-0.14470452762123232,-1.0898601363087073,-1.5748431249111565,1.1352312070435788,1.1276775964649004,2.2489217498459615,3.573528653221215,2.5344873123260445,0.7286011262034057,1.0515215426333357,0.26195480034662655,-0.9015524535106183,-0.04909032620020855,-0.3518292137511459,1.2070095964713627,2.6042968398532564,2.676235629015604,-2.0905019797931614,-1.6676973212795896,-3.5583443760230673,-0.004881048839766928,3.96670979045913,2.2450038930703333,2.408567387350967,-1.4204545454545403,3.374452533288898,-1.3922110381051842,1.4679767964957942,1.8588391415866972,-2.0444528695322455,3.811843447094589,3.2804417998677633,4.3547163941120255,4.3426094360800365,3.5822262067123747,3.023741833449453,2.468020087018911
Hawaii,0.1498675981745463,1.8494594410824496,4.425999586140296,1.6116008343987593,1.167893066900689,-0.020028039254944386,0.0319256682372512,1.3531560765096073,2.9594288002135314,4.162215099715106,3.587740053926171,1.9601650894597658,1.7833803212461001,1.2297534082653026,-0.693758300132816,-0.9793974089224504,1.2490979326739475,-0.19947861145999002,1.4945652173913124,1.6179135387004882,2.370944919029412,2.671376298145052,0.9265408089049212,4.0239035367044504,-0.7331032999887495,1.1938115446417568,2.3770731503530116,-0.5714110792526782,-0.41979969262823313,-1.9197296499496153,-2.172937239859627,-1.736399741387256,1.2460639708319428,1.4560436709320586,2.100235676893233,1.487190734300407,0.2915690507125518,0.007160392798678324,-0.0051068349879525125,-0.39927965011575733,2.639954300636549,2.723822966849768,2.3308785226193254,4.863256429065877,-0.2812562114887841,-0.3504928806133569,-0.16269900683733324,-1.902575521705712,-3.7393982279717335,-2.739862906932609,-2.866369398732286,-2.7068288420397213,-0.23916757260444285,-0.8835374373304826,-1.1713241727137136,-0.9497460461659237,0.3912655416485063,-2.791367801318456,-1.796556859722759,-0.19281277358567547,0.6843721247583502,3.0677201625028006,2.0224409281805564,-2.584505497948067,-2.826691856704283,-4.0606248706807415,-4.177798106009409,0.7889546351084806,-0.1648351648351589,3.0258262791826085,4.738555001084812,3.173657789500557,3.0851784429109617,1.9311081106540682,0.9725732278245047,1.4844136566056445,1.0616125422232388
Idaho,2.3282226007949984,5.0972252341563475,-1.073653648406154,-1.700124111030122,-0.6043789728584374,-1.9926699615811525,0.8468444598436703,-0.8337007495290526,1.3836018312675753,0.6747205373702935,0.9801940177849746,1.0488662543955292,-1.1544546128121373,-1.2866219203728366,-1.9333533473431477,-1.914961700765961,-1.3634383768397793,-2.7510441256582587,-2.844956019510607,-3.332755614913294,-4.4107830551989835,-1.3703461654166502,-0.47999159752126896,-1.5629943681579637,1.0936828534593979,-1.816403374071819,0.33560942661445986,3.0234850432844884,1.1976875172692178,1.2597615451361028,-1.412628456627155,-4.098462946400715,-2.0803360462063463,-1.4905794111735478,-0.4715773301467974,-0.3730331717579238,0.9619921925271465,0.8011340449752061,2.727097313637623,4.371251619082869,0.6585865882027859,0.996122048921847,2.6442658875091323,3.652139452909098,3.1584723673241193,6.759564974314068,1.115245414989222,2.20040043867151,2.009124946293748,-0.22330471212466108,1.905269402077203,0.4942015003248596,3.0425800758137895,2.766857131539623,3.201586487233124,3.505094043887147,2.787293677981951,-3.3119730185497662,-1.6204433992026905,-1.6222150712676764,-0.9496667171640637,4.882497159600547,1.9299166229374347,2.8140152389748456,1.9089405714395025,4.10026891682584,3.179460778705722,1.8611571175925596,4.9460650970828155,-0.6773039287279082,4.8666229314311575,3.3676900181888403,0.5756012977842905,3.8231780167263985,0.9683331277424404,1.9746898439443847,2.248349285060476
Illinois,-0.8146960414484771,-0.3230310929063702,-0.5372739631636987,-0.18117464675612144,-1.2521726129291453,-2.1518029755400154,-2.0961082973683793,-1.6709547644664828,-0.5535893408028499,1.008886216342596,0.9963854730440468,0.21598683146366746,-0.8411917517532763,-0.790920945703318,-0.14959288013632716,1.0234889770806712,4.36543352046448,2.963167569935895,1.6517797879804845,0.4755460321040584,-2.018316567666504,-2.6456984273820643,-1.9047796724002652,-2.0924141801515166,-2.4671778075995268,-1.688521474724427,-0.7987676156786737,-1.3680700849311809,-0.1520254017126804,0.7538926959395934,0.418895343264116,0.15207136699568208,-0.1879119608372392,-1.690281361818048,-3.686556763619353,-0.6711928663997405,-2.0129951630188008,-1.5437007835598744,-2.426236657185046,-3.509113569091767,-2.7568675363575497,-2.208148742802195,-0.24174953529239376,0.44904137235117475,1.5715241048087942,1.4340586393165087,1.8276975084257363,0.11853935406096312,-0.9825926480123613,-1.01912355374378,-1.1249325040497522,-0.9793002418149083,-0.8613741688494926,0.5440817232955816,2.3594017050798395,0.6809407520747272,0.35059194146638856,-6.021786054916914,-6.287667713952606,-3.9070441530208426,-2.570126582278473,2.76795538795174,2.094886663152352,1.5165956198875026,2.797987776992465,0.5426308239256599,0.557638092877699,0.9141088470466957,-0.7522446008250395,2.532051282051283,2.522156155971128,3.8523274478330483,2.490831295843517,2.2668374189514817,2.8287239690282764,1.583988816586127,3.5763630038268563
Indiana,16.27588098176334,15.66333519354675,14.04677930200725,6.379413294296681,-6.842343976777934,-13.844831216225698,-16.25286913251451,-13.675786271705094,-4.1403351607155106,1.7686589960289134,5.791158440906345,4.859887574460937,0.708009548478841,-1.2266501245660066,-2.38900425195294,-0.7501050147020463,-1.0036109822274895,-0.7779499802473677,-3.1474765484125786,-1.3603934056189337,-4.343484772840747,-1.0709217686033188,2.10549436756724,-1.9778109229103327,1.7021004644028714,-2.6686204903822386,-3.4357713583282194,-3.509119332985932,-5.0794914224670435,-4.914226340677263,-4.505335964186453,-1.2788524891178663,3.964383440727322,7.446227267152075,7.607282906941876,6.203568966837721,0.7821703369594004,-1.6095723373564097,-1.1933888734037557,-2.42919984753113,0.6402561024409804,1.8109904018563487,1.953798413975411,3.0577229677650872,3.240556660039776,2.750525759632024,2.5978417929719964,4.535535361193368,2.615869540981278,3.566171281079225,2.595988653162329,0.13720916557225202,-0.8740913400758602,-1.9295359183792864,-0.6483960473153901,0.9581693973026449,2.3175871586142263,-2.784478394234467,-1.2396005840331428,-3.6140490339592866,-5.188481726377694,0.1327451701180196,-2.5073424353072085,0.4888106613025008,2.5718716940047637,3.193897738165658,3.6791271868670985,1.490326390487543,2.235017273318996,1.2194398877403867,1.6471650698916207,2.731755424063114,2.9785400158672704,2.2845315733978926,2.367938194109133,2.291446673706434,1.7044265631836233
Iowa,1.5876737564896926,0.28315814988652127,0.4174631423988745,-0.6445248273594375,-0.7814303142207092,-0.431777980421667,-0.6695402927597753,0.649809139251127,1.817758872790121,1.8074283318252982,2.682996673789026,1.6189672370137327,2.8123198102636056,2.705280499436398,1.7816153598627071,3.4721922595676906,1.5946752449683606,0.730265934993678,1.7219757405865694,-0.5118475507417116,-1.377995812892538,-1.5683275363533544,-1.205905205905203,-0.3520684018609558,-0.6928162558350807,1.4389867489755666,-0.031459401642182555,-0.06834910620398338,0.62214186961608,-0.2161436200908561,-0.3125950635155481,0.5492713210922241,1.9711462241716544,1.8864154951051966,1.9193332842275785,1.5990455958223861,0.4664179104477601,0.06914701480985742,-0.11563438884127525,0.5150126178091429,1.6300422985659766,2.2606794414306512,3.4110289937464486,2.457344878823597,1.3054512232260687,0.2773463501220325,0.21290419311309924,0.5340907954352118,0.7064411399254414,1.6826076899093905,1.1171178359831562,0.3939632102032478,-0.8368075939542885,-0.7705089909200736,-0.5346327605594909,0.5123224956150583,0.8217940999397927,-4.849336642644242,-3.2081796183902576,-3.114463176574988,-4.537266493496155,0.0010475811351501503,-0.5358551654183735,-2.2580415381954,1.677439532944118,1.8196293696770387,0.7416716454809408,2.447632532378296,0.8407755641911661,2.6698629573233412,1.6431828871756085,2.101561944249669,1.7000681247394513,0.013027226904227472,0.6066093254866413,0.6160981775835762,1.8806050729346804
Kansas,3.0096874314198763,4.3293478828382055,1.4698981985841564,1.22157716497341,2.0989946333100034,2.5162394531132675,3.638100025131943,4.604293623292322,4.280604133545301,3.0207468879668147,2.8634062118067054,-0.6739519476069205,-1.3635324160536668,-1.9389872913882864,-3.022273353073199,-0.3248869125201321,0.49170667619811637,1.1877494612121093,0.7954026117988109,1.1220614393538755,-0.22878895660700382,1.2167866898435424,2.0606025526003333,-0.31472254972804575,0.6840867923073948,-2.7562844417603807,-1.2401342218441276,-1.2600032430060848,-1.0268139103140648,-0.2668477997186184,-2.1860015504914623,-2.842928902627515,-1.5760212714527504,-1.0488421871959521,-0.525445454456498,0.45537250067112844,-1.1061447025885336,-2.7324929696564366,-2.6460230961421347,-3.1889939130004374,-2.6721234938263057,0.04650081376423589,0.6143151598432073,2.4863770664431204,0.4215188969064739,2.319918358273804,-0.49407511548505356,1.0075315477080968,0.9197902268477219,-1.056633585147879,1.2877442273534798,-1.497210014320275,0.7412107113004434,0.5798692549528436,1.824359332031394,2.876507685058004,0.8627153039497051,-4.325434627292207,-5.494397964675367,-5.034695150475601,-1.7136457342213849,1.8451103021251405,0.9463657071857511,2.3521684694484866,-0.00403359988706579,2.4359444376552855,4.28231480911646,0.4512001925120967,2.5473210774179913,0.27836322424146387,0.8655539053202151,2.0332588038010107,0.8555497644779737,1.296744259824723,0.33739968210316823,1.36371195742556,1.2890141284528882
Kentucky,3.933859723143057,2.829285622650087,3.805642509794653,1.1135579040493881,0.43977498985135527,0.5479846449136185,0.760535599135166,2.8141018935035027,5.813293301384755,6.138148915253282,3.827620607224184,0.6734006734006794,-2.780152421833812,-3.763421521195686,-3.993799911168292,-0.7837480245507066,4.0355094900889865,4.64131866899652,5.25421328423735,1.9197466267838612,-1.5411590163197524,-2.130661523074732,-2.6811984212414717,-1.4265464854255965,-0.46848887224774194,-0.7737367470209194,0.50695449392113,0.0958649042272581,-0.5055602451646185,-0.5848275862068972,-1.6443356168780363,-2.409061607882854,-1.660872211514519,-2.3382725641452593,-2.381396389676265,-2.4015324513559952,-2.1353013991522607,-1.8856666603526877,-1.3114409612776334,-1.0606309642363445,-1.9222108299236162,-2.1111057483469264,-2.4419043563264062,-1.6514873157956618,-2.7024122399929538,-1.618215525402339,-0.7986269568840798,0.01092983048828408,0.4749615913723742,0.724688524261516,0.34702429170044574,-0.13412416917528427,-0.33180091944836,0.17414668126185065,0.6198923659557534,1.3689090511152078,2.4406385368201717,-3.329856454577079,-3.2715279015867393,-4.766718354368247,-6.444666314285146,-1.4787335710542433,-1.2000942053471952,-0.14530539897152417,1.9910439640921362,2.920499822683964,1.729766704322883,1.982537978863915,2.945189318944217,0.9475647080284509,2.6814458616895434,1.8933989090946182,0.3726881377551036,0.6625907297533323,-0.11013215859029063,0.7150802478944731,0.5331294799753747
Louisiana,-5.6397609289018105,-5.111973196967015,-4.928013308910079,-2.654134785167747,-4.4970469236850645,-7.2596680976008745,-7.882685828105504,-6.708549834671713,-3.2859368913128097,-0.4809185544389779,3.7819923410360814,3.6962399619236654,7.79912593398185,9.481621681482755,7.650517953111591,9.39266985029151,5.398361528617191,3.113649112159418,2.5549425703174578,-0.0696322879562909,0.842860941239034,0.4583842401433995,-1.1764187133471364,0.9192506633077132,-3.3898454047688142,-2.0293483181975476,-3.620349631004543,-4.790737199915049,-3.199483279356662,-4.366578773298549,-4.2609532980260045,-4.70080702145857,-3.7864050297442717,-4.215383449242957,-2.7813775362178683,-1.9239024390243802,-2.621656996620364,-2.002116862690792,-2.174561804906197,-2.5952968327232315,-0.9739803799626896,-0.22408624292160656,0.49827130364043143,-0.019403792930889306,1.0828277098548502,0.3449775916315238,1.673580896488912,2.692543411644536,0.7675966009299413,1.938742589829425,0.32243939333627564,-0.26358717275404014,0.38087471906758585,-0.3669234801357071,0.34421871280054744,0.3899432537822666,1.0174260211410753,-4.956323208258887,-2.3063615243932416,-3.6955355546283855,-4.8368115487211805,0.8532904425203871,-0.6314383436886598,-0.7767531101070679,1.2397460736221724,0.24336191541363222,-0.5611112242611754,2.871430205117004,1.547247020022582,3.899833675967716,2.3257242926049853,2.8266515750219785,1.9226335468479134,1.2717004394774007,2.6291559078444364,1.5076463419428414,1.6218023741849104
Maine,1.7180752334138591,-1.1652396236653209,2.0177509822770325,-1.4282274049237638,-0.5327586997386665,-0.034429493979487906,-1.3740611649330914,0.7000300684056298,0.3401736821726803,1.3795157732083565,0.6094110881280688,1.1561179072306338,-3.0043273338662138,-1.3065714207013146,-1.385687680932274,-1.370747546306555,0.41014274483059115,-0.5461074724620435,-1.8641960304030445,-3.549316324049299,-2.6687168650830864,-6.062618684577311,-4.53753012794252,-3.853501023010455,-3.3117846031576965,-1.7446723760207192,-1.615671716264495,-1.3585065504825924,-1.0394947874899674,-0.8705963432926542,-2.136184283931962,0.1278040202032567,0.04153034247336908,2.1501088856853703,2.6367885904996977,1.3417610358313468,-2.1809566238710376,-2.1609015934021953,-0.8957334006564116,-0.46652224293416245,4.455025359693608,4.610600186183551,4.6607837942489105,2.3354457289789856,0.8195096815109824,-2.9669469978486367,-2.6939403380325713,-1.980433083718325,-1.630611061420662,0.5905710196924152,-0.165090799939943,0.24019296174070714,-1.8025219320157462,-0.787480463270958,-0.9260372820204531,1.7588723886232027,1.4021449357943823,-2.249914163956925,1.191632273205478,-1.9491055880956125,-1.0847314762783895,3.6767288580342616,0.49883039766477755,3.746644870941039,5.638346436723296,4.741074364518658,4.7516735798195695,1.2760783932305622,3.1162071581535185,1.3680254958854636,1.6465672775614792,2.8090696937393793,1.7023971390787778,2.2242452113033004,3.1286200067262118,3.9392071142995926,1.8716920315733478
Maryland,2.5398424290390995,0.6229688984830646,1.7384154578023012,1.2744582676245468,1.1940263597983682,1.1939184777539344,0.7689199330370197,1.757866568238445,2.4130359412920543,2.8124711955019053,2.5561118685624518,2.119700748129683,1.3631542124624711,1.892797507648502,2.031012601662337,2.1289821289821207,3.570235789192441,2.615428609137505,2.1000766451330413,2.7714981305973514,2.2862855115926513,2.9753483386923834,4.010809883321893,1.6339178070602036,1.37032366540564,-0.2831092052125363,-1.52493091928898,-1.562906464938655,0.04250290263724417,0.09602939334474467,0.012564260959703798,0.31289309838164203,-0.634164032951645,0.6830316175857224,1.2531275845102088,1.7197593179973845,0.9760879313401214,-0.011392942589922728,0.6358692280650889,1.2390058946016114,0.7704303462805671,1.96913196602444,1.2380179384175962,1.8378101816321437,2.3028439661798745,1.4942960758220734,1.2381010371633243,0.9917504848223033,0.04207489331009038,-0.32728801345185693,0.2636380039696071,-1.4715246547538463,-0.9993591284146585,0.4478586132449862,0.09498005418862737,2.6143856850013507,3.0354216818724447,1.5585168597734615,1.5022573814375426,0.788246176858436,0.3622370345646813,0.8750861305246613,0.9023814209801199,0.5838760386256404,2.0990649086427515,2.122386049824847,2.9735607634317343,2.896609297494601,2.1392577264279096,1.8642383473159125,1.127990453279786,0.9311232912896958,1.1171035970548315,1.6040523427606463,1.6548507637412522,2.2638052865741964,1.857967089030292
Massachusetts,-0.1642328130884283,2.143377270280827,1.4198846539618937,0.2569584344036602,2.297802785024995,2.525106418151007,2.209722780233021,2.620409669680745,3.1454850868567634,1.4793614962915103,1.5410820835349228,1.579452136905834,-1.16679741417832,-0.0953326713008901,-0.9628269393022012,-1.3257408117703822,-1.699019371433154,-1.7802473062701303,-1.457278877474317,0.699684045808382,4.350092500792119,6.623622397862627,6.628288971837117,1.4460621777043103,-1.669066439422888,-7.5912602744926865,-6.304965756691266,-5.340800437098747,-1.575869866220398,1.6207888249794804,0.7676019057702492,1.5223665223665173,0.7671521248494488,0.07277284764194403,1.2103210684771069,0.6589033168522903,0.2430572992517652,-0.5676194323805754,0.3773208225194691,1.169991729368797,-1.7874497780716843,0.8146432634487227,-2.197736629606802,-0.8693398201503385,1.063015822817083,1.036775818639811,1.267946475779885,1.6362612386105493,1.8937061525261274,1.2265778478046125,2.090466388874957,1.9087481817911682,0.4448142974608904,-0.02462835807660577,0.13769092321761917,-0.8845518982425412,-1.2604793372127496,-5.1387410823381,-5.372383786597519,-3.751996003095647,-5.343015822279034,0.42796746616251286,0.7888154275691021,0.7704913027104836,0.18361596825764906,1.1418996493623361,0.6817222239385405,-3.0321394662949603,3.7172019339140654,-1.0042440047042058,1.4841105053749133,4.356068497145943,3.105640525663678,4.985382684420964,2.9721830276154027,2.40752200906314,1.0736377605295386
Michigan,-1.9982123017033302,-2.3111786259796827,-2.721340150699682,-3.2540864298740058,-3.1922601542854627,-2.353041695146985,-2.067844669594389,-2.6242520665444684,0.35572774500308335,0.737623155942127,0.9524734296105265,-0.9350275713258256,-2.490918981522108,-3.491735357729147,-2.9179017689287585,0.46699652217561644,0.9627929995051068,1.2294233590438106,0.16392556698430547,-1.2945532408440088,-3.5247983601443766,-4.325405645699039,-3.538414502553766,-4.315129164632931,-1.0762124711316507,-4.74119505622155,-2.877704548208774,-2.3549971660683875,-2.9014334407246625,-0.18632692082569677,-2.4715412819380758,-2.820048951793142,-3.418030737271332,-2.2430290176607866,-1.8305104762279725,-0.8481662883765243,-0.03684378236278293,0.28693687388774347,0.9042515864502728,0.1957831325301182,-1.7422574636157868,-1.1803527101257043,-2.0327262972787836,-0.31965529335137416,0.8262535736734168,0.9180327868852424,1.4714979666758232,0.984156982588768,-0.7772515660663708,-0.7187484380466967,-0.8914829398948803,-1.146782141257267,0.5674908796108544,0.6262837810624834,1.6467337595546883,2.879067097670757,2.2561467150342653,-4.47877684164182,-3.987142729590568,-4.746383195317244,-4.946836291252379,2.915296138777738,3.154577392023142,1.2598522294040775,4.997978415699946,2.4825690874853668,3.2644516342291636,3.9831944712246137,1.256911532385449,3.004449564975562,1.0456679470764045,2.4857510930668245,3.2246740709681805,2.5600478261288853,2.698473648843232,2.1035891478035698,2.114112979406765
Minnesota,1.7304646761172648,-1.2064561188660634,-0.7349651081979007,-1.409609058220483,-2.7869537153054647,-1.099167150881277,-2.2768469410264185,-1.5481017323995532,1.5457172987540577,2.4832313341493313,2.9815590864927097,0.9251413820961898,-1.3048704264628133,-2.3514011905103183,-2.387283071732852,1.413551743998765,-0.3926421013659676,-0.32093933463796614,1.5591744283677944,-0.5448332290513636,-1.686310950261659,-1.6079001099418913,-4.077944300779631,-2.8871746726158802,-1.7828894349872102,-0.638505896202893,-0.6023190787825385,-0.7903444426726172,0.7344077634498012,0.592405164969796,-0.09477717281710114,-0.46211185115980374,-0.47966694823217126,-0.8873672442705605,-0.43194800476353507,0.3825075946428843,0.26675558519505216,1.5106500830857623,0.6233655658942978,1.7413685628682356,0.0231782406707659,-0.6458653703060607,2.3067702194957334,-1.4348676799019755,1.5646724565256835,-0.6121185492890167,-1.9347597057983745,0.32283290890496547,-0.5634529348160305,2.0727210617797245,2.7992529970481375,2.15262232171411,4.108181446343231,3.2462547000807267,3.91752778700213,3.1217593770177516,2.116772233774452,-6.929985127559768,-4.92871039596981,-3.3687825517745136,-6.488936433759355,3.057681079253852,1.1625952764623853,0.8894735808674642,1.768170916498571,2.1847169211195947,2.072726206647185,1.3895916858043795,3.0222949720449854,3.0046884423088054,0.9966491144088138,2.9205697174447094,4.267884147858895,3.2296142405212844,4.8373794920893705,4.2430176714691985,3.1421830966521958
Mississippi,-3.7038865141807906,-4.356152213612371,-2.065978342986647,-1.2181172362585633,2.236870431689334,5.06130537092846,6.263885460380129,5.735007313505604,5.098817796227774,3.386184132971807,2.2552606616722013,1.2363825004323017,1.491213005896172,0.6584760981728278,-0.537654765060018,-1.9813818430267207,-1.077300544290614,-2.7223984292403074,-3.1177433476721643,-3.450379018907394,-3.1007972935731654,-2.4424562356868407,-1.5943025540274833,1.8269510373111186,-2.3752549819551207,-0.5132540906151957,-0.5120935943380414,-1.9635454106803443,-0.1958893375926747,-0.7088653155900314,-1.2562209022314863,-1.504665668913298,-0.28283560306389127,-0.654516161514463,-0.3058570093078027,0.6434901436890131,-1.0265468860401672,-0.5888911412933334,0.11007939986340794,-1.2929374810011147,2.0937656165543035,2.0034869849815005,0.6628045490180082,1.7307573860020082,0.4155595069226792,-0.09795689896445697,0.9558005461717421,0.6215943491422806,-2.3566980362507657,-2.10613731414965,-1.4516856183940332,-1.8632917485659288,0.18338716086108448,0.8575137212416173,1.3825915458593472,2.7018741441680754,1.181698921013297,-4.005877584110251,-4.078174197300593,-4.624783586396283,-2.025227398361724,2.5589325113220043,3.0002404373869545,1.2884178020739836,2.5995075913007746,1.208428117054898,0.9002425681778876,3.2846151469270484,1.1058451816745722,3.116196287820994,0.35809125291704486,-0.021939009553441437,-0.6378560126582474,-0.5927664736805678,1.3270256184099842,1.9340488349824414,2.2085095794974063
Missouri,0.037773735325398475,2.5235260998954376,1.8516295540483672,1.4238187650996055,1.0920436817472834,-0.5118951889697578,0.6521504267460285,0.23234472928911165,1.1441377683415828,2.855537594133205,1.8481474614806797,2.053140096618348,1.9173955296404173,1.3253600896989859,1.2531736526946036,0.32448940637527,1.2415016257759273,-0.9334922256270635,-2.0533103715829326,-2.5019025875190364,-2.5938309394866788,-1.93708530240107,-1.5795117521470718,-0.3356425017074793,-1.7394919793852293,-2.4134506795435944,-0.10502758200986548,-0.8106044289546368,0.1594143000531361,1.1412951305406274,-0.9953719625433677,-0.9642906492429768,-1.0600880295527768,-0.8236257286868356,-0.7830643720597841,-0.7823322470375961,-0.36641676182911126,-1.3197939251685786,-0.7572347427702475,-0.9552412712443199,-1.0355206506139365,-0.5865811991654866,-0.2227553118574402,1.2291465950002356,0.2980956121534445,1.4953820574429495,0.7677465628188407,0.7273310157588583,-0.16868655427592089,-0.0699216877097558,0.4180409218955315,-0.725062908407362,-0.1649484536082469,-0.26189000619740826,-0.2885152943055749,0.14226461217866618,0.45939492852177827,-4.486871116456203,-2.941559286736947,-3.6205930609468204,-1.744938175035327,1.5382516814790752,0.1640172888664115,0.6892471220818625,0.6052440878981691,1.0695573995804404,0.7899073120494455,2.1608024659539398,0.9810287105610142,2.8189031123471495,3.4485577365199616,2.902206928564952,3.752373489255266,3.1791648849951732,3.5864562138242997,3.617624273091907,2.7141916492369607
Montana,0.7134351095900863,1.4895610861700714,2.887873554423615,2.407722142327963,1.1877370147854502,2.489827032714541,1.9526602073771835,1.617055682035793,2.356012674884978,1.5598483102516258,1.2306441864827231,1.7347515651500136,-1.2084871797508896,-0.43322640205473256,2.085499294883008,0.4044250064317146,3.1940366876965127,2.970153428574404,-2.2173373801336957,-1.275008199409665,0.17150582110932575,-0.626798398293667,-0.476416359024078,2.6774220339687056,-1.1430930991419217,-0.16300331068835794,1.9914622015915033,-1.0161471340606518,-1.8439846368572959,-3.2887131122604156,-4.349107015868504,-3.166561114629505,-0.445265550562,1.3075801902125592,0.7509054411436746,1.8702926222072096,-0.31589482683127645,0.011385513486638448,2.363483027619665,-2.344389102318497,3.0863358259687406,1.0483829236739952,1.81458672323947,5.944415578907179,2.044315484041165,2.215326000122923,1.1318579058099962,-0.27824207060141837,-1.8751056362533884,-1.1412711295478022,-1.4442455217386951,-2.216088723842021,-0.21581640407314484,0.537187569682334,1.7079531961964256,2.9488745419647464,0.9219958977275009,-2.6655375433502715,0.308315539502327,-0.7517447657028857,3.251836200825028,5.2057007913162465,-0.9559240433299427,0.1808209270086087,-0.8321802342577546,-2.159017071297784,-0.36055036657626066,1.6234482482000752,1.040602153918709,5.216288827844355,4.830109564463614,3.816665844392912,2.8932089820766964,1.4622483622627003,2.073017124506029,1.1975706424111134,0.5661518685847098
Nebraska,2.979725918306415,6.950356211401015,7.09715345135546,3.1246561777973465,-1.1277589817947444,-4.538304812777769,-4.885154534706987,-3.8813613570895247,0.3269784368040701,2.706020259211749,2.819949394060451,1.222084091817251,-3.1725063883234474,-3.9892328398384893,-1.5499357791233557,1.9091377627668782,8.767025249927322,10.434002467197484,8.640215758718615,5.568467944993209,1.9791088355643325,-0.47322135792190306,-3.007245645548671,-0.8623062104393837,-2.354044217721384,-0.962166353767035,0.4525875522816595,-1.2779782651162475,-2.9445775171388227,-3.5666821202287124,-3.5391355684678074,-2.499479275151006,1.7988596229947482,3.4122837943228355,3.4810806167589807,3.658406323435157,-0.4942786979466046,-0.890523466636359,-0.20856247535641612,-2.0413210366324948,3.5643023671000513,1.6125501641736542,2.5422935751198485,5.214381890095104,1.2198831832562662,2.5656018547013937,1.1367093228416685,0.43690824926765537,0.2314188681513447,0.3910664813018217,1.1740643078434652,-0.3513906309104216,0.10794602698651187,0.2570386753541721,0.7234169061539949,3.466360321662246,3.2259030731444405,-0.9072660783846065,1.41578118850847,-2.245715664977073,-0.848252715472628,1.358818279365014,-3.454631884282937,-2.2410097877509894,-0.18241766817544833,1.0002572372716863,2.0207399666392036,4.792887452010517,1.6408502321036051,2.6948131459078204,2.995203340917374,1.3092437622922282,1.382639129264246,0.49410507840819895,1.3522042650855803,1.9575188900096927,2.368126552986474
Nevada,2.5344696800678133,3.233287249698997,4.319673684093221,4.155818475430886,3.611993559336806,3.484102298254693,2.7669462101383298,1.5272328397249502,3.031416691167202,1.9098707967187878,3.226778938614286,0.9131518803241109,-0.4372063634418076,-0.36867114533835865,-2.024189568877842,1.4185857379631321,1.0021086248899533,1.8255077707425356,1.6415010946766913,0.05075266197711343,-0.8705522280664436,-1.1073649357990758,-3.1511032906579275,-3.1663741414469255,-3.2388001717545625,-4.229995814917275,-1.1057742508092365,-1.0309494373782035,-0.43108002451238614,0.3751745307653937,-1.4792368362703243,-0.9951091444178701,0.1612937456227797,1.1383063445712596,0.22076947808379455,0.8137122816021902,0.4873397605678594,0.954360767268272,2.455194832969754,2.5815894699998982,3.5192409066947876,1.7086817255293463,4.750970650857947,2.850584695555079,1.5572167678331301,1.5859057863577313,3.050894743134993,-1.9774011299434948,-0.42319764934763304,0.6965274282838572,-2.3117978071278213,3.37821899966156,4.694093358175128,2.8837888087003423,1.6697184144108541,3.552544121586088,0.11928123436837704,-4.281675362149886,-1.3317497712272006,-2.534919813761003,-4.118946963873935,3.521112464474224,4.158691319533528,3.2967681056853118,4.856052027697321,4.4583239368951455,0.15345413899913513,2.1648111142829793,1.6829289270730987,2.416084703762121,2.721056265428315,4.684021794812102,7.177631578947352,4.3185775822564345,5.239024749558038,2.3008345641226393,1.189087752220773
New Hampshire,3.14090208172707,1.3894470919216833,1.715786959636983,-1.5223018624601787,-0.27845522757640545,0.9362553560979259,2.641094758197038,2.0810400455494285,3.7068618172618373,3.1941353580311627,-0.7018474968659165,-0.6200440631013048,-5.529604163466671,-5.134919628132883,-3.3709314755427733,1.914766243241713,0.8913798215327509,3.6028463632456362,4.919987030078766,-0.4139399557607406,0.8891922380532612,-0.8426526040178379,-6.511720915858473,-4.571344307017381,-3.291457994681809,-4.661887627495258,0.017500704889505087,-1.7123486121573868,-0.17780109595430157,-0.07509337910453812,-1.4824391713894005,-0.649510165177994,-0.6715916722632576,0.2439928949268916,0.7834546997414794,1.7486252324247273,-3.1611645157813224,-1.7758392398161833,-4.173683179949106,-2.1278043469808416,-0.027321022008605107,-1.9695107445880622,3.2980168987607006,-1.3298638354504453,1.094151703475774,0.9979676646343362,-0.7289451560259105,0.5203929621129807,-1.1854343755944725,-0.6707512413903512,-0.8917184760082842,-0.6528813898763407,1.7093064491615728,0.16630046967282786,1.298844912689862,-0.8789170773991316,-1.3976609352274447,-5.0853767746998875,-3.9368828462263563,-1.305660914572762,-4.438315198173346,2.499761473141865,1.569247298497886,0.2977631700959316,3.507918719472217,1.526575444475479,-1.7067241677431133,1.5224046185770308,-0.029620853080552737,1.3681325957845618,3.059841264913773,2.172461245800784,3.567816091954018,1.7215042309006363,2.774207799510005,2.0410992820005065,2.0578689317036143
New Jersey,-0.7600876954575976,0.7272265646252418,-3.626087959471579,-3.1573658648379452,0.9165350592917705,0.8795146015627717,1.9498453380468603,0.7490875331081989,0.8928329126977749,0.4274457661452307,1.3382456520561306,2.0336073719396803,-0.7647892122581523,-0.8423671583436949,-0.40009267179926084,0.1363543797203728,1.473604322331758,-0.45791813033191753,-3.142026392305963,-4.160219284672189,-6.269143101360505,-4.652460816881389,-2.5068582987724333,-4.93680228803395,-2.846937903126196,-5.073031639175533,-1.567044690143921,0.53668999116841,1.9183761268748456,3.368808434453947,-0.09240098176042728,0.30600818596028934,0.7598142676234771,0.13855879607800162,-0.11753485101012512,-1.8487330260131298,-2.0499295425981807,-3.071941270863168,-2.33031434165729,-2.8454327960152264,-4.405346294046151,-3.4072208894264016,-1.6946307067873914,0.8457299719435604,0.296919963800157,3.9471658610178726,-0.42995630117033357,1.0417917617389205,0.6448015410351324,-0.9744972009122863,0.8222605607514556,1.084534244540194,2.2514127993069404,0.393834250618183,1.1477804907336766,-1.4883401920439103,-1.1230863200204777,-5.54865876791373,-6.555268651252976,-5.0029341263763,-3.5490106211266736,-0.249200874831752,1.1942447566514591,1.884599679618066,-0.6797239783480084,2.472935794322559,0.7020223684623501,-1.424299411166265,0.9443970628003123,-0.40426691903345674,2.860200307526074,2.8991399530883513,2.829352731469084,3.1770295393513726,1.2615524468461303,1.9309869714100358,1.362725450901804
New Mexico,2.2591632944190594,-0.2600479644023095,-5.428728924708709,-3.277612631741493,-5.66073546856465,-3.561323715441742,1.9486262134946521,0.3233016683962791,1.9273714918016258,1.7172495969720454,0.6101828577061505,0.3302168291227229,-0.6000434241951647,-0.6054103008347959,-0.26649945132464403,2.624117693710849,0.7486248734089151,2.2581188285513374,0.5108456460232471,-1.373660873849254,-0.008869441816462433,-1.0731338802312622,0.5786222534991149,1.0930781511699736,0.6603392369632325,1.151349604957837,-0.06608100754101733,-0.5309408698516578,0.289818178257769,-1.057909153382312,-1.6550624294993985,-2.335752203769556,-1.5073856036864537,-1.5495382688996697,-1.2340063677892725,-0.8118324074720418,-2.404718243544628,-1.4686009538950595,-1.7970486354444077,0.1478085125637154,0.7678322956763751,2.1227889715818433,3.329561325707773,0.3935742971887663,1.2719850829007653,-1.5138199018436391,-1.4167743717750139,-0.12300984078726925,-1.4192302716044414,-0.4090881745442894,0.7485913871958795,0.40853518108722586,1.1509222521731164,1.7024746793387326,2.0920044899621706,2.982737816248988,3.996366939146218,-0.0831543205598803,-2.073461444903925,-2.7297904481543194,-2.4559719756226177,1.0581276688496204,2.6370176066134063,3.6645461876176,0.5952615215081154,1.4382211939098644,2.8548471412805654,2.6380485931047697,4.839545779090582,5.150384659991483,0.9280262030927929,1.9611328910804,2.4881284460159114,1.4880925025506293,3.051299506681708,2.0289429491708937,1.5201718613457693
New York,-2.1264547964043525,-0.38440971416463904,-2.1743472962985395,-1.380062459723398,3.225406533462819,1.7370254831260354,1.721374240645283,0.08947151488344451,0.7856599543616541,1.106055929992947,1.7424295650951926,1.3017014523613506,0.05362409509340434,-0.10437385533391698,-0.7645486203596796,0.8308711257411341,2.3413230112649606,0.9038757244805365,1.5040957531413974,-0.35891283826305304,-1.347052776538602,-0.11331555451355903,-2.0057783654081556,-1.5029951347563948,-2.29442123371835,-3.336821413552678,-0.2418621385810153,0.7574543122795637,2.7074886056081438,3.1434323812992617,1.9936883233982916,0.6214947695000099,-1.1804235810426777,-1.620433946717908,-1.1875644614704561,-1.507080809178837,-2.1263518938905808,-1.7777378958283596,-1.680981351147161,-1.0976882324610882,0.005064214236508858,-0.7978642412676609,-1.181942267832763,0.0811605965304061,1.2842196947446216,2.3637275266814757,2.3706720144061495,1.272174353775959,5.389730513474331,5.968791547127555,6.801395260511931,7.665282017917029,1.7942027610418105,1.581956078786513,0.27981058975462075,0.04555469817687411,-0.6822884626139624,-6.145702744114776,-4.629655552133791,-4.634241534401359,-4.5882838748427845,3.3670733275945564,4.935613918352974,4.633373934226545,4.163674814341193,1.0213458409112803,-3.670272286460271,-3.2464146023467952,-0.3333396286993029,0.007580279901830742,6.011383876713384,4.412189346834265,0.4339381306551715,1.064948600123171,-2.8188176854100853,-1.3680193218901449,1.6207088478627987
North Carolina,1.3297374649127702,2.187586359365492,2.4448354626826694,3.430607911954599,3.8553876571105743,3.7622777032581842,3.511991124007842,2.86438423593728,3.936110123219165,4.153374616876227,5.167580492229041,3.0401759351646263,2.442509938106989,1.482393449842835,-1.3308245624350623,-0.30235959053001676,0.9941842187991256,0.58192864962964,0.3277581343609647,0.2784990782770734,-0.5262441150149753,0.5844455122233386,-0.4464727661512305,-1.2552011781100794,-2.5835346117364195,-4.492410283407907,-2.5456678897805367,-2.1699746769560306,-1.7155017516386986,-0.5175317715510683,-1.2693488974827296,-1.9336818735228845,-1.6218645314159743,-1.2302735537359644,-0.2408044729689336,-0.05320758260215798,1.1274448735517575,0.37399100343863534,-0.06526738909722998,2.7578288100208592,-0.5697566984908936,-0.18629876111323654,1.8763671044856651,1.1844537900489853,2.2043260544112115,3.8791360341770535,1.6057309739195889,1.3763954702433387,1.4829780785938131,1.1429427031343562,1.7836576498983543,0.6565721585676295,0.9158056103048007,0.7658524549716181,0.27451983627202403,0.11314220499400202,-0.3136775237230917,-4.621894006914713,-2.177390075654243,-2.496142771504673,-5.097961606966165,3.078597687457631,2.5789431448862636,4.2956348206456685,11.99274304541852,1.7294281729428198,0.11147726939360926,0.27155268218672535,-3.4354343171026893,2.0515883896744853,1.5999687429793825,1.0688126445643689,2.253181642884692,1.7598909903944906,2.418881892034802,2.717676339051576,2.537314840133143
North Dakota,-0.9605402753853082,1.4962593516209428,3.2708957512562176,1.258492807788581,0.05644055887672131,-0.8753785497971565,-2.14503546504323,-4.387004169419707,-6.504270946054847,-7.603269578851491,-6.834125103591568,-3.835293276620057,3.619976359338063,8.98382910760629,12.190232779573538,12.123352165725034,12.09301772897952,7.066312511449016,5.18157859472015,2.6531266229819663,0.46007229707523983,0.3336327473373508,-1.7677411135176688,1.7772180240694306,-0.625745248873533,0.8547555100822586,0.9446299838959088,-2.7223979100783833,-4.906874508887811,-6.071013420691102,-5.289249119350729,-3.816254416961133,1.3958214688508541,3.2873938234797766,5.585764834891519,6.803820720058782,6.3180731914143715,5.644449769625405,4.904815948949675,2.8830278142330905,2.982183550859748,1.4094381837115473,0.2520948366486672,2.845444819356445,0.6568161015500075,1.3430802391313283,1.5108016207521342,0.5661471982715525,0.10292589335679113,1.834926813607949,2.3969511583592373,1.1149791127909265,1.5353132018966653,1.3890804484464,0.8844270323212613,1.4784430607607595,1.4688387915015846,-4.763107777216374,-3.0989388658582766,-3.253072777325421,-3.203271095952797,0.650927418532055,-1.401649116830807,-2.672130490541844,0.12812684557712645,0.7197015772614762,0.6259399260252774,2.4778414881461033,0.3139089663997465,1.6595881725408128,2.7123641798279237,3.302929240165538,2.716681781489501,2.44329825464554,2.0213539925674042,1.1270372243183382,1.6639338695436965
Ohio,-0.8162433395125818,-1.7231300014375421,-0.3435062798753811,-2.6662046528639975,0.8024111476436413,-0.9605351692394601,-1.2535075880416655,-0.17800104822841165,-0.17376616316545587,1.5399460428112917,1.2438544739429631,0.4923570728034632,-1.8748845215057364,-2.7927001919981467,-2.497936191909876,0.10055205047319228,1.892869530746731,2.690381661113665,2.54699032801092,1.5067656733174417,-1.362641637893295,-1.8592813498732401,-1.3715395823215193,-1.7395606954361975,-0.6695328061214296,0.319710182224912,-0.2885619177056741,0.0908381796818635,-0.48046855611257333,-0.8850343357802503,-1.9912094424416176,-2.6713754426808474,-1.1481182232596239,-0.9506744313374172,-0.7578429692932258,-0.638537242938076,-0.7880928355196861,-1.6110552763819108,-0.6763000497578151,-0.6559015841604285,-0.05390616259318889,0.2604778491680108,1.501876067109006,3.275490296745029,1.0522459446807624,2.248553264324701,1.3174858984689557,-0.8222310598528517,-0.11278952668679318,-0.8828306380095323,0.1222809877917989,-0.1182921816887639,0.3367342823728707,0.4745006182582075,-0.7437122062138236,2.0645355547749276,1.183657884688801,-5.247886337485615,-2.6320001600608154,-3.824292963064951,-2.1380337636544176,3.769799366420284,2.6641049614203043,2.078668343506849,1.9412057190984935,3.8129642820799727,1.4791241343421004,1.3512159942305493,1.4931315946645531,0.14703431780979048,1.4506617226484768,2.7484310915649455,1.7369556688897487,1.2792780447698477,1.55531577770649,0.5723024835042239,1.221428502569157
Oklahoma,0.9311537114845925,2.373877479413603,4.537078924429823,2.6462290967209023,3.51896620881803,3.3234796392691277,2.316793852844024,1.4431416807741346,3.2265496549340624,3.2798100944344606,3.283542057810146,2.7113056914756486,2.169016942274538,0.8350646874027855,0.6831733602341332,1.4512521688547486,2.3583032132501893,2.182849748668693,1.7985218987153158,-0.010874508175647335,-0.2764762375949361,-0.7938981862105328,-0.5544836188582705,0.36779609068349073,-3.855133368353483,-2.8612668519191167,-3.514978098756487,-2.652809929567068,0.3925734810542788,0.6125605232034942,-0.38898255164428647,-0.9593005606039262,-0.6077219999395078,-1.180489275129354,-0.009176276267112303,0.5016654065431115,0.4603528696004675,0.48698657991054756,0.6852248394004551,0.3344685609718935,0.1715889133374944,0.21550197796417214,-0.09317210508192589,-0.37996230773906337,-0.01712949901252417,0.4543068287363991,1.9412062848453993,2.428828608915863,0.9664708194342329,1.1668107173725164,1.138567095908108,1.081354821412634,0.9512307108777596,1.2377934295620092,0.9871202438305156,2.7132696766081192,4.676732022266391,-0.3355935197087679,1.3396421130517762,-1.321754432946322,-3.218128063928064,2.0321561136983677,1.0414064751657068,2.234046677521899,3.663797310222317,3.5684302959538985,2.5633711753855675,2.3397578710857987,1.899902086314675,0.5757996440850217,0.2558635394456158,1.8221567592103576,1.523550825064212,2.2585157531010562,2.507721043774166,1.3164598420612144,2.0958656025045013
Oregon,0.9035589157293011,4.401758494234093,4.58697334955216,2.0096818363144155,0.20962332301342454,-0.8929610546251044,-0.9505381801264784,-0.3308143529038579,1.905191001834392,2.1393571253189294,2.546995591327835,1.9766282793578116,1.621137954629179,0.9887433761510055,0.26232238588456025,-1.5639623151633657,-0.19889159372247658,-1.20364716475374,-0.26163605594028344,1.6057129576810039,2.7578547481394704,5.0659962287869496,-0.17696351428719342,1.2829843421845946,-3.6858585858585973,-5.814788226848539,-1.8603681109546866,-4.515685308368226,-2.73201120072156,-1.5773204607046036,-1.6289275430077308,-0.31822140038918006,0.9251072822547773,0.5808075375911458,2.599969755233415,2.008175062822877,2.16764240844408,2.1130525910558733,0.5242933094699316,0.6523371007475159,1.3938703167316704,0.41889203057913343,1.4054857932825788,3.5609243697478847,1.6768764309139148,5.042235895296685,2.849470694552024,2.5448828481590406,2.495131450827672,1.4723256391164001,3.8861664524421475,2.8368233118032893,4.535288762221418,4.3313634940513674,3.065130396118095,3.8858483942020063,1.4824631987504109,-5.056501148778565,-3.7936694021101984,-5.566305887581362,-1.409501777035667,4.489199253281707,4.144082667186583,5.90519143095249,1.9367962910398429,5.6490339168904,1.896453276670612,4.324279286785526,7.93970502241569,0.6862674922157392,5.12874688811928,-2.8849310935406134,-2.9383185285189626,0.4301037047569193,-0.47273680531281365,5.249547689102507,2.555061395892763
Pennsylvania,1.257154731095468,0.1266011319630395,-1.8798607239794156,-0.5750473813156036,0.1856256704444633,0.3625883227965864,1.183801203360469,0.6360246599034889,0.9077874194629598,1.0912459471977825,0.2558980826053662,0.1533813188945515,-1.1791952315485368,-1.7841433912469742,-2.230179497773486,1.1984168719381936,-0.8151184396037349,-0.1362181729970713,0.7287342937099811,-0.7101702950078327,-2.1585645969047715,-1.1183257812865062,-1.1840167067554281,-5.138045963291801,-1.6115841631789247,-3.8199890398533456,-3.547437542456042,-1.5912192572374257,0.9260707999217691,1.5875042978535083,-0.1486814304718682,0.5350486363144552,-1.1307372561938447,-1.8731082766823628,-1.0080329153604888,-1.6318224952796319,-1.5121520972167921,-1.6181484912391233,-1.2558015259621513,0.6554018438770929,-2.1343920714051077,0.8013462617196897,3.421458780140712,-0.08102126314123978,1.7722059541239423,-0.8883854042451755,-2.9041823326485616,-1.1451061052548368,-0.7412957690194208,0.0451182097094222,0.507989101687654,0.23107394366196124,0.20432196310125822,0.36479159776716985,-0.8311157008380695,0.3922194832283807,-1.2174052794407129,-6.283762868583187,-5.356910414434615,-3.894941943693322,-4.572724314650611,0.07778038229591829,0.6548809259317978,0.07758032149283463,-1.3202339978901816,1.2200964578874953,1.173008198444402,-2.396923999214456,2.9727453351762354,0.028399230065304537,-0.5371093749999931,1.76638780048713,1.5509485009595056,2.127234490010538,1.5939167946186827,2.143645029032871,1.879388682362657
Rhode Island,0.42186772346660273,1.352452338276028,-1.297332070549123,-0.446038979928231,1.0802455103432533,0.21614862450875674,-0.12039467728795532,-3.3487696680450276,-0.9571530095445262,-2.094436819308022,-0.9634120920452969,-2.626540240941773,-5.112671323081961,-7.184211484542859,-7.255156761901256,-3.6165888905614945,-2.977888389011191,2.461749705766972,0.6759023543109759,1.9874272773417714,1.6624078769522026,-0.21154398391882018,2.2130528956885582,-2.7392802450229765,-0.271728581964974,-3.3544686279964355,-3.3215391843818685,-2.111830581196246,-2.7723716476587024,-1.3994759409242488,-1.694024299528877,-3.044072703876458,-2.935495170895265,-2.0756578285116096,-1.1602449630235068,0.09331840238895026,-0.3577983543337911,-1.8081825657894823,-1.0605612093868317,-0.9654629456978987,-1.0462047912247334,-0.4093340731357499,-1.403103334433802,4.435053659965278,2.8894419810926277,5.499842321034383,4.616608069646752,1.4312613930009412,1.1149847032636389,0.3437556047109491,-0.688137627525516,-2.680925437687003,-1.018254191628803,-1.2888875649160336,0.7311767312572963,2.5741710296684306,0.568695351931036,-4.631371405003579,-4.845127876982138,-4.053693134044896,-2.8263876967818184,5.208586045039806,2.7634178119615114,3.1424300221660966,2.961592817358037,0.8381540559237158,4.600110427189625,-0.30187019581581437,3.7181324559455993,0.23563566947376463,0.11534589104700123,2.14355179915983,0.5770390985345084,3.2742818600222154,2.563977387008273,3.505138448551708,2.981839994582008
South Carolina,2.289884247609466,1.6659284147750963,1.9179178746051448,-0.7131335427455594,-0.0748703139205444,0.2869196518708279,1.0348450916501282,2.429457032920036,4.193738292748204,4.5362550729551865,4.5224388604084425,2.4407041415796265,0.1582034660941059,-1.395787297017852,-2.8895343578198354,-1.0573279550177168,-1.8369795993722902,-1.2428426041099265,-3.3232597131088064,-4.2240616056169715,-1.4941591958706903,-0.7494691260357161,1.9719305006904864,3.3988670443185334,1.0341974627689103,0.013634266056976757,1.6251456647034865,0.26509205451541124,1.2199346988482924,1.5635322616163894,-1.2882098325430478,-1.3706867949568755,-0.23751983653656364,-0.605046875645332,0.5504740774849661,0.5781805184702473,-0.41690925725691114,-0.5412087341325105,0.321606994171514,1.3169446883230926,3.0621300230729647,3.649276724633143,3.2130222328274085,3.2330609886935604,0.8043275659467735,0.4191900361753103,0.5126349436101586,0.768462076546425,0.22409808059491054,1.3627013195524562,0.4080163206528181,-1.199932565773163,-0.2777415699918715,-0.20591409026560917,1.389386877016865,3.6716217165684704,5.314913127413117,-1.8887951986508724,0.39391349620330646,-2.0593104650149656,-3.956388077371062,2.556091444980329,0.4618395303326681,1.6043890865954993,1.9702180957871924,2.8857624545248335,0.19382110020259244,1.8524464162361438,2.325014622733486,0.5759132201311019,3.594793479211835,1.1147515928434308,1.9063497356261523,2.938346179864139,2.1685480768328356,3.3640674891832205,2.855112839593886
South Dakota,-1.1311424745029381,0.6101878462243333,1.660009064176459,-0.498531297836252,-1.257658483724416,-3.0003518867338754,-2.068343459058191,-1.6714829213529918,0.5086266026486592,2.277989394278892,2.2126001757376286,1.5635241135801452,0.9260134177454392,1.4917899392851863,1.3744316357497168,1.776773911504802,5.619532087091316,4.0241345284105074,4.272753279659977,2.956637349151155,1.2656233071672616,0.29149333517779696,-3.2373748260792854,-0.979428037865917,-1.4404372860255343,-3.7458866184555344,-2.2702877858112096,-5.249536038521346,-8.693935955000722,-5.9398542417294395,-5.334051724137932,-3.3794943463346385,-0.2626317211564502,1.6138334802433252,2.6268552164966423,2.8818759587990317,2.6863310288030173,1.8163125428375517,1.1272983234503642,-0.5304079241665922,0.9951351294308669,-0.3712975429148427,0.6327712215648447,4.289446633544642,2.876577781492955,5.410741245156722,4.969555967763906,4.248547198094416,3.309058776927998,3.3331997916750153,3.937581741760919,1.952017018594389,2.4952071965786757,1.4267436901484982,0.6887144956631297,2.093355744894599,0.7107709130672559,-3.0732770154046194,-1.4338319468824001,-1.2745422718455692,-1.0029144522544173,0.9307094687857479,1.385971874062393,-1.3101650405413154,0.7263736158012661,2.9812839448286637,-1.0405429916088287,2.8192403686474723,1.496714296630246,1.6457353164364819,3.256706828858897,2.464249957496661,2.9201133037840137,2.350712492651099,2.6224086547893717,2.338615266908168,2.141433352230119
Tennessee,2.221603965089082,2.405632299513533,-0.8825902763768511,-4.435459837482379,-7.341511849440039,-9.2180954480768,-8.60733730219304,-4.52282200808723,3.583550913838121,7.628278724719584,11.568140568107156,9.184540010887313,6.786817064717368,4.614642952386825,0.03393349035890985,-1.495722234409583,-4.782839608167114,-6.961262047395424,-7.021849745585167,-5.27706355151541,-1.104190552921612,2.593447356496268,4.642029358743253,5.800818612206523,3.319268048128338,1.4616759455184287,3.3122090280768632,0.8302946434884436,0.9542872161905286,0.5983174220719252,-2.86457299400486,-1.4375444536830064,0.31642400817095445,0.32807342403995465,1.584884837832889,-0.393340651298932,-1.7098880038330257,-1.4464260637551043,-0.15692112701558075,0.1418352873950116,0.08835267952350503,-0.23103855392255346,-0.17228004070242894,2.1255349500713274,0.48094484354073624,2.3922468757969884,0.8265547100498594,0.4689401951589421,1.0794708674139153,0.37760286938327625,0.5415144387167847,-1.3734408516723482,-2.7033237095275733,-2.9022620571916415,-1.2802899070147142,1.7087390371854534,5.184150811659976,1.4198824431382548,1.4653085921742668,-0.6128106128106162,-3.3843540735245448,1.421170399338807,-0.1242384184946335,0.9622376507854314,4.2879515029047806,4.425385593894108,4.92994188360798,4.089505411565062,2.4501303054670314,-0.36830134092142697,0.1640712429582266,0.6246327083846729,0.3035518402239277,1.3048046613812236,0.8436301661695718,1.787850528913637,2.522886045875797
Texas,-0.30314918506366995,1.4323932003311133,2.4417875909945663,1.235617927091461,2.428990484367183,2.7178862461709397,2.4659403750676434,2.8518086347724614,3.3318199280550425,3.3967000195742085,3.541001676349701,2.3268742058449567,2.9731526233368224,2.502255036247617,3.118277185122747,2.7684461444647837,4.068927789934353,2.1510983638615455,1.0355952252930507,-0.2254779268976765,-0.9146437620244097,-1.2017952481228587,-2.2447393909720907,-0.0973151822497199,-1.4843658818661238,0.7513778849466081,2.6915204041636023,1.9449525396945577,1.3893376413570322,0.5684125050751181,-0.5566393825013863,-0.7410553137275465,0.35479073719992293,0.14342477105156934,0.4414069580236817,0.7166388568005762,0.85949573427609,1.016327006927562,1.7875908922031702,1.6460992757163107,2.5439204080347593,2.6213255757779463,1.91575676042092,3.482321965897707,1.3519598812813547,2.0897508059151746,2.4691484354214768,2.0475541420566317,1.179428663751734,1.1026795112122334,0.6231338439569067,-1.0477575613665429,-1.2365392868192275,-1.232438006286123,0.11809890535216139,3.0425740396344527,4.724130962004859,0.6846427209026962,1.5889851509684496,-1.8824533995749924,-0.18623052057703,1.411821009810948,0.8069473581499844,1.5951818190808702,1.5399934262678645,3.0340569450998904,1.4780470806876183,3.3719458775430775,1.7622697196172588,2.484780243897777,3.137191312393294,2.865510292483569,2.8862526430028415,2.7383102735517157,2.4147306895531253,2.2089585030712966,2.3306144347146045
Utah,2.438913357688317,4.748815919493884,1.777921268257938,0.2908321766144415,0.26108210198866916,-1.557078417765442,-0.09188260902855175,2.580241217952931,4.106598703529279,3.0708904260474768,3.5100780625595274,0.8138177690685182,-0.34911815733733415,0.3184577242028001,-2.2391927482732714,-2.663919190202579,-0.14953590463881808,0.006391546114999505,0.5085149200441311,2.0984515326444053,1.8227913096498827,2.361525351512569,1.9225800895625393,1.745366708706517,-1.7208232216584107,-3.4694111158516714,-1.769079656112046,-3.7113293765428725,-2.2448128788121835,-1.7604001595463905,-0.7633834012493863,-0.9796862385721471,1.2214458331966391,2.5128936683858343,0.44638503960044007,1.3364329469833889,-0.723807877622442,-1.8861057589381405,0.17797624826067293,1.0198201724344147,3.4854618264124646,3.4879661349800393,4.486723948575484,5.9925738578270416,3.692993617177894,5.078277370723734,3.355282818602457,2.9822405897464566,1.222987293506796,1.1708403563688983,0.5234453672592425,-0.7404851114178778,1.3374475289780225,1.5380953797637837,2.8604867985161886,4.222749803812509,4.491260677000954,-0.02050981541166929,-0.2921721019034436,-1.344834159359513,0.17976252424430142,1.7280622063319953,2.2629904354805928,2.3408592489542053,3.277140293714869,5.280493191726367,4.507154137862557,4.6416569119812685,3.3441543596543424,4.7903536214963935,6.684523432480609,9.619392146072565,9.493682086858033,8.225330536430807,6.888274411345597,4.803640792678927,4.085953725927535
Vermont,-1.272678039534264,1.420616433562919,2.5762108190849675,-0.7580673706566017,-1.1803542042159705,-0.6426937938648183,-0.9733926342072419,-1.5128548075494128,2.2927549735832544,1.1329814675185512,0.9790209790209894,3.3377595364558243,-2.5621148106515683,-0.3649277011516775,-2.125356014201564,-1.9225901913829038,-0.11337417455644799,-1.468010948545781,-0.05481090238675474,-1.4163631130212162,2.586670383719311,4.6744941294029525,1.7509223252567556,4.040312512585079,-1.7159051205403963,-4.376008324343936,-2.3587401759990696,-2.4599127127747034,0.8600940079788261,2.530723077998168,2.5371591445116923,0.3164839525770236,-1.6487335885411074,-1.8314768655553837,-2.8815566670255617,-0.8940403900548051,-1.3657856751779416,0.3332572924828867,-1.396853552099822,0.4241093703223372,2.2112774138853273,-2.7698968949871103,3.3882886842401314,-2.0907239032145952,-0.8570807907261268,0.4422664375692768,-0.4112622587788834,1.5578853355796614,-0.18823576280303816,1.37258077577131,-0.28093233799236444,-0.22585093838066495,0.11375315565224974,0.7778487837999913,0.7197395797039349,0.48677884615382716,3.4027369407261903,-2.0499965321470146,-0.793666482169689,-1.3496003030121702,-2.08202804954457,1.5739747921260763,1.5651619459416413,1.929838742270539,-2.3576315400895735,3.7952875097097993,-1.8206073922938184,1.9101524553438747,4.194979332594004,0.35883905013194106,3.4909279833746356,1.4473441041154018,0.8205048814235081,-0.7810782129848373,0.5078102372999265,0.6980066540744232,1.7255443910210282
Virginia,0.969317916244702,1.402181170710001,0.6643002592662592,1.151811646218244,1.4835552420421383,1.6999561018437106,3.106139323060602,2.3014105419450446,2.3557138823120507,2.575834421435438,2.631973926840778,1.8259626056518639,1.402756703415644,1.0656875946810396,0.7207696566420595,0.5166902478645787,2.3115157222832647,1.183524341879268,0.18045861378743688,0.7340367852525346,-0.339558573853988,-0.41766969117133457,0.05693876494644126,0.9812445658924347,-0.6947722747890964,0.4431818181818157,0.951888256595958,0.6375563755637559,0.8680824678344408,-0.01851299509404242,-1.421543507225573,-2.482125033101784,-0.4620664924952651,-0.046291057596382905,0.5136042751837474,0.546242623635696,-0.036025279453240064,0.3108083074326665,0.9030069199499423,1.1966593260481204,2.3188047652879398,2.0611893134156767,2.164018452075865,3.293984808047633,0.6903422527699253,0.8926686570765024,0.17258506336479928,-0.8784743960488494,-1.9618817274153733,-1.98176655208488,-0.8063465988200252,-1.607098100155416,-0.06320468122413038,0.04167683174758103,0.956295189239398,1.4234476574759132,2.6440346009466253,-0.1259944928213711,-2.3175793948487047,-1.6285074192025182,-2.579901415169323,0.3306440946964716,2.244567777345417,1.8178475867562454,2.1289835557187584,1.6883327587255943,0.3294942413620535,1.9900098296856608,1.7639714328522216,2.349351335719901,3.206260793180211,1.9226608445939386,2.7924735721086296,1.9573456483402916,1.2215763461036093,2.038847129886043,1.0885548956324176
Washington,2.635609967142558,3.9331782617889486,4.940936477062477,1.5686184180218563,-0.6698946169182409,-0.6171583587656806,0.672453154313863,2.021771175870265,4.608485209951018,4.9656521541331236,5.147232169920419,3.582185766841157,2.790417192039905,1.6253115180409632,-0.4025111571395099,-0.05686939353619384,1.38133333333333,0.4915236165902382,0.8608029157956731,-0.6957044544410208,-1.115261192066905,-1.5607261461416782,-2.3796871014369403,1.4984593761824925,-0.4138958344416634,2.0273765897822726,3.336998769719856,0.4814605724268007,0.3098423009530195,-0.9116742903624421,-1.9649366795203975,-1.1321594775953265,0.5804912340497991,0.5192008358387208,1.1370353254736572,0.5886452581354107,-1.189228113649099,-0.504852309487211,0.2730933936901747,0.30592448888226864,3.5709692630856797,3.5487000181219392,2.7372726887372343,5.149785868375473,2.3406456953642354,2.347176182338535,3.32862285578719,2.5872436759073154,1.2578107621686236,2.300388259671266,2.542575917902834,1.4570423714620526,2.7899267070077505,1.4876358094489106,1.1039612153308638,1.155496863651355,2.478142607344099,-3.3114379274932695,-2.526599585961217,-3.252188603901079,-1.6105639343640628,3.9318637274549117,3.128488308917239,2.2502678890344088,3.0011946970864694,1.82214338050982,1.500986608938861,5.018630647414992,1.431150439166756,4.084685742420515,3.8899636672486237,2.4023358095871767,3.0395529201287395,1.800269267156668,1.8240119178467886,2.3730465225394233,1.6342530854805608
West Virginia,-1.8496917180469978,-0.7490601591870029,0.7668974989984602,-1.7568713709188866,-1.2874929258630448,-0.3324895152453977,0.03029098275307666,0.2106102003642905,0.6631312407434032,0.6444520262329915,1.4014800234683924,1.1190002840102287,2.7147860919420044,3.3805416399864425,1.244925575101516,0.48402801183388117,2.169874964189676,-1.236041025267337,-1.3273235074523753,-1.7609406590949384,-2.2070063406206675,-1.0292449436958826,-0.22139394109241495,3.419038496192106,0.07584376185057522,1.7574757951040525,2.0896528479946013,-0.2861230329041406,0.31053891440770715,-1.6969019862819328,-3.361945636623735,-4.008019718206239,-4.492560003685437,-3.972202038268789,-1.9937747917022532,-1.815586257113829,-0.4939272036195601,-0.14551522089208546,-2.2764022967359647,-1.9223450658183583,-2.202681609741437,-2.699840671511295,-2.7624199908844167,-0.01989871553790931,-0.8218091697645444,0.5401735344922359,1.673154129898716,-1.0050851336962316,-0.43879815284970247,-1.1798121039982605,1.242734014832631,0.30559213502347404,1.4225907817723558,1.4813177094848535,1.7857849930706804,2.4292715191966456,5.100768134304734,-0.6714200831847831,-0.7148136621800376,0.017611318207167756,-2.852783559527966,3.193356064684644,3.6556338097150576,0.3472731719246697,2.346143405591971,0.30143471329886584,-2.173481634080191,3.703450965100421,1.288269172476503,4.476145525299332,1.8885057138165238,1.1299222590924918,0.5396154421666888,-0.8270025077445063,2.118965451856336,0.3941216385793006,0.49672108274034366
Wisconsin,0.9374133131821243,-1.0649831617527077,-0.23645522771666513,0.028190372501745206,1.3579977824739675,1.121056663789659,-2.328936521022262,3.1846143380530965,-1.323908897116567,2.6900539928840814,2.7710103781004847,2.6399065719828925,-0.8887625544817246,1.425129344963477,1.4559437035101253,1.9021664326809171,1.5133553851742838,-0.3885676402342442,1.8526865795211025,-1.4191294325283124,3.115317606064872,-0.6858812001996556,-2.1639977962626786,-3.9396043040610804,0.30321573068600594,-0.6012658227848287,-1.764135702746369,2.627299957210091,-5.237423173230164,-1.2837799876397418,-4.6319093352378475,-3.914646801571426,-0.7581217030353447,-0.5814670422962696,0.5340690742474339,1.0337213002516938,-3.5291042174974048,-2.2078045987978445,-3.0109676850245624,-2.6838463373896575,0.015054346189748267,-2.1483765220106013,5.57627204284777,-3.779802477369247,2.238746061372362,-2.894490198815478,-1.3735606328908048,-0.431153105219681,0.31800559454287153,0.9713423211590423,-2.6378617597391245,3.7896935077697917,-2.4009627332231247,3.4107202782269193,0.1594896331738566,1.1845583303743958,1.247055285449364,-5.049611076693139,-4.0734474522293125,-3.045160787218902,-3.6544916286299776,4.047392186917437,5.171859275628461,1.0114110491127526,1.8703498170756667,1.65332855550249,0.9736416367438749,1.8084820495466247,2.9103785005245824,-0.050917992656080636,2.5029552848308545,3.808853433442826,4.057326027074981,3.632694248234124,2.09586260138579,0.7656520756422931,1.5816941743914312
Wyoming,-0.6514504213184668,2.036063290835299,3.778279999038272,3.983744625714129,6.514456772231581,7.793491305268608,6.472911767772145,5.986836888430734,6.066959605647631,5.163832434674419,5.519109631515386,3.082448002394138,1.9788446575400105,1.0659166156369015,0.07938962779668372,-0.12545880596396988,2.414731719387955,0.3522428524482296,0.07005470448247546,-1.0215416558525852,-1.6420014094432753,-0.9486384428821272,-1.388788799094044,2.792083154151942,0.3367485849394693,2.19852880403338,3.9494289353350207,2.17748436272359,3.3806667482759964,3.6858067124949514,2.0699213610661795,1.8824210831161445,1.2443014742160072,-0.39486769494763674,-0.018695267145526013,-0.8586383329086015,-1.5720787891192227,-2.0741770342890264,-0.5097873261752978,-2.05643327467225,0.25151005050005776,-0.734691429599562,-2.5778243795317377,-0.7802878888821606,-1.4993481095175951,0.8649944112701057,1.4905520525551703,1.8933189545542342,-1.0167859936225252,-0.9054968751871882,-0.7293281976889657,-2.7727299958064497,-3.499067995785734,-3.790084526340186,-2.8399814564731005,0.28651529621985256,1.0823237943270072,-2.7267872289181834,-2.713467762011448,-3.875849922175815,-0.8256394811453128,0.9968458333781847,0.3390481064483011,-1.347594038627487,-0.02303809663435303,1.1532845159296015,1.1050897885453401,4.85389715569188,1.777484498072744,3.043171304833461,3.2527588018917424,2.090606687881677,4.197840875176247,3.6803730480933545,3.028143925899531,2.935509578234862,1.1348372313527153
