Geography,2006 Q1,2006 Q2,2006 Q3,2006 Q4,2007 Q1,2007 Q2,2007 Q3,2007 Q4,2008 Q1,2008 Q2,2008 Q3,2008 Q4,2009 Q1,2009 Q2,2009 Q3,2009 Q4,2010 Q1,2010 Q2,2010 Q3,2010 Q4,2011 Q1,2011 Q2,2011 Q3,2011 Q4,2012 Q1,2012 Q2,2012 Q3,2012 Q4,2013 Q1,2013 Q2,2013 Q3,2013 Q4,2014 Q1,2014 Q2,2014 Q3,2014 Q4,2015 Q1,2015 Q2,2015 Q3,2015 Q4,2016 Q1,2016 Q2,2016 Q3,2016 Q4,2017 Q1,2017 Q2,2017 Q3,2017 Q4,2018 Q1,2018 Q2,2018 Q3,2018 Q4,2019 Q1,2019 Q2,2019 Q3,2019 Q4,2020 Q1,2020 Q2,2020 Q3,2020 Q4,2021 Q1,2021 Q2,2021 Q3,2021 Q4,2022 Q1,2022 Q2,2022 Q3,2022 Q4,2023 Q1,2023 Q2,2023 Q3,2023 Q4,2024 Q1,2024 Q2,2024 Q3,2024 Q4,2025 Q1,2025 Q2,2025 Q3,2025 Q4,2026 Q1,2026 Q2
United States,0.5224409777258718,0.5479280818350462,0.6167263666095801,0.4242066817725704,0.9014803365249895,0.9821391571008048,0.8203572423613704,1.2971224281637141,1.8238644541772182,2.315536769533818,2.5802423646933623,1.3069568755085632,0.3079563812600946,-0.09124728012913096,-0.535794462459465,0.48491541589276604,1.179727213246752,0.8049137879122299,0.33303908193563453,-0.20282151706498028,-0.34720495040638966,-0.246913580246921,-0.33793241351728204,-0.46753766831856364,-1.011301014295992,-1.469179175982111,-0.910896651351297,-0.6387173348890552,-0.3842468861882804,-0.03241491085897964,-0.5132929718346996,-0.9252604193029207,-0.2763885232956031,-0.25535019455253477,-0.017299805631605093,0.3484249353727886,-0.4944112242515464,-0.277337559429476,0.025445292620870794,0.040729049994903656,0.4621788724059941,0.5694609985432202,1.0328160773340274,1.2356234096692265,1.2308692252226723,1.086890460079829,0.7936348071306146,0.9893026622697575,1.011246099980919,1.2395410591713014,1.2670117308499331,0.924856642242746,0.07448826561523997,0.42956686990260073,0.6157125096205038,1.4845576412796062,2.0285425061034803,-2.681686476258048,-2.086888300480525,-2.4358002371649197,-2.2508413905803097,2.335308116866688,1.9570922056849933,1.4136845461066294,1.726505592484981,1.5526813193337972,1.0766631301819267,0.9234245296920407,0.5624737104678682,0.43266419801206757,0.7425261439178933,1.6995181778361652,2.211046477694995,2.3043933866335435,2.3963880527899866,2.1018175553449914,1.68260766119438,0.6420774096871329,-0.21575277934802342,-2.6941140077054957,-1.3515157754836629,-0.6653096611255659
Alabama,-0.47202669966001615,1.0895143316228886,-0.35682426404995204,1.711539253221359,4.569243787019342,2.949259608679595,4.310757635693617,3.0993554393030243,0.36163474890359787,0.95625149414296,1.6905681466622817,-0.15016193934635308,1.5667459661766105,2.5544636514326258,2.0775881527424613,1.2375045460353562,0.9202544175152054,-1.0438614213832953,-1.6363181879362443,-1.9379393374499958,-0.7574580484773037,-0.4929221435793642,0.00488701227617232,1.3415841584158483,-0.49219147520450784,-2.2188785430243487,-3.1382859153415237,-2.6075912266132564,-2.7091343553636835,-1.5967545314654614,-1.2390773515226123,-2.4878117288285186,-0.9854656451515318,-0.3736799350121937,0.5036882649829266,0.9577598090652905,-0.7063891469228031,-0.47802511415524335,-0.16874891990525204,-0.651130562377095,0.38038058619732945,0.5049005049004937,0.8675729341683296,2.314919280395484,2.7386036603475805,2.30802152115432,0.02624751405755535,0.4470953836900418,-0.1754473408762302,-0.3047778408581571,0.2977301858038342,-0.11576730771150612,-0.9277104824294334,0.5205055197562392,2.629354585521938,2.644751960833305,3.779860901118857,-0.9730062813071475,-0.8638017079938446,-1.4678970525250223,-2.1231546231546274,2.387667232052348,1.7258431411334199,1.7515608946494947,3.336177982416089,3.1102964240903272,3.052841378639835,3.2146567375748907,2.413190443266496,1.0172166291152152,-0.3188829661776582,1.7637430861271106,0.8682688070211713,2.0610018916044726,3.745137567790126,1.6693935276337226,3.8689286544271417,3.20519322446497,2.435820241939902,-0.8891798270736246,-0.7168619168225238,-0.8005360732633543
Alaska,-0.3672596046370526,0.6978605345995755,2.0601623223257564,0.20769521252045095,1.5385601641131044,0.6803081520414428,-0.9677385422912028,-1.828744896891024,-0.7607803522949627,0.6157181800002254,2.285787120141892,2.356503843980226,3.447105851915456,2.377714548725883,2.394625073988321,2.6918629483399976,1.3365859658473627,0.9482062757359453,-0.0933015567161985,-0.5559106079511483,1.31996844213379,2.78753403443423,3.5132419071594585,6.474614654847055,4.182847331063906,2.3219859971836994,2.8360170239472846,-1.7484862420479776,-3.0250764174356437,-4.510677612141415,-5.115099269543998,-4.574309368021781,-1.9732421643413394,0.43437947229447615,-0.5658177725070958,0.3821786225219589,-1.202536111363106,-2.342127181319189,-1.349316245363287,-0.9742044505975286,1.34062480870079,2.896659439575002,1.6167370189746317,2.547364741922526,0.0070473582474193846,-0.6590904551718749,0.6442701296606215,1.615959099794503,1.2563547591483422,1.8617181688413718,2.038649182035841,-0.2920082472599557,-1.6652913514212155,-1.977696634757728,-2.3621583411875413,-1.8531527342165386,-2.4548064868362376,-5.940035841572194,-4.4223227752639485,-1.7349140103630987,-3.922056384742946,0.4698906086100084,-2.5891091192189695,-5.453594181191469,0.29666868041769295,0.09694774410057665,-0.5972502727047012,0.8322392335152637,-0.4216368545030168,0.4863978883732912,3.3453573523979343,3.0572055785124097,2.5426932673716642,-1.4754324086725554,-0.15980318975576022,-1.2791195480792457,0.5962099586023591,1.0825628897011563,-0.5738956457642413,-3.7030377390421387,-2.985371574571462,-1.8143724674827486
Arizona,5.022685495096323,0.7449442839455271,3.115622870278998,2.042537436234998,0.73856738162686,2.493803895864483,0.6845936827983564,3.2756153117377855,5.508687355629235,4.623439951237548,1.6440020378571127,-0.8197681227309974,-5.738898672124142,-6.864112163814183,-6.864842981898093,-1.3519896091628347,-1.4854684628279282,3.871119907298223,4.456449743334994,0.651345582221146,2.247962687714611,-2.2805354815780077,-0.4399088477162392,-0.6312743417205898,-0.5273288687492592,1.0577680790446615,-0.6747208566367463,-0.8556896379774381,0.31343855193406095,-0.5268472143078489,-1.5930586726514933,-1.8267412384822825,-2.2444817296776014,-2.849188961025904,-2.844692418904874,-1.6609287265871682,-2.4604569420035207,-0.42517094768639097,-1.382251844399739,0.7877051315446743,1.397186660344559,0.5880152925531962,4.746825354657034,0.5654857284634719,3.6713740894306395,2.532482287083517,2.3647688998904335,2.857789017043945,-0.5462892426125676,0.10476056167776829,-0.6372456715855873,-0.017989566051693943,0.772029550791692,1.7277465837509351,1.644723718332335,2.448020791683331,3.748562284342647,-2.7310945150600845,-2.2088333709485903,-0.3512572080906149,-2.72430181330918,3.8074318140215975,6.178129201870404,3.85982433980553,3.883774168293592,3.5678598718626775,0.7125643812313844,-0.6401372665478905,-1.6341365691717762,-1.7697692016647686,-4.806275746230132,-2.2079474722939003,0.7215385062989215,1.1304875347860728,2.84286376137293,1.6426526949012668,0.1463550843948914,-2.268074612227785,-1.4770298377280011,-4.27747761507474,-2.4574796411849005,-0.626455315127476
Arkansas,2.2336176717124334,2.503918533926114,1.6839620321644693,1.4106459377342724,-1.3301823092504907,-1.362748963753006,-0.41305125898412076,0.06517382930293328,1.3627787390875121,1.061776061776075,0.7994171928120518,-0.7271383993234178,-0.3857838645898721,-1.09210539009966,0.4847118229211742,2.2757317300065725,1.6217262913298025,1.3246066659513767,0.9378955847942158,0.18287136770548018,1.6987423780487891,-0.039468997583747216,-0.2527219868128743,0.7100806605757249,-2.435756911460236,0.9187388046765176,-1.276336343201124,-0.5836077396825066,0.017283926908191773,-0.25192762806318514,-0.39556962025315623,-1.4069718605627561,-0.8592467430228043,-1.37379458135621,-1.82297216141344,-1.6071255687869233,-2.1236418569519655,-2.7422108408023917,-2.4655669126642747,-2.6763750860966296,-0.7044413443748515,0.697152545753756,1.2745683158501717,-0.11121221312302977,-0.7213957613017099,-2.1512618359018996,0.39453839008360336,2.286437246963556,-0.1063861818400686,0.16600534456231258,-0.19002706144540496,-0.8292185752877007,2.223427876741901,2.5263753587452946,1.8430837013187857,2.240049490625712,2.3038213555590437,-2.413854281659035,-0.7653910149750446,-0.9193293385122742,-3.3510106832679813,4.33807710565918,1.5731644770584075,-0.07584413537687353,0.16202783300197976,-2.814079107858506,-0.526300457357018,2.6023440811458327,-0.7433284042753772,0.8944668559191273,-1.4183774074833408,-1.615955883059374,2.2166896634470987,1.2103501722725238,0.9377351764566034,-0.6093452468141068,-0.32475472214884205,-0.816434026863335,-0.47971746701328455,-2.2086636995117157,0.16585049902355045,0.189807438878076
California,1.220368270424964,0.6611570247933986,0.607994480617494,1.6067671713703393,1.2248599626567278,3.3154005703914797,2.1901251500085728,4.107884262587041,2.0068934259483626,2.1351568953438695,3.3783500398439688,0.17415498763396792,-1.5458218378333695,-3.094831028163682,-4.064141834188687,-4.226974868582156,-0.9750107576536883,-0.8905933062880336,-2.764650533371407,-0.03329752953812022,-0.12294386976428058,-0.194002963341978,2.2854781890140603,-0.4512780840021834,-0.7406935778259001,-1.6532985870064292,-3.516380721559623,-0.7641744649159792,-1.6977057452585875,0.23131305452689394,2.926205848004752,1.8337847097595221,2.2218597063621335,2.434558377394481,2.210400119886109,2.5110278018092957,1.326694541082856,2.5660281565001917,3.300972907306759,1.8545916772593765,4.686056278874427,2.784395012839159,2.323624529851276,2.2013543648601677,0.3821349407741089,0.14748818589531068,-1.176050965511092,0.44640176158542033,0.8063226889412852,0.9667788731265687,0.5965271094000661,2.086571804376439,-0.6938180808991882,0.6201565771325939,0.8291890491234765,0.8667642752562005,2.0640576498887033,-4.0273751060095115,-1.9126034140217982,-4.8336526737502,-2.0008018854086185,2.931505723269143,1.91059696078036,2.1302990553470993,0.4340754193567675,0.7436985275767436,0.874105129929196,0.46396782094426475,2.3308957952468017,2.1006738010305264,1.4115432873274791,2.2625465789265067,1.6263083286404965,2.5621118012422315,3.1675301577482053,4.854293661023184,2.7333785552551513,1.0768357305071925,-0.16583437175006302,-1.6996931494694876,-1.5121361480517252,-0.8172779868561589
Colorado,-2.2923823545449395,-3.85666200384684,0.4910624398756151,-1.8173128223368402,-2.752447177792924,-1.0548451264563716,-3.154602224027966,0.30566153079822705,3.1368003030059692,4.366606545889011,6.468742457156641,2.8746204981772774,1.0494101936345308,-0.020914054244469186,-1.3742699528235531,-0.3784969829950548,1.9679966520930143,1.1417058428475617,0.05254055474069429,-0.66185782721217,-1.5055621557403727,-1.3432608364356775,-1.644312189571806,0.7749102035386487,-0.992368086319571,-0.3927972460058337,0.8219970412555677,-1.084672673069089,-0.1295810213642495,0.10412512738713495,-0.8649411972374643,0.3369774347453679,0.8261804954864863,1.431891114307843,2.1912350597609405,2.428508091332291,2.891584817254923,2.3651597137371088,3.137421455563168,2.462910259601127,2.6606661820669726,2.9265069485889788,2.439075896439593,3.8590302787077375,3.0488249320574377,2.555447410383329,3.666329959388988,3.124841114082648,2.164401556105691,2.617975486137748,1.4178473775789098,0.5965645768828812,0.8673979051895394,1.7168606538828548,2.8940892736345756,3.5111106754624037,4.71740665202385,-0.6287239804998905,-1.2624698674644914,-2.507552011818076,-1.4317149679292023,1.3364611521015428,2.550468985216358,3.6812914630948157,2.8147740011019637,2.833623099311304,3.4873107432883788,3.2704720684260273,2.7728242892385584,5.342948149116818,1.8713003628031293,3.391875464920079,2.636878539962241,1.8035592363691249,2.567947516401155,2.1829731603098934,1.6625351471142231,0.12629451881786405,-0.7980019493177628,-5.015412885000124,-1.478532840489048,-1.8554925362747419
Connecticut,4.500823915989828,-2.8164830166259684,-2.9777843437794242,-0.5470346204182361,-1.3538605085141144,1.609529176895369,3.405121958183049,2.3857310561593543,4.084219287957322,3.190629289112012,1.172518521927183,-2.086030254835974,-3.1360753166972613,-4.479447562131035,-6.099391425374545,-0.9018622747705062,-5.736882100740216,-2.0896319539155734,0.36231884057969055,-1.1778495668830007,2.7668298897249146,-2.1400740307812156,-0.9314851638062621,-2.4493495723281344,-5.031184628496152,0.03284791415745266,-3.7453840382722743,-0.7838989333834319,1.8896401219648984,-0.04676803056838143,-0.00607355069896117,-1.5662362505977698,-0.3402926516804694,-1.0234049119453623,0.08807183422249931,0.3765334628932481,-0.5372888505031402,1.3055591876967516,0.11631435217961951,2.0601403678605674,-0.9683054150385153,-0.41998034134569084,1.8629085214931598,-1.8515773977136756,3.1351957585644525,-0.964146127462727,-1.1088079818306307,0.47112354913073734,-2.960802728485999,-2.447422202981995,-1.2566316655133256,-4.597966033765846,-3.693969030154846,-2.7193543726392826,-4.135773629364821,-1.4566879516047768,-0.9731948293735552,-7.725194402894037,-4.7920242408831815,-1.4675633332978042,-4.975751490161732,4.149182005265528,1.1595428596864286,-1.3974819365724815,2.338234632852197,1.9218456783309503,3.48495682305702,1.3821851689337228,1.1478975350410976,0.9509265577108444,-1.6731687094065186,1.5245617831638234,0.905724307946262,-0.9076376744735064,-0.9643347495648589,-0.83875987168146,0.8857557983102593,1.0426252936781897,0.31766131409171644,-0.6652909438747989,-2.7022125498730603,-3.5756380858495853
Delaware,2.661836347122435,-8.973717146433042,-3.5475253776288227,-1.4345112241904485,-0.6926920486191295,5.850934436112492,3.879427552798274,4.25942461844794,4.89886411954079,3.637053986271102,0.23656018226768946,-0.39574329845148476,2.446509742609798,0.1841478581965139,0.014508313263506793,5.0138862807499445,-7.205705026754081,-3.2171452767726447,0.9806197052338306,-1.5971464066558603,2.9826502746109154,-1.0132346945878068,1.80237123867532,0.13007508010138139,-0.938476552873094,4.40080361627323,-7.737535277516453,-3.4052592868536964,-0.9971240633303144,-3.691872492326642,-0.7596227377007475,-3.730989063148964,-2.8526340124840623,-3.9782604351909154,-3.39463680263023,-1.7082164905036108,-2.461484340241478,0.5930580988846366,-1.0029140875927962,1.6605705925383993,-1.2899119550228004,1.4159822924639593,5.593932296982285,-1.8071731822901196,8.59286005975024,-1.1708192675240474,3.552752060229904,4.966447168685435,1.2944087085601217,5.267122792895982,1.985616317227026,2.833491248192288,1.0433967056800681,0.10195378748519068,-0.7283026502124089,-3.588539949178525,-0.3084330825904565,-3.581396715339202,-1.8156763418634376,-0.11468120636579805,-5.703783448262486,3.191338086822271,2.070649165810089,5.269306691374927,4.571822352045768,0.6663648175124995,3.1354397652777624,1.472389116375195,-2.009422549202827,-3.2960800993419386,-3.9818231323174658,0.6307571914805342,5.31878588348656,7.632808234413828,2.1746782962412565,0.04309860210620529,2.2920697246657107,3.260655137105344,1.5905523867855789,-1.6660735357470713,-0.21801513062274402,-2.932079110642084
District of Columbia,-1.2738492252546643,-3.0079685771687754,-2.5811653285790643,-3.2048515683557923,-2.6747860056299286,-1.0636193313395286,0.5665127989928531,0.7943026093486123,3.411760539270666,3.2745621566943792,3.164336880172491,4.457041753483318,3.8654291813646777,4.4690955889889965,5.064940901532507,5.100403396554433,5.215259993625176,6.540059088381807,3.8904097869792107,2.8192758309918924,2.098654521143229,0.08902441520168695,0.8636129696345954,-0.4619794996597127,-1.0180382045693908,-0.9835093494729626,-1.3440284113523044,-0.030043718790788203,-0.008269417626276617,-0.5327771525332882,-1.8898957298907526,-0.7565002020788409,-1.29530464986457,-0.5200602065708164,0.9415361906268137,0.07727087618908975,-0.29325206061939985,0.220172381409531,0.4167624140884499,0.6448179797790327,3.0766483545341035,3.2266125253787292,3.3920342844066163,3.231424750412069,1.8669112401915893,0.375211813120314,1.0986136541982603,0.4579416726922255,1.2194633960905046,2.740262872301926,1.9146183699870771,0.92370441458733,-2.9452169873790512,-2.0617548389620723,-1.7526900619056085,0.49526526407544064,5.077341371269125,3.7489389324412006,2.3653584313101903,3.6616858539662624,1.2065473363892896,0.9924053557162086,2.636918805036967,-0.002852497361434487,0.45962923241918213,-2.271254288982076,-3.3902473631934984,-3.594249201277964,-4.049107823699883,-1.0922886372723999,-1.642987927269874,0.22783761391880644,1.2586426130493702,0.6685269727954676,1.2543179397329849,0.4014997195406203,-0.7112654638922417,-2.9531318869680145,-3.9346002969138687,-15.512560400678234,-11.49042546884573,-11.011303996770284
Florida,-1.5879550062262677,-3.2351946548066874,1.6911734505277642,5.74012762801966,9.403300357643335,10.264122169741372,8.070884030898167,6.561441284829577,2.450821082414102,2.494285330106258,-1.017490750084091,-4.272102033628087,-2.2186561176316912,-1.801058895188135,-1.469713703168799,2.984207519583244,-1.22228159230564,0.6508068287003731,1.1745320074342382,-2.4295076110154987,-2.2246264115220913,-1.3055226356956484,-6.112226346488888,-2.3917128402794643,-0.9336099585062143,-3.080750830947761,1.3605236351900416,-1.40779718243115,-0.3051608077786013,-1.5501878264661857,-2.1701060675409543,-1.737310623128765,-1.302403745161,-0.9785858829925427,-1.3293192705525654,-0.7112868381364179,-2.2550599491217964,-1.2932743632758872,-1.6698620817613998,-0.6270911591436203,-0.8087762593060925,2.289793269676467,4.643897939073735,1.8115530400834539,4.336100018816221,-0.11479668902182094,1.1510258054175388,1.4678880469074949,-1.3776174731990645,-2.610089523348638,-4.660651857427242,-5.000799808046057,-3.484532940519137,-2.068258749728282,-1.0927940000207694,2.022689482435646,4.123993474027697,1.8011732995084961,3.3734180538780723,3.0925070143587834,-1.0007783831869153,3.5749514583268187,4.039541995590638,2.6205199015429153,5.971429446662521,5.821437164167138,4.623887972032071,2.407347822271599,-3.4447538566789806,-6.711886243712029,-9.54283260841158,-6.580024754831941,-0.7045486298225715,2.4940593456140623,4.888870545019285,3.883039982062597,2.684422110552773,0.03864064202911592,-1.1450832251210057,-3.6182048288514506,-2.1728279061573397,-1.2984183264170048
Georgia,-0.14883033341991542,-0.20665282325694784,1.1736758399935587,-0.5037210038793369,0.5281848647026515,1.232480667460317,0.28454313912766865,-0.05470513929918829,-0.23782751037386554,-1.1265601375589227,-0.8333498680529455,-0.8210262330320963,0.45683962734654593,1.4802154857925438,1.8207647211829117,1.062623546292848,2.172531575184679,0.5830559221541393,0.2073139578297826,-0.2253817589706058,-0.8785228377065135,-0.7334077512092898,-1.162870505642777,1.2279706640395696,-1.7020275304913852,-0.5139232764828338,-1.2598831383986604,-2.653231752273285,-1.9180131657690018,-2.7524391211231873,-3.0251273446997335,-3.1355401611697826,-1.7002755829443634,-1.3427814029363574,0.20927871366113082,1.699315061352567,1.516577872032286,1.746535349255378,1.8216781770811723,-0.21937243083105928,-0.1447045276212522,-1.0898601363087075,-1.574843124911152,1.1352312070435548,1.1276775964649102,2.2489217498459713,3.5735286532212314,2.5344873123260463,0.7286011262034038,1.051521542633335,0.26195480034662955,-0.9015524535105971,-0.049090326200214335,-0.35182921375116066,1.2070095964713343,2.6042968398532516,2.755420128900341,-1.8950161076369105,-1.8581230307135004,-3.3313196663808746,0.0682820242693817,3.999471345932923,2.142342774843974,1.9150716135990362,-1.959331682685748,3.2953068027410497,-1.3453968626990214,0.27889588875811583,0.25950524976137473,-4.012567664761341,1.6098936001270554,2.422210168154246,2.803534416930313,1.895926174231953,2.3375075702815025,1.7813983495585095,1.7547075165920514,1.764859556269435,-0.8008246871629368,-4.584630230556007,-2.198458519382264,-2.0546707867839427
Hawaii,0.14986759817453357,1.8494594410824656,4.425999586140284,1.6116008343987662,1.1678930669007013,-0.020028039254953944,0.03192566823726334,1.353156076509604,2.959428800213528,4.162215099715116,3.5877400539261526,1.9601650894597655,1.7833803212460937,1.229753408265303,-0.693758300132812,-0.9793974089224637,1.249097932673949,-0.1994786114599944,1.4945652173913202,1.6179135387005017,2.370944919029398,2.6713762981450553,0.9265408089049108,4.023903536704445,-0.7331032999887521,1.1938115446417352,2.37707315035301,-0.5714110792526699,-0.4197996926282223,-1.9197296499496002,-2.1729372398596136,-1.7363997413872674,1.2460639708319472,1.456043670932054,2.100235676893221,1.487190734300421,0.29156905071256994,0.007160392798684625,-0.005106834987937171,-0.3992796501157658,2.639954300636509,2.7238229668497707,2.330878522619311,4.863256429065883,-0.28125621148876623,-0.35049288061337786,-0.16269900683735083,-1.9025755217057099,-3.7393982279717335,-2.7398629069325913,-2.866369398732278,-2.7068288420397284,-0.23916757260443613,-0.8835374373304768,-1.171324172713705,-0.9497460461659151,0.6341200157751634,-2.510468924913966,-2.178780840892762,-0.30016258806853785,-0.025782498839793725,2.684627979671244,1.759914825658771,-2.8528120426510615,-2.143593975655045,-2.8877913418030796,-2.460817342903177,1.9121713959819724,-1.5833526596529686,0.801791235739412,2.372728637933639,1.275499429826413,3.180162810625534,2.4867254765077993,5.609924767912128,1.733808749322318,8.066106779889758,3.429556314697645,-1.7640288911818416,-1.7923938552352316,-6.878067992968244,-2.63031851201404
Idaho,2.328222600794997,5.097225234156348,-1.0736536484061594,-1.7001241110301035,-0.6043789728584575,-1.9926699615811427,0.8468444598436689,-0.8337007495290576,1.3836018312675866,0.6747205373702903,0.9801940177849688,1.0488662543955392,-1.154454612812129,-1.286621920372852,-1.9333533473431321,-1.9149617007659845,-1.3634383768397869,-2.7510441256582467,-2.844956019510612,-3.332755614913288,-4.410783055198978,-1.370346165416649,-0.4799915975212697,-1.562994368157943,1.093682853459394,-1.8164033740718213,0.3356094266144643,3.0234850432844715,1.1976875172692214,1.2597615451360864,-1.4126284566271679,-4.098462946400711,-2.0803360462063556,-1.4905794111735304,-0.47157733014679626,-0.3730331717579156,0.9619921925271434,0.8011340449752136,2.7270973136376297,4.371251619082848,0.6585865882027999,0.9961220489218549,2.644265887509146,3.6521394529091054,3.15847236732412,6.759564974314042,1.1152454149892195,2.200400438671508,2.0091249462937393,-0.22330471212464942,1.9052694020771848,0.4942015003248683,3.042580075813796,2.766857131539617,3.2015864872331163,3.5050940438871594,2.4593195266272128,-3.0556492411467286,-1.733253028173719,-1.2597247723788147,-0.7465876385603967,5.231402329927255,1.9282406506595957,2.4145235653282495,1.3771257404802357,4.035251778174491,3.7606184976615435,1.5985624169365311,5.154249896159798,-0.5783600722723139,4.326188943059526,4.302927575216001,0.017056880206849624,1.0429033259666525,-1.8348866532055426,-2.078162949878549,0.34377215894299545,-0.007230396587256803,-0.52635360902527,-2.0447001948192396,-0.40520958190959483,0.08586716801041323
Illinois,-0.8146960414484653,-0.32303109290635745,-0.5372739631636869,-0.1811746467561118,-1.2521726129291415,-2.151802975540038,-2.096108297368394,-1.6709547644664984,-0.5535893408028609,1.008886216342619,0.9963854730440422,0.21598683146366335,-0.8411917517532688,-0.7909209457033097,-0.14959288013631838,1.0234889770806916,4.365433520464462,2.9631675699358806,1.6517797879804805,0.47554603210404306,-2.0183165676664716,-2.6456984273820634,-1.9047796724002732,-2.0924141801515197,-2.467177807599532,-1.6885214747244282,-0.79876761567867,-1.3680700849311664,-0.15202540171269682,0.7538926959396013,0.418895343264121,0.15207136699566576,-0.1879119608372334,-1.6902813618180483,-3.686556763619338,-0.6711928663997292,-2.0129951630188114,-1.54370078355988,-2.4262366571850635,-3.509113569091761,-2.7568675363575474,-2.2081487428021953,-0.24174953529237772,0.44904137235116204,1.5715241048088193,1.4340586393165082,1.8276975084257294,0.11853935406098318,-0.9825926480123862,-1.019123553743784,-1.124932504049761,-0.979300241814917,-0.8613741688494893,0.5440817232955854,2.359401705079844,0.680940752074725,0.2255982927696718,-5.833040510014552,-6.614697571482204,-3.258889481576912,-1.6455940056982215,3.4745988592142307,2.2186015510109103,0.9633690868800928,1.7267329182301685,-0.1792816370267996,0.41090502608264606,0.3462239945593358,-1.687289088863898,1.7041701073493014,1.309102903734542,3.545793413634828,3.542787638897486,2.063310024256311,3.5133237691157215,1.4201277321591492,1.5679286418253733,1.5661668191400557,1.0841786584886204,-0.8448390503383323,1.5623468527630164,1.3090004797383952
Indiana,16.27588098176334,15.663335193546745,14.046779302007279,6.37941329429667,-6.842343976777937,-13.8448312162257,-16.252869132514515,-13.675786271705084,-4.140335160715506,1.7686589960289085,5.791158440906342,4.859887574460943,0.7080095484788419,-1.2266501245660042,-2.3890042519529224,-0.7501050147020653,-1.0036109822275232,-0.7779499802473676,-3.1474765484125995,-1.3603934056189317,-4.343484772840724,-1.0709217686033277,2.105494367567241,-1.977810922910324,1.702100464402873,-2.6686204903822226,-3.43577135832822,-3.509119332985927,-5.079491422467055,-4.914226340677278,-4.505335964186446,-1.2788524891178747,3.9643834407273286,7.446227267152075,7.607282906941861,6.203568966837708,0.7821703369594258,-1.609572337356402,-1.1933888734037426,-2.42919984753114,0.6402561024409502,1.810990401856348,1.9537984139754059,3.0577229677651094,3.2405566600397577,2.7505257596320263,2.597841792971993,4.535535361193352,2.6158695409812927,3.566171281079207,2.5959886531623564,0.1372091655722692,-0.8740913400758449,-1.9295359183792633,-0.6483960473153979,0.9581693973026454,2.0774588244671675,-2.8271638027735535,-1.766798302776139,-3.4725117059126025,-4.870763704513497,0.29012452880303197,-2.5876344193284364,-0.15064627250904294,1.9054361878963049,2.5750460921027014,3.2370048744521243,-0.009052413474020962,-0.5920555807279583,-2.2045461316173465,-2.043387261563492,0.5301170884802612,2.5180548380888417,2.3811699718727453,3.1604103166486057,2.188334884279403,1.1895705097171525,0.8936187094598748,-1.6932681547794166,-4.589428744883766,-3.946610426003509,-3.6263725461283753
Iowa,1.5876737564896937,0.2831581498865345,0.4174631423988934,-0.6445248273594177,-0.7814303142207235,-0.43177798042168025,-0.6695402927597807,0.6498091392511103,1.8177588727901275,1.8074283318252973,2.6829966737890145,1.6189672370137325,2.8123198102635887,2.7052804994364132,1.7816153598627134,3.4721922595676826,1.594675244968373,0.7302659349936543,1.7219757405865577,-0.5118475507417036,-1.3779958128925307,-1.5683275363533535,-1.2059052059051887,-0.3520684018609498,-0.692816255835082,1.4389867489755828,-0.0314594016421818,-0.0683491062039827,0.6221418696160805,-0.216143620090881,-0.3125950635155491,0.5492713210922183,1.9711462241716395,1.8864154951052086,1.919333284227576,1.5990455958223875,0.4664179104477636,0.06914701480986048,-0.1156343888412784,0.5150126178091448,1.6300422985659817,2.2606794414306495,3.411028993746443,2.457344878823592,1.3054512232260698,0.27734635012203945,0.21290419311310238,0.5340907954352115,0.7064411399254398,1.682607689909388,1.117117835983171,0.39396321020325475,-0.8368075939542987,-0.7705089909200669,-0.5346327605594972,0.5123224956150512,0.7485450531808235,-4.7705909910987465,-3.633622912451901,-2.8088336783989067,-4.018684142381931,0.7442142834713353,-0.011320133371756557,-2.510625779815596,0.750225690301019,0.9028759039148828,0.8696905136834746,2.2995442532204176,1.4398418027890612,3.348538360946067,2.2253739566965245,2.875422108303829,3.7140072290135175,1.4944853490619607,1.7736832123928337,1.3940658275906355,0.5394028389623065,0.469230089624912,-0.07943980228316015,-2.0506469825358504,-0.4780868735455415,-0.09477561628577562
Kansas,3.0096874314198794,4.32934788283819,1.4698981985841546,1.221577164973392,2.098994633309992,2.516239453113261,3.6381000251319464,4.604293623292318,4.280604133545316,3.0207468879668022,2.863406211806721,-0.6739519476069088,-1.363532416053674,-1.938987291388262,-3.0222733530732193,-0.32488691252012825,0.4917066761981244,1.1877494612120905,0.7954026117988063,1.1220614393538832,-0.22878895660700557,1.2167866898435498,2.060602552600347,-0.3147225497280817,0.6840867923074018,-2.7562844417603745,-1.240134221844128,-1.2600032430060728,-1.0268139103140728,-0.26684779971861,-2.186001550491476,-2.842928902627506,-1.5760212714527504,-1.0488421871959612,-0.5254454544564852,0.45537250067113205,-1.1061447025885398,-2.732492969656433,-2.646023096142131,-3.188993913000433,-2.6721234938262906,0.04650081376422695,0.6143151598431907,2.486377066443096,0.4215188969064773,2.3199183582738137,-0.4940751154850385,1.0075315477081177,0.91979022684771,-1.0566335851478788,1.2877442273534658,-1.49721001432027,0.7412107113004481,0.5798692549528279,1.8243593320314067,2.8765076850580007,0.5618146011816014,-4.584424863062614,-6.027692157150543,-4.660455325120865,-0.7883095581291214,3.137609717542315,1.7930962669859996,1.739823768732258,-1.9588785795875951,-0.15326752241032782,2.186032713769856,-1.1212925006028436,1.7936165646366369,0.7867018107270091,1.6287264500370333,4.125513148802975,2.553161583100744,2.4028056112224463,1.4903320495267127,0.2166445468030384,0.8840373978168315,-0.11056967846730215,-1.0821670516528707,-2.932011607299356,-1.1829438708174886,-0.7307635793701196
Kentucky,3.9338597231430796,2.829285622650061,3.8056425097946596,1.1135579040494017,0.439774989851357,0.5479846449136399,0.7605355991351651,2.8141018935034907,5.8132933013847445,6.13814891525327,3.8276206072241914,0.6734006734006788,-2.7801524218337876,-3.76342152119566,-3.9937999111683196,-0.7837480245507031,4.0355094900889625,4.6413186689965125,5.254213284237357,1.91974662678385,-1.5411590163197415,-2.130661523074733,-2.681198421241494,-1.4265464854256105,-0.468488872247735,-0.7737367470209263,0.5069544939211517,0.0958649042272923,-0.5055602451646036,-0.584827586206884,-1.6443356168780356,-2.409061607882888,-1.6608722115145305,-2.3382725641452686,-2.3813963896762655,-2.40153245135598,-2.135301399152256,-1.8856666603527006,-1.3114409612776352,-1.0606309642363432,-1.922210829923637,-2.1111057483469122,-2.4419043563263885,-1.6514873157956447,-2.7024122399929564,-1.6182155254023483,-0.7986269568840844,0.010929830488283858,0.4749615913723704,0.7246885242615267,0.3470242917004224,-0.13412416917529965,-0.3318009194483479,0.17414668126184069,0.6198923659557521,1.3689090511152355,2.3774667094497066,-3.053692941936149,-3.4706127057704816,-4.707833631028344,-5.970675520818031,-0.8925003330225071,-0.9932483736583998,-1.0813928339701597,0.39998750039062075,1.242762613730346,1.1555601616748041,2.221828896269546,3.889528670878853,2.956434713343288,4.643204753854803,3.9304957170939496,2.975952704322124,2.0730630746798604,1.805418212792609,2.3725989807918366,2.156794289925916,2.156315896877781,1.029034150469817,-2.0064904605546614,-0.9151319536738333,-0.9949964804139969
Louisiana,-5.639760928901812,-5.111973196967022,-4.928013308910072,-2.6541347851677526,-4.497046923685055,-7.259668097600868,-7.882685828105531,-6.708549834671703,-3.285936891312838,-0.48091855443899156,3.7819923410361005,3.696239961923683,7.799125933981834,9.481621681482753,7.650517953111607,9.392669850291478,5.398361528617211,3.1136491121594125,2.5549425703174427,-0.06963228795629534,0.8428609412390472,0.4583842401434327,-1.17641871334715,0.9192506633077125,-3.3898454047688267,-2.029348318197577,-3.6203496310045318,-4.7907371999150286,-3.199483279356655,-4.3665787732985235,-4.260953298026003,-4.700807021458585,-3.7864050297442757,-4.215383449242955,-2.781377536217878,-1.923902439024387,-2.6216569966203727,-2.0021168626908072,-2.174561804906167,-2.5952968327232258,-0.9739803799626784,-0.22408624292159768,0.4982713036404025,-0.019403792930879033,1.0828277098548567,0.34497759163150954,1.6735808964889365,2.692543411644529,0.7675966009299209,1.938742589829432,0.32243939333625893,-0.26358717275404814,0.3808747190676058,-0.3669234801357022,0.3442187128005566,0.3899432537822549,0.9530319691701118,-4.605916219972222,-2.435865750580776,-3.1799487393455372,-4.499376858384946,1.2247658688865826,-0.5937724817865802,-1.566780558377191,-0.05137795680140086,-0.7442663733462188,-0.7695836093981145,2.6445264452644603,1.4742772545955447,4.198730231064828,2.5259373394966658,3.4263894953844307,2.698020303539951,0.4641824127545537,1.7142742638439392,-0.21503264765083654,0.47254969664083885,0.15434236302117854,-0.8678092986603586,-2.190384350461516,-1.6152154275165815,-0.9414205275116194
Maine,1.7180752334138596,-1.1652396236653342,2.017750982277024,-1.4282274049237613,-0.5327586997386626,-0.0344294939794839,-1.3740611649330798,0.7000300684056209,0.3401736821727039,1.3795157732083558,0.6094110881280604,1.1561179072306302,-3.0043273338662253,-1.3065714207012955,-1.385687680932272,-1.3707475463065606,0.41014274483058916,-0.5461074724620646,-1.8641960304030343,-3.5493163240493026,-2.6687168650830886,-6.062618684577304,-4.537530127942529,-3.8535010230104416,-3.3117846031576814,-1.7446723760207148,-1.6156717162644962,-1.3585065504825933,-1.0394947874899956,-0.8705963432926614,-2.1361842839319474,0.1278040202032528,0.04153034247338905,2.1501088856853747,2.636788590499681,1.3417610358313603,-2.1809566238710474,-2.1609015934022056,-0.895733400656405,-0.4665222429341665,4.455025359693621,4.610600186183556,4.6607837942489185,2.3354457289789767,0.8195096815109794,-2.9669469978486345,-2.69394033803257,-1.9804330837183122,-1.6306110614206724,0.5905710196924285,-0.16509079993996537,0.2401929617406923,-1.8025219320157253,-0.7874804632709512,-0.9260372820204423,1.758872388623214,1.236288894767891,-2.415527235271546,0.869952253783283,-1.7344071552952516,-0.12362678781421366,4.526357182772104,0.9025632797143961,2.783958759149826,4.270906712287418,2.973031839062252,3.808539397312541,-0.2311821637083362,1.1861331480301935,-0.4624510869042642,0.21254595588236924,1.936218678815495,1.6224259130318444,1.5976045590650008,0.7595299512754295,4.947023694856489,0.08165640486561267,1.8519926985092932,0.9149954961361751,-3.890561327508349,-0.05908225562923745,-0.6263301347870044
Maryland,2.5398424290390973,0.622968898483064,1.738415457802308,1.2744582676245464,1.194026359798395,1.1939184777539469,0.7689199330370238,1.7578665682384418,2.413035941292021,2.812471195501892,2.5561118685624438,2.119700748129696,1.363154212462482,1.892797507648504,2.031012601662341,2.1289821289821127,3.5702357891924517,2.615428609137507,2.100076645133047,2.771498130597346,2.2862855115926535,2.9753483386923683,4.0108098833218895,1.6339178070602112,1.3703236654056226,-0.283109205212519,-1.524930919288985,-1.5629064649386568,0.042502902637262495,0.09602939334474397,0.012564260959695156,0.3128930983816339,-0.6341640329516539,0.6830316175857218,1.2531275845102137,1.7197593179973896,0.976087931340122,-0.011392942589927712,0.6358692280650853,1.239005894601616,0.7704303462805651,1.9691319660244386,1.2380179384176044,1.8378101816321368,2.30284396617986,1.4942960758220747,1.2381010371633254,0.991750484822298,0.042074893310095,-0.32728801345186215,0.2636380039696127,-1.4715246547538514,-0.9993591284146441,0.447858613244989,0.09498005418862755,2.614385685001364,3.246818926627968,1.4065639651708002,0.9928482959766514,0.4792458029089512,-0.2654884595791229,0.6496579191229918,1.2679260211650822,0.8236619166544137,2.7483915328323447,2.6592358247548997,3.7209938276427765,2.668389252617883,0.8737799107100249,0.29385948173874926,-0.26176531515413737,0.09745205453531713,2.648862268639189,3.0974124809741115,3.3457950983724087,4.186358652501012,0.9795775168033072,-1.6359710637041374,-4.300800233858274,-11.61623951009297,-8.609986011172772,-6.773730570434228
Massachusetts,-0.16423281308842613,2.143377270280816,1.4198846539618843,0.2569584344036463,2.297802785025006,2.525106418151028,2.2097227802330086,2.620409669680748,3.145485086856786,1.4793614962915185,1.5410820835349437,1.579452136905837,-1.1667974141783495,-0.09533267130089573,-0.962826939302199,-1.3257408117703873,-1.699019371433156,-1.780247306270126,-1.4572788774743317,0.6996840458083902,4.350092500792135,6.623622397862627,6.628288971837134,1.4460621777043117,-1.6690664394228891,-7.591260274492688,-6.30496575669127,-5.340800437098762,-1.5758698662203934,1.6207888249794644,0.7676019057702601,1.522366522366537,0.7671521248494492,0.07277284764195403,1.2103210684770995,0.6589033168522842,0.24305729925175223,-0.5676194323805748,0.3773208225194565,1.1699917293688018,-1.7874497780716936,0.8146432634487264,-2.197736629606792,-0.8693398201503264,1.063015822817091,1.036775818639817,1.2679464757798835,1.6362612386105189,1.8937061525261123,1.2265778478046017,2.0904663888749453,1.90874818179119,0.444814297460915,-0.024628358076615398,0.13769092321762905,-0.8845518982425508,-1.118453496400034,-5.116077411217528,-5.747566712827914,-3.7010550651945886,-5.185724545164397,0.5597557429485395,0.809670192257605,0.3753776665547624,0.06417202310193869,1.4179343392095336,1.5050340079799742,-2.89449680754028,1.3530562038730864,-3.3389678628161774,-1.4827185889732855,2.2314066837831437,3.639852704735224,4.557282064787997,3.5599842881065085,2.2990852662528716,0.9067798306543553,0.646844868061795,1.1827999920148362,-1.2684124386251898,-0.7300138861336857,0.22524100787841383
Michigan,-1.998212301703319,-2.31117862597967,-2.721340150699673,-3.2540864298740066,-3.192260154285473,-2.353041695146981,-2.0678446695943773,-2.6242520665444657,0.3557277450030902,0.7376231559421262,0.9524734296105063,-0.9350275713258335,-2.490918981522103,-3.4917353577291657,-2.917901768928756,0.46699652217562015,0.9627929995050886,1.229423359043819,0.16392556698430286,-1.2945532408440135,-3.524798360144377,-4.3254056456990435,-3.5384145025537697,-4.315129164632928,-1.0762124711316279,-4.741195056221534,-2.8777045482087686,-2.354997166068382,-2.901433440724672,-0.18632692082569,-2.471541281938062,-2.820048951793136,-3.4180307372713306,-2.2430290176607945,-1.8305104762279745,-0.848166288376522,-0.03684378236279148,0.28693687388773453,0.9042515864502614,0.19578313253011925,-1.7422574636158055,-1.1803527101257163,-2.0327262972787694,-0.3196552933513846,0.8262535736734266,0.9180327868852471,1.4714979666758066,0.9841569825887801,-0.7772515660663826,-0.7187484380466662,-0.89148293989487,-1.14678214125728,0.5674908796108721,0.6262837810624527,1.6467337595546907,2.8790670976707693,2.127166465135019,-4.516800416258081,-4.350241569856844,-4.326461893854858,-4.335428362818331,3.5221747149564004,3.0586844234239683,-0.38673241799842084,1.6306197592747282,-1.1155539808675248,1.101013455712895,2.493734850663507,1.476587712354638,4.561694460653321,3.1197427755158853,4.641654641654647,4.391307391517418,2.1079117672975145,0.6525663426359459,0.6186317321688196,2.41799509503371,1.3912860046791624,1.705237515225342,-0.8375368801751093,-2.0447487559397026,-0.6402315046858775
Minnesota,1.7304646761172788,-1.206456118866054,-0.7349651081979187,-1.4096090582204905,-2.786953715305463,-1.099167150881283,-2.2768469410264074,-1.5481017323995547,1.5457172987540442,2.4832313341493237,2.9815590864927035,0.9251413820961998,-1.3048704264627995,-2.35140119051031,-2.387283071732844,1.4135517439987584,-0.392642101365981,-0.32093933463796326,1.5591744283677933,-0.5448332290513623,-1.6863109502616387,-1.6079001099418972,-4.077944300779633,-2.8871746726158714,-1.7828894349872244,-0.6385058962028953,-0.6023190787825285,-0.7903444426726146,0.7344077634497952,0.5924051649697812,-0.0947771728171018,-0.4621118511598164,-0.479666948232173,-0.8873672442705369,-0.43194800476354966,0.38250759464287903,0.2667555851950688,1.5106500830857674,0.6233655658943006,1.7413685628682423,0.023178240670754968,-0.6458653703060677,2.306770219495744,-1.434867679901975,1.5646724565256822,-0.6121185492890244,-1.93475970579838,0.3228329089049624,-0.5634529348160251,2.0727210617797382,2.799252997048128,2.1526223217141145,4.108181446343229,3.2462547000807147,3.917527787002143,3.121759377017741,2.0640685339747322,-6.8861304961293595,-5.303720969576221,-3.093663728903604,-6.521392156678665,3.079789902630332,1.2128550727514587,1.0749109135763757,2.6736302917692156,3.7605411365058337,4.421628618498469,2.3758789686767545,2.136421884629292,1.1142701243502533,-1.2471240080762662,1.6698360438603959,2.6577659442012864,2.7199484980166093,3.5832136709872,2.331013176505612,2.950945086111994,0.920737327188939,0.5857241221023602,-1.9814675044785122,-1.3547925219077805,0.08949853423318778
Mississippi,-3.703886514180797,-4.356152213612367,-2.065978342986665,-1.218117236258576,2.2368704316893266,5.061305370928457,6.26388546038015,5.7350073135056086,5.0988177962277845,3.3861841329718114,2.255260661672188,1.2363825004323195,1.4912130058961737,0.6584760981728336,-0.5376547650600222,-1.9813818430267276,-1.0773005442906058,-2.7223984292403034,-3.1177433476721648,-3.4503790189074017,-3.1007972935731707,-2.4424562356868393,-1.594302554027496,1.8269510373111382,-2.3752549819551216,-0.5132540906152168,-0.5120935943380346,-1.9635454106803523,-0.19588933759266977,-0.708865315590021,-1.256220902231475,-1.5046656689132922,-0.28283560306388733,-0.6545161615144831,-0.30585700930782095,0.6434901436889979,-1.026546886040186,-0.5888911412933203,0.11007939986341692,-1.2929374810010954,2.093765616554308,2.0034869849814894,0.6628045490180153,1.7307573860020007,0.41555950692267457,-0.09795689896444076,0.9558005461717276,0.6215943491422707,-2.356698036250756,-2.1061373141496516,-1.4516856183940157,-1.8632917485659102,0.1833871608610855,0.8575137212416349,1.382591545859343,2.701874144168063,0.6722056684938081,-4.347385488447527,-4.500330906684316,-4.052655668543897,-0.6424631795866557,4.182646466786739,4.14225414225415,0.8213296829791779,0.35482624697531423,-1.669751266041614,-1.351037980299048,1.1777290914514413,0.18944958310963267,3.220402084884581,1.0036487025131942,1.5859138320151196,-0.20931502416729814,-0.4107804829175379,0.5393372122438888,0.31423253207372726,2.781521375662453,1.3581488933601502,1.309406389017489,-2.457102952912999,-2.9260982727344444,-2.3593052109181007
Missouri,0.03777373532540371,2.523526099895456,1.8516295540483743,1.4238187650996126,1.0920436817472718,-0.5118951889697437,0.6521504267460381,0.23234472928908192,1.1441377683415996,2.855537594133169,1.8481474614806461,2.053140096618378,1.9173955296404228,1.325360089699006,1.253173652694628,0.32448940637525847,1.241501625775925,-0.9334922256270654,-2.053310371582933,-2.5019025875190244,-2.59383093948668,-1.9370853024010617,-1.5795117521470736,-0.3356425017074956,-1.7394919793852337,-2.4134506795436046,-0.10502758200986738,-0.8106044289546208,0.15941430005313958,1.1412951305406196,-0.9953719625433632,-0.9642906492429817,-1.0600880295527855,-0.8236257286868178,-0.7830643720597922,-0.7823322470376053,-0.36641676182910665,-1.3197939251685986,-0.7572347427702495,-0.9552412712443171,-1.0355206506139407,-0.5865811991654728,-0.22275531185744343,1.229146595000227,0.2980956121534435,1.4953820574429324,0.7677465628188562,0.7273310157588663,-0.16868655427590723,-0.06992168770975353,0.4180409218955292,-0.725062908407355,-0.1649484536082499,-0.2618900061973863,-0.28851529430559,0.14226461217865924,0.5732362156335234,-4.099017839246355,-2.7963836241852573,-2.8472527912281502,-0.8704798156866658,2.189361479778444,0.10609150649938849,-0.8299866131191344,-2.0634391325875905,-1.9798537608017595,-1.3983063926987522,0.28763083568697956,-0.23215262229283637,2.585316487391628,3.5437754356673126,3.65806939253062,4.381864438331246,1.9536851526030499,1.2506802652530677,1.2495754839483126,0.3873933677462795,0.390032718857217,-0.09256770879992518,-3.9638928624278686,-1.8396794378318735,-1.0155108854419999
Montana,0.7134351095900776,1.4895610861700783,2.887873554423609,2.407722142327991,1.1877370147854442,2.489827032714532,1.9526602073771828,1.6170556820357695,2.356012674885,1.5598483102516314,1.230644186482725,1.734751565150028,-1.2084871797509,-0.4332264020547159,2.085499294883015,0.4044250064316942,3.1940366876965,2.9701534285743874,-2.2173373801337113,-1.2750081994096412,0.17150582110933843,-0.6267983982936574,-0.47641635902406304,2.6774220339687043,-1.1430930991419148,-0.16300331068836288,1.991462201591507,-1.0161471340606678,-1.84398463685728,-3.2887131122604343,-4.349107015868497,-3.1665611146294967,-0.4452655505620301,1.3075801902125699,0.7509054411436689,1.8702926222072116,-0.3158948268312592,0.011385513486650477,2.3634830276196546,-2.34438910231849,3.0863358259687286,1.048382923674008,1.8145867232394801,5.944415578907176,2.04431548404116,2.215326000122889,1.1318579058099976,-0.2782420706014226,-1.875105636253381,-1.1412711295478024,-1.4442455217386838,-2.216088723842024,-0.21581640407315192,0.5371875696823514,1.707953196196412,2.9488745419647615,1.085477549196806,-2.558674086619883,-0.060864879966464336,-0.5393818544367022,3.518799409347977,5.755581765886555,-0.5051866494943155,0.1313164726992169,-1.1110679837754898,-2.072062377099691,0.18764738347298188,1.4425868455300848,-1.0548626715991793,3.3117213958181364,2.5410148033893423,2.534268881191329,2.584445722672909,0.12184036977586227,2.394045653893855,1.6188798737235313,1.359242072699158,0.24821325091748814,-1.2629972336163018,-4.439245697616051,-2.7030120367014505,-2.283302985635399
Nebraska,2.9797259183064004,6.950356211401028,7.097153451355456,3.1246561777973336,-1.1277589817947644,-4.538304812777788,-4.885154534706974,-3.8813613570894976,0.32697843680407934,2.706020259211749,2.8199493940604587,1.2220840918172324,-3.1725063883234266,-3.9892328398384866,-1.5499357791233648,1.9091377627668733,8.767025249927306,10.434002467197491,8.640215758718616,5.568467944993236,1.9791088355643252,-0.4732213579219001,-3.0072456455486742,-0.8623062104394044,-2.3540442177213645,-0.9621663537670447,0.45258755228167824,-1.2779782651162332,-2.944577517138839,-3.5666821202287187,-3.5391355684678185,-2.499479275151003,1.7988596229947578,3.4122837943228395,3.481080616758984,3.6584063234351616,-0.49427869794660123,-0.8905234666363477,-0.20856247535641398,-2.041321036632496,3.564302367100039,1.612550164173651,2.542293575119822,5.214381890095092,1.2198831832562669,2.565601854701377,1.1367093228416896,0.43690824926764504,0.23141886815136337,0.3910664813018209,1.1740643078434558,-0.3513906309104245,0.10794602698649793,0.2570386753541913,0.7234169061540162,3.4663603216622643,2.7047265320793246,-1.5323157643692047,0.18496654860290734,-2.884866039102107,-1.0605928043007142,1.4501967907962505,-3.1798719409199845,-2.083768280195257,0.16408583556045958,1.8034955783023587,3.4496399229130787,4.796377333969594,-0.20011182719755435,0.2364666796951247,0.486317420164503,0.3952913820665826,2.1515839550221667,2.152424401941866,3.2033331056621774,2.7870260463410483,2.3064044338388094,0.45805897509303184,-1.3954807601399175,-3.684126522143243,-1.4888314131201514,-0.8948418352806967
Nevada,2.53446968006781,3.2332872496989755,4.319673684093216,4.155818475430914,3.6119935593367924,3.4841022982547156,2.7669462101383355,1.527232839724948,3.031416691167222,1.9098707967187718,3.2267789386142782,0.9131518803240916,-0.4372063634418083,-0.36867114533837037,-2.0241895688778246,1.4185857379631457,1.0021086248899558,1.8255077707425342,1.641501094676671,0.05075266197710118,-0.870552228066457,-1.1073649357990745,-3.1511032906579355,-3.166374141446914,-3.238800171754549,-4.229995814917276,-1.1057742508092303,-1.0309494373782009,-0.4310800245123938,0.37517453076540586,-1.4792368362703248,-0.9951091444178715,0.16129374562278082,1.1383063445712651,0.22076947808381517,0.8137122816021899,0.4873397605678612,0.9543607672682723,2.455194832969748,2.581589469999886,3.5192409066947974,1.7086817255293458,4.750970650857938,2.850584695555087,1.557216767833133,1.5859057863577242,3.050894743134998,-1.9774011299435097,-0.4231976493476628,0.6965274282838514,-2.311797807127824,3.378218999661559,4.694093358175139,2.883788808700338,1.669718414410849,3.5525441215860942,0.1548732155912123,-4.089306012999505,-1.6568992036759396,-2.4199574639305625,-4.040646580289489,3.93241354160335,4.40110869134824,3.2644125039271077,5.470923831448311,5.884990253411326,1.4213111334458668,1.7313012806495507,-0.024673549954457977,0.2531342624127711,-0.6450708175571435,2.496215024018256,7.047935453251082,3.499123153342584,8.47706422018348,8.05394217355227,3.2436266903125768,2.5309605762747993,-0.2845147635404822,-6.835940796246594,-4.3097747202253816,-3.8329425404708592
New Hampshire,3.1409020817270776,1.3894470919216841,1.715786959636975,-1.5223018624601705,-0.27845522757640917,0.9362553560979108,2.641094758197064,2.0810400455494524,3.70686181726181,3.194135358031181,-0.7018474968659465,-0.6200440631013431,-5.529604163466648,-5.134919628132892,-3.3709314755427724,1.914766243241727,0.8913798215327634,3.60284636324564,4.919987030078783,-0.4139399557607321,0.8891922380532558,-0.8426526040178282,-6.511720915858477,-4.571344307017377,-3.291457994681801,-4.6618876274952585,0.017500704889511384,-1.712348612157385,-0.17780109595431934,-0.07509337910453642,-1.4824391713894072,-0.6495101651780057,-0.6715916722632455,0.24399289492687334,0.7834546997414826,1.7486252324247236,-3.161164515781331,-1.7758392398161729,-4.173683179949106,-2.127804346980827,-0.02732102200859157,-1.9695107445880586,3.2980168987606975,-1.3298638354504504,1.0941517034757655,0.9979676646343478,-0.7289451560259108,0.5203929621129697,-1.1854343755944856,-0.6707512413903587,-0.8917184760083052,-0.6528813898763409,1.7093064491615766,0.1663004696728252,1.2988449126899009,-0.8789170773991121,-1.7552947739634615,-4.9384703621343835,-3.921996725053347,-0.48809753815805496,-3.2417359561954973,3.3966657845991066,1.953250080051215,-0.6550106784112103,1.4189451180532942,-0.8947217558658348,-3.173123682930757,-0.08434478502365302,-0.45155357161308857,1.4998450573287707,3.530322688653553,3.4373777512404975,2.857587710193071,1.392196372962083,0.7559679016837728,0.3204713516526265,1.9083083567961234,-0.05219311452373344,0.31496378919491114,-1.4712447544122524,-3.352016160975984,-1.8126493803852264
New Jersey,-0.7600876954575925,0.7272265646252328,-3.6260879594715583,-3.1573658648379355,0.9165350592917836,0.8795146015627813,1.9498453380468421,0.749087533108197,0.8928329126977528,0.42744576614523655,1.338245652056113,2.033607371939668,-0.7647892122581356,-0.8423671583437222,-0.40009267179925007,0.13635437972036968,1.4736043223317434,-0.4579181303319198,-3.142026392305965,-4.160219284672162,-6.269143101360495,-4.65246081688137,-2.5068582987724315,-4.93680228803397,-2.84693790312621,-5.073031639175551,-1.5670446901439221,0.5366899911683901,1.918376126874857,3.3688084344539506,-0.09240098176041331,0.3060081859603274,0.7598142676234837,0.1385587960780143,-0.1175348510101257,-1.848733026013166,-2.049929542598189,-3.0719412708631593,-2.3303143416572785,-2.8454327960152086,-4.405346294046147,-3.407220889426425,-1.6946307067874076,0.8457299719435847,0.2969199638001514,3.9471658610179183,-0.42995630117033173,1.0417917617389205,0.6448015410351334,-0.9744972009122971,0.8222605607514266,1.0845342445401662,2.251412799306949,0.39383425061814625,1.1477804907336988,-1.4883401920438946,-1.1841664532145988,-5.52780288208479,-6.9074684157935895,-4.825891924687444,-3.430571063965527,-0.14927726675427536,1.0818623335494275,1.334531659856401,-0.8785604410352895,2.5994125264521024,1.4887241759974825,-1.3973970257615862,0.4770237053701575,-1.0497475680334818,1.4865690814349748,2.481931995272494,1.9664144293562897,0.849329558535291,0.5430455464140762,0.2633082952318818,0.9017251720597346,1.1671191181309684,0.6050884281914309,-1.2143482420960365,-0.3959538154633564,0.6911763211123861
New Mexico,2.2591632944190554,-0.260047964402327,-5.428728924708702,-3.277612631741501,-5.660735468564653,-3.5613237154417363,1.9486262134946497,0.32330166839628294,1.9273714918016276,1.717249596972039,0.610182857706141,0.3302168291227242,-0.6000434241951713,-0.6054103008347933,-0.2664994513246467,2.6241176937108417,0.7486248734089265,2.2581188285513463,0.5108456460232637,-1.3736608738492464,-0.008869441816462202,-1.073133880231278,0.578622253499094,1.0930781511699612,0.6603392369632218,1.1513496049578358,-0.06608100754101169,-0.5309408698516543,0.28981817825777,-1.0579091533822929,-1.6550624294993892,-2.3357522037695544,-1.5073856036864517,-1.5495382688996704,-1.2340063677892803,-0.8118324074720402,-2.40471824354463,-1.468600953895071,-1.7970486354443962,0.14780851256371266,0.7678322956763703,2.122788971581841,3.329561325707756,0.393574297188765,1.2719850829007695,-1.5138199018436298,-1.4167743717750025,-0.12300984078726628,-1.4192302716044498,-0.4090881745442922,0.7485913871958791,0.40853518108722864,1.1509222521731275,1.7024746793387395,2.0920044899621595,2.982737816248994,4.492419478795493,0.5058554500727717,-1.7776696667477627,-2.015145059456958,-2.3344668169487544,1.258766054684415,2.997582913975532,3.4777194698923846,0.5652922306548607,1.1370931657685357,2.971896820358922,2.319828854124876,3.2929414739462843,3.3065640779033334,-0.7070537248748474,0.7317869977131625,1.8359507400294022,0.4831817377785058,1.4712107387095894,0.8144997637116734,0.3467021689687641,-0.2835118407886612,-0.6832234798972946,-3.5147704921046277,-1.6261735629324519,-1.1660751119617978
New York,-2.1264547964043405,-0.3844097141646485,-2.1743472962985257,-1.3800624597233855,3.2254065334628264,1.7370254831260354,1.7213742406452759,0.08947151488342356,0.7856599543616414,1.1060559299929438,1.742429565095197,1.3017014523613657,0.053624095093407174,-0.10437385533390604,-0.7645486203596883,0.8308711257411294,2.341323011264967,0.9038757244805334,1.5040957531414088,-0.35891283826306053,-1.3470527765386033,-0.11331555451356749,-2.0057783654081587,-1.502995134756384,-2.294421233718346,-3.336821413552658,-0.2418621385810086,0.7574543122795592,2.707488605608146,3.1434323812992484,1.9936883233982838,0.621494769500017,-1.180423581042697,-1.6204339467179227,-1.187564461470456,-1.5070808091788575,-2.1263518938905777,-1.7777378958283345,-1.6809813511471579,-1.0976882324610744,0.005064214236525135,-0.7978642412676686,-1.1819422678327847,0.08116059653040147,1.2842196947446136,2.3637275266814815,2.370672014406162,1.2721743537759758,5.389730513474322,5.968791547127554,6.801395260511944,7.665282017917016,1.7942027610418052,1.581956078786511,0.27981058975461726,0.04555469817687565,-0.527561844043018,-6.04076705204996,-5.036535177356591,-4.402854700219299,-4.036731634182913,3.748764577979832,4.800511006289305,4.042809650640587,4.01808381830254,1.073609404323021,-3.078437807679688,-3.360645782141941,-0.8561209834126541,-1.041470311027325,3.928910044310287,2.9921884063575432,2.4371538133787793,3.290632887280332,1.81804641464119,2.896809379429466,1.128580539611235,0.9543568464730293,1.2534742539496848,0.10491073464881605,1.255826706882379,1.560031054482351
North Carolina,1.329737464912769,2.187586359365486,2.444835462682657,3.43060791195459,3.8553876571105787,3.7622777032581896,3.511991124007854,2.864384235937296,3.9361101232191844,4.153374616876214,5.167580492229052,3.0401759351646205,2.4425099381069812,1.4823934498428504,-1.3308245624350776,-0.3023595905300183,0.9941842187991071,0.581928649629637,0.32775813436096196,0.27849907827707704,-0.5262441150149649,0.5844455122233351,-0.4464727661512217,-1.2552011781100718,-2.5835346117364137,-4.492410283407898,-2.545667889780537,-2.169974676956041,-1.7155017516386997,-0.5175317715510686,-1.2693488974827216,-1.933681873522883,-1.6218645314159803,-1.2302735537359728,-0.24080447296893084,-0.05320758260215597,1.1274448735517755,0.3739910034386419,-0.06526738909724117,2.7578288100208703,-0.5697566984909164,-0.1862987611132475,1.8763671044856582,1.1844537900489607,2.204326054411222,3.8791360341770655,1.6057309739196024,1.376395470243355,1.4829780785937965,1.1429427031343449,1.7836576498983407,0.6565721585676151,0.91580561030481,0.765852454971625,0.27451983627203874,0.11314220499401209,-0.2337785318313554,-4.377038422738261,-2.29121488357489,-2.2543903613510783,-5.486400174014507,2.641551950180259,2.361010685305711,3.951218040879538,12.888107791447005,2.3240961571085164,1.5344315049005597,1.0938844989506054,-4.9151160204611255,-0.3354788375268267,-1.1769139345450412,-0.7271057364815783,1.8341649773896664,5.048142784453403,4.348166182667965,3.3084692186114775,3.7257153794621582,-0.6483163336593669,0.3345202398800666,-3.0700486021064006,-3.418432780048535,-1.5769883460373602
North Dakota,-0.9605402753853224,1.4962593516209375,3.2708957512562233,1.2584928077885857,0.05644055887672501,-0.8753785497971572,-2.1450354650432337,-4.387004169419696,-6.504270946054851,-7.603269578851485,-6.834125103591562,-3.8352932766200776,3.6199763593380836,8.983829107606295,12.190232779573533,12.123352165725032,12.093017728979495,7.066312511448983,5.181578594720156,2.653126622981981,0.4600722970752543,0.33363274733735954,-1.767741113517654,1.7772180240694246,-0.6257452488735341,0.8547555100822692,0.9446299838959112,-2.722397910078385,-4.906874508887821,-6.071013420691103,-5.2892491193507425,-3.8162544169611254,1.3958214688508561,3.287393823479772,5.585764834891531,6.8038207200587655,6.318073191414381,5.644449769625416,4.904815948949656,2.883027814233116,2.98218355085974,1.4094381837115402,0.25209483664867705,2.845444819356419,0.6568161015500136,1.343080239131339,1.5108016207521178,0.5661471982715656,0.10292589335677872,1.8349268136079377,2.3969511583592586,1.1149791127909172,1.5353132018966784,1.3890804484463968,0.8844270323212651,1.4784430607607708,1.5415925201301752,-4.756306113723806,-3.5571779462734354,-3.061145360784775,-3.254228754562784,0.9773415900674342,-0.8103564561752958,-2.325860448373082,1.0638510808646844,2.033764737974724,2.58286479793776,3.696764946764939,-0.11289028846441006,1.357533269961969,2.644466209598424,5.310442191310182,7.595990839603865,7.118783154069347,5.935307271185139,2.819911877753811,-0.23311311975381316,-2.9183766529867743,-3.800382130834306,-5.194296030197492,-2.245146751879421,-0.27712541099107924
Ohio,-0.8162433395125933,-1.7231300014375506,-0.34350627987536725,-2.6662046528639833,0.8024111476436542,-0.960535169239472,-1.2535075880416802,-0.17800104822840276,-0.17376616316545448,1.5399460428112974,1.243854473942966,0.49235707280346225,-1.8748845215057455,-2.7927001919981547,-2.4979361919098797,0.10055205047317793,1.892869530746752,2.6903816611136713,2.5469903280109305,1.5067656733174573,-1.362641637893304,-1.8592813498732343,-1.3715395823215315,-1.7395606954362086,-0.6695328061214536,0.3197101822249249,-0.2885619177056719,0.09083817968186945,-0.4804685561125513,-0.8850343357802601,-1.9912094424415974,-2.671375442680857,-1.1481182232596425,-0.9506744313374123,-0.7578429692932597,-0.6385372429380711,-0.7880928355196645,-1.6110552763819044,-0.6763000497578019,-0.6559015841604299,-0.05390616259319171,0.26047784916799743,1.5018760671090112,3.275490296745031,1.052245944680757,2.248553264324709,1.3174858984689668,-0.8222310598528489,-0.11278952668680568,-0.8828306380095391,0.12228098779178327,-0.11829218168876703,0.3367342823728728,0.4745006182582038,-0.7437122062137993,2.0645355547749284,1.1223649042422594,-5.438991445294888,-3.2482343290450464,-3.687605711363732,-2.0896471546815776,3.9371911669788027,2.9747195367833354,1.912356292499657,2.062190468458228,4.327598493331974,3.239216001285231,1.983669789109847,1.4696523745127743,-0.7123271630838806,0.9716197552957664,3.033547816690401,1.9765595907727787,3.450580338276759,0.8033366404346137,1.3071708475158148,1.8171684460375037,0.7163078793866711,-0.33731163581809326,-3.483162986805202,-1.5940880004530247,-2.1977814669483737
Oklahoma,0.9311537114846011,2.3738774794135913,4.537078924429821,2.6462290967209006,3.518966208818028,3.3234796392691024,2.3167938528440133,1.4431416807741375,3.2265496549340473,3.2798100944344863,3.2835420578101377,2.711305691475644,2.1690169422745496,0.8350646874027875,0.6831733602341278,1.4512521688547642,2.358303213250186,2.1828497486686858,1.7985218987153384,-0.010874508175661523,-0.27647623759493783,-0.7938981862105283,-0.5544836188582835,0.36779609068350694,-3.855133368353484,-2.8612668519191256,-3.5149780987564943,-2.652809929567072,0.39257348105427714,0.6125605232035094,-0.3889825516442816,-0.9593005606039194,-0.6077219999395178,-1.1804892751293445,-0.00917627626710958,0.5016654065431063,0.46035286960048,0.48698657991051963,0.6852248394004449,0.33446856097189714,0.171588913337513,0.21550197796416665,-0.09317210508192703,-0.37996230773906814,-0.017129499012531944,0.4543068287364163,1.941206284845411,2.4288286089158726,0.9664708194342226,1.1668107173725233,1.1385670959081162,1.0813548214126159,0.9512307108777571,1.2377934295620157,0.9871202438304978,2.713269676608124,4.003401259652563,-0.9400543622251495,0.1917946920575671,-1.7932630693012463,-3.1667110316766167,2.335786668779904,1.5751474575118207,2.646981486711519,4.5603149513533685,4.572689697896617,4.018865036543844,2.3320461855200554,-0.4788642466808183,-2.710282969092775,-2.9641415209733863,-0.33098767835785114,2.0586459355423092,3.5792778649921573,2.5703724765424916,1.4920652639020435,1.2341228021520847,-0.2985293982565959,-0.3640664559886171,-3.9539530364966056,-2.523080294770286,-1.4823754859869867
Oregon,0.9035589157293087,4.4017584942340795,4.586973349552129,2.0096818363144107,0.20962332301341488,-0.8929610546250818,-0.9505381801264646,-0.33081435290385103,1.9051910018343865,2.1393571253189245,2.5469955913278297,1.9766282793578054,1.6211379546291917,0.9887433761510203,0.26232238588456586,-1.56396231516336,-0.19889159372247955,-1.203647164753764,-0.261636055940289,1.6057129576810019,2.757854748139463,5.065996228786953,-0.17696351428719656,1.2829843421846139,-3.6858585858585906,-5.8147882268485525,-1.8603681109546832,-4.515685308368239,-2.73201120072155,-1.5773204607045805,-1.6289275430077235,-0.31822140038916563,0.9251072822547718,0.5808075375911362,2.5999697552334076,2.0081750628228656,2.1676424084440638,2.113052591055893,0.5242933094699264,0.6523371007474944,1.393870316731679,0.41889203057912167,1.405485793282572,3.560924369747913,1.6768764309139217,5.042235895296686,2.8494706945520343,2.544882848159031,2.4951314508276865,1.4723256391163975,3.886166452442143,2.836823311803277,4.535288762221414,4.331363494051358,3.065130396118087,3.8858483942020223,1.711553935722064,-4.829558775261404,-3.540445486518171,-4.714509244771183,-0.5826345131837465,4.8588461348967735,4.4842002916869275,4.665986493708393,0.6965183444582894,3.454367764245994,1.3604809141836227,2.695024926427587,6.859363523953846,-0.9137812011772024,4.189159413903265,-3.6973422527571915,-1.899268307537043,4.094934272042237,2.1130173500048564,9.407678588191128,2.402532902905405,2.471092793673449,0.23557837511325447,-1.478310110508618,-0.22084614385312568,-1.694755025395551
Pennsylvania,1.257154731095462,0.12660113196308367,-1.8798607239794276,-0.5750473813155805,0.18562567044446085,0.36258832279657865,1.1838012033604777,0.6360246599034768,0.9077874194629764,1.0912459471977611,0.2558980826053876,0.1533813188945324,-1.1791952315485619,-1.784143391246984,-2.230179497773505,1.198416871938214,-0.8151184396037365,-0.13621817299707123,0.7287342937099723,-0.7101702950078339,-2.1585645969047627,-1.1183257812864955,-1.1840167067554244,-5.138045963291812,-1.6115841631789023,-3.8199890398533607,-3.5474375424560423,-1.5912192572374135,0.9260707999217611,1.5875042978535294,-0.14868143047185745,0.5350486363144481,-1.1307372561938567,-1.8731082766823612,-1.008032915360502,-1.6318224952796372,-1.5121520972167897,-1.6181484912391577,-1.2558015259621487,0.65540184387711,-2.134392071405103,0.8013462617197137,3.4214587801407035,-0.0810212631412468,1.7722059541239665,-0.88838540424517,-2.904182332648549,-1.145106105254834,-0.7412957690194417,0.04511820970943419,0.5079891016876471,0.23107394366196235,0.2043219631012631,0.3647915977671469,-0.8311157008380736,0.3922194832283822,-1.1631644501586933,-6.159944881024892,-5.645282414314464,-3.581795769047239,-4.190125815565366,0.3394411458000931,0.529538484395072,-0.8073080452422358,-2.908512330946696,-0.23754732388094474,0.5795296204028307,-2.972787560027452,2.0222214938874394,-0.6016604126582368,-1.4231588669304582,1.314464465536812,1.147948256660698,0.4833862705465884,0.6867181261644919,0.27069036617215414,0.7315575506055589,0.3373811981821672,-0.46843607909484347,-3.5558742578746942,-1.9979610497440865,-1.0861725147439378
Rhode Island,0.4218677234666087,1.3524523382760398,-1.2973320705491451,-0.44603897992824604,1.0802455103432622,0.2161486245087577,-0.12039467728794205,-3.3487696680450214,-0.9571530095445271,-2.0944368193080316,-0.9634120920452784,-2.626540240941781,-5.1126713230819565,-7.184211484542847,-7.255156761901279,-3.616588890561485,-2.9778883890112056,2.461749705766979,0.6759023543109776,1.9874272773417712,1.662407876952203,-0.21154398391884316,2.2130528956885684,-2.739280245022986,-0.27172858196496963,-3.3544686279964204,-3.321539184381873,-2.1118305811962483,-2.772371647658709,-1.3994759409242514,-1.6940242995288608,-3.0440727038764503,-2.9354951708952646,-2.0756578285116016,-1.1602449630235052,0.09331840238896141,-0.357798354333797,-1.808182565789479,-1.0605612093868426,-0.9654629456978988,-1.0462047912247117,-0.4093340731357496,-1.4031033344338102,4.435053659965247,2.889441981092616,5.499842321034359,4.6166080696467535,1.4312613930009657,1.1149847032636346,0.3437556047109488,-0.6881376275255092,-2.6809254376870038,-1.0182541916287888,-1.2888875649160292,0.7311767312573005,2.574171029668415,0.32293771770368374,-4.720900522085535,-4.763142634325835,-3.2692669126448064,-0.866493233052267,6.473035178850463,2.6718038087639595,0.8078700863091767,-2.3607976882154156,-4.782492290301147,-0.4161596744343031,-2.855606727667433,3.1823553403541096,2.542072815129559,2.417036306883521,4.6667293213453975,1.6368685640152396,0.05585741126286817,-0.3318428809175288,-2.2348152286694685,-0.8296851783523939,-1.1063743402354753,-1.1929789267213216,-3.812556127030803,-5.3153941295363385,-3.472236477471009
South Carolina,2.2898842476094745,1.665928414775086,1.9179178746051588,-0.7131335427455543,-0.0748703139205479,0.28691965187084173,1.0348450916501117,2.429457032920049,4.1937382927482,4.536255072955189,4.522438860408456,2.440704141579621,0.15820346609412228,-1.3957872970178655,-2.889534357819837,-1.057327955017718,-1.8369795993722815,-1.2428426041099165,-3.323259713108823,-4.224061605616982,-1.4941591958707012,-0.7494691260357155,1.9719305006904988,3.3988670443185587,1.0341974627689094,0.013634266056962198,1.6251456647034728,0.2650920545153957,1.2199346988482846,1.5635322616163907,-1.2882098325430402,-1.3706867949568646,-0.2375198365365608,-0.6050468756453201,0.5504740774849711,0.5781805184702284,-0.41690925725692,-0.5412087341325048,0.3216069941715186,1.3169446883231029,3.0621300230729758,3.649276724633142,3.2130222328274196,3.233060988693553,0.804327565946764,0.41919003617528217,0.5126349436101453,0.7684620765464326,0.22409808059492503,1.3627013195524689,0.40801632065281435,-1.199932565773159,-0.27774156999187305,-0.2059140902656113,1.3893868770168574,3.6716217165684717,3.9464687902187716,-2.4244829125539327,-0.20825351918977789,-1.6013631918828268,-2.1648078467029626,3.5349376277182802,-0.02165631429218326,0.15349345192998481,-0.061299348447248526,0.5086509947171045,-1.1431103234381954,0.18960791441119337,0.7479150384345143,-0.5676267146039291,2.486952711047369,1.0335157184601147,1.9069689798403358,3.0980103168754667,3.6452512609207024,4.216002173997432,4.524036654814563,2.897224763647451,0.9882608858718019,-1.0569938536040258,-1.2851005770968134,-0.6177756372258433
South Dakota,-1.131142474502941,0.6101878462243304,1.660009064176464,-0.49853129783625516,-1.2576584837244031,-3.000351886733876,-2.0683434590581906,-1.671482921352984,0.5086266026486498,2.277989394278885,2.212600175737624,1.5635241135801439,0.9260134177454404,1.4917899392851939,1.3744316357497135,1.776773911504798,5.619532087091313,4.024134528410492,4.272753279659985,2.956637349151167,1.26562330716726,0.29149333517780573,-3.2373748260792867,-0.9794280378659362,-1.4404372860255241,-3.74588661845553,-2.2702877858112203,-5.249536038521343,-8.693935955000729,-5.9398542417294555,-5.334051724137925,-3.379494346334645,-0.2626317211564552,1.6138334802433447,2.626855216496655,2.881875958799033,2.6863310288030235,1.8163125428375482,1.1272983234503515,-0.5304079241665722,0.9951351294308691,-0.37129754291483974,0.6327712215648665,4.289446633544629,2.87657778149295,5.41074124515672,4.96955596776389,4.248547198094422,3.3090587769280067,3.3331997916750087,3.937581741760937,1.9520170185943844,2.495207196578678,1.4267436901485029,0.6887144956631007,2.0933557448946103,0.7846296989055401,-3.0828332250296167,-1.8774326490116713,-1.0767847849742187,-0.874646667491507,1.4908596107199898,1.959049544994937,-1.0846796177795628,1.1319993855134765,3.549985426989214,0.14684707879206257,3.4570121744848414,2.026943634827353,2.2151542445395185,4.2694596524637,5.32676561857405,6.428079578657449,4.7501032631144255,4.889095873398524,1.2343926096177782,-1.713676185146973,-3.196635120925346,-5.265403132427324,-6.850575921737753,-3.834931592150457,-1.7832572959664164
Tennessee,2.221603965089098,2.40563229951354,-0.8825902763768465,-4.435459837482384,-7.341511849440042,-9.218095448076804,-8.607337302193054,-4.522822008087229,3.583550913838121,7.628278724719586,11.568140568107154,9.18454001088733,6.786817064717369,4.614642952386806,0.033933490358900385,-1.4957222344095906,-4.782839608167116,-6.9612620473954,-7.021849745585162,-5.277063551515415,-1.104190552921616,2.5934473564962603,4.642029358743242,5.800818612206524,3.319268048128335,1.4616759455184285,3.312209028076888,0.8302946434884433,0.9542872161905473,0.5983174220719322,-2.8645729940048668,-1.4375444536829989,0.3164240081709393,0.32807342403993345,1.584884837832882,-0.3933406512989358,-1.7098880038330189,-1.4464260637550959,-0.15692112701557714,0.1418352873950132,0.08835267952350699,-0.23103855392255498,-0.1722800407024241,2.1255349500713225,0.4809448435407272,2.3922468757969932,0.8265547100498641,0.4689401951589411,1.079470867413919,0.3776028693832675,0.5415144387167604,-1.3734408516723553,-2.703323709527575,-2.90226205719162,-1.2802899070147102,1.7087390371854636,5.425441253478187,1.7521083567595137,1.274707543364276,-0.4237204237204225,-3.696056565735272,1.0608907061553703,-0.1712737990918553,1.383945437553445,6.077951497744778,7.09677419354838,8.27614411682561,5.859336693667001,1.2860847347748208,-2.586927061094904,-2.60527503708004,-0.5660080223068304,0.41132895962951793,2.868114381544958,2.550108303932057,2.8144739048612775,4.776055044151544,3.192937928990244,4.399679017128306,-2.356853541623245,-0.7783632898821415,-0.4631790599978339
Texas,-0.3031491850636897,1.4323932003310922,2.4417875909945743,1.2356179270914758,2.4289904843671932,2.7178862461709525,2.4659403750676194,2.8518086347724583,3.3318199280550407,3.3967000195742023,3.541001676349702,2.3268742058449803,2.973152623336828,2.502255036247625,3.118277185122759,2.7684461444647512,4.068927789934353,2.151098363861543,1.0355952252930478,-0.22547792689765855,-0.9146437620244192,-1.2017952481228538,-2.2447393909720894,-0.09731518224972212,-1.4843658818661236,0.7513778849465899,2.691520404163583,1.9449525396945644,1.3893376413570375,0.5684125050751311,-0.5566393825013747,-0.7410553137275551,0.3547907371999172,0.14342477105156715,0.4414069580236948,0.716638856800573,0.8594957342760844,1.0163270069275678,1.7875908922031682,1.6460992757163149,2.5439204080347615,2.6213255757779503,1.915756760420903,3.4823219658976923,1.3519598812813678,2.0897508059151635,2.469148435421478,2.0475541420566348,1.1794286637517382,1.1026795112122367,0.6231338439569163,-1.0477575613665278,-1.2365392868192413,-1.2324380062861267,0.11809890535215377,3.042574039634448,4.637227162489913,0.698696970305387,1.2390713903372341,-1.4487128482296323,0.5562583897478433,2.0416708204565848,0.7558845415736373,0.10141388681029394,-1.378151260504206,-0.14459055471971538,-0.5393376350773537,2.1855666046996562,1.830752750998138,3.9007924860581227,4.961455412363592,5.194967705916899,4.138854355933832,2.658267182688775,3.088609008908378,0.409933568801122,1.2947896196440813,1.1768482847183888,-0.6230529595015558,-1.1883281389541924,0.5185480654168179,0.7633518580637003
Utah,2.438913357688329,4.748815919493881,1.7779212682579355,0.29083217661444294,0.2610821019886602,-1.5570784177654442,-0.09188260902855634,2.5802412179529384,4.106598703529275,3.070890426047506,3.510078062559527,0.8138177690685133,-0.34911815733732154,0.31845772420277346,-2.2391927482732834,-2.6639191902025736,-0.1495359046388202,0.00639154611502139,0.508514920044156,2.0984515326444106,1.8227913096498727,2.361525351512561,1.922580089562525,1.7453667087065234,-1.720823221658408,-3.4694111158516847,-1.76907965611204,-3.7113293765428828,-2.2448128788121884,-1.7604001595463818,-0.7633834012493778,-0.9796862385721519,1.221445833196646,2.512893668385831,0.44638503960042997,1.336432946983402,-0.7238078776224541,-1.8861057589381218,0.1779762482606709,1.019820172434414,3.485461826412481,3.487966134980032,4.486723948575499,5.992573857827041,3.692993617177882,5.078277370723727,3.3552828186024457,2.9822405897464503,1.2229872935067982,1.1708403563688816,0.5234453672592467,-0.7404851114178687,1.33744752897804,1.5380953797637922,2.8604867985161953,4.2227498038124995,4.287606770009488,-0.18263502295145884,-0.9353364318361497,-1.1666031261913923,0.2834418754562071,2.039079087698016,2.475276436692087,2.1408733220182072,2.76401860324423,4.617066364935223,4.483325259548444,4.30813097171344,1.8673191551990522,3.0971017946508703,4.9082264384221705,9.17640456557355,9.424608549601789,8.999742178679057,2.630894816201304,-3.247469262210128,-1.7073915447395924,-3.458288473459256,1.2386645726733887,-0.6375321336760938,-1.6446981781546683,-0.7645905849751562
Vermont,-1.2726780395342643,1.4206164335629234,2.5762108190849715,-0.7580673706565909,-1.180354204215959,-0.6426937938648173,-0.9733926342072372,-1.5128548075494177,2.292754973583266,1.1329814675185468,0.9790209790209728,3.337759536455825,-2.5621148106515745,-0.3649277011516687,-2.125356014201552,-1.9225901913828967,-0.1133741745564579,-1.4680109485457855,-0.05481090238676923,-1.4163631130212142,2.5866703837193104,4.674494129402947,1.75092232525678,4.040312512585072,-1.7159051205403961,-4.3760083243439345,-2.3587401759990767,-2.4599127127747047,0.8600940079788365,2.5307230779981755,2.53715914451169,0.31648395257701306,-1.6487335885411163,-1.8314768655553795,-2.8815566670255586,-0.8940403900548026,-1.3657856751779405,0.3332572924828764,-1.3968535520998093,0.4241093703223428,2.21127741388535,-2.769896894987105,3.388288684240103,-2.0907239032146,-0.857080790726155,0.44226643756927425,-0.4112622587788527,1.5578853355796751,-0.18823576280303014,1.3725807757713078,-0.2809323379923841,-0.22585093838067202,0.11375315565224418,0.7778487837999877,0.7197395797039485,0.4867788461538291,2.976148946985476,-2.221407551993032,-1.202854431881088,-1.0525686262783343,-1.4992692393313813,2.0337437300501437,1.8687661941395861,1.8424498841543513,-2.1332835468909765,4.141341913955432,-0.6275349367063614,2.018813242465296,2.2350070785264746,-2.209570673837991,1.3825750088943367,0.08047314330037393,-1.4957327912161467,-2.150275488809791,-1.8901030344975505,-1.7069839086250287,1.4217347956131783,1.0763404424955312,0.2573324854939927,-2.1653640314997835,-0.7746298881308636,-0.07099191480971576
Virginia,0.9693179162447038,1.402181170709996,0.6643002592662701,1.1518116462182457,1.483555242042147,1.6999561018437204,3.1061393230605865,2.3014105419450495,2.355713882312051,2.5758344214354363,2.6319739268407747,1.8259626056518532,1.4027567034156407,1.065687594681034,0.7207696566420713,0.5166902478645873,2.311515722283278,1.1835243418792663,0.180458613787437,0.7340367852525272,-0.33955857385400673,-0.4176696911713248,0.056938764946439895,0.9812445658924474,-0.6947722747890985,0.44318181818182306,0.9518882565959511,0.6375563755637463,0.8680824678344536,-0.018512995094056666,-1.4215435072255764,-2.4821250331017795,-0.4620664924952834,-0.046291057596375064,0.513604275183773,0.5462426236356874,-0.036025279453227005,0.31080830743265364,0.9030069199499191,1.196659326048116,2.318804765287936,2.0611893134156936,2.1640184520758616,3.293984808047631,0.690342252769939,0.8926686570764899,0.17258506336480003,-0.8784743960488501,-1.9618817274153793,-1.9817665520848733,-0.8063465988200053,-1.6070981001554066,-0.06320468122413192,0.041676831747576436,0.9562951892393827,1.42344765747591,2.751142484086833,0.05486856945446525,-2.317579394848707,-1.1884788876721746,-2.4858779497463557,0.2863787307938358,1.4438141268508484,0.9262271747529477,1.8274370068719843,1.6445070023189088,1.6836920095288115,2.87708906283054,1.3197360527894417,1.0978610637895179,2.0787007623888107,1.1211969879458998,3.146832445233854,2.535499955655843,2.008168822328126,2.6213347794089334,1.139396722440667,0.9773959174259109,-0.645407312073983,-6.235432885114411,-3.657775255391605,-3.22454767819243
Washington,2.635609967142576,3.93317826178895,4.940936477062471,1.56861841802183,-0.6698946169182498,-0.6171583587656642,0.6724531543138815,2.0217711758702843,4.608485209951024,4.965652154133112,5.147232169920418,3.582185766841164,2.790417192039907,1.625311518040944,-0.40251115713950936,-0.056869393536210996,1.3813333333333386,0.49152361659025207,0.8608029157956726,-0.6957044544410041,-1.115261192066919,-1.5607261461416806,-2.379687101436945,1.4984593761824898,-0.41389583444166533,2.027376589782272,3.336998769719872,0.48146057242678686,0.3098423009530317,-0.9116742903624343,-1.9649366795204108,-1.132159477595325,0.5804912340498085,0.519200835838704,1.1370353254736718,0.5886452581354044,-1.1892281136491152,-0.5048523094872004,0.273093393690172,0.30592448888227064,3.5709692630856957,3.5487000181219446,2.7372726887372245,5.149785868375472,2.340645695364235,2.3471761823385204,3.32862285578718,2.5872436759073105,1.2578107621686154,2.3003882596712786,2.5425759179028526,1.4570423714620566,2.7899267070077656,1.487635809448918,1.1039612153308402,1.1554968636513716,2.43928502040023,-3.2349008893797593,-2.8809397717972134,-3.028528643833512,-1.442376079885445,4.104967010082182,3.1091678811853627,1.563041347838569,1.9821033387857214,0.9723117167889607,1.184626775257451,4.10721247563352,-0.6793093688083767,1.7535003333650858,1.6002888882553807,1.1880465107570306,2.1487603305785092,0.8677256601548271,1.6283963896553415,1.1000804936946662,2.670832868355451,1.8402345997512888,0.43992048299217895,-1.855919174170896,-1.8079055106698863,-1.5955750357660257
West Virginia,-1.8496917180469856,-0.7490601591869936,0.7668974989984756,-1.7568713709189037,-1.2874929258630483,-0.3324895152453928,0.030290982753076887,0.2106102003642932,0.6631312407434071,0.6444520262329861,1.401480023468412,1.1190002840102247,2.7147860919420053,3.38054163998644,1.2449255751014758,0.48402801183388183,2.1698749641896784,-1.2360410252673457,-1.3273235074523662,-1.7609406590949377,-2.2070063406206795,-1.0292449436958657,-0.2213939410924157,3.419038496192114,0.075843761850589,1.7574757951040485,2.0896528479946106,-0.2861230329041407,0.3105389144077126,-1.6969019862819383,-3.3619456366237523,-4.008019718206228,-4.492560003685458,-3.9722020382687764,-1.9937747917022475,-1.8155862571138324,-0.49392720361953574,-0.14551522089209318,-2.2764022967359367,-1.9223450658183703,-2.2026816097414517,-2.699840671511293,-2.7624199908844203,-0.01989871553791262,-0.8218091697645571,0.5401735344922312,1.673154129898705,-1.0050851336962272,-0.4387981528496915,-1.1798121039982603,1.2427340148326236,0.30559213502347915,1.422590781772364,1.4813177094848573,1.7857849930706855,2.4292715191966474,4.854292049413987,-0.8219449395920061,-0.9093207811405977,0.7142367939573546,-2.066497998640579,4.019970044932627,3.921915025174463,-0.8558632950251045,0.0954318048178636,-2.309553064045494,-3.467913302167447,2.7092968566277342,-0.9042932259866387,2.978284366709274,1.4910040797158854,1.3041279896204032,1.6287816208126484,0.2652646444213192,0.9331289703770128,-0.546201077334523,2.5876165431508684,-0.7422986514907729,-1.9177689699632396,-6.82997500189382,-6.429843122267702,-4.223434548749273
Wisconsin,0.9374133131821317,-1.0649831617527086,-0.23645522771665967,0.028190372501751142,1.3579977824739677,1.1210566637896773,-2.3289365210222552,3.1846143380530716,-1.3239088971165716,2.6900539928840455,2.7710103781005015,2.639906571982911,-0.8887625544816977,1.4251293449634992,1.4559437035100957,1.9021664326809282,1.5133553851742687,-0.3885676402342554,1.8526865795211278,-1.4191294325283332,3.115317606064862,-0.6858812001996579,-2.163997796262689,-3.939604304061084,0.30321573068599006,-0.6012658227848134,-1.7641357027463709,2.627299957210098,-5.237423173230143,-1.2837799876397484,-4.631909335237842,-3.914646801571409,-0.7581217030353679,-0.5814670422962663,0.5340690742474358,1.033721300251673,-3.529104217497394,-2.207804598797839,-3.0109676850245672,-2.6838463373896455,0.015054346189752708,-2.1483765220106186,5.576272042847756,-3.779802477369251,2.2387460613723533,-2.8944901988154665,-1.3735606328907968,-0.43115310521968236,0.3180055945428748,0.9713423211590417,-2.637861759739118,3.78969350776979,-2.4009627332231163,3.410720278226909,0.15948963317384307,1.1845583303743967,1.726229261691149,-4.625778092456565,-4.077428343949048,-2.1483784811237077,-2.951407708150611,5.045006031736203,5.879667576232336,0.6494994272052694,0.8874718222619263,0.3533568904593626,0.6457618814306701,1.3846412700297868,1.0668706469664597,-1.412363067292633,1.2812898577534595,3.3142645163809537,5.049992033142138,4.324576372078272,2.3359769286229177,0.39969385151799486,0.4209049456331183,0.3927535542769988,-1.3780470621389307,-2.7914243228490307,-1.3216150135465485,-1.1404971203394865
Wyoming,-0.6514504213184663,2.03606329083532,3.7782799990382863,3.983744625714124,6.51445677223159,7.793491305268605,6.472911767772124,5.98683688843073,6.066959605647625,5.16383243467442,5.519109631515404,3.082448002394131,1.9788446575400092,1.0659166156369035,0.07938962779667945,-0.1254588059639455,2.4147317193879556,0.35224285244821524,0.07005470448248086,-1.0215416558525883,-1.6420014094432651,-0.9486384428821236,-1.3887887990940608,2.7920831541519378,0.33674858493948795,2.19852880403338,3.949428935335013,2.177484362723601,3.380666748275965,3.6858067124949723,2.069921361066178,1.8824210831161212,1.2443014742160303,-0.3948676949476481,-0.01869526714549022,-0.8586383329085795,-1.572078789119221,-2.0741770342890136,-0.5097873261753421,-2.056433274672264,0.25151005050004505,-0.7346914295995856,-2.5778243795316977,-0.7802878888821642,-1.4993481095175953,0.8649944112700957,1.4905520525551443,1.8933189545542304,-1.0167859936225219,-0.9054968751871638,-0.7293281976889561,-2.7727299958064546,-3.499067995785728,-3.790084526340186,-2.839981456473096,0.2865152962198466,0.8797161393268733,-3.1613558541106133,-3.8337067463281085,-4.3694191857131015,-1.2300199800199718,1.139730530504554,0.7658124083182238,-1.1639486449153567,0.5994900646901373,1.9661720053029936,2.5850442080024054,5.583844337067448,-0.5121330498622765,0.48232691279320816,0.5676304558782019,0.4176243638154778,2.2190875213171384,1.0988093623149173,1.3384380738942394,-0.38727609004426394,1.4664991452287262,0.7658643326039387,-0.24060365922330196,-1.4812687210208695,-1.890871445100804,-0.6709278266035762
