Geography,2006 Q1,2006 Q2,2006 Q3,2006 Q4,2007 Q1,2007 Q2,2007 Q3,2007 Q4,2008 Q1,2008 Q2,2008 Q3,2008 Q4,2009 Q1,2009 Q2,2009 Q3,2009 Q4,2010 Q1,2010 Q2,2010 Q3,2010 Q4,2011 Q1,2011 Q2,2011 Q3,2011 Q4,2012 Q1,2012 Q2,2012 Q3,2012 Q4,2013 Q1,2013 Q2,2013 Q3,2013 Q4,2014 Q1,2014 Q2,2014 Q3,2014 Q4,2015 Q1,2015 Q2,2015 Q3,2015 Q4,2016 Q1,2016 Q2,2016 Q3,2016 Q4,2017 Q1,2017 Q2,2017 Q3,2017 Q4,2018 Q1,2018 Q2,2018 Q3,2018 Q4,2019 Q1,2019 Q2,2019 Q3,2019 Q4,2020 Q1,2020 Q2
United States,6.508057693498135,6.189146583966106,5.1785586634396354,4.8442110527632165,0.6703217932076754,2.7419855623690177,4.752704041012088,5.026808372607738,2.183284259954181,2.4194919255831504,-2.1114293394136396,-10.206473062214418,-12.10885634916897,-13.602330985136275,-10.075654998058926,-0.2964057015103493,6.480886260392553,6.572038420490929,6.117721385700741,2.611660139207353,1.0494541429793276,1.2888301387970935,-0.8364754911688718,0.008899260372581687,1.159039311745726,-0.40041524543972423,-0.8675465543292279,-2.514311703463485,0.6417828175446811,1.8006750049632712,4.742101544362573,5.182660905900727,0.35992332068385074,2.289525518263554,2.110477218410299,2.0702356616654587,4.148637586247218,1.5938685630397906,0.5275675267558777,-0.5932643710736393,-1.38674451899054,-0.9814776587160013,-0.7651360815644409,0.022807834491158644,0.7344359361211734,2.051588204078531,2.424741253713282,5.008028427283323,5.048935107996334,4.159044691855563,4.15923890453977,3.618284142523662,1.8678096502004136,1.884605783974595,2.7764968785471105,1.336872713301507,0.4876588852505154,-10.87184782038044
Alabama,5.804205886593458,6.350948397250047,5.000933009889905,-0.5813953488372146,-4.794720551305269,-3.596253821141369,-0.6437217384436201,2.477895535197469,3.9432789432789654,4.782678946518035,0.5197050698571088,-9.812151252811882,-17.257964571304925,-19.298380878951438,-15.77350059808021,-5.2249684169608885,5.185264434221309,6.73545428489538,10.19236863417097,7.977305352382248,12.259705034751661,12.130773361976383,7.044788837407453,8.59605807377396,2.2288665398206042,0.4071124947614084,-2.3184310291644645,-3.172274418740225,3.1463263316493895,5.286903981078437,8.642239403477678,5.3633426318007436,-1.4359091863817837,-2.844845487323723,-4.12365334308459,-3.677990152662285,-3.0831670508921105,-1.7739867096724,-0.8811305070656675,0.5724681385392593,4.017790215381553,4.569461753011696,2.734968526155861,2.1451042076287754,-0.3122748018256283,-1.9815371810150848,0.4696233409523022,2.994167580989781,4.26506024096386,4.554621686560985,4.905606270611288,4.776989711530373,3.4407210538479363,3.594798386724615,4.238840241646711,2.5070234113712515,2.5559219639489985,-8.611442724016895
Alaska,-0.04709030100334664,10.03112762325536,1.4116542097848304,8.083057137191599,-1.2415210908682053,5.581739905306867,12.23903413338689,12.072002180613499,3.249886159117013,-2.229464521770949,-7.454206536597495,-10.521884734473941,-6.049993962081872,9.300620388041542,4.765306506104337,-7.94224958966265,-12.070526433441366,-34.91226734670575,-35.400997687784205,-34.444558008540014,-27.21986004919252,-20.182889389199147,-20.968881199355575,-14.771634719491384,-6.848130779911439,-10.067495169104248,-5.756175938943548,2.931999959348354,14.273795127072951,33.9002036659878,58.939988065808535,43.4361485752651,27.307480906010795,26.948817400562778,11.090626298923334,20.676647737050395,18.612743581812563,13.269432379811258,21.073594641079005,9.933661508273792,3.695373448942787,-3.4605315351050963,-17.395638629283493,-13.244572661989949,-3.7428616335725935,-6.819626147743966,9.77160959420728,8.11114699584933,1.8152030741430059,7.596834505303273,-1.1417169179689834,3.852537009581551,-1.5796986009911134,6.680691784377465,15.559769130681362,7.40113355493054,8.370721214952253,-5.299363318325473
Arizona,8.16255875577572,13.050646537041304,14.38256334826503,19.189012090298235,11.660860037671265,15.7323819739903,16.631790603336412,8.365133777461551,8.27774776463325,1.9995417716773165,-2.264253067115706,-8.945944332809407,-15.119795538087137,-16.686406240427996,-15.310381605800485,-5.55428096970493,4.694097888675605,9.856738440422047,13.379752966820043,9.377783433006735,9.13570061760225,7.780950893554379,1.8124726313428585,3.5280680231820316,8.93580832790879,5.998944285167188,3.9611438642133376,-3.2311118375352357,-10.159314552271189,-13.242459453389694,-10.305543783172906,-4.789452015750194,-0.9408256093374376,8.839517844481206,11.586360517049366,11.532064928153275,10.358570051657482,6.10413112041777,3.3481872807194395,4.623582157804231,3.644606688648123,3.9850693903009433,3.8562467685764217,-1.5079244422484988,-1.7923081292961391,-2.3702634563295986,2.783152674193609,7.6367249679230484,10.544227524704763,11.571691882343893,5.725382682202402,6.575067444632696,5.7508154401632705,3.5552649240247196,6.832915550177214,6.046640708440875,2.32400870884739,-7.2818518703159025
Arkansas,8.875853601778227,7.539055643321049,2.1994031534177876,-3.0534524187333005,-10.084021226415096,-11.189096547784224,-8.961595352508867,-7.388095182422573,-6.099280316070747,-3.173714724900145,-5.706059636657509,-13.3216071097945,-20.21962865647669,-20.492135665168288,-15.90511392043425,-4.0983367801695065,8.140578156115291,10.209219550308184,10.374443960803884,5.653424047300843,7.433676669971855,5.107325718786925,1.0426585870244713,1.7909847061980175,-4.503630593043949,-5.536455357059222,-5.7382745195099405,-7.043539656389733,5.115435063462166,5.922429267034912,10.54321810525039,11.571453166300408,3.7472088266751578,6.046306959151387,3.263262714574154,1.7464077916655203,0.06782419967444812,-2.4905753661702046,-3.3388479470596986,-3.748672976903104,-1.4341873390266915,-2.34141571446679,-0.8017646143567274,1.76289032449417,0.6913118421535274,2.9640274429816342,2.7338235701170803,2.6267612689333473,4.7012438309264075,3.9214097265368295,4.156413342194605,4.9823832725401,1.5654215767273978,2.1514227290056525,3.1403590459930837,2.9123094740935542,1.2304662413837184,-10.601806692395778
California,15.252771903587997,7.692742610308246,4.0172923977251624,4.4402420574886285,-2.9489284917786773,4.227348614509082,10.809124461976104,14.83719438380118,13.427410510043135,19.06752767899419,13.996945982057662,-2.5101586643721343,4.711212612347136,-11.452745579152225,-13.486429013947731,-2.6404073824200744,-7.426038625250634,-0.8523324478758519,-3.8805074658641154,-1.0062081142141184,-5.590705274357795,-5.040380871610041,-1.6883626808420622,-7.93874537330036,0.9388301351391893,0.6809970364957708,3.928315412186386,3.1164394262918425,2.6547172820799134,5.443383768636011,5.741678655183971,10.563743068111776,5.437242049041037,5.237899486630417,7.195773112297661,3.916606521282356,5.771179103652805,8.483675805308769,1.6742730473334193,2.017688845125893,5.3039010797631585,-0.4789777342343345,3.674729183232022,4.23392135402752,2.475791980550884,6.717767924004385,4.873040351643992,7.536874131887043,4.350211821666336,3.7088139522048857,4.468891545042789,3.704216256112179,1.9061833029168924,2.5513733778328627,0.07978863538850423,3.0017941076168033,3.1620643340086905,-11.047274506460688
Colorado,11.37936278609991,13.783138585249427,6.301379488020233,8.108076509376607,8.779655231268146,5.298144876325072,8.03635362159183,10.537813490218124,2.3796822208972674,8.209064787432627,3.26909350463956,-5.73812994687459,-2.969062895909109,-5.72364468047992,0.22512737469884953,7.545720631889219,7.277034853111504,2.016858552631588,-0.35072509457756673,0.5558987029030257,-0.7057253069757798,2.777050039297885,0.5437576620397778,-1.6200859950859778,-0.8540756410509935,-1.4323810270789608,-2.714900981336903,-2.2213767267618807,0.6151668029272842,1.0573221798939678,3.3233269656448075,3.0331148293373844,0.526185403557437,4.3011811023621975,7.324040107605796,5.24756214473163,9.56469451728013,2.905539303576501,-1.6917019104564848,-0.044163921756257656,-2.4228738000341856,-2.132986088822481,-0.3384141818721235,-1.180986395184005,2.5484989304418364,4.760923137468036,7.047101617809878,8.10581714871222,4.957741413414854,5.596400844334741,3.07388802947871,5.924674944208454,2.533966110987368,2.676582444668418,5.707275532659383,1.5341690188964567,2.8606757343849343,-7.718134646637135
Connecticut,14.087034204987651,18.928099494753187,20.12731154437852,17.317878778653846,6.073274803740053,3.24507682956321,2.1882166916045307,-2.566963561702501,11.761393850292466,6.2285555119456015,-13.545742857873586,-20.96888024821229,-37.732374261804125,-38.899913590179075,-26.263395729637384,-16.69924178601518,-6.373721210377767,4.025202625598633,9.990972918756261,3.5103865369445284,-5.927142143872188,-3.378150315031522,-8.644823592708441,1.5681638315957875,0.05613676958410344,-2.027112262622141,-0.3663369301564169,-2.6559824537776313,4.21197592573701,1.509448912483648,1.59897409181078,1.702686944749162,-9.827817421862004,-6.243657794083206,-2.9750517700424037,0.6655913560573682,6.160509775399213,1.909687893515387,-1.9015580376652819,-8.922693796391936,-4.390862425097644,-10.696049997957596,-9.757361016141394,-9.307205612726131,-7.9165775401069585,2.801600914808483,6.501423585598819,10.507741747005541,5.120908731910164,0.025583982202450197,-0.6015070014121544,-3.5604386308120026,1.2816688211961327,2.2241250847947653,0.30257350150202983,1.4155701754385845,1.3767222664644851,-12.06444524221361
Delaware,8.792015832276832,10.656541828611681,3.9405878549095914,4.333189684785115,11.247148775305709,15.417932770720656,3.3967443590697517,5.347468737092276,-8.753361395530055,-17.541997713213522,-17.91948390298369,-28.45542776616057,-12.518463035428018,-12.73857268822708,-4.86389262556491,-1.0793681050298867,-5.082819876770433,-5.969164072558975,-9.187677740177639,-3.8194109901403697,-7.831863629466005,2.222915529209891,4.392932120363902,-8.38209882211516,-2.872091321527893,-15.583193448293406,-18.147844011328793,-12.023690205011397,-8.448223904772664,1.1629658642403082,8.862249703124371,12.162106178925782,4.324346564901206,4.590443855416917,-0.018807421408490815,1.4672613276452688,22.62450577296614,24.467751886479046,19.9678332596571,12.039750286660714,-14.978249857277243,-20.875752099014,-18.159794905567193,-14.86809188082781,-0.8256177947588069,4.217506120010045,4.4602827911254055,11.646678306666255,9.467320199111247,9.970037176096335,9.982209016543788,4.684749354800106,8.447305608307055,2.0468401799604554,3.6413211149930413,-0.9983673469387698,-5.22608060020404,-14.971693215436463
District of Columbia,-14.157185609839253,-11.1829980281218,-8.377443909979922,0.4508242840263412,1.1584033891573466,-4.17476855210841,3.851252617465831,-3.7318396639243776,-1.2745568497433517,2.830988688159644,-3.9630099728014434,-9.211971344412518,-4.260411680229788,-0.9284825458534848,2.0375950638542335,4.053545249901876,-1.781538461538437,-12.396694214876026,-14.60598479745984,-1.0447381995396179,-0.5239497509476703,26.454968100990907,7.095991332611051,-10.843214141225554,-16.916112270204312,-35.513736540203276,-19.6136352600314,-13.587852873161992,0.6680628073799753,11.076779026217219,1.6551390860491073,1.6511148812409255,-6.727601332906606,-13.546320492286956,-14.249636034108798,-16.609543110899182,-7.2290007770948606,8.260747096550537,22.246861393114123,24.069573504884442,15.99582263609066,5.309769936655037,3.492843308611652,13.296973421416507,,,,,,,,,-3.4746368569850214,-4.046461194716432,-6.845809851015147,3.645758332980382,-1.5410512140723036,-5.145963530519635
Florida,11.246700507614221,9.19921836055113,6.734482524995393,10.011964584828911,4.161419262990745,10.108738325009812,10.96420831179665,6.280941401661799,2.3576722914366743,-3.2910174874171707,-6.141311453974898,-11.647592383384897,-11.86349279716509,-10.988407984086706,-8.910520404342934,-1.3175694457313407,1.0770231817343157,-2.082530631116598,-1.5838423230961842,-2.2806655149102224,-2.5490497511481736,1.8523619336179717,0.39237777043958477,-0.8743694451117072,-0.771013063840278,-3.834378048427155,-4.1193429174003136,-2.407793340764807,3.8939618254622776,8.345134432090976,10.758970012511595,9.980035955145462,3.55195960291501,2.6261633727613076,3.805194450264644,5.099838344065258,10.533266836602769,12.134514809094123,10.407378804366903,7.749879700281824,5.988419214411647,1.0238193051561406,1.8274022908105312,1.3286016188843408,1.4757820383450961,3.80420048798381,2.3019999063275796,6.992704291639453,5.550807955251722,6.493067557706333,7.277860440273148,4.662880849749159,6.095020792698618,4.109984275595443,4.237053053850504,4.126928348033861,2.8256073703051188,-8.381831282562917
Georgia,1.4874835906025194,-2.7870528725647508,-2.96868351244422,0.043567447855215116,-3.797569983407393,3.3416797758561616,5.999589452665752,5.003538313585303,0.5202103096225087,-1.8573062753893508,-7.300799267631412,-15.78492616881378,-14.805077397095998,-11.887957855707196,-7.197796980343756,3.342635531661667,6.67872186068672,0.16248984438472355,-0.8226747160544383,1.1675237773762581,2.0087088031993168,5.4688962375990675,8.422920578585746,-1.009793723381279,2.517412935323376,-0.01873379280425775,-6.070035207917041,-3.9812437421312006,-0.7871493739687601,0.1903315516459211,2.0281427601787034,4.81121653571761,-1.502656061984538,2.261922338697776,5.098646649389847,4.992267304983365,3.7513780876612577,2.459260970421477,0.3986849066586079,0.652999953089115,4.900440359946409,3.2569893281226774,3.662369436341406,2.9343499780949074,1.3186833243595804,2.37911113132874,2.894827617508752,4.905414338624822,5.92034154777346,2.4091353416866563,3.3091900380234867,2.2150095816860333,-4.370859800845274,-0.9874957697347274,-1.2894741336612463,-2.1813667533695953,0.104928995082583,-11.527304277713995
Hawaii,-1.294437248128962,-1.998367198838877,-0.21633164662734883,0.30279252250172617,-6.164277447165277,-2.6935216638744235,1.331509602501117,5.709920572832782,17.31073665808769,22.208376535048068,16.746095148893968,3.8900545896201435,-4.267772727649056,-0.8110590469666957,-2.511404750668555,5.1313639220615785,-0.0709133991732463,-15.532205411513594,-16.060090199843494,-17.859192653529743,-10.086368042093602,-3.993905554678122,-4.75870089676184,-3.5450875354217533,-0.6872190727354954,-2.941745693826217,-0.26339691189828884,-1.7144409453572322,6.600893558047352,8.302093718843468,14.51395845349039,16.39624515032704,4.534792806880363,11.998858479015349,9.473107543318651,9.57398156617184,7.383764415299784,-0.17343273522328131,-1.723247292039981,-3.994702624608721,3.0039199170662223,1.9662412515438423,3.0322193841933425,6.311186911121709,1.4632688845031863,9.53584521713853,8.030226941196188,8.943709598779513,9.34656933401529,5.19067874704193,-1.338498432023621,-1.7656187966939896,-12.395909371168589,-15.517072213500764,-8.756198068969638,-12.660832249483795,-7.7104164644209146,-16.72376749317694
Idaho,2.5879775434752954,-14.186942463365979,-14.739874402258446,-13.478297251742339,-12.626801922050184,-1.4684464397856642,6.7830740745746105,13.769377435132235,19.46365580646055,28.477665373871048,21.878955095428545,10.445205479452056,4.215249764592383,-10.565535876380055,-4.389453680723577,0.6905272417395076,2.647048981003254,9.545390171363822,6.996698236163005,10.862372096578696,5.637904803303636,5.3081232492997215,-1.2028747183141657,-0.6018518518518311,4.624105011933174,7.754713699653179,0.889765640251118,-6.078744215084882,-3.7933984248252264,-6.47032574743418,0.1537756504913757,5.74202057504615,1.4768255914967627,0.2375345135617919,1.678766802920309,5.807397946456181,1.6859703897673446,-0.04455876693738963,-3.131093932818001,-12.266473023567242,-1.1093062873895811,4.03943182508965,6.064047240517833,1.5231645705686379,5.196105925243398,4.465911636105154,8.933229511387982,22.797971349010563,13.454947063751993,13.064553717082273,8.654550653156779,10.991645039188134,1.2428250142660546,0.2547613158545724,5.276142232163427,-1.7245799249574831,5.765676157321056,-6.497586328834963
Illinois,0.8548323298026688,3.7899625738377507,1.149974445012342,2.087292781262695,0.8748229654646485,2.982513305093966,4.5761613409932265,2.1629881519902665,-4.718499238603344,-3.566908538643282,-5.037656376374714,-9.474704277573565,-4.540714544795065,-7.160356103856323,-3.630249870032183,4.121384189337005,5.292217815668843,5.027860567578073,4.0906743185078716,2.4294846005989874,6.04228925852833,7.475744489933259,4.559538643054863,6.115123611686929,10.663277785458298,5.481110415362154,3.661520290221878,-0.7114730164605367,-8.932346723044388,-8.678961532372975,-5.624847399690736,-1.4538526058547474,-1.5269350498601886,5.371614301191753,6.321213362510384,1.7684701629766504,2.925480614672412,-5.1810647967262184,-2.260952438888392,-5.265875064532765,-4.24058803931368,-0.25157505503206357,-4.622358689225214,1.5029972752043634,-1.7450394128839262,1.9035298466087656,2.426450595464703,2.6135790140557584,9.244218214009067,2.7235486142226275,1.6309887869520885,1.172001716145372,-1.7158948178761046,0.1080059403267112,1.464811099966555,-1.0901606280317993,-2.3951355250953292,-11.711188339644169
Indiana,-2.119877813307718,-2.873486076550573,1.045876911537975,3.822795341098178,8.49302772211088,16.82187353829143,17.232989690721645,17.422573019752384,10.578671412766381,4.131328941142227,-5.0397481445003285,-14.325684551735902,-23.865287408322533,-23.79229586129753,-16.78381256656016,-3.00290732406707,18.631013598445893,21.977845561085225,22.03514316555568,10.921781974953806,3.9493709904251855,-1.2258865114879776,-6.944064489066403,-4.135665371090141,-5.886168615749588,-4.360033502112935,-3.13580996991582,-4.331457365987377,3.707095173391646,4.88918964642195,9.205135208959295,8.097554084598004,4.287599570860261,6.524667931688795,3.682396753932525,1.514062485414775,-3.403038882769049,-5.198749521273278,-7.857327936669607,-6.113047236347268,-1.6408274822110047,-1.300263059000386,3.062243641335433,4.517986738881324,0.9572266298723588,2.257843435881817,0.3528249517805863,2.316428651748581,5.288383967806548,2.0534683695126033,3.3227076692293416,2.242920467450625,1.2223374047865805,2.9671452286699513,3.4064099306740188,2.4140741868735374,0.7436036726006434,-10.11011011011011
Iowa,7.828405235094539,8.244042267376049,7.457569369024023,6.744864944618355,-3.1643652213003604,-2.502565104802846,1.7013138859713308,4.419125850306552,3.4262127985952118,5.001302944654919,-0.45499274155045794,-7.746565434036503,-17.17829124546269,-18.258180290939638,-12.649258113768937,-3.695808137747234,10.279338823501666,12.427016675230059,8.018106848332721,0.36609765442084735,-3.1515747190291004,-5.301314942146691,-5.2788266047051975,1.5459982186028751,10.622807598120342,12.625309847105513,9.955648031539189,0.8969780506651417,-1.5436161301902622,-5.666845206213168,-3.478875764396545,1.9001293661061052,3.6491249392318874,11.139099374393497,13.494577610846829,12.520693472542403,8.418100626349661,1.2530653191647387,-3.0366120864434527,-7.952955618337572,-10.808983903239172,-15.01123801660474,-13.217878875959887,-10.718978603228136,-5.835632218752845,3.8190021804365153,6.44488622858009,10.810899864904949,7.54405168158307,6.616760241214383,4.7351272343405615,3.8655961938745307,1.5296958569489991,-0.8542674364175178,1.1775081407970225,-3.6892833285618805,1.2019774150114528,-9.2949600660975
Kansas,12.097961424258306,12.767678748728262,15.70981210855949,27.3724402937886,16.74216202379496,16.23205104514279,12.815348627413957,3.192484677219182,-2.2670505462657506,-3.1076405124848137,-6.926209692416404,-16.25034693311129,-22.012173709469746,-20.736050652948155,-17.606569496198787,-4.570008285004136,12.83927454659163,13.68435152149825,16.70688087299185,8.612307264897902,11.675441999667468,13.413523848287824,5.617428886072248,5.620923391738062,10.380354945011302,0.5694911412488982,-7.339097589045941,-11.094629775382943,-26.4670970990774,-21.54253570858415,-11.145435244161373,2.2120830354001435,1.933401000330186,10.009934527870548,19.46930144203774,13.995735986497282,16.485111692300315,4.178000217604171,0.8620258607758258,1.4728229105786133,0.6900458314022427,6.59216710182769,3.9193329301301754,2.3413201244096316,5.583797882677842,3.7487017695126426,2.6972102431019436,3.2548236110720317,7.439161435325131,6.776027500755518,6.582186753871748,4.738329048609649,0.7700422892076687,0.666000371474304,-0.6092883790663,1.3695065786620648,5.545066528271158,-6.914669290785121
Kentucky,12.323107453072657,13.027979408533815,10.393015859643201,4.474788853487087,-4.413936918933013,-5.343445989080609,-6.60326061033893,-3.9374957643118096,0.3009827389429324,0.12683329474648855,-4.895562024411426,-13.296446352623397,-24.772674635222092,-23.476661070283203,-14.406306383709946,-0.929918980808805,16.445800872754525,18.161514510556138,17.60270019322946,9.047389972896552,4.271657163877141,-2.009094851069058,-2.556360493774476,3.612007746933506,6.72818274022138,14.514262373204442,10.472895292945443,5.264961525281186,9.912096765863375,4.78568456096547,4.980375832540442,2.6300472540372777,-2.5975734679109297,-1.0391845379931124,-2.1742619499438476,-1.579306566185726,-1.4385920901556504,-0.3134047412022265,-0.938060954660362,-0.11622228733273612,-2.2026000469887905,-1.3572448695952368,0.5562808097733674,1.0833960751337057,1.6886548817841451,0.031094225219365335,0.5464216165941939,2.655278151268642,4.439457027827827,2.0593520812084356,2.3549590002023155,1.709321171459802,2.1489363707480704,4.219292818731249,5.038361967521771,3.37323278178213,2.4561953884054915,-10.219364737255464
Louisiana,-6.465751186175568,-16.013956498494604,-19.02851517375989,-20.768228789764684,-22.12453983902166,-18.44625064493868,-15.824501728839282,-10.805123446416435,-5.836825279823092,-1.6465368498890753,-4.030891254435393,-13.448510317596853,-15.582934839950306,-14.14883130335989,-6.804005324192884,11.93306579844024,29.420836189170668,24.886882231022955,17.526090771614722,-0.48958262869511715,-14.65097623850282,-20.26958588180295,-22.13961763607914,-13.587967880358587,-4.849939318727243,2.1127724030098927,0.6334989339671493,-8.956280606525471,-13.096265607917609,-14.97339509244727,-10.230313843159507,-2.49929795001403,4.794853119689241,13.604439141885965,16.088125028230728,14.179369018078692,3.8425492033739608,-4.758602241090642,-9.689405951188196,-12.593138776777403,-9.440027582849956,-6.578591490689694,-4.665991684797825,-1.1654752919238136,2.3784195379774555,4.36607799033473,5.833239182013337,7.141573639406116,8.287486191168895,4.797977103716116,6.300641593628913,6.931793167786509,4.814956971435499,6.693883368626802,8.483052975144345,6.3285431411374935,0.056855961684858056,-6.753881239324797
Maine,0.233664672351244,4.907969612338055,2.783856536979298,0.8637923880653401,1.1148397770320615,-0.5769580228965954,6.23086416263932,9.913986537023177,2.404967974044559,4.895590587160151,-0.2722524232239258,-9.536082474226808,-10.207342314535738,-9.460542593786473,-5.58974176566835,2.40989910956909,9.794564865739224,3.2370120185137137,2.8614486201375007,-6.0183995005325155,-3.126151012891335,-5.002470010346095,-8.787817742289926,0.16021727024941007,-3.2517465899909523,2.7207613814756604,-1.1625222114023661,-7.272372592050713,-3.5781655269983696,-9.25849865798094,-2.4072400028440044,2.039571258769935,-2.4383036824193627,3.2526315789473634,1.7151837473850655,0.5772719775688655,-0.7874755872123842,-6.029156896727493,-5.660435276422006,-4.941169235815028,-1.1000578977840896,6.321602152404098,5.413290816603229,7.6369046977260755,5.054816391697707,0.8816056651327118,1.7532667969955817,2.5653611138936183,4.114530035765298,3.930532938189673,4.900196169636161,0.34866345674913307,1.0539120280264793,2.672428055628546,3.9010989010989214,4.711527231673604,3.5033656577718206,-10.333747239310332
Maryland,4.339121879790418,6.941610240237461,9.901353942971335,7.344276792129545,2.9263104805552316,15.130915596031867,5.077271919833651,8.195944763101261,9.325067109804408,0.47461649292311875,6.093874303898172,-0.7414246012106414,-1.8347461755821675,-1.5923895215333332,2.422952909418109,9.865853541600751,14.480828213247035,5.664977713436699,3.2670467544590145,1.2890781825481414,-3.4854685440798994,2.448081915200464,-1.2929468376416697,-5.26216018267202,-4.423443170793071,-13.004575048389919,-11.98735904618259,-12.052060974278746,-0.3938266035040115,5.653374326196635,9.51015994777218,9.914475112981782,-1.3758221433761484,1.5794159032823256,-2.119137441199767,-2.2976177035113583,0.5568578672917814,-1.19017329601675,-1.220022839741136,1.9789680476108231,3.9344605459718167,6.343938353551549,9.61482880209637,7.698990528532417,6.669291050241681,6.6102880510815485,3.6202077730316904,8.2323542306006,8.556691298265495,4.00911851546529,5.804218936868623,3.4543377700726903,-3.0880643860633916,1.5026891503902486,3.6451819785153146,2.726639154914134,8.914105774956987,-5.666796809638023
Massachusetts,7.722974833777035,12.596659864676178,10.864484455992368,9.71488248024562,10.840982688515012,11.60949553480941,14.145565893298796,17.58432056148719,3.956198446955963,1.8492009229980375,-4.1270725642533606,-14.223154198771084,-9.74970681148241,-9.667607170203175,-5.544494785893387,4.904089963273326,10.936420786457665,12.1443998049279,14.339915004158637,10.65358768697159,3.7630720850964927,6.215508226255674,-4.938468437048475,-2.1735936290883213,2.176367094143134,-1.4514934102784007,4.295642511976,-0.9322118754380699,-3.275637261244769,-2.4600623176220484,1.5920077992301274,0.3941822739263466,2.9790693366811496,3.531153658932345,3.5080776802762297,7.926184699332518,8.365892898184317,5.452052110882557,0.135720225180887,-2.6109587507695635,-4.845774355664151,-4.215278293824769,3.459038456031829,-1.9807859927396758,-0.17928093807539522,1.9424348804282274,-2.6413144760270586,6.021400302926669,7.049172370273287,5.9312601668553455,4.332417322088526,2.5392407163331505,0.2929280104474508,-1.36588957936708,1.8973315652758405,-0.1815697695322285,0.856323865845614,-10.689670869941272
Michigan,-1.57721899042971,0.27101036050023014,2.3712912601801457,-1.8077816057519505,5.599672065510629,3.7913980311007327,4.297266653548105,4.3809887019116145,-7.105522103761753,-9.223577493060377,-15.920219217465522,-23.297405918889293,-36.1431264698451,-33.53818877246107,-26.015921354917985,-11.676233119775162,18.78100745700808,30.738104158861017,36.01201652271874,24.755625665709395,25.0426003510525,8.998681721785967,0.5192626258335774,7.665621960445244,2.645573122124669,5.868433506862291,3.673107193036206,1.4002790520261517,3.9539224787630114,5.425917647643152,9.708777435855623,6.639410798075562,-0.218936047628186,0.6322613472537658,-0.22198279865507956,-1.382223253655116,2.8812841635229707,-1.3726848817393535,-0.9364498682826491,-0.7633947061259888,-3.1261107889173827,3.874416131849762,1.6989128085622045,2.5212236186862538,3.3766559808427887,-0.15994443073489814,0.7899915919023563,3.409416837060422,4.199475065616791,4.1212764788809535,4.5689560338821416,2.7834442774318213,2.364710417096183,1.187796729382806,2.17940176035348,0.8713515960271118,-2.2627960943999206,-16.850144668132174
Minnesota,6.918068366793286,5.102746872563123,-2.0829116014447218,-2.6211112506803893,-5.4914150384843206,-5.860285281362661,-0.2992252785515285,1.0964440813518457,4.647052242980198,9.510806220653373,7.245522705693619,-0.05316434161279003,-5.433806550927909,-7.875931275657588,-7.932388977083086,-0.6649077639949819,2.302709668667569,2.9872916322825436,7.146883600632216,6.93562378846134,7.038829587394177,8.151709401709414,3.4238025975097903,1.706576931166044,5.944171449808005,-1.0066185913267003,-1.0333339982844312,-3.556763463413182,-0.7853760255685914,3.0086517448184473,6.148837959323525,8.096711285365686,6.09015910430172,8.260515761532943,8.037180862679591,6.202831748070749,5.654456077984832,-1.40309432408974,-1.3938200864766168,-1.6079972962877298,-2.6145852500240947,0.36121069111041193,-0.3422398887720301,1.7237638976769414,1.7661613207971691,3.418246927647093,1.8646371782718385,4.367452482294718,3.537327156346128,3.8788769094899855,3.240476545832849,1.1885706501379205,-0.34070822908572185,-1.052197409069105,2.182934503461057,0.8952611739364725,1.7539199725816101,-10.809960101744814
Mississippi,9.49876639397481,11.549843395615099,11.420550132336102,10.477786229723911,2.8886253582369665,1.190891135122554,4.067089179753981,3.22121423586879,3.4664259026250384,4.656792391449945,-2.119027816283141,-11.793179912923545,-19.342381314866056,-16.93987072709153,-14.455658676133206,-3.188423569808078,9.591879013880275,4.778100647206454,4.096858927664839,-3.2174298562289985,-3.0970384373030915,-3.2082190917399522,-2.2180283721028964,5.062932181576221,10.688081845867055,10.311594438836973,8.268817903844923,0.048791628602272194,-5.942251769751207,-10.911058638331362,-8.857108520610524,-5.815823605706867,-3.105221518987334,7.305356156819444,5.562148382559788,6.199184752671594,1.5234043467517566,-0.7657078166006416,-0.7265535546996926,-1.3361411662188754,3.3249029090255027,0.16593895520686774,1.4343832571404584,2.127033193493781,0.8869225018178821,1.855437404872577,2.8664461443043123,5.431783552279389,5.005735633000704,4.60288900409667,3.8658265754223224,0.7538473556753426,0.16821670952646237,1.4965840953926643,3.1830495356036903,3.750726885055214,1.7102266146778369,-9.05774552139487
Missouri,0.2853891925164807,1.9976311936359183,-1.1029169993893513,-4.200570595088478,-3.3358753068968157,-1.9731368120765256,0.8615858118570361,4.234415397874189,-0.5907197352344006,-0.4607736146477588,-6.703836953041127,-0.40973064344248195,-12.195263580671083,-15.715396797136357,-10.210983242479317,-14.979798166153168,2.852545025681719,8.189358059280023,12.208668278149437,3.5251228747816397,-2.2997620935765344,-4.263605721802048,-6.8544346919963255,0.32908526871803395,10.438969813969829,8.304799115528704,7.293224185966454,3.0742713882795583,0.49163231861746837,-0.3171456888008078,0.21455139709053628,-0.3020076414014234,-4.427752520260924,0.10340027838537176,1.5806796922676765,5.02058449809403,9.567735263702172,4.360176393468664,3.3101234032914064,-3.2493176142633042,-8.823807006946545,-7.089289453147293,-8.685580277984316,-3.6835839410946702,-3.6634473049491323,0.05941101152369089,2.058734483802601,2.7920020773824965,6.7749075904753795,3.7611457469569824,4.057938399533535,3.80142073300123,2.674878483229192,0.9343212604950741,3.0021823329335837,0.5626673156485662,-1.566252070530366,-13.456951829840458
Montana,-6.151100218445315,0.1909001173337274,5.342156686899963,14.601910828025465,22.583666865366617,28.438252270171294,25.681512680347677,14.618836279822489,-3.7188838717147275,-13.289142327843223,-22.873766470823085,-32.625949299390314,-30.748695254816116,-29.524969955935372,-20.351675171954753,-4.695074194026383,16.437452246995893,10.062051488525228,11.120783712886235,9.329675943406716,5.054632584682996,14.52933518392993,10.455946101216913,6.934695826180567,-1.9391473051625414,-6.222815109866889,-7.933235613977039,-5.76495620951043,0.42271463866583975,3.7526421766526723,10.190435104153828,10.45713421702536,9.919849309012632,16.267415925614813,20.22894003374443,22.44955694065469,25.724802406099183,20.80520192331647,12.720774085502946,1.8452962087957172,-10.801187769038735,-20.880593936894208,-24.417236991436532,-18.39083824228899,-6.71256051829388,11.520917502932349,17.32431792949057,18.773705872331302,13.800279131183315,6.304390167893753,6.9297177384950785,7.56379284312244,4.947492105456405,4.752028260057023,7.409126848836107,5.002842524161468,1.5009761593204107,-8.754573885301301
Nebraska,21.294947910832303,22.790919626423065,11.264728986645723,6.031919111816028,-4.760805319541936,-9.047201341313116,-0.9213499011578797,3.8283550694152284,4.6363636363636385,13.231111056853026,9.96187693732856,-2.7541419052764335,-5.973935708079923,-12.216579875149606,-10.153473954789455,1.7916459300239678,7.989601813522567,10.826578236305574,8.693561571380487,5.499778280594427,9.626595781091337,9.164958164791928,11.13802256138023,11.139611579333094,4.867261241947735,2.7582356225572218,-0.6020439641360926,-4.846686449060344,2.7707208637662784,0.8268953389579505,0.8639849428348185,0.8723655782479387,-3.0793742757821545,-3.230484327692801,-4.476471230483667,-6.278035966861984,-7.479251975172095,-9.445940746440938,-7.081328775236643,-4.09309445270897,-8.874267746381816,-3.308622096988808,-1.3452764358561449,-1.974845170789824,4.567316214267989,2.7557416101949674,1.7558177758130078,5.41783240838415,6.730856161287413,7.250976287743221,6.321711039322707,3.97337307068972,-1.6517724789293087,-1.2140608604407082,0.5500550055005536,1.0565958782299367,2.964988587916096,-6.3743454107049935
Nevada,3.276493879264382,0.6122583335161855,4.141080144859082,6.08808718361229,10.445892058749216,15.854562903507242,18.82262732731435,21.45706094976941,12.054903520986661,5.409755822053199,-0.4253578732106366,-11.680948227205095,-15.515710988815894,-16.01968191032407,-16.335788676214207,-13.148390220285652,-6.492960706030693,-4.921205418855393,-3.0482216888501044,-4.757179807349249,-0.1696629213483105,-0.3735432929966347,1.027389552809853,9.31533788292032,13.924748730993047,11.912887292321514,12.69227770414018,4.847569790227751,0.5473172563005704,-1.4875817517955239,1.010140945302143,6.328002124313176,-3.473348071726875,0.4449694019896339,-3.1830991428235995,1.5474017865718834,-4.514454397394119,0.7967885165135922,-5.882174585367316,-15.20322357904295,1.787751185970899,-0.742215785662567,3.18610869495184,7.033062645011619,4.433296328103725,5.579873143250853,10.167551254032674,16.46431065209007,17.036554179411326,14.841508238884469,17.574154543737013,15.592701631305303,9.819798976890072,4.559356876639989,3.526320863864253,-2.0127577878243517,4.3390057973049645,-3.196879845271025
New Hampshire,4.546594614314706,10.996866548318286,12.122251528735505,13.94604324743091,4.033717912368322,6.919055848351815,5.104645765644107,0.965855121731724,3.288225490298858,-4.624080153399786,-7.359863501781495,-9.916717006169469,-12.883354644908563,-6.621896150647881,-0.8049663062555589,0.8838369958336498,7.652342066330397,14.340788168455225,8.938498672986807,8.996306022599729,8.6406527290828,3.0206834000433824,3.306497699086674,3.4350725304167797,0.13446616930783759,-5.7723592796034415,-4.5748779611999355,-0.7616249287184649,8.329686070107037,10.832165417504516,11.73431509148047,3.962016070124152,-8.25298881604319,-9.076164644650506,-8.90092386110225,-4.18200725106094,5.349386496927466,13.348181442550915,16.916451851407807,15.265108184475793,13.284819927229902,4.822533608364748,-1.224608390233894,0.6675601397889639,1.0247637257121731,4.469193187215865,5.030973145071964,5.671601547030217,6.260531755057311,4.054723338610782,8.831209482779935,3.13691093214256,4.269164368687071,1.271077333624644,-0.38222827732365844,-0.040976001979198456,-2.729329617309472,-12.505008167164908
New Jersey,0.5324978005525717,4.9051531710283225,5.164939348021606,8.098233574787125,-0.8789572266404837,1.8532359176949544,5.051509057426635,6.331373989713467,14.808361020112601,12.553162812986704,7.078678881317915,-10.013336373750157,-18.803459161922234,-23.054611254881333,-21.67682717994385,-10.08631148925714,6.1286543877576465,5.047465891995623,4.0456866997831105,-3.1095472751962037,-12.577301833325507,-11.378600823045268,-12.923426073800124,-6.749228735125602,-6.695976862256999,-5.849082888321338,-4.176842511704223,-10.056430954789079,-2.54604082494409,-1.0219280507412942,-0.5097312326228016,4.716564726653636,1.2368535077007827,5.476325729263212,6.3010064599744995,6.680917685313438,-0.5194350414380838,-3.618806455270421,-2.6194218221650867,-5.4628924072663,13.73716632443533,9.419053781150147,7.047488629138753,5.286988018946783,-8.732021423843058,-3.288117978031433,-1.368786549707621,2.864703936486929,4.270831370923691,3.06455198992068,5.2176168683181965,6.934286449336604,3.411144034111431,3.702405350016191,5.150826773733428,1.0044422295352602,2.363896848137528,-9.107141309341161
New Mexico,-7.315141953943684,-3.9285482299447922,-4.489826309448072,-7.899187531089356,-16.82630700130734,-13.775337723627798,-10.485396985138314,-19.77100061210529,-31.24771427459829,-32.646948121196914,-27.864076132566936,-7.0891302396553355,36.179363264936555,54.780310615409704,54.124593906400904,38.13857330551047,6.991955054685679,-6.68612304151279,-18.30572685969835,-24.331771452549138,-19.308357348703176,-18.855696529042866,-12.543584379358412,-4.523188968372788,-0.05968425105890585,2.9712117298790006,-2.8605601515000756,-7.975489816464022,-14.6525650657882,-18.58051072286483,-11.443669197619517,-2.0617472255824967,4.446651468297874,14.547910470751335,22.622730485360396,6.386338005477684,29.222224623430495,14.729764675459009,0.19559301534506507,6.859092790582619,-11.591270173091413,3.3151512419420177,5.326342194852841,-0.6471727526099521,-0.037832929782068724,-8.353113655403527,-7.156607304341607,-0.1654621529098332,0.4125350087048523,2.3290801752047368,5.123729434682843,8.646867201341108,10.224831329388266,15.429996463997906,19.040979019695968,16.34783980922994,9.396024791622146,-10.114633045272786
New York,7.823880331226076,6.885254610977789,5.9355408388521065,5.072088405421741,-1.0115857535694694,-0.9311341777604724,0.044176974627413004,-0.1388603590649445,-3.623031233315523,-0.33698751557416745,-3.349302228702358,-8.983346498156926,-8.369327181919688,-6.512509858540425,-2.386966079048301,4.262416604892506,9.281126015492147,2.6753661688684645,0.22254406725776052,-3.3780444452151666,-8.25171802740199,-7.15265941173901,-10.57997321302694,-7.315344095767114,-1.8607674841481536,-4.6995914217393615,-2.722677151387938,-7.161736941472623,-3.7047348412119225,-1.5884619184036475,1.7798172572377926,4.8243784415150985,-0.5642789492049191,2.9551705446588215,1.9278427469519903,2.6603259247468176,4.84965760635255,0.9876567283505122,8.230480803030884,-0.4554793193006961,0.0927555079559539,-0.25873970592492335,-9.231241147228927,-2.6188204598999314,-4.107076323407182,-2.453756134390367,0.2812869623989872,3.015155756388212,1.3808356745770864,1.976661109788076,0.9029457241406722,0.7191102829859156,-0.6702044025157252,-1.771952358710887,0.4705165859552451,-2.55142843378137,-1.1634579235837565,-16.618621652946597
North Carolina,18.93705018399714,22.392906740732844,19.152055777709418,17.153113781801167,7.556176186043119,2.3513598435918044,1.662521835658177,0.6444844124700212,-2.960668674954397,-0.3027305442327731,-4.123039418999336,-11.902870852982538,-8.776102696841432,-8.521867061268845,-3.8289043877460927,5.467539419437848,6.496357361963181,0.30014586528033727,-1.8534328440417605,-2.86273986020213,-2.616632312303669,4.656517726463374,1.066277568887161,-2.5896049133742864,-4.1796838894537185,-10.996401339699267,-8.906657782220009,-7.793723239072149,2.2900027009298793,7.5901480198961035,10.75891496494971,8.822959084739217,-1.6163406951962336,-3.1989804935676203,-4.7926985874151615,-1.9357016918633307,3.682616363775782,4.854704797047953,4.7805770990895455,1.2394323093990522,-0.6138485716927053,-4.274350232779786,-4.79141572496482,-2.026261099565453,-2.676129704388598,1.1009841841228738,2.1178992911363044,4.4969387263173015,2.130384501428859,2.3313952387265147,1.5708489771985794,0.16792921137857916,-0.0589567463362488,0.2054338169973435,2.3770949720670425,1.1661646447619283,1.438269581909254,-10.115804443787757
North Dakota,17.043879907621243,10.77109636921321,5.078242726324337,0.7535451125308953,-3.1077348066298485,-3.3303282031468155,5.192441340967005,12.925463162429974,20.64736562241909,19.57344761354931,10.825520669477113,-6.906739451569655,-19.625090257785608,-21.985868283488536,-22.09100973684957,-12.618879979823266,-6.446080433083269,-0.24041322510772348,1.361510900589065,1.720965472453729,-1.0824832264983908,3.0124075399666053,7.388324386503076,15.606157338440818,22.664464560377215,18.385546354739702,12.10751824328847,2.2805833384467467,6.403206742381432,-0.7855605556642491,2.921182805330796,1.8567771867375849,0.7824197053851452,5.928986264630199,6.767368095311768,7.649039452630336,6.813629175252813,2.263799683514824,-1.7363186783327125,-3.7615925442955893,-8.844800976275083,-11.399756057599527,-9.50879812699904,-5.7553820497271,-0.690048923582757,10.004314861616228,9.303983783728743,7.422935392411151,9.40963067224391,2.5990884978893485,2.2020930600985813,5.660536290888673,1.9333387691499473,5.361417817384101,6.938998814625702,4.347479471712156,3.113418005030535,-9.795333005036754
Ohio,0.13094423465205077,2.257657765845193,1.8368583153458173,0.15773002995193594,-0.1788637092283312,-0.7457240401634144,-0.42894004892595694,-1.18111225592444,-3.8338658146964844,-3.2309590615597688,-6.819405647359757,-14.920869041866897,-21.83550422753081,-22.13867127798011,-18.9476915853251,-5.803700419460598,6.392380866710137,8.049174443646816,9.165246259594685,5.645110109792488,8.1283885900295,6.1539739224316845,6.3353403408511175,6.454810320487755,0.2111230573746371,-0.5838288217806324,-5.037524712566464,-8.897165321746307,-1.0241304644675495,-0.7407115946448457,4.3719491859442785,8.880308880308888,7.542670188024754,12.90607099676927,11.614621157104825,8.745780710736884,2.454870338128826,-3.6584188398037383,-6.411902489806545,-5.389216335925783,-4.135624144746841,0.07015242208068936,1.608283354499034,-0.39535162333772367,0.5299248962074824,-1.148054407399968,-0.6386045578119621,2.8117540386003212,4.0917654264846695,3.718098676515291,4.148227041518981,4.379910187993278,1.8749665662167203,2.1436055907791243,3.3271034628676333,-0.8268096699658517,-0.868157353520336,-12.78558264074835
Oklahoma,15.207707112427828,16.445568630856748,15.908204394747125,9.742805736690475,-7.0219894698313565,-7.1915349834521916,-2.867051806981151,4.219065399304407,18.218615308522352,27.19611053630802,17.98242659301107,7.7400816564065735,-11.544766816373242,-21.443632773938802,-22.332615505090057,-20.77815757268854,-15.721497726768145,-12.388410809071898,-5.130548028651259,-4.296550401636352,-3.048906196312,7.459638091085386,7.752770428101713,14.280943528547414,19.888243077213886,9.34970635344367,1.3191961533719765,-5.033020981473194,-3.9799769419508606,-7.205632482471726,-3.80871258213677,-0.3056567003436116,-2.0770904314273007,6.86120786723772,10.32890575585073,7.657643754436858,9.461328861873813,-0.32497267275251307,-6.114200538898127,-8.485282874617743,-11.902573529411745,-12.12444549828587,-10.894676314637847,-9.555038063512276,-1.2008781081551114,3.940637472595436,6.645041916988378,7.377815750886155,9.760095038004213,9.671173607355326,8.118065372916936,10.76977666906806,2.422232021165701,-0.027615863340925608,2.8092558839844597,-1.1231156022792295,-2.7925362765530672,-13.35102552213333
Oregon,11.039108837981502,11.584635487559186,12.790479257231794,9.210611831073784,-1.5663057370921347,2.6811744471145276,4.061143163028596,10.891584046465681,13.370490598395282,13.160364470104629,10.647126738988812,-1.4210582805624188,-4.576985413290123,-9.130229384284263,-8.029506265949003,-2.1536049474119823,8.951015694000963,8.286928995586763,6.037901169387007,7.02919837984601,10.747357590496678,10.829928198781616,9.649773295478616,9.697977855174932,-1.570945945945945,-2.3459309601278444,-5.5862035650451665,-9.067129168917582,-4.506797856720621,-0.002957267484849414,5.5217297872558255,8.058699685239613,-1.0593156880559986,1.1573115672009624,2.479659422608835,2.9823106155596957,11.098104906254434,6.350861464099178,3.8050266853400894,2.2319003465393252,-0.02452405173667918,6.415108170764125,2.2161043601921726,3.1552041629639,2.6183575757025093,-2.2895965005941443,2.487335901826463,6.977983427622387,6.935750900833094,8.422119409561565,8.265095677750049,3.4760157404486436,4.073353479322762,2.0734443071721125,2.3309086524936737,3.2348906058199227,0.8710870689312309,-10.78091779938367
Pennsylvania,0.17602396027637623,2.6715881704727638,3.3324260569769573,2.7353092281254896,-1.6303872716146448,-0.004362963673962063,2.273186236204157,2.2072390543360103,2.7131748500333344,2.2112464658452295,-1.9651104891742985,-9.468374078385713,-12.133797089411473,-12.674805771365133,-10.203777814752229,-1.5756909372146466,2.2195088327392263,0.3734699464236611,1.1995201919232379,-2.8363959972355524,-2.3793927250308347,-1.1912415015681903,-3.101059062743925,-0.9217487893521402,0.10657403935345808,-0.5461194956773823,-1.4320805943134496,-3.0801003097801956,2.1696271908207208,3.8329252941351393,7.0586098695428365,9.623248404411832,4.442000250851469,7.85062430791554,7.862669519079431,6.61162379555154,6.01287747919187,-0.7107452646486023,-3.760528431132685,-5.332523007466579,-3.5500174276751437,-1.107178833450719,-1.0812724697679514,-0.44755039527506085,-1.5412970023309236,-2.7439491594176673,-0.5580183007975503,-0.2597881160755273,1.4323729124609934,3.432167650684474,3.622553046174864,5.3884804374330475,2.4533883355497057,2.0341595426277608,3.254538005237176,0.7659813149637954,0.9553830803598935,-11.424155132438715
Rhode Island,11.695870388306776,19.27034611786718,15.182463458078614,6.876993973768161,-3.9226506271038155,-17.19703026841806,-17.239262373429302,-10.635440682765022,-10.22178097590192,5.998657360149354,7.785988600831955,-1.911865879711783,-11.770350670358889,-14.918795113825649,-12.42954587032085,-5.593598877773271,6.3787031282369835,4.828282416282589,7.238144504242816,0.8758981377389031,1.0233889657052724,0.060309524041105275,-8.493585283722481,-1.6377397253636454,-3.4593104511850834,-2.3623195450347376,0.3446772705615145,-1.062058501886675,8.637180511182128,7.995220789565394,11.296889364840451,8.337731396194082,-4.437970425784178,-3.9662563960724673,-5.142286570144784,-0.1608515018934632,6.143370968052167,12.44971823008168,11.834449760765539,9.021275812227874,8.621002083899624,-0.3995526376450223,-1.1406128333918077,-2.606823171761543,-3.666847395420624,-1.2566109220575554,-0.7850502882268464,0.24971170436908052,1.5040393457385686,2.055609087042202,1.9323545063553955,0.450610183271201,-0.9255625885042427,-2.307659592565819,-0.540045531572558,0.18770126224794237,-1.6281933167443212,-10.656322919931734
South Carolina,1.7961665292662905,3.3194281401978882,3.0125311168304876,0.4173250678659612,-0.05466527641397838,2.995688562008629,6.567683800942045,6.271183021304065,0.9895775304115518,-0.8175084705696999,-4.6928147279820065,-11.54025039628676,-15.112430545804667,-13.94466622971656,-10.822663574957145,1.318740275765865,9.297242373402014,9.3357644017725,8.754734045559891,2.5734982631534273,8.312884430367435,6.239841259789325,3.6154221977359504,5.404010159621714,2.2345978422507775,0.26624808758371493,-1.065441375643335,-3.981858788496198,-1.2768948416572503,-1.9975031210986394,1.4825330832023467,1.6077859277924544,-1.965825488489824,5.050045495905384,4.235738481369351,5.956887117340537,9.74682267500503,5.385688850392184,6.785152804938846,4.097335405374665,3.3317096035954923,2.14701235605155,-0.6266046645241341,2.1373434314010953,-0.20902266339346373,1.9713550048277952,4.037182915371847,4.048875262913993,5.963830185483943,3.5403350956100796,4.083705987062032,5.109338998004232,4.619629218397777,4.609848003725826,4.62508759635598,1.47988786752721,-2.7191741171930355,-11.918503468540305
South Dakota,10.901583262312625,6.9469705074711925,5.702140832995975,7.481122401416995,0.09416501607297416,7.7661809330087594,13.789918332863975,12.698946181534327,5.042280326131634,2.676527012810203,-2.4065256342991836,-9.759593646884541,-15.464119166984075,-16.30051532411173,-14.351936380419126,-8.754424118374482,6.654976314860128,5.645567797220395,9.364378175444411,6.108047481072995,10.056631348191443,14.775180060436703,10.852897860175007,21.156133010350175,2.637148311063168,-0.3127721909890067,-2.5154836566828793,-8.610974789610506,3.7105545110882012,1.984788911394434,0.6353278351755022,-1.1356517069580958,-0.6023098289557135,1.096237161076744,6.159820761762522,6.31682710200469,5.716414837185135,1.4705174256796585,-1.7859320332798776,-2.144810164905351,3.498520641457301,1.1587958393440176,3.781982102438249,5.020787005704363,-2.438412388317847,6.9753914569045525,9.199665031702347,11.023448072691753,9.162471984421504,4.97351434785659,1.7199824715162229,0.15672031642579545,0.12369260284575892,-0.9674589581853764,-1.2849509133838823,-2.0101667411786224,-0.516009748718377,-9.065523844875448
Tennessee,4.95513262991817,6.0915213946117195,3.705005418387364,0.8167287266801105,-5.581810494668102,-5.855662403136957,-4.145014309383937,-0.7931958084676403,3.123569566342273,3.7733790832820877,2.8343858339635246,-8.890594064095644,-15.329094014454862,-12.99656928796001,-14.035355802381899,-2.6805024122442274,4.355704468528855,-1.1324319277703894,0.029996333781435416,-2.276758050385696,0.9096965130120255,4.165000222192584,6.673848819387364,6.038243300862603,6.907859137248112,10.287859557811904,1.8543004987141916,3.081761006289329,6.342055980158942,-0.19437755664511414,7.406877376620177,4.5279508696826145,-1.9171822941456451,0.5900819719783725,-0.24839636827377698,0.6573785237211233,3.158119492216307,4.373163800992155,2.6800110673294237,1.7767341933398635,2.1723586414526372,0.11813022010982534,1.2618237906747787,1.8998337411966866,0.7127137450621029,2.110929823105911,1.79298953936502,5.211923443572639,1.2004790944748758,2.4392225542325274,2.6303928461968322,-0.6708368908016771,1.4392064037005499,-0.8415950649922866,0.46727330218178076,-0.6788759077991959,0.01781276997480312,-12.498222538215426
Texas,9.57077646839628,12.226105024556123,14.867430902313812,16.55532864906026,9.086561453849818,9.3698716600042,8.309353252107186,6.243194551681818,-3.4935944273953785,-4.8659670857098885,-10.688612317577565,-15.931388534319712,-14.39949928830292,-10.156913495369436,-3.4801046457656515,6.039011415272091,16.482103897635465,11.658526704328052,10.088855372307291,5.748387838501644,4.292757995767986,6.731370059059481,2.6189341593201556,1.3787446011524052,-3.7306695401461862,-6.62411119819454,-5.158369289708415,1.304424123072136,9.611971603743138,14.009060938858891,16.23008344043902,5.235199014550771,-4.904323827046926,-9.631981834147904,-13.144060731054447,-11.034091740434565,2.1002428194139493,-0.8460934432665786,4.28522350658799,7.9590074625331555,-7.455940875497439,0.1940248272585037,-0.5493706944161905,-3.2029249064544,8.181548258950965,4.753294998715611,4.095789248066092,6.152559878030784,5.1286176676572275,4.960150907804748,4.718941279973055,6.233320978502598,3.469540245406521,3.8747708565472205,6.561025311025312,3.160135023158032,0.03915256449295998,-9.702757880895541
Utah,13.733773500447628,10.880455201328578,12.718577592540647,11.680904328077025,8.316729392664755,11.272481738383162,9.166864185826027,6.928107595960534,-0.3168006540400493,-0.4788331476108053,1.6001736959235775,4.477966761038224,14.684072036359916,20.95163132046607,21.711953327848367,22.589620007033073,15.872069924513298,5.5351872559623105,2.8715904801200947,0.8411585545909295,0.08143322475568,2.258969437472298,0.006827103601295809,-5.219035507513133,-9.557620658644158,-14.096923782507503,-17.899443629040515,-14.332750737072532,-3.2832683056176375,2.773273748319227,8.768137030723796,5.476614905872292,-2.000411244602432,-1.5286342340955814,-2.360293555538558,1.2699777265444756,6.632296225246308,5.2852676826885485,5.352424200904325,3.012617687914809,0.03841685094261553,-2.9516563050941693,-0.900164426319374,-0.002809330723771962,2.1280382147707564,5.284494545315473,6.269333883274901,9.465837578663464,6.562909837944925,7.243270732681889,5.7195279007815385,3.0138931663415884,4.702520805900525,3.3050502997662976,2.900292031706286,3.5834406012539928,1.1655720591499001,-7.193737448256086
Vermont,14.613137024247703,18.261700095510964,15.20480431780462,3.319604612850065,-13.375711826248164,-17.50067301997523,-15.113823820521292,-8.289199439641923,10.613820516740534,21.042120788900064,19.07056887817898,4.1553345007016675,-10.660769611738825,-21.771949878146092,-18.556801984614875,-4.580953630065925,11.182590534634572,24.932454786060866,27.470207876877037,18.941107376260526,8.860054962256944,5.584182012777069,0.8269226738214427,5.386352891737121,11.19490424149463,9.155415290724426,1.647557768468753,-6.923398995135161,-17.606713158096397,-22.053938134854913,-21.59671943387737,-18.723960285754067,-13.941077989117787,-5.441124089563615,5.917645984687443,7.324240627264923,11.019845719457972,6.931040305506126,2.9517523335713967,1.1885613250985334,-0.7422911241451421,-1.6811826585522756,-5.181632238077583,-3.170693232699519,1.5385935661043495,2.3536243343752563,3.450189855054186,4.270783728915524,2.359248034966142,4.623147119888005,3.5851035290100675,3.4733072134221135,2.260046946695433,-4.02196737199162,2.383867398111758,-0.5459022486526569,-3.972639082740244,-11.909169591768027
Virginia,4.012880598086375,1.3457755359394785,0.8781070117047128,-2.773520541850023,-2.946048272598188,-3.164475059476987,-0.6277766078000757,0.24102511949557956,-6.398065748303494,-3.2534950657894908,-4.654307656598495,-4.696297949618014,-1.3349540906032256,3.3979705679222385,7.5106637453825895,14.70863761204197,15.30778369340433,8.585697697121661,3.9399458528181235,-3.801215720848207,-1.2907349461955206,-1.8179581330204078,-3.4714000208378786,0.4225392874714121,0.9239303766272713,-2.105121111935759,-2.623832325928246,-8.958951746928342,-1.1022053683434487,0.22055276035563826,1.37749652350913,4.361038714374642,-9.210271505480454,-5.933960132433428,-5.506684558421544,-2.1849470193318745,2.182074143594551,3.179211881312201,2.6224162415189576,0.3493792832556439,-4.169710886128807,-4.883035904080328,-1.506795957276704,-1.4431248133002277,4.368567227577184,3.150042036033948,0.6910332195487472,4.167015050167214,5.875232191680775,5.159553065709243,4.905324954522921,3.8066762318520753,-0.01675603217158346,-0.027470371242441696,3.2286350469959864,-0.21650670300886024,0.3854533266298074,-9.226692836113845
Washington,12.329065057227504,4.633964399629598,2.271589727794234,5.089478517709554,4.4520547945205635,13.615635179153092,19.0904641794978,11.52233729732283,3.513873602502462,-4.8792625930413855,-7.0641293123432565,-8.798551399889881,-7.634194385996322,1.2124382975819508,3.0544910315426588,10.144321757404782,11.287215093242203,8.415741448285175,8.165735158209747,-0.9160482374768146,2.7884845713290294,-1.750676327000234,-4.3574668917956565,6.552476195542307,5.2572481806722235,5.437397138878332,6.9148144209294795,0.006989236575672764,4.448201598132144,3.170839086670285,3.7709386066128103,0.8825790477331598,2.7017131405006487,1.074570123459173,0.04217670120685706,6.009203820080155,5.044563279857405,8.061869716654346,9.1571090478791,0.4331712053175584,-7.05922280671983,-9.5932374956713,-15.175028966679553,-9.511902659391533,-7.591555115651105,-4.15942327902021,1.6215489051699372,2.9615400419115003,7.501845824277521,5.075731179930728,4.3389713145219515,3.929921880456149,4.627721833676751,1.9281221046472081,3.0722985633978728,-0.40126715945090763,-8.922809515444563,-9.317590324556043
West Virginia,2.145070738827744,3.7256600436720575,-1.6009343275536576,-4.02178319028567,-9.970715749298662,-10.694619633769728,-6.359104521218332,-3.2372977836537578,-2.7428571428571518,2.35045440819786,3.969267669627453,1.4327463185061367,5.00667891972241,3.206311742200742,3.1378359622634426,3.5864623674019382,1.2233147142091871,-7.405733887848926,-9.779959992725951,-10.109630111255607,-5.537129952471388,1.5446360992710038,3.1675804240909478,3.1635205593674853,1.885546808574486,-1.8330178594195876,-4.338312151376909,-2.498782744181516,2.4161561420043856,4.990309109437114,10.635581970059011,4.75110862530463,-1.4120421407824189,-0.031401954533769795,-5.631293785362883,-4.61666078698715,-2.4668429854925944,-5.137260127931763,-3.598395931142393,-1.7673107488079796,1.9908879739200906,3.133685868812627,6.065279370136255,4.688056496830191,5.127854238348439,0.38333560351036333,-2.8486976152440735,-0.6415365773051587,-1.1641097164109764,2.134217259827866,2.4625594470318277,5.388483437359383,-1.188169109484652,1.6986467763669792,5.03161576752321,0.006497967064602963,0.397010520302742,-8.790870409077336
Wisconsin,6.752225081199643,7.79213927723554,5.770472006496078,6.916876315654331,-0.36451284685522944,-0.8114722004698393,1.2135707325715184,-2.3799233584003052,-3.2480022208562134,-3.7530469451599147,-7.77077620242332,-12.534065307005887,-15.61084581804765,-14.444057091296868,-11.304998787469824,-1.04495911274086,8.073877987176976,8.751093587085478,11.618977425375359,8.231977629754228,4.971854248828672,5.888057481017827,4.207891794025249,4.218828768274249,7.245306445743135,5.469058968007817,0.958649306052378,0.45045498977154896,2.730675183392389,-1.5304763126473877,2.358681567865229,2.289325842696644,-3.5684099056649456,3.269866720112239,1.2896334829993918,-0.4619367999843168,2.7322734691410218,-1.406072603417656,-1.4050264601925517,-1.2533131016543355,-0.9944101206237128,-1.8198102436912038,-0.750651125481528,-1.6434009519152843,0.46257775664646056,1.011478121397429,1.5964717973278963,5.744024672320711,3.2586296993778494,5.497002897860342,4.978344349397465,3.4278642285626852,2.7213352685050793,1.7553596794069672,1.4061184395172552,0.216126967636597,-1.595121679153732,-12.718986031117957
Wyoming,1.5950077034770886,12.652916561864071,18.099292412126776,28.77978703571703,36.205241222806514,38.861092222910074,49.05110769050913,47.8962472218201,50.33602204368687,45.21794422031225,21.36475048204189,-9.967238411091728,-39.86328083374181,-53.10453815685506,-56.64307795047446,-49.233858589992835,-19.893325772812254,-1.1708772457017709,13.062380443693643,13.658008112670373,-4.947242683655184,-7.451648984112858,-0.811891630594807,1.9795176449725236,16.79873401519644,20.97037254326783,10.166919575113825,5.491794370177154,-9.929466616190785,-18.713444620115034,-21.292553940198268,-25.63386666391931,-21.636747740872227,-14.166388239224858,-3.341679014868947,16.677287966529033,38.84881931996215,45.48462436745817,45.0811439446001,22.440037995725472,-2.7151759120897103,-17.247969421882487,-25.704135543814914,-23.311901783376474,,,,,,,,,3.8199598358508533,4.539912032399953,4.28689288660788,2.667608216781388,0.3038139691350263,-5.0519672575034855
