Geography,2005 Q1,2005 Q2,2005 Q3,2005 Q4,2006 Q1,2006 Q2,2006 Q3,2006 Q4,2007 Q1,2007 Q2,2007 Q3,2007 Q4,2008 Q1,2008 Q2,2008 Q3,2008 Q4,2009 Q1,2009 Q2,2009 Q3,2009 Q4,2010 Q1,2010 Q2,2010 Q3,2010 Q4,2011 Q1,2011 Q2,2011 Q3,2011 Q4,2012 Q1,2012 Q2,2012 Q3,2012 Q4,2013 Q1,2013 Q2,2013 Q3,2013 Q4,2014 Q1,2014 Q2,2014 Q3,2014 Q4,2015 Q1,2015 Q2,2015 Q3,2015 Q4,2016 Q1,2016 Q2,2016 Q3,2016 Q4,2017 Q1,2017 Q2,2017 Q3,2017 Q4,2018 Q1,2018 Q2,2018 Q3,2018 Q4,2019 Q1,2019 Q2,2019 Q3,2019 Q4,2020 Q1,2020 Q2,2020 Q3,2020 Q4,2021 Q1,2021 Q2,2021 Q3,2021 Q4,2022 Q1,2022 Q2,2022 Q3,2022 Q4,2023 Q1,2023 Q2,2023 Q3,2023 Q4,2024 Q1,2024 Q2,2024 Q3,2024 Q4,2025 Q1,2025 Q2
United States,2209475.2120688446,2209826.4201638657,2233507.8802852733,2278211.6535229306,2347976.6329695783,2342557.993789256,2343260.409979298,2397597.319537528,2390272.122127092,2436430.900329836,2476117.4150671954,2521222.5689848764,2432015.7128495737,2484395.8915926875,2422708.6983315204,2274122.5878451876,2150121.0440103165,2154235.195980561,2185919.183409944,2270309.4713849607,2296349.043001509,2305681.1438120636,2334555.46648128,2341830.4913067124,2328258.807063406,2346421.2828344856,2325148.106793221,2343711.9632443246,2366139.1087406576,2356129.6780325626,2317747.650505281,2304150.879969473,2391125.0560721434,2401611.126337766,2429632.515061932,2433771.753324678,2392228.8529422088,2440168.7579125585,2460513.741131268,2453941.132495877,2471225.5880294046,2458155.629636128,2459736.0660637217,2431714.6773395557,2437534.6971999016,2432642.8701621112,2448121.112635531,2428980.2714568935,2452260.3508982775,2496462.398285905,2510887.0164742623,2574907.2349380683,2603079.141417243,2618080.7443331345,2635390.2861591633,2669357.1262061824,2624427.5763360118,2641160.1334345066,2663587.27893084,2652875.432032703,2585543.8229587004,2332673.9945436683,2605060.9585248604,2657315.705805467,2692963.327450086,2726930.167497105,2720959.6298817503,2797798.943813818,2741731.080072985,2704201.9864907544,2697077.479420331,2704678.6260482827,2645048.508772238,2691307.6321449876,2763204.946454262,2802163.9587090774,2751690.338196077,2816789.267237447,2840696.503991368,2822207.906417769,2779661.55433524,2859737.0
Alabama,35807.20712711242,35605.60386970365,35608.07248101886,37213.904141562576,37809.25090374724,37811.719515062454,37289.608221895665,37103.63950281656,36220.2880871908,36856.77837129562,37433.61054861621,38146.21634827333,37572.67565270634,38412.003499877545,37486.68569189321,34368.82960078374,31241.09906441342,31152.64049228508,31768.55901542983,32769.99233896645,33083.094540778846,33515.512956159684,35299.90750183688,35602.72382316924,37304.831325006126,37790.73631888317,38012.08846681361,38746.08889786922,38432.57526083762,38354.402569189326,37486.27425667402,38036.36314474651,39894.40459466079,40701.64049473427,40957.55320107764,40442.84774185648,39344.727141807496,39327.03542738182,39152.58689444036,38656.80745530247,38142.51343130052,38497.170590252266,38621.01259123194,38701.24245897624,39542.62748224344,40079.9618785207,39768.916852804316,39817.054773450895,40472.05964241979,40918.466855253486,41223.75178790105,41960.22083027186,42511.95545922116,42203.790480039184,42441.60003673769,43306.84830271859,42945.19674504042,43230.321351947096,43503.10290227774,43666.031249081556,43597.7330026941,37418.79888072496,43389.1353465589,43563.583879500366,44133.83309331374,43964.733218221896,43155.440142052415,44122.7243423953,44551.851276022535,44636.60693117805,45423.68250551065,45818.66031594416,45288.32031839334,45872.14689444036,47367.30248101886,48296.323205976,46992.48499632623,49068.58711241734,49431.472975753124,49691.08859906931,48949.27089884888,50396.7
Alaska,2069.1124190573632,1886.02223044924,1974.6013570091945,1960.13809857164,2060.047888423688,2075.621996203605,2000.9507034100238,2149.93781720763,2055.182368304142,2229.8078849234657,2276.3524723684386,2431.071568772634,2127.454226518221,2172.5769268049703,2104.1708243023113,2198.4819334688545,2019.8795762038742,2394.6801443168506,2221.8097696584587,2035.0759952073877,1791.9999421117109,1584.0711622083707,1465.4991034046388,1353.9031784709412,1313.2905265141826,1274.5663184394393,1171.0573767181377,1160.7042608473228,1238.9747055101573,1161.903978137074,1115.2705227447125,1209.0262072400747,1430.0630093832874,1562.80950579556,1777.0923439372114,1739.656721099608,1818.1715526177622,1943.2087545940412,1927.9012506562913,2032.8320795358165,2120.4336586744926,2183.729854202286,2331.20621289428,2228.6081676337153,2162.090509013072,2069.756711675933,1950.2071054509227,2039.8970813532394,2359.488437150819,2198.5708014162437,2271.3758673146563,2057.3596330151718,1824.1034881059757,1603.9553654366525,1506.2006233087868,1559.5658257158627,1603.2222048706938,1697.466663076695,1846.8981166112462,1792.6220177434336,,,,,1637.369713654905,1781.0691845828676,1709.10836418465,1753.0313471816478,1667.4959478197654,1709.9748266716927,1636.0366944440702,1612.0423486490488,1691.934633351732,1622.5509834277943,1842.0548134785474,1759.2076695251815,1563.7426192431442,1651.8107551056123,1538.3486032767464,1627.6164564289656,1601.4448459229138,1650.3
Arizona,21503.66048685201,20882.718672382103,21210.080871151746,22084.840500010174,23064.834369934277,23551.84169577514,24241.843480944404,26372.53790161221,25844.871891723244,27368.675660790712,28361.524849935904,28514.592836940526,27890.362452437308,27787.8188595807,27528.021826949815,25622.444973107158,23125.52343509431,22493.520066876023,22633.732734659545,23579.346099690032,23857.678708872267,24439.456643854664,25425.429732021134,25536.643191329178,25644.867041516038,26053.247647469765,25846.66565719595,26659.241416333756,28901.448257221728,28896.664882627832,28100.233012744426,26821.57719161404,26403.330875560405,25131.551155408753,25075.944425754726,25440.078816714933,25893.90148131066,27148.042507647333,27844.621432883196,28148.365719595484,28493.665573092236,28515.489719676876,28385.441722905376,29015.053403826714,29690.705065214297,29725.085570107905,29590.254198742514,28620.72396074255,28968.714462448363,29064.97987615049,30390.572560483455,31160.39690918833,31910.788798605507,32597.80097465358,32894.37019947503,34721.32033343055,36607.16576707339,37585.96379334902,38613.79140921207,39540.27127586697,39013.50214871437,37041.55597238142,39819.50076778557,42093.09850444597,43004.03240367072,43543.357889132305,45724.57670394812,44300.6258795282,44749.36620861792,44424.694658057335,44421.70504893615,44690.47090893059,43627.365905437575,44279.69861567991,45071.34711096942,45031.58530965769,44049.797674260866,44894.96017281957,46181.09001675292,46654.64410154845,43298.50890210734,44077.9
Arkansas,23313.70418620678,23432.6269132503,23925.39714924445,24753.84997646782,25292.586798446875,25098.388515455605,24307.046326458578,24019.64973610341,22899.161488746577,22588.35989360093,22418.19918309717,22358.73781957541,21529.863280554015,21770.660717227234,21040.677594843095,19340.757336997627,17159.663917603753,17258.34447834199,17705.780696048278,18597.068581177617,18729.907797556018,19239.96821726926,19769.63823559074,19829.099599112502,20278.433519909904,20416.12242196561,20149.600565612764,20232.256078025985,19488.989034004,19432.690508967444,19102.490171112568,19044.083087085874,20643.846792900007,20811.688088514613,21314.579407661407,21492.120074630628,21348.94891920058,21872.9258282487,21914.042728556302,21711.831921402518,21438.773532180257,21363.287120333483,21232.76731884423,20975.101410249947,21315.211975358445,20935.88221303347,21067.667149916797,21025.495970114134,20928.080544769975,21096.34355218261,21069.986564805946,21247.948943573196,21997.541664565582,22144.29737027886,22307.9215479132,22599.324400349622,21763.702472559795,22137.54998151043,22403.860981964266,22681.979912762847,21896.541688938196,20782.16826265275,23047.18232985393,23844.42848402333,24685.32180928849,25588.206768863565,25624.05227169583,26083.507275645876,24590.014942934464,23788.76252668381,23416.601864925287,23501.15508042963,24098.08813053637,23807.10698989797,24459.073429647186,24686.58694468257,24334.246737431295,24781.893811036593,24976.935517623922,24695.44289244113,24362.501427899082,25088.9
California,223613.3382861086,231676.57001265028,238605.69944710325,241493.11715218372,255566.75449792552,246588.1642448315,245228.58760980528,251329.85602392053,250300.07768154916,260116.62482108257,273981.6142673897,288395.1457718881,281264.09901540144,304992.7496430499,308452.2664272255,279679.0480374377,295081.97441990074,269202.9043125945,266251.54612220346,270888.91395157506,270330.2760272821,265692.90819791047,256101.83540131457,269186.07786909177,257198.91951769713,257047.48152617193,256286.9262798454,252204.83108606611,263569.4110278571,263142.019362886,268987.5258357587,262351.1765182544,271629.2774656983,276848.8402402668,283024.14500579436,289993.65790465404,284885.149657204,288549.9490521138,300368.8429684804,296818.4633893897,299164.06961368,309236.37869445595,303262.991250962,301516.4064153714,314139.60433117184,306988.3658424819,315233.32315885386,314678.0505232615,324073.9365752249,333473.1879158889,339136.96879893134,349434.75222264486,350969.3238701002,358807.0812537044,372086.51046611404,378457.0019762741,374102.3183977495,380866.548685875,384087.1299723109,384282.3167169434,371642.2923576401,345473.8074220858,384632.3067418016,383989.53659999464,402703.90706380864,409727.26458187733,396175.2469847224,407169.64516945183,386187.07012146036,381741.52374802064,367476.0649463469,366584.2634406985,359305.1439813873,372725.91531922045,376296.48663051456,388398.0647977282,372301.8889429499,368902.9473553843,380920.393305084,371177.8825169629,372658.60954520927,380415.6
Colorado,19392.02449206056,19505.37517503765,20976.3461386034,20990.062088826657,21446.570318898783,22092.772728473672,22263.316335966607,22859.313191894107,23802.867050648634,23843.75610980475,24464.079368015005,25346.558429548993,24063.470104890486,25354.580966472033,24711.742846574547,23488.17657005469,23019.76393035483,23663.637216306903,24600.20370419298,25293.5061692515,24898.072736399907,24357.716055906367,24783.169304340936,25517.87841158287,24658.431794763404,24926.022219873706,24939.22058706967,25072.75700811118,24842.691352479593,25068.616343892834,24742.280245184815,24868.82929535787,25205.775846125394,25245.62973922693,25482.941557240614,25666.16594890222,25187.4016486565,26142.601125525114,27153.958360854976,26695.897381700972,27242.72385003567,26492.22846046131,26273.549631430156,26478.253718724405,26938.902613014874,26267.338635102646,26200.570424581896,25450.59261803482,25785.986419720466,25423.16071758831,25860.25958413697,26447.198737086845,26594.19231683796,27253.33430209517,27449.498269439086,28343.10536605987,27785.927237179316,28150.82327142065,29096.96504531163,29406.479695632646,29899.736320642554,28801.166345213875,31010.21070569896,30958.969985996988,30240.564744114774,29834.262067690033,29573.659013448178,30522.129910961983,29995.23038917805,29656.213506301356,30706.130677164525,30264.11477185659,28908.82361489075,29510.513884118467,29791.302676424744,29761.02406932812,29080.14359692462,29548.81502813813,29477.388570371742,29615.583238658885,28717.576686306114,29385.0
Connecticut,47785.28627604869,46562.09430096714,46305.43786656202,47665.105882160584,54204.41307728154,55022.92982774549,55308.78262902738,56389.72718874419,59727.958299201266,57681.496676722345,56252.23267031287,53963.373304229106,64641.095757813586,61268.23639827009,49857.88883166148,43647.889495499476,40799.20676918549,37334.00541207826,36295.1579394861,36111.49242227291,37762.784614001095,38793.484263278806,40225.12471815499,37921.66716863283,36350.155746858625,37797.4128630875,36732.76394999959,38112.12253860806,36087.04895232956,37220.95436359029,36968.711333480496,37570.971273473464,38108.72761222704,37699.97847595222,37714.57665939061,38299.18298220228,34327.458609046844,35503.46110743221,36049.704762138346,38305.29384968811,35959.060227765105,36106.40003270138,35523.151680442126,34794.600479075205,34147.86700349087,31912.30798158912,31835.58264537807,31628.831628773947,31323.967239758334,32707.399740024037,34417.76365078197,37347.924610240436,36122.695679330274,36886.5541150598,38555.8394166074,38869.530614213654,38426.153228852425,39571.94088244672,39682.615482467976,40702.451367326415,38449.23872824336,34918.51529198244,38363.34709080355,39134.33487193322,41081.66464408637,41427.94713495042,41568.83657976275,42159.89326269836,40366.01416296732,39448.70505481569,40525.91519551337,40947.904544674166,40382.30980959622,40911.91832503536,40852.16762072941,41364.122518987235,40247.19173963162,41355.29571039658,41104.0711582011,40991.35960235123,40614.18328141989,41526.4
Delaware,5524.937347550352,5682.872144400308,6436.8035225768035,6862.175923567686,6041.915975139224,6298.939184865591,6649.287501821477,7061.768298075887,6911.164021566281,7307.264896508467,6842.661572868556,7384.513414301916,6025.384387888926,5983.322367729143,5720.99085017011,5525.7967878661175,5387.679673591444,5320.542218336407,5487.374750220162,5374.535292291513,5077.320608974968,4953.965646006373,4926.261334651132,5217.004937943095,4711.401255709932,5221.959358586915,5278.935195990852,4809.12467514366,4718.226222923359,4404.479952356515,4255.847333041898,4202.56203346448,4294.319926000545,4488.603992676081,4702.503520676132,4787.537556624155,4380.769510703945,4544.669834451562,4541.636515690038,4634.506625105329,5250.472554945229,5484.038099582486,5292.281798541553,5065.035667990802,4393.610560127725,4299.779899771286,4398.211093582701,4470.353524794252,4771.107079999239,4999.212650865756,5062.255125792738,5389.550220161051,5056.694041396613,5223.374907342291,5390.308549851431,5733.32634646697,5949.146976349319,6049.853159231877,6326.694051533525,6178.213098156983,6287.210352321036,5803.497120483531,6376.9460323494195,6495.953238426498,6056.930903008763,6042.168751702686,6248.3333168608515,7144.072347138541,6815.311148702159,6881.5891636414335,6828.303864064015,6934.015022903086,7233.201363414619,7238.105228745748,7205.699273310145,7090.129828496127,7341.541398513676,7752.050537573097,7990.570502854174,8012.915951064058,7711.808508670229,7979.6
District of Columbia,,,,,,,,,,,,,,,,,,,,,,,,,,,,,,,,,,,,,,,,,,,,,,,,,,,,,,,,,,,,,,,,,,,,,,,,,,,,,,,,,,
Florida,46215.85167678151,47005.23764325316,48478.59468005274,48994.63736931449,51208.350188332835,51108.451187917555,51483.53209745222,53987.13588086582,53930.75116897499,57209.031863584365,58106.2842354124,58052.351032734216,55652.93639085802,55580.00399178183,54609.819220877616,51122.547365890256,48414.85544052397,48617.717827870336,48954.187467305856,49971.56379055349,49075.53717333177,47939.875530574034,48474.30453893062,48551.52707912892,46728.82997952746,47413.41392715853,47385.22157121312,47306.16039910532,46930.46661226749,46972.14226888246,47011.36641628477,47733.3358794087,49399.74926670406,51058.808126361495,52025.92851074991,52728.28590017267,51493.33813430281,52685.99736625454,54325.44415221082,55366.10981297857,56947.94613243768,58971.66698747604,59934.49723074233,59824.1793161733,60720.20593339502,59574.12537648353,60931.03572568248,59840.114126055494,60458.507324945174,60865.457854244225,60837.87837560197,62988.464832394704,62865.88937176246,63617.27694543811,64254.669340725784,65066.73176741441,64586.23596173601,64385.212206299126,65207.080669838324,66696.3725165201,67912.93396329513,62817.47206481272,68988.53363034308,69890.6890205964,71147.0874920769,71301.53257247353,71922.37728057585,76119.97392992706,75178.59439227144,76534.89186416722,78212.94992022264,76557.56832438419,76322.22343997027,76814.97679171189,79539.8292815667,82048.94896070873,79896.52387200652,81891.4394937963,83082.87297114173,82625.66650298345,82172.75017594731,84121.7
Georgia,69042.7069657615,68989.06586733133,68911.17605317241,68750.98756744938,69845.85382307928,66945.56046001137,66711.15620796713,69092.67401635402,67640.69031090122,70002.36826096463,71488.88801609166,72641.06941798942,67877.29899164809,68290.99677817132,66121.10412523503,61277.97426559972,58481.28905155451,60729.806328217244,61903.297207573574,63467.70677685951,62529.354959114964,60992.13334382789,61651.25752590844,64411.93707114435,63726.35974463247,64337.72130482312,66912.49402947222,63608.05540425904,65883.0258253531,65224.63645284009,63660.22688355416,62286.86780182781,65877.14734881281,65865.39039573222,65342.94079321353,65981.49030740303,65004.92839214658,67201.27418951418,68585.6554147536,68991.27029603394,67559.12644890464,68711.3078508024,68568.0199851327,69156.60244872971,70853.2777401723,70840.05116795663,71372.78810442083,71290.48943285672,72089.96224233678,73882.16277755915,73800.59891556256,74151.10307927763,73828.52167912896,72044.40404914951,72260.43806200534,73228.91707201888,72603.59413004504,74031.32911976911,75066.67580042852,75613.37411867594,76703.83151690061,67452.5790616118,76234.28820324456,78562.89972276882,77836.17306047489,77427.6189409244,77607.64728497092,81000.26305828852,80001.65685600595,78587.88324806507,78875.19378897197,80635.79751279025,77966.2343539289,80064.11566924659,83156.92913900915,83272.29424111242,80813.62142813417,83048.91213258123,82851.24835891381,82543.36315011588,81480.09370589006,84021.8
Hawaii,,,,,,,,,,,,,,,,,,,,,,,,,,,,,,,,,,,,,,,,,,,,,,,,,,,,,,,,,,,,,,,,,,,,,,,,,,,,,,,,,,
Idaho,7005.108942668566,7584.312090073768,7545.886620939563,7261.246310340365,7080.500685906562,6381.643546007506,6274.246791769122,6131.051119451275,6096.516837064838,6243.895535136535,6710.935224537338,7047.620157887925,7449.968867607093,8353.016032095251,8675.206294810405,8385.410161770415,8427.434978646304,8045.612279021613,8820.347560502136,8745.734054613693,8764.995429015142,8810.522313964024,9399.745267244727,9772.423678012165,9432.431235925975,9475.915247832278,9312.777243432121,9313.263641775591,8986.89035330659,9068.021596997542,8356.907218843018,7999.696275397955,8396.88916267633,8528.703113756956,8650.108140287304,8741.356469522454,8704.390195418662,8562.070040119062,8611.585391484407,9086.018335705967,8757.699453863077,8586.876355636081,8432.007123074933,8066.527407790864,8624.23174841465,8835.231349812346,8908.288381001683,8213.127868513007,9230.575923385531,9429.123727190372,9913.284638281351,10338.88318881843,10531.205093826842,10686.463445062767,10795.027555325481,11235.412615504076,10514.862109486217,10698.62340364954,11317.516655881973,11158.172558560891,11182.395196065743,9817.464164617575,10513.111075449722,10776.058019930117,10193.936482464089,10228.665324187914,10169.130166947069,11108.26808852077,10212.711458522066,10559.221638410769,11032.389946939305,11090.855027824513,10690.938309822699,10878.10439239032,11036.864811699237,10467.876029506924,10507.27429532807,11051.748601009449,10926.16054872525,11124.416513524007,10914.09786980717,11275.2
Illinois,114831.47337098217,111709.36068983944,113610.14440564917,114742.16670750918,115298.5230840097,115585.75262328763,114423.55915133537,117550.49921969287,117088.27689388007,120567.61622891467,121025.0111675127,120548.30668005566,111361.78881037708,115624.37172100565,114445.28239380177,109306.52870369518,106972.48698536119,107811.24551392485,110768.02018296222,114098.9173611431,113274.64099422371,113968.57790634473,116197.6239527578,117573.42930896295,120319.0057873548,122847.34984108267,122245.13328604201,125269.49137608595,133933.4445797673,131086.4929698656,128063.34172662534,125601.37424710035,122965.62082784418,119650.41265811124,120466.24109740481,123616.1112550324,120857.25946179996,125096.91228315847,126712.88015329766,123830.92998608899,123042.85902328024,117654.28804481009,123588.35377854755,117642.2195767732,118156.3363151446,117461.19255621989,118052.54749002737,118898.54709941316,115387.82974748267,120848.81153417414,121716.53438602634,124786.75265461046,130532.55028697247,128801.93197048284,128289.02207891514,130486.6901084323,128839.3442213972,128840.55106820088,127831.6271403171,124150.7443890665,120983.9783761873,110547.1672178872,124086.78150847099,126829.94429325547,130569.96253788684,133536.39198135372,130750.98955844012,130423.93407464049,131505.2688107456,126232.55512542953,125958.60090099221,130135.4976885589,121634.46880337551,124598.48455323502,130262.21660294621,132486.4352621445,129722.75608169734,130997.18630639263,132358.5095009535,126645.29673229107,127077.34788801166,130999.6
Indiana,90735.26557395625,89676.09904974666,89014.9033793081,89056.68509623947,88683.7832726272,87148.30517540025,89882.91854855682,92803.46056205785,97133.09097906853,103107.87650025092,106578.89263432244,109239.34345992586,107165.92575720783,106692.74781296036,100840.17381380216,94100.78287277612,82975.35619688213,82377.87764476388,84912.98331957328,92050.34511437036,99266.04762841371,100804.65935441051,104008.27250012141,102565.75872306671,102596.05046784194,99999.31676055881,97526.88366114645,98621.5646447477,97450.63202774676,96999.38948488822,95389.74884010815,95617.45919738399,101756.2379575219,102350.5828808703,104476.22772975249,103870.39283424798,105232.47680620983,107608.8119566801,107439.59600310816,104267.31914509575,101101.30954462306,101061.61691353827,98025.13063555273,97312.7523618733,100018.11853317793,100610.37437067974,102603.36226830492,102783.02365110972,102066.46720573712,105165.62605911968,104190.02296877277,106394.00853690122,109480.63287520438,108268.96308419536,108219.86956680103,108502.9406990109,107329.91899616338,107796.82968287116,107737.29073624399,107915.90757612548,106566.35811924303,88987.74526330274,107657.90547407443,110628.58554789309,115743.71224321306,116779.89882311042,117356.48651676299,120616.50498033121,117836.97626147345,118241.21437278422,117161.15699010895,116460.26868858562,112738.56225292603,116097.81229420622,120716.78110096644,121725.80956485843,122385.96069237369,122077.82053000502,121967.09898013696,123343.8065530248,125717.00807472519,129049.1
Iowa,36431.771863686525,36240.64345106194,36005.103457080586,36337.00072132703,39057.21007942804,39033.021628867675,38536.960126391816,39009.6262422601,38829.6007249747,38721.34749541761,39422.01949771564,40383.60954048459,39586.976799897864,40528.34371187043,39642.0947446174,37920.35290309049,33238.103325764416,33494.262982518536,34862.29830109704,36639.158087343494,36778.34081105974,37910.439603680505,38145.97959766184,37421.51567677984,35963.86413153503,36349.689744571806,36472.614657255675,37990.93559488962,39755.89942184408,40764.28023782818,39823.70638980841,38327.98777482924,39375.2287245005,38611.50813795494,38729.278134945605,39334.782462907744,40589.40963623597,42605.378204251356,43425.80286342206,43873.883996753575,43988.085205956646,43013.013075990115,41965.37559434246,40104.054497122896,38766.15560875077,36180.370590649196,36480.148764807265,36301.70937542746,37716.13893524471,39060.382335239236,40181.37823252081,41654.4945248452,41300.39146992039,41827.38246655541,41943.566335640484,42216.77686737979,40335.629171340246,40088.58975004332,41289.2885745812,40417.71129045496,42007.80451581722,38164.22006857622,42212.81154761579,42486.41861133149,44259.70960979035,43246.17387811306,42283.79077139131,42916.25927374862,44077.70143262295,42332.564204488466,43245.77734613667,43482.5069360472,41546.63782726452,42001.46000419482,43414.30343610648,44396.9096736246,42846.8661778787,43774.35447067728,43528.50464530955,43263.621285074645,42229.86242260098,43483.3
Kansas,22087.047778440618,22443.167671550797,22723.143508568344,22631.770641257182,24697.910317155485,25254.640511894348,26221.962886025056,28972.520481494492,29370.519605455625,29775.84027327182,29747.725544868383,29703.503419983816,28266.43079211238,28524.734859318945,27582.598596049655,24998.3864769672,22129.219871045767,22714.650517696475,22842.631104282947,23954.041461481258,25153.896068448707,25999.387952831188,26893.787750165484,26274.9708635357,28113.8498181729,29423.23472121207,28416.66887201824,27745.722593140417,31025.48137845369,29987.872183314397,26710.16343028054,24968.514578038554,23428.06175093365,23299.788302592973,23712.13765251003,25386.721163039656,23850.954124001993,25899.229232893947,27663.721301963727,28430.726236219954,27135.398697382505,26692.29886327419,28032.72711225882,29054.52177267118,27081.804996363455,28801.196355286054,29550.336722535932,29674.802968071977,28439.80495060023,29050.421708112342,29476.828422231116,30177.35373828339,31055.06041562814,31617.354983696845,31953.267415767063,31597.14752265688,30819.892427003564,30548.11671910369,29701.746249458603,29535.98649658001,29714.046443135107,25715.897774763213,28420.47607482287,29236.68178378511,28385.918387826983,29284.71111147431,30558.952604009184,32924.104130948195,33892.89081384991,33454.18390605463,34093.50111547859,34266.87527396645,34338.91926550025,33851.59730650736,34612.45214392534,34971.20779282334,33997.14959834598,35790.3421193276,35908.072544516996,35756.66301759432,34775.57614101611,35837.2
Kentucky,35121.1812558867,35363.116771367095,36151.1830618611,37621.18158251747,39360.275909683995,39937.74548203962,39873.81433546191,39514.880643237964,37971.75826211688,38320.24568856014,37690.12693666992,38039.03221374441,38254.22528882629,38276.78922291254,35781.80310385649,33125.52664114683,28822.08299014059,29301.77551478911,30701.57512939936,32963.81844686201,34068.197665194806,35132.46322292982,36610.818756210734,36258.152823455195,35561.59582119989,34400.38891702023,35663.969225850495,37439.83440856498,38142.24131965746,39859.60741400019,39814.47954582768,39961.14511738834,42156.11448322345,42113.91156946953,42079.229967077685,41561.51303498751,41203.83289465725,41663.050738375656,41266.09263871006,40634.30248429493,40353.92471074166,41083.07406223266,40304.20048562565,39936.90978077717,38265.507255869416,40308.79684256915,40763.000478712835,40827.76732655301,40169.23473173935,42553.90828415149,42153.607379436085,42263.919946079994,41316.2347144573,41846.90501611551,41784.227421431475,42808.79716919993,43980.86818979149,45369.38583735861,45300.85833383739,45006.2736388224,44769.35233091672,36670.98924710741,43805.37092467617,43455.212095708,43080.81793012866,43259.65800029379,43755.646699560166,44500.25652440658,45018.39130712798,45582.48965928434,45775.11880027997,45597.53228200851,44697.89987297692,44901.81098101567,46338.38145117388,46411.087461007366,46846.06996811461,48335.70746843865,47990.98069767642,47756.98434418934,46859.02333768264,48356.6
Louisiana,92620.02808826654,95519.33311853844,94582.69780572865,92748.47505930463,86315.3369618326,80534.19568934994,77051.74141056507,74828.58123583769,68144.20086301515,66805.26963691403,65681.61553427276,66996.91251770288,64052.394153625544,65568.58219975924,63386.0112678799,58851.31940235094,55243.500879832885,56949.79044310296,59356.886680356896,65799.78674762782,71673.40983925789,71884.06287176037,70825.1460425223,66094.70099313128,61561.550491254784,57405.52029634613,55112.998757258174,56887.10832123637,58892.936220967276,59540.822742883436,56150.33649536185,52555.3626699476,51095.17750318651,50040.37097702166,49455.1665769721,50602.96871016853,52413.55721392154,55778.867855119664,56777.67150191191,56500.22604446962,53440.105406458,51805.232359085116,50397.96734439173,49177.20733164566,49158.71096781617,48804.197327751026,48420.397778289196,48319.18156511117,50121.0356748336,51648.52705441864,51563.75205353349,52181.325090284656,54626.95541885002,53770.47101596799,54360.81329485908,55744.95785476561,56001.338008957646,55791.71255222348,56312.693466754,54700.42708628381,45465.08986864467,38889.63252726242,41022.87982226313,44534.10622256054,49466.9836983076,54688.6099649483,56014.18270606147,56780.754229216815,52818.422066633626,50457.05295106926,49174.638392224886,49553.813850729355,49385.29142472738,50155.4594630718,53775.60889480951,55308.23815323608,55482.92603384789,57311.49711354624,57599.21832867157,58128.41984934854,56292.14195138791,58045.7
Maine,7408.249259291195,7324.175353970854,7212.755610933862,7414.285707510562,7404.103746658619,7664.907401051996,7376.176082607571,7469.922850737258,7522.650862291972,7690.725944640854,7912.110864878848,8241.060928688454,7731.453788048632,8080.1132189359305,7904.1834810726905,7468.031915150469,6946.788247822711,7283.811152022074,7454.868094334742,7658.507311373631,7628.179613693196,7606.942952487711,7815.454965077174,7322.648059843063,7474.213819953436,7279.447454514097,7149.4819970682065,7298.138625506595,7247.228821246873,7497.050503578511,7051.0078899715445,6778.494980598431,6994.78892041045,6813.186375786841,6882.860079330861,6951.151945330688,6794.713389669742,6973.624987496766,6992.607071656463,6966.352158316806,6737.912593774251,6548.237208760886,6552.600906268862,6561.182844701215,6605.765287574372,6865.187104423557,6853.114207984823,7056.4625118565145,7117.9906467189785,7256.319857721824,7243.374221781494,7473.631993619038,7480.686637923601,7452.977158747952,7488.977663188754,7471.159231697852,7519.450817452789,7755.308667758903,7948.0386410278525,8118.077387255324,8478.373344830557,7687.5258998016725,8713.431183926878,9297.87573682849,9284.85737259636,8845.578490126756,8743.97706648271,8525.501277916701,8733.06782271277,8496.84633094766,8199.46034577908,8470.955059067,8156.623381909114,8404.77231352936,8573.647407088038,8407.463260325945,8165.059863757868,8416.627025092695,8395.68127705441,8428.045366905233,8212.47871001121,8434.3
Maryland,19116.021006549407,18845.292390749506,19024.454682782067,19752.27047576201,19881.05888236159,20112.33209035931,20834.93679174273,21258.27594715486,20487.282538089512,23299.78311689435,21999.491689954404,22937.736324546,22377.419904311184,23274.968395006184,23280.1794866027,22776.192485054027,22114.135705077737,23019.62490677695,23909.480833686615,24912.988186844086,24969.317605530225,23929.82890563491,24306.76453111617,24939.539939264425,24062.339520517722,24703.551934107956,24269.7905955028,23903.525300433455,23334.027433100022,21902.962421809436,21663.004061150863,21332.471965600475,23286.879461512504,23171.242857513647,23699.30013929384,23547.930335776022,22859.073656160508,23378.942079717603,23237.00187051729,22808.699770727526,22985.62873779016,22866.269925508073,22734.255605063026,23128.313388647115,23862.332862099098,24270.286889940562,24789.659019059894,24419.175221269565,24372.52354411981,24984.206438663125,24542.504389053756,25359.65318083109,25120.191114610276,25039.543268473735,25258.409115527367,25780.5108640544,23528.57485270325,25150.216928094964,26213.527761002915,26955.984239896872,26663.1705216165,26231.890655200157,28346.601254509747,27743.603512627287,28995.754379104194,27316.542148931934,26422.96401373904,27084.772646496454,26748.533164911794,26544.556150991062,26271.346063002344,26402.86408900963,26089.454151562077,26128.4132649265,28099.694771722483,27681.070413469108,27172.86490919945,28043.117205817463,28365.708590363636,28011.850656238374,27882.565955201022,28681.6
Massachusetts,41874.05963234063,40968.372653683204,42003.83461054004,43745.11912815228,44804.67432990689,45783.73619075302,46215.22430392235,47753.35896114649,50181.84853209313,51581.44703115504,53258.66542028909,56172.85290542505,52109.85569766316,52421.425160091254,50843.86519303438,47590.72955808649,46537.197667556306,46446.300425441965,47337.750486659796,49898.75290454421,51820.7367588898,53025.39900377877,55347.111693928426,55979.55937249513,54023.078372045915,56162.996577966864,52213.347135974065,54364.21681684856,54950.12072686275,55704.67735116138,54649.502739388176,54319.31576953906,53296.44800887879,53946.965621118834,55414.46326489267,54804.466109980705,54911.79056452536,55891.947572866855,57220.90905847845,58571.77349399713,59308.260184622435,58625.98329501713,57192.435223599256,56973.40572452854,56923.02893974227,56236.91903390323,58807.77777924584,54498.372385029375,54134.2358428243,54491.253926309575,54356.003210633404,56048.00609095473,57792.028477305365,58475.400514406014,57977.10840402012,58494.565595574706,56889.07936738631,56941.098873415605,57934.39765170133,57495.79107981221,57475.53085114816,52621.28957799329,58742.6165032723,59114.41907794484,60534.2778056708,61674.873922081584,60592.32062292454,60536.46810066151,62697.194108994176,59784.101771353584,60416.00187617262,61824.90912894502,57632.68451673141,58841.179777854115,59649.94620317276,60344.26971522695,59055.82868694342,60915.93670780153,60678.83727505748,60261.58607932775,60313.60558535705,62165.5
Michigan,96530.4788115105,96207.3809713743,94507.69689378476,97007.23230200466,95106.53295579617,96702.02587321149,96920.93255317348,95744.30914837775,101520.07770429809,101614.79694082013,102115.75645842546,100181.37916145359,93889.91698446893,91779.78288195065,85681.96892185546,76966.74672586852,60277.21725068908,61310.70936474042,63713.42066451559,68460.95928619136,72418.11850088897,81406.97404682841,88180.45189411401,86732.30001128849,91530.35555910935,89257.09388258093,88806.65129112068,92838.53345907453,93918.33275542554,94676.08664760168,92496.49177163393,95282.28976134259,98828.99895111145,101089.63139610359,102606.19161641723,102304.14249550813,99172.09307451341,101648.47489158351,102068.39684016444,100507.63430947387,101499.02898507098,100199.27057279662,101343.26846279034,100481.32341043997,98671.13355690808,104434.27288129216,104016.45580463394,103737.56027487466,102638.81713121926,105880.31989219497,105261.48754691778,107193.75997196692,108762.94199034835,110145.8428435698,108499.8330000094,107001.16419103884,105139.40497540051,106066.60105735493,106095.01682831153,106386.54158960708,103838.59412716482,84446.40910322382,106990.63983142526,107812.59231724411,105128.88061578695,107775.75705859666,106103.43631600238,108031.4989972061,111161.4435462781,111071.98648956286,110999.36840822932,110908.85891555272,108015.71245778578,110504.72350639211,111866.57564038645,111044.62315456761,110102.69296915422,113610.46202835292,111742.38819694647,110843.60788594867,108949.22315550831,111877.1
Minnesota,44920.54716977593,46042.51518613355,47616.09652494443,48457.1486198261,47917.925704156,48357.10411660429,46485.08493767411,47313.136899368765,45738.4251141938,46198.51678437773,46976.26388287046,48226.53756155209,48059.23149966703,50727.084918915374,50555.822294756,48348.62576887363,45643.46761961038,46495.82417813294,46197.38633801364,47563.53076901432,46226.21272029789,47380.39845803201,49119.02496599979,50552.99617884577,49306.1138392564,51409.87452282469,51198.481052740186,51738.834414774385,52791.27997974057,51672.13807929317,51354.48265098437,50659.25813707007,52711.58351107234,53210.11035763527,54408.94872675089,54719.82147687517,55348.9148784903,57042.32353189454,58073.85583912509,57341.89181837793,58078.377624581444,55642.2657099712,56819.0603749871,56030.57403603553,56756.88582496225,56088.792023786074,56855.23465863792,56444.88262847388,56101.22693379104,56049.79162422503,55889.26824052449,58048.986019115146,58045.594680022885,58888.342444450696,58640.20946753332,58994.60440267499,56846.756310907265,57304.02186518097,58360.42399242147,58479.686083832785,55970.66037873885,51632.00723336804,55155.04332704916,56530.231328962545,56907.23519138598,57538.024262547246,56992.01866869261,57782.20067719032,56989.192552782384,57530.676361180675,57194.93379104645,56957.54005458791,56794.755778159204,56489.535259855365,57055.32366508155,57852.85357494583,56840.538855904786,58597.81772888001,60004.09300580582,59440.56549330782,58432.207336541076,60262.4
Mississippi,18036.48192172897,18040.54366968458,18230.672157320874,19015.94342873832,19763.88530227804,20128.862368574766,20216.673491043613,20922.063719334114,20363.28325058411,20474.304361370716,21193.233749513238,21778.899121397975,21134.43511244159,21518.560419100464,20860.17041715343,19199.495753017913,17268.81155811916,17847.127100369937,17882.135499415886,18781.329130159655,18610.1554663162,18700.09417104751,18636.266703173675,18184.639013823988,18187.15342922508,18176.128684774143,18295.079874902647,19089.248308508566,20304.291196943148,20285.72320628894,19977.997444509347,19287.69370862539,19230.055570969627,18177.67601732866,18238.215403524144,18239.569319509348,18439.755468749998,19295.43037139797,19165.841269957164,19213.61516257788,18721.756826810746,19079.577480042837,18918.654894373052,18833.551603874614,19338.368849785827,19081.705062305296,19175.5120984229,19065.26465391355,19352.68167591511,19378.212663064638,19260.22855578271,19375.504831094237,19307.615615264796,18946.31346378505,18684.234012363704,18526.599508372274,18620.599961059193,19073.38814982477,19384.982242990656,19696.18950301791,20148.010608936915,18040.737086253892,21456.473700350467,21270.40696066978,21298.839196359037,21023.6074182243,20690.7375024338,20946.821040206385,20163.677351051403,19570.081899824767,19572.209482087226,19994.631269470407,20180.117759443146,20912.392890868377,22140.78152258567,22907.09797021028,22502.857340342678,23668.77242017134,23789.65777599299,23678.636665206388,23244.029633956387,23841.3
Missouri,47136.83819663736,46991.057301357,46780.43654519074,47837.45682768627,47119.866689425624,47701.249603140735,46092.00258598618,46019.764888623366,46023.246223436036,47431.881322010755,47001.06613894342,47942.7672057694,45591.99587351712,46956.24395323035,43721.648745412655,47990.635559443544,40351.281479900994,39823.42408893062,39417.8485832551,40899.591712895795,41827.802607322694,43574.99751642912,44889.63657506188,43174.6440129726,41302.99138431339,42175.93608858923,42085.42138345993,43188.13418537168,45440.55780916617,45645.521396261836,45096.77599641547,44745.16118033626,45914.019343688655,45806.53313134761,45659.88190236408,45055.87031236665,44156.815596995824,45731.249266023726,45910.102842024404,46632.04464880089,47773.05213365196,47424.48348553384,47350.06995391312,45120.71017325254,43554.54467440471,43927.48266621149,43283.435725868396,43608.50536400102,42447.48020397713,44283.88431765811,43602.84819493044,43732.52791670222,42850.00954169156,43010.150943074164,42873.50855167705,43933.57500213365,43561.94251088163,44965.35560723734,45929.25018349407,46294.79033882393,44468.39506272937,42233.37811299821,47448.852829222495,48477.58726636512,47026.74098318682,48166.44296748315,47435.36265682342,48544.16779465733,47974.96955278655,47358.77329094477,47702.555103695486,47830.05899120936,47523.26636084321,48810.48990782624,50444.54143552104,51281.36729111547,49622.51125288043,51146.900733976276,51025.054015532995,50452.37443884954,49540.69988478279,50988.5
Montana,3040.7721416007034,2890.9151788331865,2864.8834945763706,2880.7574758135447,2854.5201700381126,2906.7069114629144,3022.883069481091,3334.687540310759,3522.707856933451,3782.6957050718265,3839.241622691293,3825.958472588684,3386.7920331281152,3250.2593447669306,2940.634462034594,2579.76869686309,2350.7063251245972,2296.4222442099094,2351.323189680446,2489.4597258868366,2777.9878408091467,2593.0929712694224,2695.739233362651,2793.121584579302,2978.345448548813,3014.8227059513342,3001.7863016710644,2980.895155379654,2949.06494429786,2859.825205218411,2788.5156625622985,2842.923116388156,2967.1596379360894,2951.4090296100853,3036.1662195837,3094.315985048373,3148.929060392847,3294.3034740545295,3525.6688068015246,3642.297332160657,3866.6715332746994,3907.507966871885,3903.0254177660513,3629.2609278803875,3335.5922749926713,2994.959667253005,2988.2975300498388,3225.625886836705,3751.317861330988,4232.019847552037,4230.0047566695985,4236.379023746702,4205.535795954265,4058.763155965992,3935.7603635297564,3956.56926121372,3771.4276458516565,3622.8455364995602,3572.2215186162416,3456.0042362943414,3309.930709469364,2973.575029316916,3291.342524186456,3181.6640061565527,3403.7352462620934,3481.17231017297,3507.944231896805,3703.5725447082973,3683.092641454119,3658.4180592201697,3639.665376722369,3730.9613309879805,3606.231317795368,3738.0758355321022,3922.107094693638,4073.4034080914694,4108.852557900908,4257.0645485194955,4423.165611257696,4454.584579302257,4383.9330255057175,4488.8
Nebraska,11478.571147644147,11771.647132856133,12279.597852591836,12952.95779910328,13858.062219775033,14390.888657279951,13589.718988437033,13780.432824667665,13399.291079996854,13279.773263588455,13573.849996067018,14255.787776291985,13892.087626838671,14921.141744670811,14904.557932824671,13960.281404861167,13216.297294108394,13224.017344450562,13476.062691732874,14194.456265240307,14297.676197593015,14686.823920396444,14772.173365845985,15191.05757885629,15716.878785495164,16224.82950523087,16628.98843703296,16983.538897191855,16646.85892393613,16793.53988043735,16575.519940218674,16294.024030519942,17274.75635176591,17054.591953118856,16838.430543538114,16575.091048533,16666.302013686778,16395.52839612995,15939.473570361048,15418.942027845513,15417.083497207583,14794.332769605919,14783.610477464013,14789.186069377804,14158.286399748293,14367.299614567766,14580.458782348778,14147.850035396837,14086.661488240385,13981.154133564069,14199.317037677969,14918.282466766303,15975.21454416739,16342.059899315662,16527.484071422954,16481.163769369938,16263.429756941714,16272.579446236137,16590.960040903014,16802.832533627,16487.1682529694,16005.95178164084,17819.305828679306,18429.046841815467,20376.929914260996,20153.334382128527,20264.131400928185,20255.26763942421,21505.05801148431,19763.90073153465,19682.697239046644,19341.728348934164,19322.571186973964,19182.752497443562,19704.999606701804,20099.294029733348,19539.44741603084,19920.732124596874,19894.712695665854,19790.634979941795,19294.836191300245,19992.5
Nevada,7068.327004149508,7303.179918272038,7130.653708524636,7289.830771840142,7296.367250437829,7349.855899244252,7413.4714867231505,7743.333498209242,8084.243079156214,8571.440892380997,8855.731679840961,9396.326078793329,9039.305459049243,9018.407140152412,8806.293806503527,8314.216650100188,7579.0009024786605,7546.318509490226,7354.090800870924,7207.986694750793,7104.59985721273,7198.872449945567,7166.1900569571335,6909.426130070526,7123.472788375066,7241.497655448794,7311.557658446538,7564.9152514160405,8177.595041100644,8140.861872643222,8252.16613496158,7980.303863145107,8218.194858869378,8021.732248623404,8346.6228538521,8534.15534545053,7850.494921979774,8004.8847051955645,8066.84315725533,8634.043785992648,7575.226316246194,8024.9544563828285,7463.185549297109,7137.374313280005,7513.728179580631,7808.053842634228,7726.946270175606,7901.68199381518,8602.189960713778,9242.488674050584,9348.545340875027,9632.099623704264,9649.223356368628,9457.54802622237,9578.334785661318,9804.257581136304,10123.992653949923,9814.660709045298,10048.132676985217,9801.679814928764,10334.448852179676,8524.856974487622,10172.50989649895,10447.134060680644,10654.183924993295,10508.079818873164,10648.107761789812,11133.648439595463,11453.567638566763,11087.52483709629,11191.187863870877,11089.918477146148,10856.53857228507,11036.613954497405,11036.061576024362,11036.245702182041,10998.131587542008,11356.717279626386,10998.960155251572,11586.50672441268,11357.729973493635,11670.1
New Hampshire,7926.964022941418,7596.142869725522,7664.999711183941,7986.571437935273,8306.704365014339,8448.939989758295,8597.958527242934,9108.937953707496,8736.494381401066,9135.0418906186,9152.204715280624,9285.910313396149,9184.372165096273,8918.810854158131,8693.433162638265,8542.153654240064,8038.573768947153,8272.995344121262,8512.144403932814,8539.687140516182,8597.547441622286,9433.284508398197,9290.535026628433,9362.166696026217,9421.46579680459,9813.127621876281,9649.926630479313,9589.805358459647,9260.217462105695,9012.743918476035,8954.986388775093,9299.681681687833,9918.15999795166,9978.692355591971,10055.873680868495,9780.240772224499,9160.426427693568,9056.113451454323,9117.776294551413,9237.813295780417,9436.881507578863,10053.20162433429,10521.736460467022,10619.574838181074,10797.163826300697,10621.938580499795,10372.101294551416,10456.168303973782,10364.187896353953,10453.7017902499,10078.277847193773,10212.394530929947,10291.734055714871,10254.119721425646,10562.433936911102,10394.299918066366,10609.503240475215,10758.31623514953,11038.06,10760.782748873413,10923.264340434249,9862.355124948792,11076.907591151168,11623.034838181075,11216.471159360917,11100.442242933223,11286.15017206063,11713.78198893896,11248.124752150758,11149.155888979925,10560.892365833673,10777.945573535437,10394.299918066366,10656.67531544449,10604.467441622286,10404.063201556739,9901.511030315445,10032.441800491602,10068.103478082752,9844.061814829987,9871.912865628841,10034.6
New Jersey,65290.2596651844,62893.60711483128,62575.29741041067,63736.57902171069,65462.5859534397,66036.64104106723,65601.43484174732,69256.50834423228,65107.50599006016,68024.43026419042,69553.96327491499,74126.09801203244,75180.91051530212,76676.41731624378,74576.67088673815,67443.2406487052,62047.89115877583,59741.79223123201,59131.51569448077,60998.01794402301,65780.3468480251,62660.3629348679,61646.71116923881,58887.29531781323,57806.13994245356,55893.53766675385,54143.38310227569,54873.30018310228,54311.86772168454,53045.7634318598,52071.07716453046,49842.36042375098,53099.54679571017,52676.41441276484,51962.4128171593,52643.485822652365,53111.07180224954,54773.96560292964,54396.38443630656,55464.368375621234,52375.11781323567,52721.965629087106,53215.89448077425,52939.84313366465,59813.68631964425,57864.86259482082,56920.360868427924,55024.77169761967,53024.35984828669,53512.80060162176,54510.53688202982,58476.236751242475,60747.211849332976,62728.41535443369,65023.538085273336,66195.79589327754,63198.74538320691,63683.89327753073,64461.00800418519,63354.607376405955,65136.044101490974,58166.70800418519,62939.15833115354,64961.522573894836,62771.222521579904,61594.02542505885,62538.52715145174,65202.998901386345,62660.9117447031,62224.607925712786,64538.39019094951,64849.01655767721,60939.29529165576,63412.781218938006,65698.57418257912,67754.41582526811,68055.16361496206,69562.1954224431,69570.42756997123,68272.49230970441,69133.57494114569,71335.4
New Mexico,6995.300188456593,6440.480659421949,6187.826676294979,6329.235014178276,6500.930341511528,6310.756221709495,6092.532455043416,6022.097595857478,5589.668992725928,5551.592736495411,5452.693907744333,4683.462380893672,3579.6652729098046,3426.863060746429,3684.77894217729,4300.25531465206,5168.302805713582,5801.926512496258,6191.306986984166,6347.589509836731,5988.330295718336,5801.470757525054,5340.080997587051,4994.701593955299,4827.646680874298,4556.141014847562,4356.64463427092,4247.18057664195,4288.861440371982,4183.706338834388,3939.3802419994013,3923.4288180072913,3575.8535040597426,3519.091294009899,3619.647413565352,3834.5565986226816,3758.8598411328535,3865.672233474823,4216.313535410465,3945.8436761364637,4682.385141870828,4394.223703260123,4248.050654314247,4262.179058421544,4285.878316924107,4548.517477147437,4435.863134720045,4151.762058580059,4187.683836764887,4160.628564383465,4101.546147207496,4123.049495394262,4159.054138119309,4191.247011994294,4293.709015974779,4526.931264420452,4669.66543494725,5004.272448350564,5174.061891258784,5112.369241065925,4783.148422776829,4335.472744245029,4633.370766331437,4850.185835813798,4872.020642161438,4938.519435686985,4771.837413036968,4915.897416207267,4921.407908131813,4777.0164468006415,4678.739102101203,4591.689902601405,4368.328534441764,4384.901442485513,4532.40032407489,4550.21620022192,4435.6559733694985,4569.606502633109,4721.41434031386,4879.851341212111,4553.0335945893585,4704.8
New York,88720.22566406471,89195.59911645234,89489.6790026394,91443.80642818367,95689.58478500966,95378.79581438012,94757.21787312107,96615.26806312126,95569.27937702401,95467.35396192508,95403.02398682166,96446.50631025252,91559.09911083657,94528.30341625953,92306.8306396361,88568.17299563842,85193.77339248611,89482.15991464032,90847.2921135883,92267.56429119635,92224.120671646,90479.69225585445,90109.58603545422,88692.65567473466,84913.89622807511,84970.70711517944,81570.40843114132,82452.64808970255,83233.79778738698,80695.68786057919,78695.61045281819,76352.1613597649,80100.00900020592,79577.0146571573,80590.42062859176,81060.78135564666,80374.03798506205,82661.51164523314,82575.45986035455,83126.02419273321,84059.2265588439,82926.35063364595,88951.6464835926,82051.63006308381,83417.5977162539,81894.5646693248,80866.95597611427,81027.36318676177,82823.58976432489,83395.04045225661,83292.27958293556,84670.7790494375,81689.0429306827,81284.68308717546,80801.79054678872,84380.0409801389,83483.59859980158,85227.191561371,86456.98017633516,86681.71736208608,83857.88209131241,75840.02792160388,83482.76314557946,86311.61114168586,89121.24369068345,91217.39833398852,93940.97909810749,95916.82833342695,93528.26471237904,92590.04962093559,91437.95824862883,91843.98900058032,89243.22000711331,89376.89268265289,90996.83841934819,92011.9152992269,90561.56676962244,92401.23696673593,91754.5953988132,89895.70975459089,86929.0118118343,89261.6
North Carolina,96319.76494369296,97659.14765623299,102152.70428783027,107424.50573743712,115062.21596854647,120633.51363567056,122767.84169879544,127904.92551896143,125531.2231555904,125831.83274194604,126997.52991570282,130020.3263118343,122893.65237752946,126046.71292774839,122630.8973316779,116167.79122503214,114148.14015225774,117202.11087586313,119712.7576063517,123841.12925896882,122892.53900869112,118973.48069768456,118334.40698446929,119804.05385109673,117104.13441808797,120885.1349931386,116006.3527434708,113651.57765035178,112099.54148968613,109296.07875471041,107925.52171469649,107343.22981223724,115912.82976104903,118060.51825023416,119291.90418545384,117010.61143566623,112684.06012982204,112854.40556209022,113006.93709294475,113578.09530702041,117084.0937789976,117560.61564181316,117389.15684070664,114530.02566381318,116865.87348668018,112778.69648108215,111882.43456620706,110537.48500947528,110585.35986952449,110983.94591365529,110655.50210634082,113121.61408329521,112342.25589644734,113108.25365723496,111802.27200984559,110944.97800431288,105139.87288113443,105323.57873946287,106536.03740443052,106762.05127861642,106468.1219052909,97407.52629876496,106498.18286392646,106164.17221242024,104261.424867673,102673.76090418002,101318.79102790303,104690.07187043935,101836.5075377377,102161.61123853711,101952.29789692654,102280.74170424101,98162.39037116905,98617.7582260559,100881.23707442985,100590.64780761942,99131.02126053716,102048.04761702499,102112.62300964953,102261.81443398898,98907.23412402796,102227.3
North Dakota,3436.026667356441,3701.0618092774616,3811.5363400586307,3974.9613181583027,4032.0610436282113,4111.321686497672,4001.412966373513,4003.016096568374,4021.452093809278,4050.072682876358,4245.088755992412,4514.697534057596,4735.7880482841865,4788.97425004311,4665.674677703052,4211.140116571823,3801.1631446801175,3726.9004959475774,3665.227134333506,3750.2401855492326,3617.2275302638386,3805.6896299361956,3799.2299582686665,3808.282928780824,3625.714690118986,3886.0347432315916,4010.1358806690814,4340.993662355579,4362.258712881531,4619.231052940162,4581.3688898085875,4578.115478530782,4687.505538886015,4627.859665459562,4737.249725814796,4678.499719261942,4693.305098120365,4836.832401448525,4986.913678220383,4990.96865459562,5013.365326435593,4947.731290222452,4840.981679599931,4642.853647870323,4521.628714605967,4223.682252802208,4272.672025521642,4383.193707190895,4533.5107384031735,4856.682925331954,4813.681315399207,4656.480254526643,4628.614079668908,4378.101411277807,4302.094179686153,4442.509524400759,4746.962808760131,4969.232095188826,5069.852090360407,5121.718067252975,5304.286305914813,4929.248142093465,5632.833694085187,5823.983394378341,6036.162390757027,5893.153747197793,5976.988026211417,6404.929486463184,6153.662403862735,6308.0344114502495,6675.717036730471,6762.00316192447,6675.669885842386,6762.663274357647,6992.618155544059,7100.9237454733575,6751.0641558889465,6856.6821451974465,6758.419694430075,6695.756164166236,6688.117720296603,6835.7
Ohio,130871.98822147104,128699.53179143433,129364.69753835487,131945.03862452204,130992.4710737434,131397.8456704516,131431.7314726532,132795.9487686959,131799.45517802626,131838.36109907256,132188.5143884892,131614.96581048414,126688.97419413866,127080.54346402397,122969.06613022834,112129.37451484594,99585.35255169359,99860.20405844,100703.58402434678,105239.26140051814,106590.92839944911,108496.06350100643,110642.16430710853,112415.52128899291,115886.93347009139,116175.59030366069,118656.7840426454,120378.68480637178,116978.80931881,116150.48970943727,113134.65331349378,110618.3187425963,116070.16780792233,116007.4163223638,118591.52249766451,121111.62215769554,124279.3171486907,129319.51646875271,130787.90123082256,130026.09819614189,126308.7001916539,124274.29702984601,122423.12820586906,123087.0389230784,121478.09083335742,124344.57869367156,124870.43614265214,123004.20696214114,123905.31829476179,125919.64098119095,125367.42790827579,126819.49728410043,126752.98070940838,126111.66052700009,125619.68888022113,128759.77321757053,125637.25929617752,126852.12805659088,127593.85061589282,125388.7634133657,120850.57597777201,104771.13531825141,122775.79155470805,126335.0558155885,125937.21139714734,128385.77436364161,129073.53064536322,133289.17544518603,130545.68049656662,125863.16464418828,124970.8385195458,124330.77336684869,120779.03928423527,123210.03183477315,125413.86400758912,126179.43213140331,124640.76570550789,128912.88684233336,129443.76441015863,129344.61706297613,126673.91383760462,130313.5
Oklahoma,20312.001928819307,20185.433576341253,20266.361254136064,21108.8120409975,23390.84577515939,23501.144072310548,23453.179104009185,23239.132791721593,22563.819845945534,22119.034567203795,22711.51814040657,23826.545178848446,25855.230908634403,28029.501938683094,27273.895213371714,26352.84104233359,22964.654845362675,21947.459438301994,21041.40752607179,20813.204152655602,19600.345482832523,19600.55678225235,20477.871973385703,20496.677621750554,19352.068664532504,21334.90242021539,22203.765634555544,23265.967818039975,23084.25031698634,23261.530530223547,22361.395001748584,22073.605191940384,22157.06846277316,21515.352124750043,21549.160031922813,22126.64134631767,21457.878682556337,22789.698925743596,23474.52034541199,23419.793795676072,23255.614146468317,22430.48991203293,21756.44476277585,21289.47304495198,20546.12168599073,19817.561286417564,19602.24717761099,19486.666394964086,20607.187218321542,20961.536345376127,21209.601864256314,21741.653803387766,21972.60406926174,22458.170136030632,22681.091023951074,23451.277409230715,23426.76667653046,23518.47062473659,24005.09318860463,23730.19264340606,21773.982614621724,19803.826824128624,21076.483229763537,21968.800679704804,21716.509172428014,22505.50120607251,21706.15550085636,21767.85493144666,22263.985969207042,21008.656115998172,20785.946527497556,20488.85954321685,21667.487707027503,21568.810877966982,22041.065081286597,22707.292152009974,21989.930621687785,22858.371237188283,23516.357630538292,23405.636734547475,22824.774629435346,23563.9
Oregon,22911.417717506894,22394.55848604673,22793.23677820337,23576.732635067474,25262.2700440847,24877.452479377243,25631.767857400966,25810.863046283775,25148.83093259274,25965.51958413777,27008.356946695712,28715.41495885772,28340.810561744394,29127.22446649253,29646.272233865726,28225.91242631041,27159.730680680164,26585.604759495764,27308.551122766086,27547.101537286166,29298.295023694234,28305.06447516493,28498.74990346793,29126.85971050703,32271.785817528576,31439.77741459235,31483.18337686741,32085.030752950166,32031.411623080978,31026.144127030017,30016.499559153,29520.066662881098,30871.85234516153,31302.993920028086,31838.45570674899,31975.239201313256,30311.222395440796,31222.382847231544,32096.702944486322,32416.229187788438,33466.72642604198,33121.667263754534,33280.70087343458,32905.002208364735,33057.1054543202,34692.671293323285,33848.99069885091,34310.40702051436,35370.38791439103,35975.88285032883,36525.934876469924,38029.82380470581,37453.874103593895,37384.93522233349,37331.3160924643,36912.94097709042,36165.19120680577,36045.55124356023,36684.60373016447,37593.57564604219,37142.00773598737,34852.43441497435,36781.26406632321,35797.15241743153,38672.523851165104,37829.572768663726,36822.84624867075,38205.27143373357,38831.19270485965,38315.062985370496,37831.03179260575,36760.10821916394,35046.48459926285,34850.975391032334,35749.004627344904,35687.72562178012,34546.76889912141,35891.62421767724,36312.91738093518,36862.23989510526,34573.76084204875,35329.9
Pennsylvania,105556.51216228382,103032.05391855801,101842.94335470577,104235.04099706921,105328.08338251329,105402.80307683077,104721.78643433728,107379.67270362999,104277.73796525062,106558.8234903424,108119.39767737291,109982.05291428686,106983.65832374743,108396.92797055205,105751.85079171378,99820.17448711152,94771.25799965991,95424.52161283548,95772.50190351396,98936.34724575636,97340.5480599762,96198.40416112352,97447.29048042973,96394.81021475799,95056.26026227082,95181.14889420144,94560.97543136646,95229.18298340552,95913.40189851262,95726.60266271894,94148.94968841587,93806.30651876007,98747.41316155363,100042.19872165484,101405.29943084634,103455.82132775852,102990.42437458114,106870.5113580667,108036.13858941915,108576.25523691399,107858.94617146632,105665.38943114641,103858.24025286829,102533.56681504007,103714.13798525602,103772.84631650547,103133.45921798887,103909.47661468598,106790.45454272654,106982.59089954289,107067.9848359057,106128.6515359147,105307.80232262712,104334.31144809099,103983.1288847989,105410.2750462625,105121.00308683344,107385.00982465268,109644.74686565374,109958.5695817871,107924.05904794295,96500.48521100698,105938.65002750744,109628.7355025857,105698.47958148702,105730.50230762307,105805.22200194052,106815.00529943084,103373.62966400928,100619.6752163084,101425.58049073251,104211.55766456945,98996.12300121033,102163.17061606635,106107.303051824,106835.28635931702,103145.20088423874,106099.83108239225,105499.93867944345,105510.61292148882,103528.4061736669,106713.6
Rhode Island,5523.068858827102,5347.534447736814,5433.735380652727,5631.309485168626,6158.472101521354,6373.554896499732,6246.351183682871,6031.156512088119,5959.107971143476,5332.878610991864,5220.498549844513,5411.192242453432,5395.026071387438,5673.263216308752,5631.421361785,5306.196037986744,4770.810490330551,4829.32196069398,4954.455956107929,5047.03385615714,5062.696582449453,5075.114886866932,5315.4258588375715,5100.846508632875,5114.047949364968,5082.330928623032,4882.3514768550995,5009.275498131026,4926.654616939072,4969.5592993183745,4901.706131487744,4973.586857507827,5386.131880385731,5388.257536096831,5461.257028280649,5407.724067345849,5092.176070863916,5121.767435894751,5156.001680505094,5359.337430764237,5401.6827300616715,5756.499418890762,5764.610473577852,5823.625388714963,5867.425084025255,5681.598024228591,5630.19071900489,5561.7222297842045,5535.543101552766,5584.545059524433,5580.853131184102,5674.437920780676,5836.826829447056,5908.260049001643,5852.1539258902485,5722.209235972232,5567.651690452008,5439.944532861466,5508.748651931272,5549.08017213398,5696.589490822662,5345.408792025714,5854.2795816013495,5887.842566513449,5752.024354235816,5747.9408577381755,5633.435140879726,5787.824871475389,5559.48469745673,5376.846121226716,5310.503287717131,5358.666171065995,5220.274796611767,5335.507711476646,5388.201597788643,5401.962421602604,5218.037264284293,5415.499492183818,5446.657129843886,5332.710796067304,5213.84189117028,5342.5
South Carolina,36210.17285360438,35523.991529723266,35399.67739238128,36836.241749231296,36783.49002647762,36678.804437137005,36390.10121028357,37117.99319866758,36969.961232490605,38221.69009566109,39189.62286897848,39588.7366783396,37396.0642953536,37802.53881021524,37268.069805261366,35059.0402989409,31969.997557225834,32626.73605910489,33326.00308165357,35654.43958831568,35072.9438537752,35868.71790399727,36521.36712504271,36744.64185855825,38077.33848223437,38211.05796549368,37935.031509224464,38654.744935941235,39145.4586359754,38664.55920994192,37856.517317219,37641.421145370696,38884.562518790575,38130.090204988046,38618.35033652204,38536.155791766316,38152.17232148958,39832.8667441066,39960.86123419885,40385.32858472839,41493.523690638875,41722.93234540486,42601.71879654937,42223.4603194397,43485.41238469423,43116.55925350188,42324.87448411343,41996.505233173906,40915.2993807653,41035.115309190296,40640.49970874615,40979.910017936454,41807.17153057738,41964.199914588324,42643.42946105228,44112.708064571234,44237.84005807995,44855.73039203963,45291.64772890332,45150.158612060135,41851.74469166382,37274.20372651179,42399.29939528528,42104.05331909806,42329.78162111377,43099.79320208405,42755.06682781005,44052.18670823369,44386.68988042364,45370.16192090878,44980.04452938162,44857.77503245645,43702.55319695934,44386.68988042364,46150.80563204647,46466.08918431842,46686.09249316707,46736.39064742057,46735.57279125385,46912.63865134951,46250.17515630339,47877.3
South Dakota,4355.741783209613,4277.884333347004,4224.835507320674,4224.610485789279,4647.369687897305,4519.9512457449855,4481.191286962227,4711.557079727679,4830.143426772752,4988.277307960464,5137.297817126687,5264.09745006767,4932.1906912603035,5070.916465365214,5123.6840144773,5028.949949760078,4262.470358446459,4304.099341754501,4341.790448263135,4372.055844235738,4543.578506541443,4533.790069925768,4763.199521182792,4721.570537874749,4978.095083664848,5262.5222993479065,5366.651013000861,5746.26233646393,5160.250013328959,5238.219973957265,5178.87054505188,5235.125927900587,5331.660164868966,5357.031342533733,5246.5457706188745,5207.617045687569,5301.451024279211,5362.2068377558135,5460.428736209654,5445.971102817537,5530.072900176352,5411.2615315998855,5376.608215765082,5337.510724685231,5774.896326333921,5489.175236845343,5565.963834433826,5545.711896608293,5337.510724685231,5498.738651929623,5717.572091211089,5948.331671656482,5665.535862076036,5640.783493622606,5563.20732067424,5297.063104417012,5194.340775335274,4939.503891030637,4903.612956773161,4977.813806750605,5137.410327892383,4957.786890456465,5510.102239265061,5723.535161793054,5864.173618914819,5903.158599228971,5802.34895316409,5976.965661526474,5781.5344615100685,5645.902733461839,5764.432825124061,5539.973847557724,5545.261853545503,5387.296738506337,5270.735585243817,5306.457753352745,5286.824624738547,5432.469810933848,5446.983699708813,5391.51589221999,5352.137124225896,5486.7
Tennessee,54709.17908870661,54397.96355994044,55248.3550366327,56857.95382235324,57296.69503488134,57648.21660877433,57202.20709302664,57485.67091859073,54683.40965001897,54959.60517236347,55385.79204296681,57105.076131819376,56246.09484223123,56619.421325783,56742.98248051607,51979.60085233077,47629.19099798593,49242.093557897184,48707.54289383811,50987.147085437406,50269.56733121223,49389.44188680346,49558.59512536851,50370.66282144838,50934.28669838582,51443.06792375726,52810.830438716825,53155.74446422837,54567.77755334364,57300.65956391021,54281.67070842697,55499.4418751277,58591.113762806846,57672.66453778569,58739.78360138941,58745.73039493271,57627.73320879185,58042.026492308585,58571.95187250065,58773.48209813479,59219.49161388248,60371.18729676873,60149.17367115211,59736.86265214979,60494.08769666364,60674.47376747715,62121.52686301409,62848.35718497329,64223.38800315245,66229.43969175984,66183.84760792785,67665.25995504831,65852.80943401733,65014.97229924982,64330.43028693189,64057.53853877813,64052.25250007297,64313.25066114013,65364.51160862838,66049.71437578446,67397.6542455997,57609.23207332379,68862.54772176653,71024.53755217606,70059.17473364662,69406.34895355965,68778.63185732215,70315.54761084678,70206.52306255291,68076.24946437433,68271.17214162702,67926.25811611548,64452.009177150525,64958.14738316938,66047.73211127003,66314.01631104235,65470.893137569685,67348.75838757699,67352.06216176771,66903.40962666745,66707.8261945766,67910.4
Texas,190877.5686128364,187644.6631554198,189324.57405691827,191987.50974418357,210249.61808821978,211638.77517984348,218376.8793451942,225525.73095624096,233496.07745867982,233694.5284717689,236627.44983963217,239126.54806260302,222793.56817138643,223391.22878057338,215356.27032038456,206691.34527213385,193171.29311295922,202516.95128750394,208818.92473804255,218826.85547952412,226397.99238586513,227824.07059620306,233152.24954065334,235012.1508958837,241180.28529108324,247207.65792118464,241863.32598729688,238095.0643085237,230431.624605397,228818.63323156818,225645.72459206227,237762.7742400954,249524.45812050387,258120.15607116534,260483.10766887738,250569.7872941011,236105.9390377934,230807.75850229847,222269.74979962799,217513.84819524857,235097.53098291042,224245.02965084038,228585.56866968446,234109.89105730422,219246.83320489872,226038.0114784012,228507.11129241672,222140.52588412812,227171.02830894475,225652.64730182118,229600.89943432636,240605.70038109273,254912.63388286481,258833.1951763343,259774.68370354772,259403.16494648554,245340.83385619533,239668.82699371857,239209.6205797101,234769.85605432146,224461.94122328665,205862.9276709829,223645.06147173388,237469.71286030108,244004.7508727234,253267.33653016103,264971.3311625785,283775.7184377302,274963.1089146225,271499.4464652419,274937.7256455065,274118.5383240341,282063.50155735685,282448.86573393684,291120.71349194646,298922.60739025153,302042.4419216057,317985.44249640306,326742.6703414394,329839.42917359713,318211.58434852783,328794.1
Utah,13070.36902076718,13418.712734041388,13696.532873462536,14191.907552830395,14857.179932844265,14875.772511405525,15408.118640096354,15881.481416110075,16184.519075878683,16724.98610095259,16994.04422059199,17046.83004708201,16128.313924595788,16574.749517865617,17196.639214569877,17758.477019599253,18475.03927150626,20012.025765903865,20923.703238804337,21809.949483557793,21532.55675973576,21233.793255958244,21599.66100879594,21932.61776050221,21365.650968283513,21541.105071717946,21499.004635205663,20750.813628964563,19595.08184897259,18927.24497536407,18079.679842330013,18249.577542976018,19144.158391912115,19546.783886273224,19675.222273805615,19277.512058834265,18662.888427314865,19046.493927515603,19003.111244205993,19298.45542319063,19816.48312931129,19957.743984816963,19867.55929340487,19583.32791999708,19618.803414723166,19003.324952005547,19414.926173947955,19501.264124968064,20362.50655717362,20822.192034015843,21617.398756158982,22681.022474542868,22468.38321398591,22949.22576298405,23560.430069710575,24052.812839884667,24357.773869849265,24445.60777546626,24748.004311836197,25001.889177707213,23821.581000766455,22628.66406365196,24134.66292711413,25713.53615022446,26935.944763677504,27601.217143691374,27779.87686411913,28644.96603671667,27031.258442278915,26516.22264535202,26102.911761013176,26185.830387240414,25975.755620278112,26470.0617606482,27742.90541479616,27891.432335486697,27442.218540822658,28266.27581590569,28518.45101938027,28745.836118106497,28410.528580605132,29276.9
Vermont,3492.9588827981097,3461.9397722985423,3473.290030848443,3728.171732617235,3942.310812490291,4036.6991189329547,3963.828240751015,3875.1335493464126,3517.5449477351917,3475.027692580839,3503.717596928472,3627.7200958742987,3852.7288044563793,4096.592991411261,4052.89264741783,3702.4025788410754,3430.255174326994,3207.4647573181833,3292.0925808384563,3489.890246121752,3713.23523602388,3884.043687165717,4090.6405756896515,4103.173923078631,4078.3660289842214,4180.333498302226,4217.378967575845,4377.946305954416,4559.106784438181,4568.497552098361,4282.744625934885,4091.8236645287298,3793.759220133603,3602.394600412792,3393.579420315587,3351.764624159436,3241.6264475465505,3347.80867085377,3518.6171219956063,3532.666301959653,3547.34399786946,3553.2224705386275,3592.153487649526,3488.115612863135,3393.209705053375,3345.4424931756143,3305.2914156994166,3368.5496970638496,3594.1869215916918,3710.4254000310707,3708.391966088906,3775.606200759006,3819.4914023835418,3949.9269468918537,3858.3115049157773,3915.136740717726,3922.9747042766157,3765.180230364633,3995.8825539847758,3890.809476464192,3857.5351028651326,3535.1064226902513,3799.3419205930004,3753.0905412903085,3721.997487738299,3409.181404380923,3394.6146230497798,3489.964189174194,3621.7676801526895,3727.173501409264,3696.3022770145813,3646.0210013537817,3486.0821789209704,3380.602414611954,3333.537661732396,3347.623813222664,3231.089562573515,3359.639559244546,3346.958325750683,3332.0957722097696,3251.534816573826,3331.8
Virginia,49874.6384933934,50676.50781552169,50594.33024654482,51741.24327443932,51604.45079937225,51205.3026071989,50840.352533792335,50376.381041867055,50598.41360400951,50095.139796486605,50893.43618083329,50421.29797397864,47266.39391282337,48211.18074621576,48484.76569634992,48193.826476990835,46960.65252265479,50023.17062117147,52185.30839872424,55321.83735128842,54310.18553941174,54736.896394471725,54820.60522249785,53884.495523717924,54019.24632005265,54177.47642180935,53294.96078975345,54319.37309370728,54772.11535260467,53552.21231002886,52429.28900723941,50141.077567964356,54950.251822001715,54099.89262998026,53760.463540727986,52983.60478307092,50077.27510757859,50966.42619551461,50577.99681668606,51123.12503822204,50824.52952361666,52328.22590998835,51884.67120538652,51742.2641138055,49069.706653166606,50024.19146053764,51291.56353364045,50437.63140383739,50280.42214144686,51081.78104389207,50780.12301118817,52025.547037918295,53248.51259859262,53780.369908368346,53461.8680261226,54097.34053156483,51915.29638637169,52466.039224421605,53413.37815622944,52252.17337720852,51810.14993165594,48183.10766364603,52571.18567913734,54169.820126563056,53102.0221495469,53003.000731028194,52007.171929327196,53956.975118716146,51822.40000405001,51952.55702323698,51844.34805042271,51835.67091581026,49813.898551106155,50958.25948058522,52348.13227762871,51985.734302637575,50248.265701412434,50552.47583253176,50261.02619348959,49843.502892725155,49155.45715992507,50411.6
Washington,53029.225799007734,55808.40536517827,56219.94203299873,58218.621022268366,59471.156397830855,58260.446890504216,57188.65901696089,61014.979070035755,62308.593423329876,66727.19764624437,68461.47739702319,68085.04458290066,64172.83212184147,63141.37633552555,63337.808538133155,61882.865835929384,59134.30878043153,63729.926052844115,65084.038536979344,68040.23115264796,65971.34445598246,69249.44687896619,70633.43498326988,67554.75232491057,67981.97369331948,68331.51844929041,67931.18513903311,72202.65193261798,71989.78813891773,72522.32106842044,72934.60462674512,72566.38760816891,75270.8781239183,74645.73077189339,75432.95336333217,73133.27750086536,77044.74307142032,75137.18472366447,75362.7456559363,77507.06829352716,80998.03451021115,80934.54881735318,81805.42314526364,76742.99930771893,73394.68917733933,71472.19301949925,68937.99353871004,70897.83422176071,71665.63766009,74541.912991808,75449.38495442482,77099.26607822777,76838.60129225798,75980.42410291912,76139.51178031613,79417.61420329988,83712.2346025153,80054.71180339217,78632.63228337372,75302.9944155994,65131.09263874467,59953.647663551405,59707.173797161646,60011.90512287989,56342.4320756894,59362.857274720205,58736.21614168686,57744.34555209415,55943.592546440515,57480.69320410753,57765.258486212064,59220.948078920046,57715.96371293412,59508.50092304142,61869.42180685358,63099.55046728972,60867.84164070613,62908.34649821161,62911.33406022845,61501.95167878158,60822.28131994923,64733.0
West Virginia,8905.58629878135,8854.27409813868,8918.414348942018,9086.682979325398,9101.457354338028,9196.827272084234,8754.126837574018,8725.90512722055,8283.735508579051,8308.860793031668,8286.035710676824,8506.766642751763,8003.464729896324,8475.094629251631,8643.274790323558,8741.475726036257,8531.449580647117,8882.053461934885,9041.032814615712,9109.508061680242,8722.631762696792,8270.907458418384,8185.976919423617,8197.12405266668,8256.044614094299,8450.057814110465,8512.074801438937,8489.338188395546,8463.859026697117,8363.800235443907,8190.311915684809,8355.661058790243,8724.931964794567,8829.502690931873,9058.992084840647,8760.31968937572,8492.78849154221,8620.27276934581,8377.68991734201,8162.974898445869,8088.572207513995,8050.353464966351,7971.969655019098,7900.663389988076,8107.593109476365,8127.675643176169,8368.223701016552,8318.680886602939,8930.80005254542,8786.948952123037,8761.027443867342,8908.948132616559,9374.296710858715,9227.260715224025,8931.153929791233,8955.129113194964,8351.503001151958,8341.682907580687,8356.280343970413,8468.194022958307,8311.33793375235,7867.310459570341,8764.212339079646,8997.859790626704,8813.401276247449,8720.154621976111,8710.069120470484,8607.444719185141,8472.352080596593,8276.657963662821,8294.528764576302,8161.47092015117,7975.773835411573,7962.680377316546,8328.412510862756,8437.583641195612,8380.697873931409,8765.804786685798,8720.243091287564,8860.466949940383,8518.798469109355,8755.1
Wisconsin,69237.44889649392,69203.94420310098,70210.54173068864,71264.4828467663,73857.45477021931,74510.06792848163,74086.16072077105,76417.65036317921,74337.44592121804,74817.43707221678,75744.64304372118,74724.9349839363,71759.76961866183,71702.95731247381,69670.09645900266,65205.960245844384,60327.385542673546,60976.356886436646,61489.85273082832,64444.82101550495,65549.01917167201,66991.17771336778,69484.36391954184,70346.7455929599,68865.25545467244,70699.27323648553,72055.48495599943,72770.0089607487,74275.5350747311,75472.96368207851,73670.26550495879,74293.01578432742,76778.18999860316,74623.69254085765,75768.67901941611,76792.02889370023,74327.97720352004,77382.00284257578,76972.66289286212,76309.12429110211,76202.05494482469,75663.79476183825,75215.85157843273,74696.52883084229,75677.63365693532,74344.00118731665,74594.5580248638,72490.3176072077,73637.48917446569,72343.91666433858,72134.8765120827,73228.87758765189,72951.37132281045,73646.9578921637,74157.54028495599,75193.2723285375,74592.37293616426,76130.67538063973,76313.49446850119,76248.67017041486,74388.4313242073,68446.4467872608,75186.7170624389,75749.7415840201,75542.15815756391,75341.12999720631,75451.84115798296,77473.77656795642,75604.79736695069,74527.54863807795,74751.15604833078,74258.0543651348,71080.20703310518,72306.04179354658,73120.35151557479,73146.57257996926,71228.06470177398,72303.12834194719,72010.32645620896,71732.09182846766,70896.6595823439,73000.9
Wyoming,,,,,,,,,,,,,,,,,,,,,,,,,,,,,,,,,,,,,,,,,,,,,,,,,,,,,,,,,,,,,,,,,,,,,,,,,,,,,,,,,,
