Geography,2006 Q1,2006 Q2,2006 Q3,2006 Q4,2007 Q1,2007 Q2,2007 Q3,2007 Q4,2008 Q1,2008 Q2,2008 Q3,2008 Q4,2009 Q1,2009 Q2,2009 Q3,2009 Q4,2010 Q1,2010 Q2,2010 Q3,2010 Q4,2011 Q1,2011 Q2,2011 Q3,2011 Q4,2012 Q1,2012 Q2,2012 Q3,2012 Q4,2013 Q1,2013 Q2,2013 Q3,2013 Q4,2014 Q1,2014 Q2,2014 Q3,2014 Q4,2015 Q1,2015 Q2,2015 Q3,2015 Q4,2016 Q1,2016 Q2,2016 Q3,2016 Q4,2017 Q1,2017 Q2,2017 Q3,2017 Q4,2018 Q1,2018 Q2,2018 Q3,2018 Q4,2019 Q1,2019 Q2,2019 Q3,2019 Q4
United States,3.5238149498632554,1.6813102369203181,-2.842169100009964,0.8838043548971791,-1.9206956330315499,-5.213654201607979,-2.6812249042752447,-3.1956445639958,-3.4265727725874204,-1.4764507545556733,-3.259589703334248,-6.480468192415665,-5.904226988815167,-5.676455676455678,-5.17336922102597,0.06715848384634222,0.6226329655853464,2.680324988112698,3.869432733647788,1.4144659907871517,1.8972517975310261,-0.10469622992901742,-1.1563655360874407,0.13335739782619357,0.8561850082306178,-0.8233314186091,2.3377547390354194,0.5557502628548463,3.116011982364817,4.5146015810758655,2.01221631822018,2.83808006373232,0.13704976257577406,2.2886142897420667,3.155455598718744,1.77399051031278,2.7902538697303276,3.2230470197983125,3.128775294472954,4.215904549865842,4.23726429689917,2.8434098819542926,2.952400999386825,3.801594040152282,2.4773316062176183,3.232160444086302,4.387828576000307,4.007141789141322,5.394919330770166,4.162185602775365,3.023954900407903,1.630402611350221,2.217076989705838,2.2339902913429883,3.512977351628362,6.074171458050782
Alabama,4.60628521159714,2.4219883889695293,-1.3271191168134688,0.09071693594475812,-2.0210062983109056,-4.522185811708431,-1.6002844950213373,-1.4320284955543525,-2.9100504944437846,-2.0240436347445376,-2.5279623400331652,-5.883056099601842,-5.559108436001144,-5.6124670996572785,-6.573180586585545,-1.2876752479116829,-0.4311933000726913,1.7954942122896125,3.4526971334371206,-1.1124637509031476,1.821254975696609,-2.004256828662649,-2.3498977022347973,-0.22019156666300096,-0.37129077568339924,-0.44645550527904415,0.851170989675141,-0.2497667840269502,0.43281507261235974,2.3584429226511574,0.74410707151418,0.8235790997948557,-1.685514587505396,-0.2881360949664951,1.527784662667913,0.8956444550831318,0.8567063733762055,2.4354521073934468,2.4285686385563388,3.9362995620841916,5.619301250383626,5.428461018259111,2.3195065447646614,4.128662868664595,1.3300838918310975,-0.047650028864934454,3.2377988558224553,2.530050052975772,7.09594464589655,8.024606470658343,8.048663820723634,6.5467600263687675,5.846685381127179,3.8156666383773206,4.461280164384929,6.52826434119546
Alaska,-0.28146974915795936,-1.4447147674647876,-6.45037610457899,-1.0949599497707299,-1.5500612369871554,-4.334772538815653,-1.4042038291145404,-2.362288033703,-2.5823193251176026,-1.3988104133664028,-2.2763487366264332,0.3654776329658879,-0.5447199082156842,2.329059181343271,2.6504218191393303,2.386093716260005,3.0504870146154466,2.4182399873607676,2.187339674020289,-1.126417608543521,-0.05159155066678171,-1.7874875868917546,-2.8009230204783204,-1.5348368205704976,-2.6821975710237007,-3.1747278313879894,-0.32183725365541715,-0.45098714982031546,1.477137395794755,2.0561069824500837,0.6915932554709511,-0.0563814949998343,-1.2436020079093333,0.7321604196262621,2.2426317768848727,1.9220110847189111,2.730232279454327,3.369888952444852,3.466333681805839,3.503524887844487,3.1145501205381545,2.088441539855935,-1.6512456847757861,-1.1745942396097355,-0.16686149553150395,0.006541811521045546,3.3075225448042262,2.5888093565474897,3.254988243515049,2.591322387418136,1.3139842174565666,1.799842687271582,2.2323633237612728,2.5786999927129415,4.366161340749622,6.1576220343605
Arizona,9.845537425236632,7.934806120625627,2.628979833713457,8.403142578215801,0.10396567370639231,-1.8393949427530962,-0.9868593725394267,-3.9093256027377357,-4.938521524067715,-6.203009187341877,-9.970487921254009,-12.949524702102009,-12.501157343110568,-10.412900905675377,-9.070566296986955,-4.532078296266689,0.28781850503681733,0.4014197583030575,2.372420343666383,2.866594348437808,3.6264455136321545,3.0543748158747457,2.4734833308731807,12.610674908118966,4.7488621669229,0.6503517208286207,2.9765824347682996,-8.715485749253634,-2.3017778512203764,0.9372717682382297,-0.9122246090822783,0.16149673959413893,4.283198519535564,5.04582546126946,6.205380550961961,5.020636224432875,0.1860438491041163,0.8715284753513385,1.431745248086913,2.7441968251516013,3.001647477835239,3.709218512898341,1.4948424658816275,2.715072458320029,1.92398369097919,2.9583634351766204,5.233743117743074,5.540052152431492,5.781825438580577,3.2250901533050373,3.086603684293573,1.9661898569570715,1.4260478836523336,1.7407091905659091,2.4594484306457542,4.608988420139786
Arkansas,2.2000817800117716,1.403611232783386,-1.1408576302729703,0.28262953038512934,-3.068065381800438,-6.61758353571326,-4.264101734466769,-4.028553874959778,0.9211625776444337,2.6859780228816823,2.2049937526884045,-1.175669633784516,-4.150789058915075,-3.5627052134219515,-5.030312139886771,0.5182252840471089,2.3187802466566243,5.064513115417741,6.601951991558952,2.1123374829938952,1.3782510959893437,-2.8503398672146587,-3.0505186475572064,-0.4848533418817157,0.5066821848536955,-0.10576522154763457,2.7544665645737547,1.6217032413931816,3.4430435346850117,4.907001130035521,1.9275097369048533,1.2966686808451708,0.4699774179228192,1.279028016342053,2.470074472647885,2.7214942303931258,-1.6184959993852512,3.2089301969050976,4.069557276307519,3.8317641346876754,8.562446301648036,5.371632285496776,2.515539305301654,5.613928925074292,1.6241883554868106,0.23700440528636305,3.1715885583850505,0.6771362346016603,3.229203539823023,2.3591663810000965,-0.07432438271872278,-0.8208948788921475,0.09344272132637109,0.6603522451117393,3.258867180405285,5.516479885931895
California,4.920831073692461,2.4270369309054325,-1.6124266599130304,0.7597528867168022,-3.401233731019521,-7.43243243243245,-5.431378437513398,-6.185047606848556,-7.758635813406801,-4.5471613440914265,-7.498979267794776,-11.03020152555023,-9.059786794982738,-9.291525944120355,-7.453653751839147,-0.6639793746930848,1.4158736798076046,4.055426274592751,4.297781687528496,3.088727534888524,3.041738843520577,-0.4005123304938153,-0.8607198748043956,-2.2079245509221384,0.6094022054556084,0.14084507042253255,3.253415881671626,2.780842630051892,3.8948509592910394,6.607350333272175,2.8788976800055512,4.833707731149237,0.11774954766941349,1.986596686456162,3.7594202618856882,0.7642055959571284,4.388900575624864,4.188265731774766,2.073859144974855,3.9115502234768034,1.9922690799838736,-0.8556236335663582,1.2727885640357532,0.39662416690816343,1.5743576387329699,3.266906239790902,5.627226600453407,5.584017317579139,7.19893899204247,6.0010896692326705,4.590711262147494,4.408812499466082,2.6096567196186,3.246424870466313,3.286618187148317,5.601282911423488
Colorado,1.8093471666763359,0.5867125203129229,-3.1704723528094925,2.1250301713733943,0.008539628621045967,-2.5764335697177563,0.8313344700363157,-0.017962486764470147,-0.6622390891840704,-0.3711845124467225,-3.1765897279119675,-6.292727668144899,-6.366640560829785,-5.781085187299813,-4.622731802618712,0.5226937902363088,0.02652086988451901,2.9076754003060814,4.490906457553116,0.22585826139329102,1.31141522710123,-1.33141705092122,-3.2018850925220046,-1.2018628874755766,0.5656882876353936,-0.14970665587698187,3.4673567286154166,1.596634396066691,2.492243018716853,3.3177323932247202,0.9529552486679432,3.8565156655358233,1.708007812499983,4.395658270171698,4.153814517787356,3.3021088533410397,5.223285869283432,5.023011176857321,5.433178207117001,4.614869515075976,5.768827163310184,4.451877157523854,4.454986445998014,5.664805661249581,4.2429105089249335,3.0994212130552192,4.96756018439474,3.4436629198357886,3.280669375729359,3.489569492426269,2.689514390975855,1.9748025604112136,2.874359940060739,2.8912356160426214,3.6898294077582423,6.5450600987422
Connecticut,-2.5185590016851114,-0.651239877858743,-8.208616384052512,-6.020263587029167,-2.7714445897962916,-7.77090737651412,-1.6713436385255762,-1.4289100649504536,-2.5928844638360964,-1.0390759400343905,-3.8387121739803334,-7.1500028857808005,-5.218240656695213,-4.777089045178216,-4.273641851106642,1.3758093758093826,0.3924344467923518,0.2607997162498961,0.7356650411972425,-1.1077841251673493,2.3588818381651464,0.13838454255066904,0.44547844593748737,1.3899079250586472,2.8748265278213956,2.1383595519627474,3.989447335348309,1.946715045763095,2.085528323995384,2.122075279755841,-1.048741510187775,-0.8757898104454961,-2.394984326018806,1.837905684059537,3.40870091854245,1.4382539234276024,0.6374021661791607,0.48224119885358335,0.2723359395589792,1.6624574939845336,1.8519791431405044,-0.6074529808029376,-0.360181453575528,0.059660035600414746,-2.328316766773039,1.5582761998041215,3.0149673687912775,3.2568641441934485,5.812966399494612,3.354196603369626,2.920088769181164,2.0456460208824403,2.26312303515956,2.3364965615056623,3.0390431345085283,5.156771799628941
Delaware,2.45387085654154,1.5548542656549051,-4.034984310802132,0.9106329791982883,-1.862952567315093,-4.443881915469347,-0.9466087380657683,-3.6087764310360213,-3.3644606848017395,-4.2065935270528305,-5.9090121554216,-8.4863837872071,-7.030418463951592,-6.091583544714201,-4.2177490478082715,1.4402487337646135,-2.2927211376235057,1.9984158898434101,2.7754449514828257,1.356522083032601,3.1184155077960316,0.15928956852436668,-2.2328548644338118,-1.2076517124657327,0.8711513351340969,-1.7752420332783305,0.9969186151894168,-1.5719575413478049,1.3231094554401763,3.8686500708358773,1.384900693945934,2.383555872114576,-1.6442363955529673,-0.5368120573249102,0.17406697152972064,-1.3746950293457532,-0.2171455767743373,-0.4260862751244063,-0.3524376116706848,1.5796375774916513,3.3040194763253123,2.4985982273724545,4.539767297518293,2.046045811083056,1.4774913428241727,1.0451356564968184,0.717173525836147,2.645249094289732,3.0664669750511813,3.128621089223655,1.9836814132794438,1.6386860632318063,1.4209379109913418,1.4689629766070904,3.139679976512029,5.268573213416251
District of Columbia,6.03582596361524,-0.3055116801064146,-1.327506257950668,3.348807081938901,-1.1279109831978715,-1.7813587942212765,-1.4784471106859975,-0.9244557723645155,-5.533746732947251,-0.024408621549619407,-1.2178134233853877,-3.6237308507385646,-4.2173903608706205,-4.417977623505949,-5.26889301967823,-0.5097910513072761,9.482436366519796,9.450935098396352,13.34100187202563,9.665288529204776,-1.1060527677185685,-1.073523144671967,-3.1371885696091746,6.2496239998395735,-1.0347244745294586,-0.20205957167472074,3.683577980708972,1.1371464701274876,10.551632273342335,3.536521444208049,-0.8401280006340606,-2.0817004441458526,2.8535090319681107,6.7788366090927274,10.146969197414315,1.8295994892368086,4.980614929758163,5.725627271797627,2.0644927207583037,7.789558398293121,7.04164231184795,9.479635621834554,8.990321806596116,6.651907800494831,4.049973110495203,1.312354930165689,7.11286153444719,0.7342466645502166,6.097328244274803,1.8748563138660301,-0.8442448233861234,3.5458872394928536,-2.5879125820667417,1.6216889220904458,2.6233963654789587,5.746973941952756
Florida,5.655860531413311,3.5214067953872443,-2.3487836808734754,2.839550823460924,-3.0830032689347453,-6.609475032010236,-3.126423889804066,-6.037810296615254,-4.434767866225268,-3.0857257762300376,-6.012337638843648,-9.603534685009544,-8.335278574029635,-9.261442408352284,-8.628703962120708,-0.1827858174363492,-1.1143706963288909,3.161800625708083,5.559124948653415,2.1529309402885377,0.9013370691608918,-0.7002307235045733,-2.3977010806118533,-1.5658116272160079,2.1775749594192937,-0.0071024168509845175,2.9677564456439556,1.2617090422481512,4.490138480906423,5.331249809743173,3.4471460767863644,4.240732092644293,2.1600688468158444,4.382255190019743,4.824700315760159,2.743277635328988,3.5118262057862655,2.9985049006035784,2.7751327595678497,4.8112516119455675,3.4623070593448064,4.381602645090191,5.377234946682008,5.267537065722502,3.7589582240866894,3.7427141544985534,2.9056447454073484,4.50280006054185,6.123600710910452,3.8857123943965,4.184877263316994,1.100731407053364,0.6405219420434786,0.9677496435654553,2.1621536374962815,4.950298052511365
Georgia,7.682693582290208,4.797158313473537,0.5368152505137646,4.049241671035272,-1.216059369724247,-6.3285228835029566,-4.146474703508549,-5.234628815650031,-3.8461880813565337,-0.948011667835899,-2.3109166452182253,-6.433102335643317,-7.907502036584462,-8.078840687759195,-8.845060880365832,-2.607911907047814,-0.8825717215174603,0.39640699136218127,2.1770547308875394,0.11668611435237528,1.3711411301772845,0.27871186646066964,-0.7890243779234806,0.250180853629141,0.24210652687181083,-0.5025024420208981,2.6862996680312006,0.3818515289094625,3.1916804726641255,3.917857576616333,2.1866322887742884,2.582918987998966,0.3868621610120491,2.545897248599965,2.654180212528508,2.3699450094895207,4.7853481829742845,4.064052275166438,4.446965399886543,5.267161057235208,4.783795960023155,3.533878504672889,3.273777198508395,5.3224349710982555,2.5103978379516865,2.9954160789844813,4.818537961981053,3.100854964712349,3.861264947315249,4.350468169602369,2.483298355337424,1.073784195160896,2.1806853582554515,1.7995259225235982,3.3564767600290386,6.184167215273205
Hawaii,3.36137894327417,0.46910337063115237,-2.8929345636618296,1.189082862060492,-1.600285199342453,-3.6881217316085317,-1.960726209526067,-2.932428754714052,-1.1110440190809634,-0.9593794651969886,-4.474423946883232,-9.475602551393349,-7.820927723840351,-7.14138499587798,-7.053959414420096,1.0552630414583373,-0.19210174768428542,0.9144379092220566,6.70645908038673,5.3744609120164535,6.250898753359959,7.010579101326227,4.297381798073037,3.114222794698147,4.890998813167585,1.6637721074104144,2.7448381340810566,0.28912215662964924,2.56669842782277,3.0062267507682474,-0.818720414421402,2.2390083674022994,-4.11174979194489,-0.01962670016289637,2.5694903043765613,0.09628421528363337,4.537335122970267,2.525470642507978,1.3588918154326386,2.62171181782491,1.0291065308683724,0.6634435881480171,2.5398689162006756,1.8479019808514585,3.7056502087892165,2.9672461673070343,5.9995119295676815,5.043997633425029,6.39552561988039,6.50330660952451,3.2718224803867852,3.831780714145236,1.855893305620513,1.2566235072717598,1.665109020912456,3.189254348200439
Idaho,5.909926125923426,12.399801983968304,-0.9230852037246428,9.324085280700126,1.7181248450943447,-6.299812818145616,1.9819819819819886,0.3474558228656489,3.319902883050657,8.100046100028006,3.8487490455812665,-8.266784347339021,-9.098948857893664,-13.210970816957943,-14.98003744581899,-6.019871960922191,-7.772990502663878,-0.6368567602200492,3.6632578157209568,2.0416400059064164,-0.9433772705352922,-4.353728304082235,-5.28179260840044,-4.241792801396915,1.7120196354858666,-0.8769261962692473,3.114342772287383,2.006810259716721,6.35089993518473,9.657888008182045,6.771547186301973,5.3746024848401,1.1485738931498153,1.6750918689026055,2.9598898645631637,5.48661618055035,6.425717702240472,5.324086814537594,5.245469165025399,4.16970235450911,3.567602407434808,9.73976205821387,4.349654911925264,3.9115341640865444,4.432876113265,1.4015761779668277,5.510904169991553,4.739429856602287,4.5877691700623275,0.20506077469143127,2.4934117170078745,1.9740915182245187,1.7231953801732558,3.6265221160830863,3.0466467867575604,6.056623783833606
Illinois,3.7498359856792094,2.3709826030633647,-2.9729197615936855,1.1766882516188666,-2.484213949538835,-5.205140086975102,-2.466334624608014,5.285630691584697,-0.6178843713234996,2.2326674500587465,0.6004955270175725,-10.134343004524414,-5.093119069368568,-7.755402298850572,-7.570900818755219,-3.447909318438782,-2.8069692981594634,0.22429123968260467,0.8207308267312081,-0.04103487964770845,0.3647938561034681,-1.0065545399389257,-0.9825085238162511,-0.7799827783006519,0.9756244902890797,-0.9555004069165827,3.4983700081499447,0.4460366315152155,3.108983946554992,3.912637708210769,-0.13977203378150377,1.427609833529231,-2.4243772241993082,-1.1509737882559696,1.0881993455032941,-0.4556350165415265,1.1873024053280135,1.8793948012957222,2.1919731658801114,5.930466277935863,2.218435048335452,2.5106873854923006,2.0056486393648965,2.722200304345381,3.78099727875511,4.4321932122289605,2.6527977849699838,1.0314934708657997,2.6017911550180033,1.512188054619865,1.016930619088392,1.1241446725317714,2.4377294651212895,1.184593152908853,4.197261361381236,5.132198413977048
Indiana,1.4890590195234117,1.0245145093406416,-4.837183311852774,-0.3985290823564665,-3.2313693665446257,-6.852193615582813,-4.221203568654914,-3.7988324259490036,-2.753185365900152,-0.08239009749493756,-0.2620415508904481,-4.2995042030721935,-3.103563168829134,-3.240404437027572,-3.717877538071061,1.7811886126067464,-0.07989724607340368,4.3644553561464265,3.761558580637159,0.08500085000852874,1.6903176177655683,-2.731576440396211,-0.29970129109726923,1.7655169657487575,-0.10849225624081235,-1.7109563166468447,0.018912058925995564,-1.024044928375764,2.991261371675702,3.8099014733245906,1.0608654114087739,0.5495595587651707,-0.57565232534516,2.126430026641578,2.6824224519940936,1.3831613425149565,1.8089640542591912,1.3676426865643223,2.233538561865838,3.5576661087540247,4.8659498207885195,4.60768452026151,5.085222742324344,6.494080060139081,1.553100732801065,2.234020422745382,1.5023566378633133,0.9211954363766288,4.3430263866451275,2.5673918236267474,2.1722497295680987,1.3980327868852542,1.4725741663011027,1.65178763962564,3.4266679291081767,5.363271078000236
Iowa,1.0871568085498546,-0.1724794929905029,-5.269945656454272,-0.9690041587282102,-3.1767732004698996,-5.228528377699645,-1.782318156781646,-0.25548200248243036,2.136783424501364,3.154380200328579,3.54784780124435,0.3214667178248108,0.9830626497634641,1.1857666896147634,-1.4653437017810877,1.827522404721773,-0.5628004137343584,0.5503935008885467,2.8311572484884624,0.20505324278507292,1.2166144871964795,-0.9240837431955949,-1.112377340984474,1.0647027240586346,0.9037601257405252,0.816497115247403,2.7750015297693027,0.410969888937919,0.7199273083106286,0.42364741211083834,-1.573803026544293,-1.4035578094116339,-3.0732626152473457,-0.9645395783411324,-0.10283398360705112,-0.18528268265025163,1.616037639357668,3.420967020454624,2.7299242080192254,4.391134553938232,5.379969803724207,5.036911795063348,5.710664885256207,5.58233087820899,3.6315010267921166,1.7481961199030542,2.402304725616835,1.2819922877994516,2.6977704452657694,2.159656368134938,1.2333242580996524,0.6142550794169849,0.176802125215385,-0.054020473759542914,1.4522765780060691,4.235604363846557
Kansas,2.4632338046428903,-0.32116211275260276,-2.242360754239646,3.6569465427678347,-0.24514649480054732,-2.8333498562506327,-0.5549995450823135,-2.2840713971968136,-2.6418011019065286,-0.5336081296167808,-1.752566839483596,-3.150668137795777,-1.7770992366412148,-1.1950066161310329,-1.097820913436669,3.627637130801714,-0.2507668075934712,1.340268261284812,3.277710937908675,0.5252496462708124,3.1216887245226563,2.6901603237207463,1.2996616625134154,3.80335172902639,3.9287980899996944,-2.2406001536297513,-0.4629953700462997,-3.1313712674737326,-0.14151812110460987,4.38797897851933,2.9938315015371,2.9838571615592855,-2.6227662321274336,0.18964758785863237,0.22142453032638038,-0.1183212078541731,2.4182856687167895,3.6277063880026073,4.597790646746805,4.991041970570681,6.533651272568004,2.71356878548495,1.0477440005955303,2.182933766003651,0.35356026969248733,0.9634335267533911,3.057230995902205,1.8287674983117812,3.641494833629207,2.2435082622117215,0.712147612026966,0.4884125248687107,-1.307918661337789,-0.08436120805247839,1.8826744268578381,4.200444123391384
Kentucky,1.0465127251795427,1.2642808364555762,-4.845193725332193,0.0981650683379939,-1.4204333208815876,-6.918674588998637,-1.4666538350495641,-2.956208509354252,-3.206737464356421,-0.1713334638731118,-1.0352977946203588,-2.696452343241378,-3.535145927535382,-3.537488353846907,-4.252610386277944,-0.5662186183067491,1.3250542805543604,3.0775330933935225,4.564148551284827,0.897851784154036,1.0313613970441016,-1.3818612220742874,-2.448617477450842,0.3434031752351641,-0.09316339273325491,-0.7291166586653927,1.6632814947302414,-1.4641404622557286,0.16765207729852036,-0.03526270716838653,-1.2742652101742304,-0.19630740733284255,-2.948312915333797,0.04031445273130582,0.9796123835892349,0.2955446393447552,2.0715131229846038,4.256498085835174,4.5394723723304455,5.7707780191487625,7.721992282006676,5.883944533024112,3.6499413453376692,5.538651706760491,3.3930394431554634,2.0406300764779934,4.677119564217228,2.730753637551234,2.829291061522726,2.4219658348984874,1.6358857604978791,0.7059793380457094,2.0059707746294255,2.0573185001484346,3.226894535642017,5.603887451994673
Louisiana,13.134002893506377,11.216779572694115,12.677811769310802,11.832099766805243,3.2275701021183703,-2.5310638757985613,-0.2943569397847995,-0.969174977334549,-5.244306399633736,-3.2540768405872114,-5.365410886686414,-5.874705898508665,-5.028658045568679,-4.195810877957432,-4.322931300076543,-3.4781255471044727,-1.705786706834115,0.46678169976363454,3.2899600020252295,0.21060480864185474,2.5980088697646564,-0.886537144218653,-3.0047841261127237,-0.9391937413898883,-0.8744077470152477,-1.1689170239192348,1.3483055215840123,2.3682153624394795,2.9696745931166615,3.4793096109213844,1.4380740578221505,-0.4016024433294362,-3.0768783494364627,-0.26933850463264486,1.0912844713169176,1.891657789149834,1.2068310436538807,2.3166743594528105,2.9516168247021506,2.4369509776140608,4.900168937275857,4.489086825485184,1.7107500472322057,5.865407545190057,3.474256222864735,1.397168918732722,2.8902861494738623,-0.4252865277877843,2.177118412669522,1.7430062327873594,1.1915185542908129,0.43524685102070054,0.7420142167429741,0.8708195320012844,3.3228370337992734,5.917490292180601
Maine,2.1417031680619347,-0.08297225039178667,-3.9851098481071388,-1.0442510960813023,-4.701086037148562,-8.117901659145442,-4.988230407089466,-5.925487064561279,-2.7425224105795674,-0.39072484937009105,-1.663205450504596,-3.709315273543737,-4.724402263186704,-4.068296795952792,-3.7457623978807244,1.063527270659156,-0.12643314847275047,0.9735079724475345,1.7042283338786137,-1.93209529169012,-0.33566379913878713,-3.518714756083715,-5.160423506703628,-1.2911247130833836,-3.2389988548993847,-2.3986741588459606,0.6215393824512508,-4.01995930626878,1.389289443588079,2.0095049584534674,0.5532530885006574,2.761934565570703,0.16968769617072896,1.0627714795079244,2.4256527569614286,2.3586156762969592,1.8310893512852182,4.73656511315128,5.219685009049247,4.1363557841801075,4.681955863262654,2.5468520276180264,-0.7776903511500719,2.2938400855236467,2.1568195179306078,3.027140821937696,5.92726467984657,3.154139301062192,4.068805524583682,2.0961960207505967,1.6461227758626547,1.543258397526593,2.802042562015622,2.2921177718924293,3.879520755007853,6.222852965208796
Maryland,2.335857393734539,0.8319022030173646,-6.690924506305851,-0.7791777188328765,-3.2540502638668536,-6.376880602891769,-3.6591829780789706,-4.643089204492711,-4.900773404793024,-3.4290856097727858,-4.4121981411982,-7.096409936920792,-6.873107238121967,-7.413634199945306,-5.832776607225446,-1.98139106016472,2.85135891803422,7.123401555509371,6.956996289019854,4.8467615209466866,3.4036182419699132,0.5309969467675423,-1.3664101883788826,-0.07646740959002592,2.1576032480484253,-0.4662312466353039,4.084630903729767,2.553925269881435,0.4975321611924992,2.1522604347382464,-0.5089311451944801,-0.18306818294878496,-0.36094674556212797,2.5115136015344808,2.474747979338798,0.3717916770495647,2.2061880159154437,2.2404568621909453,2.4705561188674934,4.381417704423131,4.036295672215603,2.4210767119109384,3.400506174953858,3.6095518980116044,1.1374742858206635,1.7216989911774554,2.2452059332327208,2.3268199515169425,4.281520068474876,3.0438601306471997,2.132906152129312,1.2625854735368518,1.2885574334760062,1.693169609958353,2.7351391361048876,5.154858434135328
Massachusetts,-0.7568196217637725,-3.2366166115211787,-7.149893970512127,-5.828845002992227,-4.515203722004055,-7.6506948402086765,-5.189994065495352,-4.960418331033488,-3.935558323563904,-1.3443591033808244,-2.9020693841163747,-4.0424881552804495,-4.294145127613528,-3.5221772059318894,-1.4445898693129644,2.8509994425420024,2.7514619009194834,3.8203345535794435,3.3329038779818285,1.459543166860247,-0.7067720199718726,-1.6669388853126779,-2.996182840043754,-2.2522608463387557,-1.416770817059848,-3.852542306640092,-0.594214075260525,-2.3207471673807194,1.461892735106235,3.775214674051106,0.9379258213067266,2.2819690475476797,-0.1688776954539724,1.2916177046611779,1.8899530960545592,2.055229406191078,1.7591035318965742,3.5634528562727827,4.633372662037475,4.978129157613648,6.449691064410417,4.111085180863475,3.947575166600441,3.5421871295975365,2.474295669756923,3.916470155744254,5.321702944942369,4.45479601630813,5.936398872445392,4.040656790080833,3.2570979915406837,2.1977373505757916,4.800472313922437,4.339028031182639,4.895876769113767,7.658233590972454
Michigan,-1.7118465058968575,-3.999896218908918,-8.12137818358195,-1.9812126387702826,-4.1441683456458485,-5.690837184580587,-2.5154436757337506,-4.132390568685173,-3.3807579848104083,-1.153926981640355,-1.8716094891551116,-2.036638446453342,-0.6545616274123074,-0.3411353137864887,-1.6914035648242267,1.8016522469386655,-0.20729725258149367,-0.40145454545454995,1.107937758518808,-0.7501127087510093,0.24966353937079083,0.05744272765332377,-0.9769639117518094,-0.3498632440634412,-1.251045780882158,-4.012844215237907,-0.5105152367649706,-4.271290988972617,-0.20885053394805192,1.1820043387466213,-1.5354498086867048,1.3049248756370204,-0.5123598167746054,3.06876928625817,3.6851089466813858,3.3403006270564415,4.542703196165792,3.391494532199269,3.64032539221384,3.8884749010461546,4.8626073750652425,4.451694182242129,4.506676384567213,5.137448881684973,2.5118123065225726,2.5553785362604393,3.603297508985883,3.76204990076551,5.729649545707403,5.7206550931208175,5.082332228666121,3.202971565195116,2.31247181440095,1.4054924619778124,2.2790548697858983,4.924665524859139
Minnesota,1.7400987062498097,-0.5872012222621009,-7.351367737793787,-3.2059357516025133,-5.304456708250218,-6.681603140362733,-3.6540885950476985,-1.840279439207617,-0.7904325340855833,1.2252470336124341,-0.3396128413608509,-5.365986819014926,-4.065594487061768,-6.125589281688896,-5.0393890191833615,1.3454485515308707,2.340204381965797,6.405236946784851,7.3385683828341035,3.8394291174497392,0.672733671878938,-0.46705129714666394,-1.3156471548392774,-0.8996485594854712,-0.7071937990690567,-3.688880126182983,0.6536403583065128,0.6391259680733452,7.922057018691028,10.270425187823705,7.306690953007915,6.161230479294079,0.6627455001351447,-0.0863253258084748,-0.4926290152954879,-0.5177706276119688,0.5759685902659523,2.661674671819694,3.204961803752875,4.020595561173268,4.148636455705532,4.728335625859684,5.916224252387233,6.035453262093244,4.750707213578499,3.52979806271549,3.144003324654192,2.592751754762922,4.635677755835724,4.003705743903061,2.738171592086437,2.5888266504591213,0.34197133570455723,-0.40847116225694463,1.5743052887693698,3.698781483675731
Mississippi,9.555616675179756,8.242203514258177,3.967343378120816,1.7848041441558316,-4.75827565183087,-9.045907761688317,-5.682885676501429,-5.743966058796214,-2.336549776417973,-0.9858418392051358,-1.6767555650105403,-4.7330190866239175,-5.711228709406899,-3.5816282618051,-5.127852084972467,0.23928296224196038,1.307530311394632,2.73376478464629,4.741566976965989,0.2589415763068524,2.1685822981523146,-1.470225223890913,-1.9081551860649417,0.8060936238902313,-0.8780593801236658,-1.1283921914458586,1.5467350068609265,0.41733804381548434,1.6580806520721225,2.361598183697881,0.7710268766456463,0.25015946420029495,1.6810264553376184,2.515050697084909,2.3427100896263977,1.8451688587988355,-1.7920490475823352,0.39408105706448776,1.1406880738364353,2.2080571634958046,6.089696398598325,6.266115066384453,3.6892390051533157,6.354997373573366,1.5599411552446543,0.516056603261117,2.7008653793153976,0.7767670327499449,3.338890559093383,2.4319285193158207,1.2603538651448296,0.24950099800400413,1.1830876648564674,1.3260290354633397,3.9354080722242513,6.5295456161558505
Missouri,0.1809543252723606,-0.5764813755662603,-4.7284476585994515,-2.2803175472214647,-1.700677121446497,-5.199240293655726,-2.358025271266872,-2.4119673922178433,-0.8537424260985143,0.908285334514845,-0.21840573435318494,-2.9270486469935233,-2.2487287934229854,-2.8339617238581627,-2.5832144096887624,2.1537915602913906,-0.7622825695923282,1.2495579394082268,1.9350879450454888,-0.557732018449559,-1.623475236368987,-3.5103038770520367,-3.9200264118698036,-3.0701754385964968,-0.23802884232330784,-0.960281548516838,2.1051674128573876,0.4144476034116955,2.632550988828864,4.098685212447318,0.18014451153123978,0.6559926624528862,-1.2674357527770699,-0.4700971404049515,1.6203612219894954,0.5675290202448393,2.5033742845039244,3.4257716805487752,3.806440322016086,5.275909274451691,4.002152935296588,3.0280635931252595,2.1289349705433387,3.6915074746945606,1.4860269111341162,1.4787294697541007,2.9943140132061727,1.0826416456152972,3.455780578422097,2.4259175351155267,0.78268999599305,0.5649767940021404,0.3679221202172106,0.925442593362649,2.841391009329948,5.256805090838092
Montana,3.401508558166504,3.7916295089024894,1.6051884880421472,5.711565920990014,1.7044258960510612,-1.3836217113059899,0.6712279581903754,0.8750464929624476,0.5251231527093531,1.3860097140854057,-1.5395741898411852,-5.58121482631477,-3.622357472582385,-2.3459338792362545,-1.3946047110672894,1.0821309655937885,8.469853666473446,7.6165237093380975,7.445125871200157,6.413110887445202,-3.087206795042467,-2.828167001898611,-3.5301492027010415,-1.1779992165779596,-3.685681947897427,-5.524979445760984,-0.5847838071985435,-1.598089639970624,-2.316121450739717,0.08395360027845362,-3.496662771583079,-3.264788815421051,0.7094605015577212,1.068999028182714,2.4648284779017158,0.7515742433475682,3.80614005533605,3.476720647773288,3.635343955614781,2.137096774193534,4.741578559134478,4.168826722746602,2.568537827469248,6.369917094354537,2.812312199519245,4.070537198230929,6.106970916045625,4.939039100339601,4.2935035756363575,3.512523458928823,2.709038118323972,2.158324270316629,2.570232590724389,2.366528655480516,3.6040942649169123,5.729716630026487
Nebraska,-0.536091300921364,-3.5639153570102815,-4.708608571071438,0.8866518050778238,-4.045779125501333,-2.4341371447748936,0.16649176622538503,0.8758598624219965,2.765714518726938,2.957214977287221,0.686014767953747,-3.006184831304747,-1.6695269177735823,-4.0917398738282005,-3.1465732866433274,-0.8083058277726262,-1.8643315443283048,0.7090018647158784,2.620732400185935,2.6455680553838605,0.5540935071343339,-0.6531426129773876,-2.963499828873982,-1.3007346742141348,3.0210090476920817,1.1704829394175218,4.654660885080611,1.230425055928399,5.721941053885081,6.456804494154569,4.5665857164097545,6.5143144148669085,-3.383832695051441,-0.5105824633464531,-0.13271148523109086,-0.8600933653982117,2.204389348204143,3.6755640930072575,1.726592755714167,2.7253788419280207,3.4781368821292715,2.907367974705696,3.890044881544452,4.483831536837421,4.310162687513205,2.682802296729589,6.349021016705588,3.7560932376141154,4.626115137691433,2.4888338334845423,-1.541267977940874,-0.7704923634127151,-1.2945692064240149,-0.6860450270247341,1.9205036711727173,4.174198991098948
Nevada,7.402869071271658,1.5588451513733912,-4.712337609941108,-0.2784746613146009,-5.246473421290677,-5.9891420580735435,-3.526124142603085,-4.92003991714677,-5.217892373981918,-5.221849871816186,-7.266997875814113,-11.048685835244298,-12.474819882765019,-12.138920430941361,-11.72110897611861,-4.5888570493689045,-2.5544796699081367,0.6073214811078849,5.196002744896225,2.9212782540919897,4.642849543587901,4.962924281984329,2.1812251554377835,0.8623126943737593,3.468960328595534,-2.22184633141629,-0.2753117206982545,0.09710681749925029,1.277390193573722,5.70067874914775,4.134074859463439,6.360826907497969,4.478509750654926,4.695246989053738,4.674997838762056,1.96714528853659,1.753245547239185,3.8906462647588906,3.197092884541265,5.138372725679871,8.691842955445617,7.447401729524952,7.665973074392222,5.196866968976683,2.555878352281317,0.5148567050818421,2.9666581322938024,4.821738260405546,5.980743724517372,7.482502581586316,7.375412084606694,6.298172909424986,5.68031704095113,4.424009515966702,4.630003137465803,6.909763014733956
New Hampshire,5.833252450742517,3.37341951433059,-1.8610034043775143,0.3043176694988633,-6.320449543120132,-10.34717551420339,-7.346738512920297,-7.783665107916767,0.4307467760739814,2.6832024303497315,1.3210825072696801,0.19683932287271835,-4.240254503885801,-1.8490957470797786,-0.9315887439139588,3.179726088908858,2.8039458829190655,3.5224923034508016,3.8335878569114663,2.017317194795746,-5.090375544593662,-6.270861444499681,-7.537415208535746,-4.645396373977946,-6.034883390081283,-7.183853614183955,-2.2172735247900883,-5.402961982608376,-2.8665441992853977,-1.1469504790865193,-4.821011327897779,-4.028730196263878,-7.416297774175442,-6.512516129032272,-4.251043598056785,-3.8190273799624315,-4.641009237123578,-2.4402093500872315,-2.650453822603506,-3.3323726877795217,6.814811327416951,3.4315722757933953,0.6512051740807013,1.7236239165240614,1.7784732016925338,2.813279642841511,4.788402724873859,4.329939430779554,5.058138275988993,3.359976159814388,3.3305236539879974,0.474431670394847,2.3753581071332994,2.471271469170892,3.530095543024949,6.363193919499644
New Jersey,4.021559624702829,0.9126443849093124,-5.412585513249263,1.3832637547510884,-2.4075786388457616,-4.92757912328957,-1.3397223643003902,-0.8586705532191488,-1.1146069826060585,-0.249947355410488,-2.5075490231745725,-8.20676768302942,-8.03572235630157,-6.738871041762276,-6.168428319541761,-1.2522672017905998,0.49439262440903226,1.1003070624360316,2.5035047077421657,0.2764913926177689,0.5173897734830357,0.1372583377139122,-2.2512779227329642,-0.4696162202714434,-1.4595273077559314,-4.718714456531237,-0.3492895133761823,-1.8256570897165991,2.3816811983450825,5.796169895830147,2.7115032263203935,3.013261541529555,0.10994840140811106,2.176596524389042,2.8396366350936,0.8672758246863792,3.428742088074062,2.5483478211626283,2.0315622761039265,4.10525103638876,2.1758974645578295,1.563722377152524,2.5602646191941334,3.392142764965066,3.119587215344488,3.5342093339374867,5.269274427487784,3.898685876290501,4.925916758018328,3.2822757111597336,1.8964322085390743,1.7582096980409874,3.919520086276626,4.6999999999999975,5.727867503170493,7.776503524808599
New Mexico,4.171787518776454,4.843310297298851,0.9008587187578923,5.712808334610063,1.4962686916544214,-3.052020377234484,-0.188400820425249,-2.205655899563396,-1.976991983172971,-0.30887740015630577,-2.8815576590482297,-3.925418893509809,-2.0686280045927803,-1.791938637673241,-1.9071873773301296,-0.07423475536273742,-1.2964173137541273,-0.8945232095107819,-0.5182763164315887,-3.319890398271079,-3.031925769421747,-4.133506735509919,-3.794984498253617,-0.5668266687955891,0.41167551936379326,-0.05466859694058681,2.783103532675221,0.8530796174188864,0.1389958301251106,1.072698358032062,-0.8850523391377675,-0.417956194210313,1.396017654929997,2.836182878675526,3.820087493618157,2.0995513095963894,1.4368721686034975,0.6149378240361721,0.5486505510611587,1.2283449153371695,2.3233235274128905,2.669430373003487,0.6137440303803243,2.3011844331641367,-0.8226430848641058,0.11792564080793079,1.5869536209229933,0.5084825858891282,5.008371203061458,1.6009573706230493,1.7817100288038552,2.0255211908635364,-2.1027696793003,-0.6946569841314054,0.6222230416105728,3.248937758647702
New York,1.311664408082357,-0.20493832049581084,-5.172995211438587,0.9641512851995611,-0.42224418291259075,-3.7887280627783912,-1.18573460678723,-2.1680622009569257,-2.561249448654726,0.22788203753349034,-0.7968905843521613,-3.6446074685414396,-4.4053044721762,-4.1779405561671155,-3.051472874644987,2.1645799847728497,3.7505784608099417,4.716555722568181,5.47180704342805,2.46649071055221,3.6046222148458664,3.4070519721530177,0.299030937031174,2.775813652801059,0.1882277555842563,-2.5898310462441563,1.7979322263434,-0.7695634226407106,4.098254169706309,5.716379626236715,2.7986815717888183,2.8901676851916287,0.2620766454189201,1.8303485461197861,3.153218407455692,1.327480482475138,0.4567171896094446,2.278722780609113,0.30053365789719566,3.118943568307059,3.61615738004918,0.8995017148773694,2.9487263257133995,2.445113917986413,2.099124291706532,2.0816535952503017,3.6512829812312657,2.248262093401804,2.0676793340180546,0.7368780067494837,-2.3889710191834777,-3.6051962672717996,0.5119649745341517,1.617113786006415,4.1869051673148965,7.7729520611690095
North Carolina,3.6770917374590764,1.9188525649308585,-2.41528933059667,1.9185360094450954,0.5877559988647436,-2.3645007923930366,-0.3016577337847431,-1.6670286707210988,-0.4532588217090798,-0.1586064889531966,-1.7284453244998856,-4.88155061019384,-9.69526299909483,-7.60476761145638,-6.892265973673792,-1.5026608611514152,3.3148052526602343,3.3119840735192114,3.9044960864025158,-0.18173423578298797,-2.368609311760722,-3.656412103045228,-5.035670141220673,-2.6315789473684013,0.9846827133479192,-0.2353678000687006,3.095118526641612,1.112818128524912,3.5504487759301138,4.6870728323933655,2.708936009463863,5.170983316506577,1.6106892943875275,4.146435825515036,4.494860527691216,2.543436109949428,2.7726083301057156,2.487996508075072,4.081991811933821,4.015275100103807,6.303772336201185,5.8392837725180335,4.69880483051376,5.8269470682587885,3.6169476869866037,2.1840753424657513,3.630290100213352,2.668429340092112,3.4172556808224708,3.6799021373930745,2.1013779527558953,2.4243816022570672,4.317022787424947,4.670971287264723,6.3872688420815855,7.932161045450178
North Dakota,1.9702988775428742,3.072731797403994,-1.0691054292522588,2.5698382830901263,-0.2496993149610527,-4.311582692674222,-0.45700149729837886,-1.0019243104554385,1.8531867210128359,3.3412127167936996,1.1470949852198946,0.4561417149373488,1.443736730360931,2.0470842221593895,3.936325664998497,6.429225629184358,6.311757169856792,6.4235433378247375,5.531570762052884,3.0398157687412892,7.338956963716846,5.864255963650139,5.759186993786923,11.6358674555656,9.753901560624248,10.02146018688245,12.600049049115993,7.284126231494658,7.78517100639058,8.479793567263362,6.377649516379721,6.820012178593178,3.6833104692462286,4.7161948286680015,6.643958641613393,4.2165462201871895,3.334058325630312,1.3575753239668518,-1.0821188585391468,-2.296467515968499,-6.005700504275376,-6.6607844002294145,-7.758270842523153,-4.945595737956589,-3.2796215605960235,-0.4981755619836246,0.48490760931941135,-0.736216134057823,2.48403465107753,0.4759688007676403,0.8823277462094111,0.5914271769400883,-0.36522115647091885,-0.5380105900151416,0.957637512972928,2.9445062838332756
Ohio,-4.099256009977197,-6.055092029684283,-9.663816910025961,-5.22951018218939,-1.013462004143546,-5.537604655729511,-3.2830547877500846,-4.211813891500601,-5.357482626462136,-2.5219691958801778,-3.6963783819590987,-5.090770476961935,-4.788619131500356,-3.9753395178410442,-4.15073944872993,0.403642826303053,-1.6711243388903354,0.8600847970926613,2.8008734788448,0.622031101555082,3.2763416230366476,1.4662903354952348,0.3969164181783733,1.2761263007245307,-0.6475503980355531,-2.7491442832200588,-0.4003138937727812,-1.0804604469043575,3.1711546510932576,5.020793183892889,3.876610683368572,3.7390873015873063,1.298249681233317,2.711995364110492,2.9628918438865184,2.014937505379212,3.140138078346124,4.023582954075286,3.9350621497375102,3.705613258839867,3.2618041623135943,1.4499172896309311,1.252456016005581,3.7576042448182574,4.269892290198678,6.0491308105603645,6.510008240516758,5.363894551600375,2.592350890449777,-0.18064190892287715,-1.1979634621143924,-2.46645113813947,-0.02678339764140086,0.6329699928454168,2.561382237041528,4.968633435062747
Oklahoma,7.002536988392707,6.775365471632452,2.5830338432807416,3.213777057806697,-0.10595887536718453,-5.991952325166817,-1.9771380186282823,-1.959235266234803,-2.84712084772996,0.6458394287138617,-1.0257849954649507,-1.9543378995433738,-0.5480607082630682,-0.14104372355432243,-0.2574676528986901,2.509424037871482,2.1184552341822442,4.13593824125589,6.420493076367775,1.6109721420477578,3.205960617349647,-0.16980038101549766,-2.0072767636901845,2.743732444004934,2.6866195004228506,2.0514416096245593,5.459236650829099,3.9176334463091598,3.738186346882,3.5356409683123666,2.017941679595819,-0.037443219328576346,-1.3980191501515216,1.155314742287267,1.0665158856273955,1.9812910920758204,-0.4634493593205309,0.9102024181497212,1.5529897464093076,0.4310886438105809,1.0929932033184355,-0.28848372951766765,-3.9171360454403015,0.3137481353159148,-0.9416379621588314,-0.29510473324845565,3.0783831074468413,-0.008634667229517737,5.129240710823895,3.0323254599268625,2.2144220348898416,1.5111972520197337,0.9922884476635861,1.1481304155988183,3.510039407018208,6.426458217151714
Oregon,6.406160019319717,3.638708739804168,0.27433746171260764,3.8854024556616547,-1.504028491868832,-3.9745836985100813,-1.5219932001699978,-3.225298103692815,-4.3851253146158875,-3.083101355359838,-6.277365700157347,-9.030378693300023,-7.552276434821305,-6.517746993511441,-5.958193835557302,0.05469589084689774,0.9625025065169546,1.9190860919146602,2.820507589358584,0.34389877846356093,-0.5074478649453946,-2.0924968617489266,-3.859241842515152,-2.6922353081014565,-0.2485302777750027,-1.0055121448906554,4.363977834418568,2.6740907378943204,4.102461476886153,5.461053662118329,1.734298370510998,2.8711359625641983,-0.02691272587467531,2.0761412975157825,3.4872193604820585,1.5362078602956715,4.75137484136445,4.94126563092081,4.116343282180376,5.026766392042229,6.438496980377052,4.5443056257673105,5.051370635300038,5.267866825723878,4.378756391794343,5.612641395389006,8.50155846163093,8.9001639752406,6.375209629317557,4.75349521707137,2.4469381617891703,1.6105890514631627,1.4747910906775161,2.1502606849614314,2.8689727625256816,4.9281951416313
Pennsylvania,0.9037043737844344,-1.2468497148162867,-4.413642166697046,-1.835763457949769,-2.5120131965861066,-4.715468994851133,-4.2939824279263314,-4.003965763454935,-4.535506060215925,-3.2844966121286623,-3.312289362510093,-5.3449435753607855,-3.7510837106251786,-2.0249917406766853,-1.860652357480908,3.1432060701915923,0.30425557468273956,1.7395616384012602,3.7348300667327,0.4687590985850012,2.175214528038331,-0.3450830538875307,-2.366806836155997,-1.188164720201702,-1.6650390625000193,-3.4060451922136514,-0.5423293490072189,-2.3618891202549497,1.6892596454640147,2.191436788593186,-0.5750836801382616,-0.10913642052566098,-4.742372748935501,-1.4468051371491966,-0.5304589318894706,-0.2415652627147449,1.1667008406807489,1.5997667216345566,1.4381697482198592,2.207485556392862,4.263361640892609,1.330126777708504,2.23656723067634,2.645445429700565,0.25659717159935663,2.419252444157939,2.44039433673566,1.0477622518268856,4.318025380759855,1.6592920353982408,1.8027641753795456,1.0605931360004404,1.4767246266368088,2.5486848523507515,3.510107810454177,6.43745427944403
Rhode Island,-0.07669835141632864,-2.345915436173961,-7.437128205128206,-3.5217849884665187,2.9090125053902405,-7.458822517524623,-4.627208339612296,-5.523953426362108,-8.987370414756581,-2.016859832888765,-4.113726984599065,-5.480031986452804,-10.427352001399637,-5.735939975147732,-3.853050937818068,0.8470190106499473,5.938833204831657,3.492795041056186,4.511543502369215,1.4231995341538377,-1.14020106354075,-0.14779235174580765,-4.1807746105243,-1.3497075795763016,-2.187932506846486,-3.8181021471347005,1.766820025973752,-0.8720012626262583,2.6984987154784816,1.5550650981027287,-0.5787151534337008,1.0169963778211073,-4.504724586415455,0.7656265576712293,0.5522333111113302,0.292570482889079,2.2828900917862813,1.855003066938394,1.6119775174160855,3.1971005097680822,3.1253126313051416,-0.2146610589298019,1.0254662316794039,-0.41497725239374444,0.5354960128829747,3.370906825526622,4.509437236114059,2.3549651151677313,6.5982206611729675,2.366401431329154,2.5042429161747384,2.8507666162436927,2.5318632775725938,4.521286381867026,4.078070025465436,6.878988987444047
South Carolina,3.579205985817192,1.535180851352203,-2.7052891815015894,2.700333318113328,-0.5399820305480789,-3.4235116134199592,-0.5846994535519071,-2.676459604132965,-2.8735580267211014,-2.091722492006302,-4.047344216640122,-6.736286225925512,-7.122528320839305,-6.148532276735705,-5.374260072560601,-0.5456558155937975,-0.7770879230923142,1.6205375050140398,1.7424907427026124,-1.4656921652449686,1.7601227241532476,-0.2437435856951101,-1.6680219758424337,-0.057980286702535355,-0.009917879953993847,-2.571991017815975,1.285852595909468,0.28606865647755697,3.246444087365349,4.877702078404677,3.261941034142836,4.803415052562288,1.0884706650911302,3.999302953733559,4.743170663503919,1.1943508631683086,1.6336577206720837,0.7381963062257858,1.135087363982847,2.7601967404286514,4.029249226223302,3.918977609802529,1.6357330760338293,3.3998974997254665,1.6008700967173792,1.6415017161962766,3.8591746077237103,4.377649734915855,6.466253218086756,5.722459406494957,5.574095632302864,3.9693374827226613,4.743148692891912,4.174769332616166,5.062526035498123,6.960280564391161
South Dakota,2.3691418465719254,1.1248784200955955,-0.22887923692727927,5.09890255774847,-2.1426088422116973,-4.491280893238002,-1.6837208309770533,-2.2515552467868845,-1.5145806646070556,-1.0803888086168265,-2.016430982277551,-3.6451939437013876,-1.3990600065581005,1.044606004271377,0.35221797640803215,3.0007711478927526,6.969293869859234,6.067044122961674,7.594671258126112,4.088452941559437,4.00530586443101,2.0887324089083523,0.5231627754298218,5.193370165745845,-0.37065821725354486,0.23564869129009366,2.2154417617405158,-0.17540034881878938,6.066606660666072,5.152912449928872,3.912544301901865,4.802700153869063,-1.1710794297352334,2.2165502418054626,4.932554475231547,2.4239152055923463,3.6779437861354425,4.264686555394944,2.1022175831822474,1.9633411016165467,1.378498007711491,-0.21067984766227538,-1.0169126746417418,2.338215953925002,0.9676218831410511,1.9677899580457616,3.267802138068487,0.29246762915102514,3.0036050452653353,0.37074396545620053,-0.21669137708686242,0.4692346438323664,-0.16670448792919518,1.688191475294221,3.478107965535436,4.80412334863757
Tennessee,2.881354303776788,1.1182495344506451,-2.51255360480887,2.620787178882876,-1.2504435852897762,-4.331451828252039,-0.3383776670739673,-3.5956088374443027,-3.302346254598399,-2.2907302424516605,-5.679524662831285,-7.7472103372371235,-7.381834896480239,-7.703143315897826,-7.4454043676505846,-0.8511429486318762,0.7697749807292305,6.841200892237746,5.037704457552772,1.5022867679998484,3.0597703076536185,-1.93293176301358,1.7166366675237787,2.50951975284565,1.8423621278672417,2.0239986961659175,1.4156571682812038,-0.4916194404950284,1.6083622858512054,0.02396190057808637,-0.8185933355933738,-0.39543986396063413,-1.2901007123556933,0.618867472525273,1.393342917173512,3.334680270734413,1.1387390257012624,3.3997004057418905,5.605845784709351,3.73444389046936,7.173788949471499,6.35133838626114,3.6690357045618875,5.38304228590815,3.7265255521373737,2.7180875056382505,3.4884668677153767,4.23794747055615,4.32038104344286,3.711477828618616,5.711760433348214,1.1470290489181676,2.0800624612799457,2.1670096283311637,1.8733443708609248,6.194284938803553
Texas,6.476940332974127,4.738869863013697,0.35867930283682853,-0.12490372004913507,-0.2210104515222828,-4.110638819634614,-1.6570242736762875,-2.0384767701189945,-2.0338667273894218,0.1438542277159393,-0.6724856390744949,-2.183025170748341,-2.530401800335967,-1.5109597786763131,-1.4077253218884034,1.5748374045635647,0.9647278166800346,3.399956784788228,4.118056764757086,1.3459108722187696,2.5830971399123808,0.16404233755108916,-0.4348189647964003,1.6132951580015074,4.241758241758243,2.316823833764488,5.7865121357185005,5.579238495289975,4.708693513247601,5.8418718458479795,3.175611305176244,3.0292287087370915,2.765286260822868,5.1697731541684835,6.0720606340412475,4.983750716880147,4.344215643281685,5.5402905240790385,5.612027457132234,5.05125917293371,4.360966798708778,2.1513308050784943,0.9521765261440669,2.591392071553623,0.45925798988946903,1.4357318834423813,3.5133824917714835,5.413442368127592,8.401992392064535,7.240368509212714,6.329800345082565,2.9435807020355855,4.184992564734036,3.7541489320160997,4.794689909901569,7.551400123002173
Utah,8.645999544107589,8.062034655855905,4.242529647705911,10.496898567539851,3.854142626355878,1.405025668738173,3.2805005213764327,2.4584784693825874,-2.045454545454551,-1.5341572895529543,-4.492861902550334,-9.487583760346846,-5.225058004640349,-5.437079131149766,-5.94211171719736,-2.346165570700708,0.4711232972102365,0.7594351563445708,3.1761730823264958,2.1996276352609363,2.587149803445914,3.432116836160667,1.6862561410006713,2.385731427948083,4.617333474084257,2.4427335804581345,8.018296928729804,9.80534216947056,3.120963835970291,6.2524484031257215,2.1004819802844175,-0.23869590529788348,0.8483614978913145,0.8732183919198173,1.5026420079260314,2.0026455541074135,4.908600481254376,6.045187415237517,6.895759768036053,7.261163502522096,10.667480554553611,8.972172840402,10.166957611566161,10.890050494274954,2.9099843719966123,4.799240910906905,4.492044660415093,3.799163045743879,5.707371344578077,5.123500913350795,2.005599191227943,3.3002000355275487,4.753124831946664,2.9570643920792468,5.326715916108225,5.391401869158885
Vermont,0.8173674819314122,-2.213905156091761,-7.314012548550929,-3.2880107578860365,-4.712486480205231,-5.217892490161279,-3.043001740700166,-3.0880802646406558,0.5262614797234602,1.5344855435309108,0.015198578932890658,-3.1311539976368645,-5.808962132099067,-4.945630813572643,-5.218018976341324,-1.148123408745478,0.6726968306963859,1.464898549868584,3.573325316899651,0.9479694064418722,0.8030231459612625,-0.30175132198127674,-1.4463869351109082,1.2378614875680198,-1.737738206810384,-3.633921793798781,-1.001315453635174,-4.671464300430245,3.52302984540793,4.225409008281151,1.5657537234991792,2.9442512213264647,-0.32630184840398146,0.8739971318941138,2.227971686599956,1.2078780599740202,0.7779853261183399,1.7049929879161652,5.157248321506682,3.29962951528249,4.401620392486578,4.107441372861995,0.2561145067979362,4.595210520416943,1.92911332168057,3.5525718951283536,4.418918551667279,3.5298424831232063,5.518894605004451,3.1091759676204083,1.8678372821362652,1.655152189475668,2.1416173167245254,2.0697565741960386,4.307613694430243,5.721194637705748
Virginia,3.027115798020056,0.9314482808177375,-3.98612303541079,0.5554198666630509,-2.3283304079951264,-5.520205750696373,-2.6260082484762175,-3.584890384217471,-4.561374555323286,-2.811634609950459,-3.9224873029854455,-6.913861312234081,-5.6449521101322935,-5.151142167647139,-5.058908438341188,0.32977166569771715,0.8226681735341206,4.041240062943202,3.6786686527299755,0.1918177731155432,2.9992426155011302,-2.011372899500093,-2.3839248558349775,-0.9632355140746088,-0.5186528751409469,-1.516442324075644,1.6981323589119015,0.7641888422388072,2.912305599905403,5.496641563199662,2.812571736548448,3.7000399680255778,-1.2650712021528439,1.1720897926896297,1.8114570288610043,0.7621672142836453,1.8215324927255105,2.7766123803348743,3.997063226446229,4.318473043012612,3.4159538188954017,1.5502653356588896,0.8269994223839875,2.1862682189018194,2.1397516672193366,2.442923834495108,3.8955724691054865,2.3171114599686047,4.501880292550071,2.9955499273184554,1.8126121395124843,1.3387925441441948,2.216967699065398,2.092785647490736,3.2701201794955725,5.826880650603456
Washington,5.477350855054168,4.22974465596777,0.4323502140915012,3.086845371323099,-0.4610196062253067,0.5641441216805951,-0.8329702703263493,-0.4609954620759099,1.0340683023872832,0.2613771372488207,-1.7113149719139433,-6.92938294067175,-8.578607322325931,-7.521020525925312,-6.575992677968969,2.0881928246140156,3.28902350103763,1.9164558936589693,8.02196300009111,5.707757588945708,4.083538777327683,4.345734620472522,1.6957374559719958,1.779612170118157,5.183801663240722,2.906416327899084,4.98994130700791,0.855539262779988,6.881603095084556,4.286383351320522,5.9518400726942335,10.803060232024158,3.9297581258933407,10.756824305853883,7.947087776866271,4.55092529749786,8.132992784168033,5.5295030234648985,9.358618962494724,10.899821697508942,13.228942130604622,9.91655459868527,12.69248385109844,16.334574289572075,9.988986221836454,18.89338936553409,14.13175247184791,15.233200944611418,13.224488713228473,12.746319981080605,8.300281198963615,0.5088436324681733,4.502805468027037,1.5516312820658111,3.553995906867058,8.314604138186716
West Virginia,0.4402540226750346,0.7295691793067696,-2.401621476920723,2.292241193843027,-1.3847944142746407,-5.062361035565359,-2.4234943771795816,-4.2312766486300415,-3.562718797938869,-1.9258604052749926,-2.8039353478566476,-3.741415109407432,-2.384035729945263,-0.4499241585700898,0.007230135203542475,1.309785539469858,4.362223313242323,2.6242368710942734,3.7800545319342076,2.7515328945348125,0.8367782037294762,0.04213398607571072,-2.6063850961346984,0.21618067524083767,0.34444080482018796,-0.4652841843487912,3.0490982475859747,-1.7843651835063055,1.8745672173310899,0.9177916582712112,-1.5151364911898033,0.6680094331028883,-6.878671651211353,-2.755288456738976,-1.0914106785070712,-3.2444877891836894,1.6193783172229739,0.8233156419706076,1.4057839714160592,1.3238564332772236,3.4293102386767154,2.325557716391933,-0.15258286655022157,4.256061041145338,-0.2916782412000512,1.2597390966894488,3.2775018599320513,1.5739046607251777,3.7292790193230063,1.586038147460267,1.0328446547125338,-0.17044684189118958,0.1103117505995189,0.07254998694101691,1.97423569425842,3.7290700607283602
Wisconsin,2.148043208783437,0.10808567302788014,-3.7897781238501986,1.1146057004374716,-3.0476916942600223,-6.501459740528964,-3.9079314822390945,-5.279853376568464,-4.070630308448802,-0.7057932321450064,-1.2245011291696022,-2.327528466175462,-3.327213249205476,-4.792385772633823,-5.157372963146898,-1.5810427262510338,-2.7678425096648005,-0.34984169174840596,0.6817036663801487,-0.5012870884703844,3.1708574601412023,0.46580500911997147,0.4386352262356891,0.1896591970121298,-3.126261364291616,-4.004919520932368,-1.9168767219649423,-2.4754637854209727,4.532693128044369,6.467980395745624,4.442585066539165,3.8781218582335417,1.0002847110183084,1.6340836811292594,1.7701140655399945,-0.04312120892704571,1.5597985416823372,2.1114848991711876,3.13284852119804,5.948500651890485,2.472151289737608,4.1540514425067805,4.01268502785073,4.274455513631375,3.5970963198381867,3.104816264501372,3.516297273449996,3.610694110603011,5.958689210388712,4.639524221675685,2.7985011646355877,2.0125291033651083,0.9598855046595925,0.26452209947013317,2.700972021542072,4.871721193711252
Wyoming,5.585046306753998,7.992826382969297,4.794005039431909,9.357346179111014,8.929774830186666,3.650398253221383,6.737655092014337,4.698309089270878,5.593471664391699,5.592807975314495,3.8451411575405756,1.0183591508892678,-1.9938807205498075,-2.6609345584309607,-5.733979415520997,-5.720100336031047,-9.22711960905252,-7.845967322902834,-4.374290211392481,-5.51294150719865,2.8527822205496536,1.9515098358601648,0.9938431727974454,4.001657617069196,0.5264762679134048,0.06964287543143098,2.0403321470937206,6.724766799145881,2.3061835240829742,2.8656520893673947,0.8946352213337783,-4.783695038244664,-1.4883040646710362,-0.08257966948232696,1.4197258736774387,-0.22621704771674128,2.5962300492561243,2.5342042897257646,2.087428994813537,1.5185868174169104,1.5263368892452318,0.38845888648259563,-2.4453734347480927,0.721631064877293,-3.4488404345481114,-1.8670613615036953,2.005733501304404,1.4575593026579237,2.730147330201194,0.9897378771896724,0.013614306691441258,-0.9664885866925821,2.8925700081563037,3.6595246229684246,5.722092039631685,7.702417733313728
