Geography,2005 Q1,2005 Q2,2005 Q3,2005 Q4,2006 Q1,2006 Q2,2006 Q3,2006 Q4,2007 Q1,2007 Q2,2007 Q3,2007 Q4,2008 Q1,2008 Q2,2008 Q3,2008 Q4,2009 Q1,2009 Q2,2009 Q3,2009 Q4,2010 Q1,2010 Q2,2010 Q3,2010 Q4,2011 Q1,2011 Q2,2011 Q3,2011 Q4,2012 Q1,2012 Q2,2012 Q3,2012 Q4,2013 Q1,2013 Q2,2013 Q3,2013 Q4,2014 Q1,2014 Q2,2014 Q3,2014 Q4,2015 Q1,2015 Q2,2015 Q3,2015 Q4,2016 Q1,2016 Q2,2016 Q3,2016 Q4,2017 Q1,2017 Q2,2017 Q3,2017 Q4,2018 Q1,2018 Q2,2018 Q3,2018 Q4,2019 Q1,2019 Q2,2019 Q3,2019 Q4,2020 Q1,2020 Q2,2020 Q3,2020 Q4,2021 Q1,2021 Q2,2021 Q3,2021 Q4,2022 Q1,2022 Q2,2022 Q3,2022 Q4,2023 Q1,2023 Q2,2023 Q3,2023 Q4,2024 Q1,2024 Q2,2024 Q3,2024 Q4,2025 Q1
United States,1233440.0806732445,1264425.8421358098,1292781.3107951246,1260092.7008125363,1275220.6854323852,1285179.3084735926,1255273.0313406847,1272119.0684852002,1254604.05513639,1220425.4526987812,1225077.8781195588,1230201.6276842714,1212686.6143354615,1206027.260301799,1192328.452118398,1157176.7933836333,1143477.9852002324,1138080.5635519442,1122253.1947185143,1161601.158734765,1168823.0609402207,1193210.2843876958,1195354.0490423678,1200812.2867092283,1200599.430644225,1195262.8250145095,1183859.8215322113,1206224.912362159,1209250.509286129,1183981.453569356,1214328.6468369123,1214723.950957632,1257462.4080092863,1253311.7147417297,1258921.9924550203,1276178.5377248984,1279781.886825305,1292386.0066744052,1313230.6970400463,1309551.327916425,1333467.227219965,1359770.1552524667,1383412.3824724318,1390968.772780035,1422714.7344747535,1433935.289901335,1455798.6485780617,1475837.5266976205,1485309.6215902495,1505287.6836912362,1540880.2585606498,1550109.08937899,1574769.9849100404,1562667.5972141614,1586811.5565873478,1569600.623331399,1591129.4939059778,1604250.5499129426,1632241.1224608242,1639736.696749855,1595234.5751596054,1484290.9532791642,1648874.3035403367,1620625.262913523,1684208.4103308183,1608735.7312826465,1538082.7217063261,1556281.9152640742,1488396.0345327915,1501547.4985490425,1536303.8531630877,1601422.6050493326,1638429.1523505517,1643689.7379570515,1732085.8209518283,1783049.6445153803,1812058.8853743472,1809519.8165989553,1888884.7208357516,1901443.2286709226,1886148.0
Alabama,17280.89787441482,17821.412583496498,17955.654201616344,17845.85599120114,18055.004826480374,18250.552088117514,17715.35973393926,17878.38149338877,17750.25072719508,17465.209053478047,17481.37324244402,17597.282304785385,17235.55929560782,17162.62332100526,17141.925274158588,16654.831238366896,16297.247838558662,16209.527544779909,15894.522984199119,16479.98202357643,16466.97182270138,16824.16097399824,16835.199932316467,16594.314091872337,16894.53433327693,16544.835903696003,16480.967644854845,16610.47828083831,16811.54502163456,16470.32293504798,16683.611379696555,16608.309914025802,17034.689679067254,17049.47399824345,17042.377525038875,17068.98929955603,16980.87475726591,17087.124731078828,17438.400154705214,17263.748064170435,17251.920608829478,17672.583770456138,18066.83228182133,18168.548397753555,18596.50515684047,19116.518943331157,18988.38817713747,19515.892685344097,19430.537882633533,19618.594422554732,19868.1537302489,19932.416237601425,20271.864205886854,20209.57294109116,20461.6948641092,20315.822914904078,20691.147497723738,20786.555637474114,21188.886243322293,21543.512779295288,20949.183148412256,20929.076474332633,22405.931397906646,21809.236275955423,22556.33720499247,21279.957649447653,20201.68797086385,20214.30392322754,19556.30315775903,19381.25681871288,19808.81932928844,20750.284774428517,21223.777236578117,21343.037411266087,22421.109965594205,23171.56200697785,23341.088866864884,23212.56385215983,24367.1206176928,24553.600163568535,24464.5
Alaska,2763.802897502484,2806.2125930250795,2876.3420673789146,2762.3307736549486,2754.0618226815623,2761.2658329992855,2690.9484279415096,2732.0426085365216,2719.3572860205304,2647.160573923349,2662.9154312703695,2665.483817557558,2653.8947574812205,2618.877002980288,2619.5034386600905,2689.0064773341237,2642.3683409728637,2683.744417623787,2674.3165606427665,2765.964100597801,2766.8724323335136,2812.50827160709,2807.120924760793,2794.7488200847033,2788.8290029105738,2768.7830611569093,2727.1250884500755,2759.261238823919,2710.994369695174,2673.9093774508947,2721.894350523729,2747.2963173397006,2766.183353085731,2756.755496104711,2776.081036826603,2795.2812904125344,2781.4370618889106,2798.9146173553863,2869.0440917092214,2883.6713648325986,2898.0167419000645,2966.454839918434,3051.7753795074686,3056.1604292660822,3053.7486518988444,3086.5112379524894,3043.2871760461508,3060.451513672726,3074.421029332311,3112.195100824372,3175.778322324276,3166.319143559266,3231.9382810185266,3228.4615629956256,3267.1439662233997,3248.006356205448,3314.5025036164316,3316.663706711749,3399.2279293096535,3405.868147515555,3309.4596963940253,3185.237501089287,3303.1640178120156,3382.0949134670686,3426.8537427889223,3157.705652961988,2981.3953308817127,2986.281529184168,2892.3474989978563,2892.316177213866,2938.233912543354,3085.8534804886976,3153.8530735312056,3130.9881712184324,3345.4171044146615,3470.672918591073,3446.8683627585965,3446.7743974066266,3613.0930703940608,3633.2329774996947,3594.3
Arizona,26946.55809046716,27656.11268054027,28946.97739803522,28020.767389998204,29559.053242507234,29841.126290409415,29692.47929960907,30387.46065528999,29723.245016659253,29366.686548530317,29494.283311875275,29169.138260102838,28282.114060098156,27617.898421467416,26710.471693313666,25541.050595753644,24768.02147366121,24729.483364935193,24096.033443354634,24458.421205240444,25181.57748074627,25293.953310392717,25229.183379760758,25575.702508641745,26295.29643796281,26142.439401671385,25904.73375625209,28894.83760387649,27528.515917195313,26348.73163073418,26810.217386486886,26465.317505871702,27138.600934790917,26966.312919309905,27006.79412595488,27120.46535421397,28702.79475955273,28587.18043337468,29056.76243045639,28761.087697121497,29240.709033451156,29445.70586390131,30139.067971316428,30190.236216515677,30862.224246822254,31343.464831417714,31237.56599483446,31513.485899326603,31585.38052232808,32263.52169604469,32696.832531972497,32994.12651357319,33084.80441645793,32797.22592445204,33379.831450486505,33302.10753372816,33350.03728239581,33856.86198959089,34399.957857939866,34823.55320427288,34009.395176229154,33966.97087166522,36583.99991884953,36836.60264831417,36659.1330383826,35689.203327169016,34462.46084099971,34801.53142785802,33929.72816155184,33414.159513721446,33948.83529108827,35274.351921471316,36254.32097193286,36392.28092417894,37998.899053504676,39298.18386198178,40104.893348002835,40129.50592164298,41817.41031391184,42064.1837496196,41503.6
Arkansas,9677.893598443505,9904.826507853651,9934.457875005932,9859.777193565225,9876.158762397381,10036.9631329189,9807.621169268732,9880.254154605418,9581.892786978598,9381.098116072699,9380.977663360698,9448.91299292934,9635.97605466711,9648.86449485123,9635.494243819105,9434.2177620652,9245.950173207422,9375.195933184645,9143.806273430457,9555.393190338345,9636.216960091111,10023.23152375077,9984.325297774403,9889.167655293502,9881.579134437432,9733.060940540026,9721.497480187918,9850.381882029136,9954.814383334122,9702.225046267735,10007.693123902623,10023.11107103877,10336.28812224173,10254.259825368956,10298.345517961372,10322.917871209604,10499.381094291271,10497.453850899255,10673.314810420916,10715.111901485312,10445.17737389076,10991.069064679921,11258.233179898445,11263.051288378492,11558.160432781284,11840.622042423955,11705.955910406683,12051.534741137948,11833.635785127888,11894.10304655246,12151.630944810895,12301.715023964314,12418.915512741421,12332.91227637261,12310.7489773644,12233.779694395671,12215.4708821715,12111.03838086651,12342.7893987567,12551.774854078678,12367.964015564941,12453.846799221752,13361.698889574336,12953.123290466474,13705.711835049588,13141.511332036254,12442.283338869644,12442.644697005648,12261.36336544393,12173.191980259098,12338.45310112466,12787.982622312911,13175.238091396574,13161.747387652447,13886.149997627295,14403.735301096189,14689.208228538888,14705.469344659039,15371.331936601338,15395.663384425567,15229.8
California,177234.16885393587,181347.133654728,186413.00317174324,183081.90890733936,185751.26378547717,185726.83033121505,183360.85751016534,184590.67470802597,179864.83742949204,172188.66054880572,174000.80840658047,173188.39605236464,166237.07831478826,164974.68317791144,161902.1763044484,154704.4879030622,151613.65593890258,149766.89402092315,148744.76118429063,154177.13251523787,156137.9172197739,159190.06288135183,159153.41269995863,162075.24660547182,161999.91012149694,158968.12567180413,158088.52131836736,159092.3290643033,162897.83956563027,158805.23597672326,163262.30525837373,163435.37555939716,170433.5240843093,171661.3051609814,170966.98783569917,175244.8784527607,173561.00622986213,176324.0226826715,179276.39840601236,178040.4728445862,182982.13896910226,186610.50692702882,186492.4118980952,188526.4969654176,191350.5970538823,190733.6523337635,194396.63435189473,195025.7957991446,199717.01901747385,201315.3741504549,207965.3459521317,205452.77240550917,208623.0130960207,205012.97022879083,210190.82641117417,209237.92169495104,211652.76142452503,215222.08186798473,221124.79719347798,222953.2340207608,213338.6697686121,189852.01185913826,213273.51389057975,211339.19876149434,217537.15165932165,208661.69939860245,200796.16324738463,204878.5862303491,195306.7805231591,198436.2987899004,205676.7457362454,213619.65449262664,215586.54756072818,218182.60207607967,228326.55783724124,235351.17593760398,239549.65782831362,239700.3307962634,251004.8756348762,252967.69646060074,250876.6
Colorado,19769.74895077657,20198.598938604606,20467.317021276594,19785.709810604214,20089.751107648866,20298.288899167437,19797.7458688349,20214.298144992455,20156.472734797215,19824.43451969424,20016.226491065776,20183.94634597595,20032.187350893422,19801.93232387166,19493.966225230048,19021.42011295584,18795.089887531034,18665.0481279517,18452.847188275966,19173.96406835776,19094.68307609913,19592.086265154096,19758.49785286528,19577.172019085643,19497.36771994742,19394.537918107017,19160.096436048494,19390.613116510056,19580.311860363214,19345.870378304688,19878.335128292514,19733.117469204928,20278.40323774283,20227.380816982328,20341.98502361361,20875.23473392083,20881.77606991577,21238.671361799505,21413.455859584206,21756.745172598472,22266.707726763718,22685.353230439654,23005.617040751742,23204.47365499781,24148.257612347243,24381.12917376698,24711.59746823117,25218.420181118847,25818.129865134622,25727.5977749647,26506.01675836214,26609.631520521933,27282.080860801405,26989.029008228248,27631.388202931008,27387.00389016018,27695.23164224159,28037.474341496665,28399.079395296754,28906.425415064023,28511.067067530064,26960.770436730127,29646.90464969083,29225.380958177124,29265.152281026338,27741.80595452554,26914.45777788597,27023.305608841714,26005.9970349092,26306.636837236478,26951.089259457618,28033.287886459904,28559.734607332393,28592.17963386728,29959.580510248798,30950.723740201567,31095.418092409564,31064.019679633868,32537.39019913336,32611.961429475632,32244.6
Connecticut,17594.862519316528,17845.112306945117,18414.874078325753,18004.96266148616,17145.318783169234,17731.87710892313,16878.083715837343,16952.064045211708,16702.19170824319,16379.848844540598,16662.74811426553,16705.40003885381,16286.241080842423,16274.162659720074,16116.765734469513,15641.177902777166,15449.810418120005,15495.67067331891,15304.303188661752,15915.395807320412,15785.364054925161,15888.219359795134,15826.50617687315,16043.917757075369,16316.814584308358,15961.444787849354,15961.067337189279,16369.091500728508,16753.336272683122,16244.910233564395,16574.047209148306,16641.610877301428,17241.946152147997,16829.581306017924,16713.32650271535,16879.404793147598,17075.30168572564,17236.09566691686,17427.840602234093,17207.031966091217,17470.115076162303,17720.364863790895,17933.247036072233,17888.519132853547,18305.979562894612,18179.72231710009,18372.977055057618,18413.553001015494,18253.513921144422,18790.060034438608,19214.314576360986,19232.24348271447,19544.58390392512,19511.17952050863,19849.752762594377,19450.221238906794,19649.13773676542,19441.35114839507,19802.571430085212,19618.941683959554,19194.3096913771,16767.679397765904,19398.69922380679,19038.61129409687,20027.154572828822,18737.594392688417,17749.051113956466,18103.47728376529,16796.743098591553,17200.049128879862,17729.234954302618,18351.839818093515,18575.66805951698,18727.591950196478,19789.73810764272,20385.35524923838,20725.62701929445,20706.37703563071,21595.462065433356,21606.030683915407,21372.2
Delaware,3511.6629242776203,3594.061573942543,3680.589895883817,3572.244437388237,3594.061573942543,3650.123823052626,3531.5710613834244,3608.2427127028423,3540.5706302120757,3495.5727860688203,3506.987823587412,3473.288139445493,3425.641071577786,3358.981927569898,3321.035693634373,3198.5870147233313,3192.587302170897,3156.1994351321086,3158.0305162357736,3256.9868141785173,3172.873960927185,3290.0631515617424,3331.9053027391074,3368.4100472951513,3296.8810067349627,3304.5559637013885,3261.8956699032365,3336.307689222387,3319.2046125307083,3245.2990624529966,3306.3870448050534,3293.959068803583,3401.720139712886,3422.1347460601296,3411.927442886508,3450.6528602704007,3398.564446746995,3439.3157410966455,3471.3791399969914,3455.7175526847927,3476.833424135568,3528.649123452044,3563.595501111352,3602.2819593228264,3686.161057539649,3714.7570900947567,3816.0119792101873,3771.520604308371,3848.4649698347166,3863.4642512158025,3939.16192322476,3932.57782308605,4033.5989571669697,3994.7177030934035,4030.8718150976815,3984.7051957818735,4031.689957718468,4051.792890686364,4124.997175660544,4102.673569864799,4025.1837759245946,3586.191821114026,4144.983231111185,4017.00234971673,4148.138924077076,3930.824660327222,3822.011691762621,3880.8010829419914,3617.5149957384224,3660.915513812524,3719.821782509149,3907.6829119106906,3991.600969299931,4040.2220164780983,4260.185503952403,4386.685936794959,4465.110750873205,4458.176018182729,4631.037866203184,4663.451897655296,4662.4
District of Columbia,1477.5080387184623,1528.5186024253305,1545.7121888166398,1480.731836166833,1560.120589657316,1527.3562808963263,1525.9965840133402,1531.588885709493,1550.8000868303948,1500.4255103752455,1509.4828460635242,1511.9171420959674,1468.7796619534865,1500.4255103752455,1498.2982426712185,1463.0119154982387,1414.3698560391524,1433.5152653753935,1408.6021095839048,1461.9592469436689,1570.4279692541465,1600.2316477054082,1633.3907071743615,1631.548537203864,1563.278595321026,1587.1829437477184,1587.753139214777,1729.4686433737556,1537.2469791903065,1584.112660463556,1654.5756618350815,1750.609736844702,1710.125858683533,1656.3520400209184,1654.7291759992897,1735.9381688653834,1773.3298331475035,1769.031436549676,1831.3581872181715,1785.018840222207,1877.982631947665,1893.3340483684767,1895.680622021372,1944.2349591009106,2045.8613358066839,2114.460236612825,2108.758281942238,2109.109171460428,2159.308303156482,2176.9624320404155,2294.8174489624753,2141.1497705901506,2315.47606934591,2239.9471005555174,2302.164198249578,2230.2099164257456,2231.0213484365595,2332.713516926993,2314.949735068626,2304.137951789397,2158.672315904763,1986.078534145066,2035.5100950200797,1952.5685851579228,1953.5554619278319,1854.670409582918,1776.3781858367786,1799.0544209498062,1705.213405428873,1723.1526320463358,1780.78623540904,1836.5557382063605,1873.3991376163085,1909.0144237125915,1999.478127620946,2078.384408023918,2116.784879670834,2118.7586332106525,2222.073665722715,2249.311464572212,2222.6
Florida,80605.3396515555,83074.25593263208,85605.523663577,83152.69807924064,84985.0261705325,85904.20722181723,83485.5743680538,85631.67104577983,82543.26294020504,80358.95085772099,81158.45735200036,80388.11524556263,78753.90385788465,78085.1342746195,76805.9238837725,73148.30738101262,72300.52879651259,70906.67219139155,69699.86993587551,73211.6644994272,72719.89258030443,74606.5267730945,75343.68181750555,76153.24499724756,74087.6018032226,74235.4350795233,73623.98860339519,75068.12863582939,75536.77017838812,74216.32737714432,76190.4547334593,76343.31635249134,79667.0508978918,79068.67811286509,79951.65509648432,81091.07755940071,82658.91482302532,83250.24792822819,84685.336943746,83887.84178655916,86441.23422552185,87372.48329936173,88867.91242765538,89508.52329162514,91418.28786097928,93376.32452055406,95851.27481290823,96804.6485947659,97610.18910032287,99830.70525047238,101369.37812625534,103457.1460282981,104891.22937526967,103544.63919182302,105994.4477705206,105005.8755895437,105260.30973174833,106290.11432312202,108214.96392067011,109186.43973636054,104198.32374689422,97913.90100129439,109488.14030023955,108721.82086798685,112349.26731435883,112382.45437638553,107774.48109740677,110065.39404579472,105172.81656822342,106372.57914391562,109110.00892684452,113451.48004106349,117573.71541219705,116005.87814857246,123606.72102123102,126512.09745138591,129302.82766726677,129114.7676491155,134691.1997381459,135709.94197551068,135188.0
Georgia,34674.830954206234,36244.94440602657,37030.65625576921,36261.1041272275,37244.22662515449,37945.6458751193,37192.25346777852,37787.979406104794,36910.113470594675,35623.013514401486,35745.303296462596,35760.15276999859,35467.09404227357,35361.83747985669,35111.58017585306,33699.13319304724,32720.814936558352,32508.554814837997,31780.05711313109,32934.82205516529,32964.08425301563,33277.233444936406,33285.531680147695,33603.485113506584,33710.9254220317,33452.806632038424,33118.693477478606,33734.94662922227,33727.08514323263,33314.793877998025,34171.695850869095,33968.17071358168,35150.887605801276,35047.81478949262,35390.66292848538,35544.83540372671,35868.466576967,36295.170566515946,36836.739601358015,36819.70638171378,38388.07283664752,38700.78527934665,39421.85824428556,39621.889387799805,41222.57528513541,41008.131417306824,41506.46227920584,42528.45545785941,43080.06972479935,43022.85557676361,44169.75903280817,44427.00432435815,45782.67390834989,45638.546665206435,45990.56653785378,45490.05192984652,45745.11347528826,46191.47117981132,47012.1229672857,47178.96116995478,44728.798036516106,43427.72210523022,47815.74153511585,47368.07358292786,49061.350315252595,47646.719586338535,46228.59486365129,46523.400588262906,44865.937292113216,44837.54859270617,45658.637129402196,47748.04540576059,48737.28239279065,48961.77149271712,51447.31131310919,53508.767639282196,53917.12816152197,53896.16419888293,56227.53154403367,56320.559128244444,55831.4
Hawaii,6420.070495822739,6650.414939157283,6841.380208863059,6670.26267526335,6626.1390228841265,6682.835543952053,6642.902847802397,6756.928487104977,6540.738405375953,6450.277010533963,6531.328522520886,6548.2504967308405,6473.050508536142,6400.934431529241,6268.5634743915725,5966.893700508536,5980.810838176535,5939.138499818381,5782.412551761715,6048.498735016346,6059.964558663277,6109.148988376317,6317.431605521249,6476.37164366146,6494.242513621504,6565.5678441699965,6612.300959861969,6723.321762622594,6797.098407192154,6659.982971304033,6792.591152379223,6735.815556665457,7016.372400108971,6950.186921540138,6854.8228986560125,7040.885540319651,6850.236569197239,7005.301949691247,7098.68910642935,7071.092055030876,7192.787934980022,7260.7130557573555,7287.835659280785,7296.375721031603,7290.603271885217,7344.769404286233,7510.668011260444,7510.509861968762,7670.16157192154,7723.853256447513,8163.666436614602,8072.17707137668,8303.707634398837,8288.683451689067,8499.73368143843,8387.052311115147,8242.266634580457,8299.832976752634,8454.186685434071,8502.896667272067,7977.287496367599,6739.69021431166,7099.479852887759,6947.893756810751,7172.38667635307,6978.811943334545,6949.317100435887,7058.598260988013,6948.60542862332,7210.184357065021,7530.199448783145,7745.59878405376,7666.049690337814,7606.822780602979,7946.132085906285,8163.508287322921,8333.123402651652,8325.453162005086,8667.451005266983,8791.598199237194,8707.7
Idaho,6149.557532204751,6069.1721934756415,6426.712888078835,6194.497367242285,6505.594957678169,6818.354056099595,6363.100868060919,6771.515354792869,6631.078370300578,6395.144236353526,6510.65860106268,6800.71042368169,6881.174881838683,6955.38890519292,6812.894815575669,6269.819062586884,6275.357422538692,6036.654108615737,5746.918763708258,5914.968428531711,5886.960151061136,6143.307097401996,6131.201824935899,6165.856134348645,5869.55387692688,5882.84594081122,5812.667008279015,5925.649551295913,5964.576309814341,5808.473678601218,5982.378181088011,6022.887328164097,6374.810543387601,6453.3761352754,6499.028045163882,6497.603895461987,6588.749476383182,6607.026064224151,6719.613010101635,6811.470665873776,7078.498734978839,7004.838547619783,7088.309544036329,7041.549962157486,7439.9162815483,7766.916876988663,7432.637294183064,7327.883171665997,7835.27606267956,7920.092089370115,7960.047400451021,7932.355600691977,8783.838883568627,8616.817771307653,8840.567513360724,8674.495834234347,9299.855792221433,9367.97761962868,9542.515077538537,9695.373812208458,9512.766172654538,8693.95921349356,9742.054274659418,9874.816674647062,9965.171061289424,9311.961064687528,8865.41101371598,9174.451499026905,8482.156505050816,8624.808833523834,8848.004739581726,9321.218037749837,9244.551312131229,9100.079236816904,9572.501340706187,9954.569057953106,9836.048154984399,9796.646679898675,10268.04023122548,10304.514287479535,10244.7
Illinois,49639.193956652016,50939.77664895971,51953.643900466515,50292.65183879866,51425.120256580514,52124.63684407668,50371.527371709744,50905.232619947565,50353.67962338679,49518.28985510948,49244.24055827971,53499.489198760515,50095.75087342936,50741.72421595669,49817.671439881495,48361.640617019104,47642.549079749384,46804.28064238772,45691.96290819628,46846.88494483604,47032.84696768482,47864.782333060924,47225.71779633602,47737.54515953281,47544.09859706473,47524.523647291186,46871.06576514455,47538.341258896035,47950.56667177444,47101.359291892266,48682.32435301529,47752.51423877141,49574.13603534579,49274.178716756905,49233.87734957606,49631.133683215856,49931.09100180475,50187.868284128446,51585.74999148704,51092.92184424694,52406.74641434263,53137.928361766615,54638.866422344814,55523.76929887288,54580.71730684101,55113.27108744509,56073.01936016618,57226.21419535533,56652.783313753534,57717.8908749617,57842.82511322233,58080.027445772466,59552.1788155072,59582.692707801274,59643.14475857255,59351.8234472367,59287.341259747336,59887.83163074199,60832.61082422447,60636.285592672044,58580.91586644874,55394.2291900773,61024.33018524194,59973.04023563865,61483.190037286746,58703.54716944189,56212.92267766541,57341.36095872918,54585.32317737597,55583.06988201042,56177.80291483638,58253.32332465012,60697.889111077064,59557.360419859026,63600.739015731946,63841.3957511833,64952.562017740995,64764.87279344162,67601.51330915654,68497.93086202198,67630.3
Indiana,23156.711329642174,23444.939476076353,24085.75205354929,23219.96750681762,23454.015362366743,23665.23598876126,22879.484257499378,23139.109610775966,22762.32281629617,22113.534459961986,21951.818667878688,22237.296545740024,22143.787414263283,22168.539831418893,22007.92414676473,21424.867209321543,21497.19927278737,21473.821989918186,21039.27955540864,21899.288538137345,21845.383274109576,22883.88468721593,22391.86163953392,22328.05540864391,22495.546764730185,22416.889083546812,22450.717386992812,22869.033236922565,22373.159813238577,21973.270762746877,22528.549987604332,22691.365887116764,23270.022394843403,23084.37926617635,23126.733402198162,23263.97180398314,23323.927658871165,23672.386687050654,24013.144963226176,23859.955003718696,24250.21811420544,24567.874134369056,25151.48112552681,25172.108139823154,26121.77587802661,26399.82803074126,26991.960854474833,27362.147004379804,26928.97970415668,27352.521064374843,27729.582885711927,27999.934286422613,28140.197983637714,27900.924617800178,28218.5806379638,28132.49723163375,27527.4381456078,27747.459631435417,28129.746963060905,28251.03380712338,27108.572241963473,26867.373688124946,28794.761903974875,28156.699595074788,29924.57223369969,28473.25550780927,26994.436096190395,27354.721279233123,26202.633774068257,26421.83017932402,27123.423692256834,28293.112916287908,28815.11389141393,28793.936823403023,30393.76805222709,31314.83299727295,32033.20314850012,31882.21340385092,33402.28684406247,33652.83631104867,33281.0
Iowa,10866.222425477072,11085.651020662703,11291.222383902215,10858.553860225336,10972.371512908994,11059.550991560305,10698.455743566292,10764.37849748472,10660.785598470045,10502.167380368353,10536.339583419947,10718.905250904254,10888.151831372386,10868.24046896437,10982.999875275433,10820.614642664117,11011.790629027562,11009.907121772752,10743.390845216813,11056.5911944456,11132.066020870578,11319.07138402694,11335.350268157817,11297.81465929406,11350.283789963829,11248.170789506506,11227.85581840103,11454.54937014094,11474.864341246413,11377.191036461149,11620.970689726853,11550.070095206418,11687.43158857523,11547.110298091713,11583.031472165634,11585.049515652934,11481.860225335715,11534.463892237975,11744.744023614518,11733.442980085643,11918.295763522221,12182.121315428429,12299.975055086683,12452.270070261506,12805.562216771299,13048.265580177107,13205.403899721448,13338.191161185714,13362.81129173076,13350.568494574482,13564.884712925621,13536.22849540598,13744.62511952771,13591.79195942294,13794.672598012721,13717.045191867957,13886.69538103355,13996.746019207583,14245.503513075293,14268.240136365526,13537.43932149836,13462.63717623581,14082.983744231487,14094.822932690311,14613.729181391096,13933.24491747391,13249.397247744564,13311.14937845591,12856.685985116203,12877.135492454165,13025.528956886876,13593.00278551532,13942.931526212948,13891.538685403068,14854.818110007069,15165.32773458612,15482.295098324532,15491.981707063567,16234.89078285453,16343.999667401153,16180.0
Kansas,11111.519227212451,11366.873661711335,11354.778640598828,10867.03672180346,11377.473792573981,11322.434651556392,11091.270259282524,11249.592726654104,11381.686665096317,11027.12587765215,11062.595546307928,10976.571407384143,11087.46508410106,10999.40245847292,10934.850379501675,10691.319167888052,10913.514218662756,10873.695778371022,10742.009537269681,11118.721880234505,11055.936489740368,11252.174809812954,11379.919976619207,11395.140677345058,11486.736679927415,11576.430094919038,11536.611654627304,11853.12069025684,11932.078075272195,11298.24460933138,11493.531635608599,11483.475101200445,11959.937393565047,11891.172442071469,11970.265726200445,12028.294647717756,11837.62819130374,12004.648201947235,12098.554489461194,12058.871948283082,12142.178104934394,12546.477967964824,12814.606919144333,12820.178782802903,13211.568230039084,13209.801541561978,13236.845465173086,13385.65499459101,13437.704355108877,13475.212510469013,13735.595212171971,13711.133371719709,13998.288198806531,13741.710672285037,13801.7780805067,13660.03530499721,13553.218601689001,13644.95050338498,13845.265796866277,14001.142080192629,13547.918536257679,13147.152050181463,14154.028583019262,13885.899631839755,14140.846368997767,13314.715657279452,12678.571906407034,12646.499715591848,12336.106140075377,12324.826513644612,12558.708888190957,13207.627155743998,13482.007466150195,13509.45908710218,14236.791143216082,14751.848783849804,14970.238659443048,14877.827262178951,15635.057123290064,15708.714442874092,15577.3
Kentucky,14013.000638483602,14351.69243546577,14459.126930207425,14019.95325601696,14163.144069501603,14531.46726025689,13744.166093860415,14034.189568109072,14019.78771750426,13546.513109697802,13552.306957642266,13632.096520763187,13544.526647545412,13572.337117678846,13503.969711934154,13366.407207881282,13062.809575591304,13104.856357816852,12850.09258677308,13326.015810782725,13465.564776987985,13792.006724030429,13808.726113813027,13666.197454379182,13770.155640354158,13611.238668163114,13508.770328802428,13721.48731762065,13766.513793074782,13500.824480192876,13773.797487633537,13555.783266408946,13907.883682919733,13631.765443737788,13766.348254562083,13800.614726690776,13636.73159911876,13788.36487675105,14066.966193623479,14015.649254686785,14115.800054869685,14679.7897676352,14999.775712682378,15114.328363470091,15559.958039655816,15941.02769588893,15837.235048426655,16224.760706655026,16305.709039364843,16418.109689487468,16697.70423743609,16793.882113314212,16810.76704160951,16781.466724861788,17014.544950741987,16958.592933449723,17169.654537140956,17285.034880492163,17473.252169430933,17622.733446398135,17221.964707153842,16816.726428066675,18110.575443322112,17524.56910836763,18183.081311884274,17323.77089246373,16541.601419960927,16544.41557467681,15909.740916988816,15806.444885064639,16217.145935070874,17150.78314669327,17499.572792950075,17836.443666292555,18490.15525294093,19013.422491582493,19441.33954690942,19316.854585359768,20010.12987654321,20090.416055202226,19911.8
Louisiana,17146.23504084787,17940.69791896666,17422.637306800618,17717.18607860455,19370.067203024948,19939.026551115036,19613.49594005299,19808.46022852727,20052.552862110842,19465.004410465885,19623.6756872378,19611.5042503864,19050.73295981453,18895.823763523957,18672.090624310003,18533.55754305586,18150.267931662616,18103.131276219916,17721.61205564142,17937.15713733716,18112.42582799735,18558.564313314197,18753.971199492164,18320.88934643409,18713.47350960477,18445.480600022078,18232.14850684478,18210.461219364097,18530.016761426363,18206.035242327227,18504.124795760654,18645.53476208876,19190.372535327886,19067.772971406488,19098.754810664606,19001.604614705233,18875.90686685803,19161.603684588208,19463.012720799295,19310.09521417531,19009.571373371604,19515.017950982558,20016.92374696401,19893.660286487084,20417.47466880106,21153.957247736806,21198.880914661073,22028.309011371162,22001.310551446233,22205.126793994263,22266.6478748068,22046.67681607419,22049.11110344447,21778.905205343344,21662.059411569884,21372.600513358357,21377.247789247074,21475.504479465668,21743.054791344668,21779.790400750717,21017.858453852947,20437.170266615147,22379.067691543387,21878.489688673,22907.52934974608,21926.51153952307,20654.26444027379,20924.470338374915,20465.275220799293,20134.433437293002,20465.275220799293,21264.827972510488,21387.427536431882,21385.878444468977,22323.30038087878,22774.086142084343,23040.972557407815,22992.065511150366,24070.67611503643,24260.77182877015,24054.3
Maine,6386.422548382711,6589.190205617078,6641.951177652551,6510.221169041109,6510.290137632004,6575.810298983246,6372.628830203503,6442.218138417609,6218.552998141742,6054.062908854678,6072.063711078546,6060.545956398906,6045.85564653805,6051.511070991524,6003.9917118641515,5876.744661660951,5768.532942545059,5811.500374673295,5736.600484960192,5963.57611759907,5854.260901028841,5989.439339185086,5987.577187230892,5954.817106555272,5887.91757338611,5789.7752685410405,5688.460408514753,5878.193002069768,5691.632963695971,5649.562123249385,5746.462993458325,5647.9068770678805,5822.259474853076,5820.604228671572,5841.501711713073,5898.6077049749965,5919.022407880226,5913.298014835854,6029.441121904791,6069.856716169872,6084.133214485353,6289.4527095828735,6462.219029777461,6431.183163874243,6501.807000951791,6578.500074028191,6519.5319288120745,6688.84981946186,6718.0235334108875,6850.374259340393,6997.760138085238,7021.27842758079,7093.626479430738,7090.247018476833,7221.9770270882755,7202.114072910214,7291.7732410750705,7336.740762339291,7477.988436494387,7514.817664032874,7385.225681739209,7074.315273979846,7777.587995346799,7674.686857729904,7977.872783308911,7630.6848967382275,7310.739603571484,7308.601577253706,7165.008971008144,7142.801084739617,7186.872014322189,7683.721743137285,7805.313368887009,7841.72878488012,8360.165682645678,8602.452342463477,8732.802979257,8723.423250895137,9141.234974543368,9215.238272574823,9130.2
Maryland,23552.029821605378,24091.43079087703,25167.24209904636,24125.958977922146,24096.32454967083,24277.93737601834,23455.514023172193,23925.314867376543,23417.179579287462,22788.33157428477,22658.646966249195,22744.831496117702,22257.902496135073,22034.692720040297,21773.692251037886,21307.153912696067,20714.737223158292,20409.96480050027,20370.542854661362,20971.659559832548,21641.017012628323,22318.25885459188,22327.50262120238,22369.915197415277,22558.324910976393,22472.684132084978,22034.14896906321,22413.41527558234,23004.472587677395,22315.54009970644,22964.506890861398,22989.519435807466,23285.04809185499,23059.39143636332,23168.957258246624,23414.460824402024,23433.492108600112,23764.908329135473,23993.555615001125,23720.59262450277,24376.356302871332,24845.88527158714,25142.50142958884,25150.113943268076,25840.405808681757,25955.681015824488,26454.84441279161,26583.985269850094,26707.96049262624,26984.185988987127,27560.83390018934,27496.943160381456,27890.346992304887,27519.236950442075,27944.178339036633,27502.108794663793,27406.680498184785,27614.39337143254,27998.281561256925,28090.99110285049,26814.53568413556,24174.896565860097,27478.45562716045,26607.63843735344,28149.988083864584,26526.891417255814,25370.604964477407,25461.411377651162,24836.641504976633,24809.182080633673,25420.63005436954,26716.388632771108,27237.030193333216,27424.89615591725,29050.43970192291,29802.71917872466,30144.466667824698,30138.21353158818,31447.837759905506,31722.432003335132,31303.2
Massachusetts,26603.268844641792,27197.398527589237,27636.86684121109,27005.812134667314,26373.24410748435,26319.369892729053,25658.65410165708,25457.987784899997,25263.98007895536,24352.05306177724,24396.242024441694,24180.74516542051,24311.496068646844,24109.619095378406,23839.64269334625,23336.009584622585,23337.82556938962,23277.59540794971,23329.35097381013,24099.933843287567,24384.135459328143,24707.986076115598,24757.925657208987,24958.894638093912,24391.399398396272,24349.631748754524,24038.79568946414,24436.496353444247,23977.052207385037,23367.789318045652,23951.023092390904,23916.216717689455,24564.825943647873,24584.801776085227,24583.591119573874,25000.66228773566,24983.713096576692,25129.59720619496,25341.764759809917,25761.25724099441,25792.431646161804,26625.968654229695,27224.638299094724,27744.009942466004,28257.630967408346,28516.711460838305,28948.915835392032,29316.95541484394,29399.885385871752,29990.0804351573,30790.324389162928,30885.360925304292,31643.53456554034,31392.626003562025,32135.36377327829,31678.94626849747,33141.41933421427,33280.039504764405,33815.45234691114,33388.39326253068,33163.81647967433,28281.844097635443,33536.698685171665,32658.0647220558,34636.882789865485,32124.770528803936,30279.124677243293,30340.26283106672,29151.09547278831,29372.948278494106,29659.87387168523,31097.83114304709,32213.14845413285,32010.06082435305,34388.09287678204,35080.588401277084,35570.29896012016,35456.79991218063,36935.31417667288,37253.716839159235,36876.9
Michigan,37695.19744602037,38395.0929310653,39005.33238290198,36889.53263147634,37059.34198469562,36862.26397621484,35792.175837923016,36163.60797549999,35705.82509626164,34869.173173465904,34949.326493476954,34564.26002826924,34468.40657341067,34508.483233416184,34492.78309856867,34122.590445321766,34224.22816038732,34357.26614514792,33671.831310620466,34884.46014687007,34652.263415704045,34870.41265779597,34891.89705285048,35212.92349433802,35117.07003947945,34951.80546213709,34647.30547838377,35189.373292066746,34583.67861610696,33506.566733278094,34597.312943737714,33892.45952137252,34938.99745739305,34451.88011567643,34568.3916427028,34949.739654920304,34878.262725219734,35335.632443014736,35641.78507254147,35791.76267647967,36444.14459553866,36822.600477652675,37379.54210329645,37579.09908043736,38925.17906289093,39319.748241295834,39835.786884047375,40283.24072720183,40665.001900862706,40949.25697389156,41702.86344657277,41947.45502103947,43086.127958928366,42879.13407580705,43471.194424136076,42592.40003411804,42771.71210053452,42974.16120777892,43651.33281343926,43361.70664164676,42352.35323552826,37955.4891553346,44190.92165846208,42677.92445289273,45781.18005393901,43204.705293171515,41163.274601549936,41866.062216698345,40357.196625562545,40867.03784666374,41775.16669916004,43321.629981641236,44581.35922243343,44652.42299069065,47283.84822342447,48129.17653653068,49180.672409871484,49028.628998716515,51015.109218371756,51197.31341489171,50861.0
Minnesota,21072.25748299619,21572.178108419637,22261.076771871783,21456.110746055907,21409.201303992046,21440.563616686173,20621.12267731916,20795.625801796727,20349.85207521271,20049.09553809469,19922.84212545424,20379.338010224285,20208.051533202524,20357.89369385223,19983.95842711459,19385.930054289005,19441.68527685634,19118.144153593017,18837.223609119144,19693.655994227942,20230.031957483876,20770.96483796887,20733.97339222708,20844.411621543146,20526.767685282135,20742.28306482125,20498.89007399847,20721.374856358503,20346.635427756904,19973.772376837864,20694.301406938786,20914.105649752313,22098.904129308143,22282.521088243833,22522.96548556546,22634.74398465478,22626.70236601526,22500.717007329455,22770.11123175335,22859.641252606663,23223.926576976883,23627.07972477145,24026.480117200903,24182.755572762228,24602.260011790484,25159.008075599864,25811.183347264872,26106.04269738058,26232.296110021027,26575.1371180192,27165.92803406921,27248.22059814696,27527.264764938278,27558.0909697231,27771.193863670356,27701.23178150654,27101.863138907705,27626.176674204362,28032.814523409383,28209.462079524157,26935.93774097896,25616.30812223385,27694.530432640273,26993.301287274197,27858.847506841117,25914.92022771467,24417.83889099084,24696.615003827505,23513.156794044928,24226.71642132493,24832.25030488073,25809.03891562767,26105.774643425928,26151.343815716533,27906.025002859627,28822.23341985552,29385.41477857652,29198.313118230373,30447.712600857005,30769.645400392426,30464.6
Mississippi,10191.44006168093,10479.015010698049,10525.963572312116,10787.00237780824,11143.018963960953,11333.334744416958,10932.771057602302,10986.203563787109,10643.03479372827,10331.925527380316,10340.93100595079,10343.452539950522,10403.12884461086,10259.521479673711,10226.141172439155,9907.94759628243,9832.901941528484,9898.221679426317,9629.378125835785,9962.100540752876,10121.43747492645,10380.675184708478,10338.409471951056,10179.913049110726,10419.458779085317,10260.722210149772,10165.864502540788,10295.303247860391,10327.843043761703,10134.045144925114,10339.009837189087,10328.563482047339,10566.428189355443,10473.011358317732,10557.302637737364,10535.809562215834,10804.773188853971,10711.836650006686,10811.977571710351,10717.360010196577,10700.069491341268,10914.159735223322,11130.531367009895,11103.03463910805,11542.742139442364,11800.659045700722,11699.557539616208,11972.003284634931,11830.076942364269,11925.054723020861,12094.117574050548,12180.089876136668,12153.913951758494,12062.298216434876,12140.585843474191,12054.493468340466,12085.472314622893,12024.475206438889,12244.088810510832,12353.23521078497,12045.968281960419,12055.934344911742,12950.59862262637,12636.12731094544,13288.123959447714,12634.086069136132,11803.540798843273,11774.843340465364,11508.521320874566,11271.016832709282,11440.439902881786,12104.804075287511,12336.424984120087,12418.194729539984,13218.481591836053,13571.13613265579,13713.662840164483,13735.035842638406,14400.7208185678,14399.40001504413,14366.5
Missouri,22146.577567521905,22623.907682653087,22914.925075426614,22512.274026694984,22148.373971181,22502.778750211193,21805.517501387847,21985.671125485747,21851.45410924187,21365.655234003523,21341.018840964498,21447.263285945304,21646.40746301079,21619.71803721851,21443.1572204388,20957.358345200453,21213.217552074533,21029.984378846755,20770.27573556033,21501.668653906494,21428.01610388357,21751.368762520815,21751.625391614973,21792.17278849171,21278.91460017861,20994.569563853154,20929.129144843235,21147.007245782144,21188.067900847193,20780.54089932659,21440.334300403083,21318.17885158456,21935.11519393691,21922.796997417394,21800.38491950472,21928.186208394683,22023.138973232602,22076.00456662885,22455.55899688639,22308.253896840528,22865.90891844271,23331.947353431005,23885.239680432525,23982.502107117856,24380.020573966354,24645.631686418383,24873.5183220294,25356.75090632618,25220.2242282349,25490.198035287587,25973.173990490213,25968.041408607078,26492.84790615722,26298.579681880718,26403.28435229659,26372.745490091962,26384.293799329003,26532.882044845646,26839.040554174408,26747.42396756052,26424.327938017424,25474.80028963819,27726.207332673603,27114.146943110234,28262.818768554946,26780.27249161256,25549.47935603775,25726.553431005766,24514.494219304386,24574.032169148704,25220.480857329054,26462.052414858437,26983.26610509039,27441.60566725399,28958.540242813353,29869.5735270691,30724.40503970457,30676.672028191453,32056.82329656537,32281.887012140665,31897.2
Montana,3402.41363362785,3431.245008065099,3462.1675470062833,3393.292596961745,3517.116231311843,3561.4311216505766,3513.3788309218294,3595.023232298914,3583.6330596817293,3516.938259864699,3547.816305944098,3631.418393239762,3600.36237571322,3582.387259551725,3523.478710547223,3457.2733322098366,3349.600606688013,3368.065144329152,3324.7290969497076,3371.224137515949,3573.7111515034785,3592.576124900691,3562.0985145773648,3528.3729253436695,3578.4273948527825,3560.674743000217,3487.3060139153044,3523.0337819293645,3565.346493487734,3455.5826034619736,3560.85271444736,3570.8191154873966,3593.55496785998,3604.2777475503767,3601.563682981438,3656.15642439271,3653.6203312709154,3667.546597009895,3742.472576257313,3744.608233623035,3867.3640392902716,3898.286578231456,3998.7959530057537,3919.6876447504633,4152.42980475239,4164.709834605292,4185.176551026795,4260.369487444928,4355.317254495992,4407.106945614753,4508.150234730481,4526.570279509834,4641.495341502757,4606.301487830127,4674.464552086092,4643.853463177408,4761.359111153911,4809.455894744445,4874.815908707898,4975.369776343982,4814.216630955533,4646.923470640633,5059.728242290006,4983.556462912584,5204.7304788501815,4837.085961913474,4575.111991718227,4603.809887570118,4494.357447576859,4519.629393071237,4598.782194188314,4760.558239641765,4850.611791896382,4774.306533933602,5053.32127019284,5271.113828634711,5276.85340780509,5291.002137852999,5548.215371837156,5568.726581120446,5544.3
Nebraska,7316.209651099123,7458.821466335151,7391.9414426382555,7061.743678583932,7261.936690692686,7183.522545261967,7034.830727871678,7124.153112461515,6996.830714407533,7025.889548233055,7064.3366206791325,7169.842540414875,7196.9343147199015,7250.670804348022,7154.821358621991,6997.724832371395,7094.110748875744,6958.8307009433875,6878.985966770491,6965.715409265128,7079.000155286472,7157.771947902736,7238.957859021426,7292.068466074843,7172.256658917304,7131.753115154344,7036.082493021086,7219.644911002002,7378.440261383936,7216.962557110414,7395.16026730816,7325.955536905222,7838.732189180214,7735.193328964967,7800.016881344978,7897.654562998735,7641.579178148591,7731.259209923974,7870.920435879255,7915.805157665138,7952.732229572648,8189.047607421437,8173.84760203578,8261.828809679824,8397.10885761218,8569.315977452045,8582.817158706366,8706.831320294057,8734.280741784629,8770.581931117435,9134.219707020206,9125.546762770742,9035.509083809817,8867.236083010943,8917.574924376386,8929.109046110209,8884.58197150987,9003.320837110774,9211.382087301517,9231.589153284804,8928.572575331891,8982.845535738328,9412.469217374133,9133.772648038275,9585.928102363407,8890.48315007136,8415.170040482197,8309.93235613561,7908.473390361469,7785.621582126796,7940.39340167135,8241.711155492923,8531.852434766219,8561.090092184513,9082.807924098128,9387.076267200446,9513.236311901408,9533.175142495535,9992.84118771711,10050.60120818261,9961.1
Nevada,12524.141239954644,13091.509543396754,13568.708172842164,13103.542320838884,13438.327698279358,13296.371387189949,12925.030736507568,13076.582806822977,12775.763370769779,12523.379671762104,12501.751135093975,12429.859097718225,12133.304443543246,11902.549281203705,11655.191932266795,11112.34612462446,10644.895568043567,10456.178969932216,10205.775348225146,10635.452122456072,10529.289516416033,10725.926423729794,10998.87246393604,11151.033788805482,11092.088410702905,11283.394340668889,11257.653335761046,11278.520304236636,11448.045383895982,11025.070409759406,11272.580072334826,11325.7375321741,11718.402092247594,11819.081407301346,11934.535145290374,12286.988904797767,12340.755619191075,12423.766552177905,12618.880323106589,12629.085336886623,12770.737020699014,13118.925998328186,13206.50634047026,13414.41445703361,14068.296907148237,14342.004515547022,14498.582935933193,14500.86764051081,14880.890168588146,14934.047628427421,15454.503331209084,15656.0142749551,16025.679475613895,16002.22317528367,16344.471921011032,16113.716758671488,16747.34149486456,16775.824145265542,17020.135221432294,17236.725215390597,17020.135221432294,15080.116407756543,17371.218158193118,17136.35052761386,17114.72199094573,16340.664080048333,15649.46478849926,15726.230862307264,14853.016772741192,14988.880538290281,15324.88442483882,15986.077929601826,16213.482191894194,16315.380016056015,17143.204641346718,17738.903281551306,17781.09415941801,17725.042740447083,18438.93676413384,18526.06016536039,18403.6
New Hampshire,8062.7128347899625,8279.645785170567,8433.888854430974,8210.61819377878,8526.052906211822,8567.438917864862,8273.84258058453,8246.277358800866,7978.031862606897,7682.984724180058,7696.423724274034,7648.852718259563,8072.486653040128,7968.487118221971,7866.778322056198,7700.317979983084,7775.225133915985,7816.00028192839,7726.966906305798,7981.315254675313,8172.897363969551,8353.636643642514,8332.02734235504,8369.060950568555,7808.6699182407665,7819.360031951885,7688.482496945776,7974.443038718166,7337.159545625411,7199.486152617235,7455.438018043417,7482.239660276289,7175.58611267738,7274.087874729819,7293.101005544591,7397.100540362748,6792.727325909219,6856.4098604454475,7042.723270839207,7154.282243210224,6544.1058241706605,6813.1912578705005,7029.131554835072,7092.432299595903,7175.280680857061,7255.380175735363,7270.728124706324,7412.143057513391,7453.83450098675,7575.701797293486,7712.917042571187,7800.805048867588,7895.412555210977,7845.398094633963,7963.60020909689,7784.3117305704345,8017.585283338032,8107.000448736021,8241.085017855465,8159.687437740814,8157.320341133352,7645.951115966544,8464.890184193215,8298.887989850577,8569.653298562165,8119.523153369044,7623.807308993516,7916.410992857814,7345.635278639225,7484.912188704069,7737.809735927074,8191.757778874166,8207.945665351,8440.150206747487,8800.025249036744,9010.16234141528,9418.906474955362,9426.160480687906,9809.095625411144,9854.604966638473,9750.3
New Jersey,40619.03458498375,41989.269816515385,43462.04294747686,41486.73737544184,42207.40468747225,42372.819600703384,41101.2529139061,42097.12807865148,41334.865203644826,40361.23882839837,40658.21180127533,41687.46015026909,40923.74626725164,40387.840641929695,39883.85719284534,38482.18345441305,37728.626627471174,37687.03106449493,37147.73975381446,38119.9151210501,38523.7790173893,38922.806220359154,39084.83544823176,39002.127991616195,39023.89311177818,39110.469923089215,38302.742130410836,38942.63666317341,38372.87418426615,37173.85789800884,38204.55725501341,38274.689308868714,39628.96345228157,39923.51807847386,39979.14005222118,40369.46120712624,40337.05536155171,41124.4690420789,41622.64845912005,41136.56077550223,42619.00729320237,43303.883074299716,43695.65523721558,43974.24877528908,44783.427575978254,45375.92251372138,46038.54950531981,46703.59484360291,47373.960544592264,48038.522213538425,49252.532249240656,48802.71976589282,50100.888266221424,49395.214703635946,49873.56367786283,49131.13124567044,51172.21584752837,50755.29287909199,51410.66483063643,51055.16786799055,50757.22755643972,42752.98369953285,50557.955789623265,50072.351775342366,51612.35494413755,48803.203435229756,47263.6839357715,47581.4546901366,42715.257491252065,43283.08529281159,43673.40644771666,44887.90015275582,47051.35309685784,47301.410144052286,49802.94795467059,51481.7642231656,52389.611568589135,52629.02789037106,54983.530222561676,55228.26690704986,54460.2
New Mexico,6690.63027288072,6814.237441860465,6960.958768754688,6810.104446736684,6961.417990435108,7147.938529632408,7006.65132595649,7200.519412040509,7088.392785071268,6941.671458177044,7007.722843210802,7042.853301762941,6942.2072168042005,6949.707837584397,6850.59249156039,6805.206082145536,6814.543589647412,6823.498412415604,6685.043075768942,6809.492151162791,6848.75560483871,6901.566098087022,6828.626387846962,6704.559997186796,6718.642795386346,6620.6755035633905,6583.3254735558885,6677.389381095273,6732.878667479369,6601.235119092273,6768.238736871717,6750.711776069017,6799.465811140285,6759.5900618904725,6818.982732558139,6855.4143192047995,6966.7755767066765,6989.660123780945,7143.652460615153,7065.814385783946,7154.4441701050255,7172.047667854463,7326.728837209302,7260.75398912228,7461.510400412603,7525.4952878844715,7484.7776322205555,7563.993372093023,7495.798952550637,7673.8238906601655,7721.582945423856,7723.5729060390095,8069.826053075769,7950.045731432858,8022.143535258813,8032.093338334583,7985.711948612153,8085.592664103526,8206.750650787697,8297.217321830456,7899.378272693172,7515.392410915228,8233.232434358588,7933.743361777945,8408.884727119279,8053.447146474118,7577.310800825206,7461.433863465866,7016.2184442985745,6815.615106901724,6821.50845180045,7102.475583270817,7178.170623593399,7213.836840772692,7570.575549512378,7720.2052803825945,7854.0684002250555,7805.467439047262,8159.910039384846,8235.069321080271,8161.9
New York,78886.0454218551,80629.03086542827,82870.5819393141,79381.61965838591,79831.32585692797,80465.5013386857,78574.94046854,80193.28450453498,79763.52093120544,77570.82928909024,77859.00022341097,78347.5945411174,77800.16947903407,77968.68466207976,77684.50225280154,75887.6717211546,74554.5072256985,74748.94782152043,74746.95355899919,77771.25267247595,78535.05521811497,79877.19389491674,80818.48580494708,81254.23216584037,81942.25273567188,82833.68808267095,81208.36412785159,83805.89106178068,81965.18675466625,80546.26897079636,82760.89750064531,83207.61230540548,85879.92408388147,86021.51672289027,86211.96879366972,87301.83326153325,87454.39434440894,88188.2829522292,89803.63559444231,88938.12566021949,88811.48999012007,91728.09892744929,91772.96983417743,93333.48025705613,94070.36025865827,94707.5271341979,96219.17812530596,97144.5159351663,97281.12291787198,97986.09471913411,101606.67832646485,101977.61115541749,103622.87773544936,102641.70057499399,103611.90929158247,101016.37662017462,104972.99346233612,104985.95616872422,106477.6645346198,105516.42999937692,103950.9339201951,84944.61496141486,100502.85402095257,96548.23144131232,102277.74766486572,95910.06743451211,90663.16274110139,92334.3547339095,87619.91813367275,88818.46990894445,90728.97340430265,93702.41882348752,96427.57855877666,97182.40692307007,102590.84688070208,104558.18685791595,107932.47904387221,107271.38101807759,111462.32370648603,112403.61561651637,112026.7
North Carolina,30558.91233826248,31411.392144177447,32203.82703327172,31440.229505545285,31630.63509704251,31983.794015711646,31393.61568853974,32039.493576709796,31930.069616451012,31294.857601663585,31395.98588262477,31481.70790203327,31846.32275878004,31358.85284195933,31061.39348428835,30120.82146487985,28828.275623844733,28961.79655730129,28678.16333179297,29745.935767097963,30262.2430452865,30552.196788354893,30564.44279112754,30283.96982439926,29790.969454713493,29536.963655268024,29082.281423290202,29568.171210720888,30040.629898336418,29482.05415896488,30127.141982439924,30025.618669131232,31400.726270794825,31248.24378465804,31404.67659426987,32214.88793900185,32212.912777264326,32795.58548983364,33283.45043900185,33482.94177449169,33845.581469500925,34385.59068853974,35394.503304066544,35481.80545286506,36839.13659889094,37423.78447319778,37993.02608595194,38500.24762014787,38937.548428835486,39077.78491219963,39998.2102818854,39999.79041127542,40939.96739833641,40983.02592421442,41287.59586414048,41284.43560536044,42441.090318853974,42726.30367375231,43587.47419131238,43883.35341959334,42573.821187615526,41148.14944547135,45410.94350739371,44964.951987060995,47549.648636783735,45501.80094731978,42834.93756931608,43611.17613216266,42279.52208872459,42593.177772643256,43327.14787430684,45317.71587338262,46595.25048521257,46828.714602587796,49609.34729667282,51531.57469963031,52229.20182532347,52181.402911275414,54601.371072088725,54929.64295286506,54710.4
North Dakota,2662.1244391011473,2707.858920457559,2752.3346546206744,2696.572153957674,2709.8729159668314,2793.2019801630095,2723.005845016884,2768.404660455084,2711.7610367567754,2678.697943812874,2719.691144074539,2737.481437739785,2767.9850780573183,2778.8942203992146,2769.7892823677093,2763.9990452785487,2818.2090910698184,2837.635756086349,2859.1183748519297,2954.825119782182,3046.7975813723233,3086.9516168384575,3098.7838404554373,3110.154523434875,3294.602945492477,3278.1133572603026,3283.1483460334857,3484.1283145630377,3611.849196442778,3597.2477290005477,3699.793667014373,3746.9547285231874,3936.689888792631,3981.794996552395,4030.2148052545035,4108.383005958169,4156.676939940948,4211.977899966408,4360.677901734411,4343.05544102827,4394.412326514736,4376.622032849489,4423.111762521879,4336.384080903802,4235.558430720815,4189.74003288485,4166.033627411114,4208.1597001467435,4155.795816905641,4212.06181644596,4217.726178815792,4197.754056682166,4305.334983469174,4241.306709570198,4265.264864482593,4219.572341365959,4303.237071480348,4326.104312158554,4382.957727055745,4372.426208871837,4203.208627853114,4045.8232704513707,4306.132190024929,4166.998666925973,4442.916051696398,4072.047170311698,3865.6545888509745,3822.311727161825,3662.0732094552777,3606.2687505525005,3684.3530347766127,3852.5636180406996,3969.6690652569787,4027.1518537508173,4278.859334170188,4473.965149131026,4518.524799773695,4530.147232191793,4760.7077597637945,4796.833804211383,4746.4
Ohio,47613.73965193332,48767.5011135401,49447.910856162045,47286.60932077469,45585.31813686979,45780.1021024047,44629.0089142984,44839.26886613608,45282.73592191556,43354.107835769915,43275.12694015576,42861.01089288154,42865.2801304823,42362.57740299221,41923.91323951359,40916.37316573302,40907.83469053149,40702.37763099467,39896.02537915016,41202.41208498429,40885.421193127484,41903.63436090996,42058.39422393769,42276.12534157672,42565.89984372866,42653.41921454434,42308.144623582455,42921.313873992345,42235.03392966935,41447.35959232818,42261.71666467414,42544.02000102473,43991.29154768411,44068.13782449788,44553.76360158491,45011.10567956688,45316.889822721685,45612.534526574666,46342.040501605414,46278.00193759393,47197.48898585872,48265.332040750094,49141.059403607054,48880.63590996037,49820.93549152889,50027.45986046592,50622.48485107255,51424.567865316305,52265.07401796694,53157.344676526845,53901.25932846017,54138.20201530263,53505.28754098921,52616.21881062986,53152.541784225985,52697.86797974449,53274.74871054789,53837.2207644487,54480.27467806394,54847.962766429846,53688.8647578221,51099.03849825796,56698.67726636152,54941.88599364667,57736.63565804755,53956.22576257002,51601.74122574805,51870.16953989615,49267.53556752972,49256.32881882771,50045.07046556907,52953.488581090314,54096.04329399508,54098.71156749556,57500.22662590518,59144.416756899845,60446.53422513322,60291.24070740538,62554.47029051099,62853.31692256456,62493.1
Oklahoma,11594.991539357132,11914.987311789047,11967.274202709294,11955.920477823756,12387.810196824998,12711.839529413615,12262.022876382573,12342.245906165926,12409.47190877767,11974.2955852043,12053.472877169244,12092.314567567142,12077.076673641814,12097.692647776084,12003.875026353468,11921.859303167135,12043.613063452854,12095.003607671611,11884.362132821476,12265.907045422364,12499.704143394327,12879.755144826067,12984.926491134222,12716.76943627181,12998.969256124232,12898.279643323525,12749.187308642362,13102.646691263235,13336.145007001367,13138.35116820592,13464.471976431347,13632.387591843799,13964.932218096572,13810.312412089555,13989.731143504461,13914.587411696219,13988.83479680297,14058.600448402272,14261.174802939002,14275.665741279756,14083.69815604399,14403.24575512516,14732.951950156548,14566.829028147074,14550.694787520259,14693.960868641732,14450.752130304127,14932.986655705723,14631.814164005096,14862.92222187259,15099.408359949022,15162.302020170235,15515.163838323446,15355.912907692067,15507.395500243867,15425.827950408282,15665.75008417376,15777.494639626173,15980.815949747479,16182.643348699632,16236.42415078903,15915.083858304883,16986.516948819208,16422.864264698943,17261.695386176623,16565.53278135276,15585.527054390408,15500.374117748865,15199.052234931323,15001.706569486618,15194.869283657705,16003.822181752386,16311.269100363443,16427.495389323303,17384.79366651458,17990.126472254127,18169.843985902862,18148.182273950188,18937.116762378264,19076.648065576865,18990.3
Oregon,12600.52601364618,12851.055230217944,13127.59839321945,12816.425199620391,13404.80433192617,13306.713527554159,13148.641521860069,13311.850039269586,13241.927202369265,12813.774096799529,12986.261474082074,12865.139213953793,12674.425504777799,12453.389807088159,12249.75197166045,11793.596592545326,11713.400732214148,11644.306364945347,11461.380270305648,11862.52526588782,12028.219192191897,12145.36479808888,12106.261031481115,12150.501309804307,12072.29377658878,11922.506467209894,11647.951631324038,11866.336226192814,12027.059334707768,11779.843996662083,12183.14301328621,12205.677387263564,12629.191062896785,12601.3544832777,12615.769854866156,12849.563984881208,12867.293234995743,12998.191436775965,13254.188552915768,13241.927202369265,13765.52000949015,14048.856623470121,14246.69517147719,14278.839793180183,15037.88366957916,15056.93847110413,15278.80263842529,15373.248176418614,16024.425306793637,16240.32449276785,16941.70688281301,17071.113839256497,17443.92517344067,17271.272102231822,17610.11618152366,17474.247161954314,17611.110345081484,17808.783199162248,18207.11139799725,18651.833896197393,17919.46674193337,16759.112176025916,18496.578687250472,18151.769626611687,18894.409804306564,17762.720287649714,17099.7788885071,17097.459173538842,16779.492528961317,16566.24444580797,16958.27627544342,17823.032876824396,18170.16165243144,18375.456427122193,19219.33559378886,19832.07173326134,19613.687138392565,19544.758465050065,20332.79877855226,20438.51150353426,20253.1
Pennsylvania,47772.080488800035,48945.86502182872,49813.00890121997,48474.02897303032,48196.41626422947,48280.861194663186,47642.774189073396,47616.91292912808,47158.27140070994,46079.4874144192,45716.374213554205,45674.151748337346,45141.0931249745,44670.84041862172,44429.644586070426,43517.11155657106,43570.945199722555,43854.891278305935,43308.1103537476,45138.98200171366,44412.22781916847,45706.3463780652,46135.959961646746,46300.6275759925,45728.51317230405,45675.207309967765,45084.092796931734,45918.51426577992,44839.73027948917,43989.47538618467,44919.42518258598,44893.563922640664,46202.988125178505,45842.51382838957,45825.09706148761,46132.265495940264,45187.53783671304,45853.06944469379,46375.572451752414,46564.51798359787,46643.15732506426,47895.58119955934,48587.50184830063,49004.448692317106,50256.34478599698,50257.92812844261,51254.906088375705,51976.910243583996,51696.65863070709,52768.053685584884,53487.94671753234,53159.13926965604,55180.53979191318,54306.00698110898,55252.84576359704,54317.0903782284,55584.29211554938,56015.48904157656,56924.32760536945,57047.30053531356,55605.93112897303,49564.42413725571,57338.63554530989,56187.01780652005,57996.77822187768,54568.841827083925,52169.0224603207,53289.501131013094,50141.28856828104,50961.45995511853,52053.43846178954,54283.840186870126,56081.4616434779,56203.379011791585,59488.81458647844,60982.96207434004,62283.4140030193,62366.8033718226,64987.23511934391,65238.986568199434,64676.9
Rhode Island,4309.113776929676,4428.677510964297,4531.11064037908,4338.862320502233,4298.59882780241,4322.038401898607,4190.338664079601,4186.570807308996,4433.97879781596,4005.713682320021,4009.8320373948663,3956.5562951500524,4043.392250026058,3941.4848680676378,3870.0270262902586,3757.8237566447247,3634.5797904155606,3717.998386825204,3693.551130104311,3802.8627887398475,3912.1744473753834,3933.5986562221883,3964.661568435653,3936.577891808247,3898.89932410221,3941.7039295077893,3810.398502281055,3901.133750791754,3818.2847141265042,3773.902866351836,3864.9448008787467,3855.218472936026,3937.9798850252155,3890.355927936307,3920.9369049814386,3983.6761014407925,3825.5137416515,3942.054427812031,3971.2772239282244,4023.1947852441012,3956.4686705739923,4091.2352685551177,4121.553371872068,4220.48151824443,4164.401789565677,4166.8114654073415,4230.558344491393,4278.839485900756,4248.083259703502,4379.432499218267,4480.770321432294,4416.629131755971,4677.136996383987,4578.559348315867,4686.512826022466,4615.142608821147,4837.533782862824,4798.67228337997,4894.708818742332,4892.255330612637,4979.6608452330365,4395.949731805681,5081.173916599184,5010.986631174683,5053.61598742814,4734.224407687435,4472.489798994572,4525.677916663325,4350.384952254195,4398.753718239619,4479.543577367446,4728.353561091378,4774.005965218925,4847.216298517514,5107.461289417349,5282.97331526663,5287.354544069658,5289.369909319051,5521.136912999205,5522.670343080265,5464.4
South Carolina,17035.312519660973,17443.1780691619,17816.06060425348,17273.924987886607,17611.015652744332,17698.574295745777,17317.805416365383,17757.014129065443,17574.212712729874,17139.45270706453,17250.67038293241,17258.556727221225,17071.10438989482,16822.58343781914,16644.23072851829,16198.146741310034,15884.917323274867,15795.538754668318,15628.510026910377,16158.512805909848,16007.25676672953,16357.69355269141,16284.492100574735,16223.221271869337,16417.548883703937,16383.172511162962,16061.65232092673,16252.34008155111,16384.992436768072,15966.611761548726,16349.402780490349,16347.582854885239,17088.89921803368,16954.62915116773,17123.88223244303,17434.07844113635,17489.687279070287,17739.421514882706,18101.99113821199,17797.861348202372,17995.0199554227,18210.98446056251,18699.128950644434,18650.395387218687,19237.018073932715,19496.256365682933,19481.09031897368,19723.747066321775,19777.73819260673,20011.901953797642,20350.00368843599,20745.736400569516,21394.236557857304,21407.784892917578,21770.758944159108,21747.30212524879,21846.993605617634,21813.426088901146,22266.18313666147,22579.614768652766,21810.392879559295,21855.08216386257,23629.307414889412,23007.499499809914,23547.006334747184,22572.537280188448,21367.54431564902,21608.987779260373,20873.737834795636,21066.852162893498,21548.52580637947,22693.056798038,23253.79609836823,23285.341475523484,24632.895279129923,25389.782116899863,25921.40260754832,25973.97823614041,27012.346900834145,27230.940187403558,27126.8
South Dakota,3577.4263938938943,3661.9813838838836,3632.834441941942,3498.835464631298,3660.8270495495494,3702.190696529863,3623.84025358692,3679.5368852185516,3590.4126551551553,3538.611901901902,3574.4443635301964,3600.6092751084416,3547.269409409409,3516.8719386052717,3525.4332515849183,3484.9353553553556,3510.138321654989,3553.7625400400398,3509.5130572238904,3602.3407766099435,3821.0390357023693,3861.3445428762093,3885.970342008675,3831.6685310310313,4004.0491249582915,3951.430718218218,3912.5681289622953,4046.038036369703,3994.2853803803805,3947.8234234234233,3990.293307474141,4025.115726559893,4251.942423256591,4202.979408575242,4221.9297305638975,4312.160197697698,4270.748453453453,4325.194556222889,4472.227892058726,4443.994798131464,4480.163940607274,4572.895465465465,4633.353726226226,4576.983732899566,4613.826237070404,4644.656583249916,4654.276036036036,4759.609044044044,4704.970552218885,4785.148691191192,4881.776094427761,4867.0102344010675,4902.794598765432,4833.582635969302,4905.632337337337,4863.402939606273,4879.563620286954,4896.5900517183845,4957.4811878545215,5030.589029029029,4748.01760343677,4623.589981648314,4983.646099432766,4978.788275775776,5248.3253428428425,4889.712142976309,4657.739039039039,4648.311975308642,4557.792924591258,4532.349471971972,4604.928243243244,4861.046173673673,4940.5028536870195,4990.2354245912575,5265.015093426759,5391.4628003003,5525.702263930597,5510.69591758425,5777.97241324658,5818.326017684351,5765.9
Tennessee,26629.077993065475,27455.047703220254,27921.684159358214,27147.378953928437,27349.400414712083,27747.48204727265,27214.940229338048,27912.74222584812,26993.378987921227,26540.321023409706,27134.794010469785,26816.85859677748,26149.194228023658,26004.467378249148,25705.078197022234,24839.03537743332,24300.201087769394,24034.592544247287,23598.424898588164,24675.431112470826,24989.06115076937,26318.75978199288,25521.93415142657,25656.3943368006,25933.26309289098,25901.138368799147,26054.80715208376,26432.355455843364,26392.613529131824,26365.45654587894,26447.589861082786,26292.596346907794,27040.738117252477,26741.348936025563,26725.783348063545,26785.727420853447,27314.626228839486,27240.772481700547,27496.44554354477,28039.254025879847,28129.004543703402,28860.918360640877,29859.765451990846,29810.750409046617,30860.268456953792,31456.066174904256,31623.31344981531,32159.49827769846,32445.971332744128,32729.13256056383,33207.36041199266,34090.624733156576,34490.36227933012,34406.573050513296,35634.598585899796,34978.52561243684,35729.648027284886,35732.628671788254,36103.884503818525,36236.026410134386,36220.79200489497,34248.59889183493,37629.31212409636,37252.75736850454,39383.25582296553,37405.76378634397,35756.80501053776,36765.587583565626,34466.185940580595,35090.134189951736,35437.54486595509,37409.40679629252,38441.3721599021,38621.20437827181,40435.09214993089,41124.94576109865,41823.078940331325,41905.54343825776,43945.62900945,44002.59243773654,43842.3
Texas,88250.30443129002,90672.73035895417,92168.21416741103,93323.34648842597,93851.92266210468,94956.77578611115,92471.1785596415,93327.21411896509,93924.11843216809,91192.28206137496,91184.54680029674,91403.71253084645,92186.26310992689,91640.92720391201,91169.07627814029,89948.19423796043,90100.32103916553,90273.07520324588,89230.1041678652,91724.72586559277,92442.81593568799,95377.05830469471,95380.92593523383,94871.68791425068,95500.8224819463,95752.21846698863,95103.74574659744,96710.10163050883,99520.57982226393,97835.5821173906,100751.77554388143,102206.00462658775,104955.88993989676,104952.02230935765,105810.63628904062,107774.10339273006,109486.17451137722,110781.83074197994,112736.27337441145,112959.30673550027,115019.46460266755,118465.52341301682,121134.18848500446,120612.05836222428,122777.9314641273,124127.73452227756,124858.71669416984,126293.60762418059,125187.4652899944,127198.63317033292,129917.57743932902,133381.68519219416,133590.53724130624,133055.51501672898,134794.65954914992,134166.81419163398,134598.6996018349,134924.86977730005,136675.61720133832,137621.89747324117,135038.32027311402,129711.30381057634,139457.73276913993,138227.82625770214,144641.64690173042,140458.1598685904,136827.74400254342,136029.72290130652,133639.52722813498,135347.73071624304,137177.11996124324,145247.5756861914,147516.58560247076,148990.1528378726,155463.27715016727,160599.49050610873,163197.24901821266,162734.42256369884,170061.0040149577,171222.58238687116,170312.4
Utah,10115.855155322712,10264.244268602857,10601.356448772854,10339.43472533206,10972.661198669595,11085.69585878568,11042.706171604965,11429.779339579576,11434.42687332884,11265.123858176998,11437.580556944416,11696.016630073262,11214.83090367601,11125.199895654443,10988.761583443838,10639.366635507926,10608.327749396754,10477.366887676357,10227.229981956914,10415.787065498578,10725.180026521164,10685.84197300059,10731.48739375231,10738.6246777244,11058.972539727398,11052.665172496252,10913.903093411014,11036.066837677445,11483.723927740704,11219.478437425274,11699.668263733398,11976.196521814745,12072.466863763833,12207.411325840745,12252.226829851526,12328.08121997348,12505.185452490166,12518.464120345214,12661.54176648334,12754.82440816504,13453.116353992307,13705.411043238191,14040.863389926308,14165.682867763746,15150.628055911831,15267.978283080804,15797.299180452601,16044.448385904656,15911.329740657815,16359.15281406926,16963.000234777508,17159.856485728575,17221.104341209975,17562.0341383883,17714.572835373147,17980.97610921502,18259.330184126437,17672.413064933375,18597.27228103737,18741.179843916438,18131.85497271799,18018.820312601903,19704.879163496447,20161.665337710052,20682.18911762788,19315.15026195083,18507.97323971218,18691.88278950458,17907.113519271323,18356.26445946827,18850.562870372385,19469.01682572118,19828.37077454838,19852.438360035656,20839.70731505837,21426.458450903243,21968.062116040957,22055.535340536077,23114.011151931485,23236.838829590666,22906.2
Vermont,2928.8023292406106,2992.642520463613,3087.0338492227265,3003.0265683037555,2950.071263241161,2926.2647484179392,2860.0539224790205,2907.5000060187094,2821.622928704086,2779.385563695144,2779.25200680974,2812.607838939331,2838.7515992571193,2829.736509492365,2796.5810126908796,2741.3886297977715,2680.353133168249,2692.5735881826936,2633.1073849566656,2720.4869772320812,2740.0530609437333,2787.6994798115284,2796.714569576283,2799.7863779405698,2779.853012794057,2785.829683415876,2760.954713509424,2839.953611225753,2726.8977077314626,2683.859001410098,2742.3903064383,2707.498570126565,2841.7566291787043,2820.187192185995,2815.7464257463203,2833.843383718531,2881.5231918076765,2866.1641499862426,2910.3047006121888,2897.984077933691,2947.90096385335,2981.390352868345,3135.548387845646,3049.704699752373,3130.4732262003026,3148.5367949511624,3181.358399539139,3234.480650708488,3235.3487704636123,3321.8936322052555,3388.9725778992984,3409.4735598087773,3455.851188265236,3438.0213440638327,3463.3637630691983,3441.293487756225,3451.210086497455,3466.001511555922,3493.447451506397,3504.499283773559,3385.83399109231,3127.4681962787176,3485.3338707181183,3550.2091278029993,3543.2641697620033,3302.6614407071124,3186.3000042990784,3179.2548785940294,3046.933394380245,3094.1457533704775,3176.516962443252,3287.6362910991884,3344.7986380520015,3400.391691601321,3563.965486999587,3705.669342412986,3767.739904904389,3743.1988272114463,3899.827664568717,3921.029820126565,3883.3
Virginia,31131.60580546966,31895.855620248676,32744.507674590903,31741.65237243912,32006.611301700807,32170.78612211699,31420.78141106172,31945.713483281797,31351.692658001542,30488.08324474939,30663.654148144567,30754.466684383457,29890.14501594511,29718.135388480867,29631.952510952196,28815.708067581498,28217.413711184123,28211.35954210153,27918.266532985443,28992.703481349054,28878.03039637289,29909.375905972167,29638.00668003479,29581.0262651398,30001.61295258343,29426.110762144053,29016.92015767942,29381.95094060044,29824.97366640897,28982.375781149338,29648.6905078276,29682.878756764592,30994.496682128593,30853.470155263494,30840.29343431903,31313.943133133616,31039.012631265297,31420.78141106172,31715.298930550183,31790.085725099863,31940.72769697848,32787.59911335524,33576.06560446463,33705.69604835073,33857.05027541554,34183.61927828244,34652.995445979905,35167.243690407166,34976.71542810205,35274.08196833527,36140.89652992527,36059.343311106815,36411.19737308337,36062.19233185156,36920.81595880041,36744.88892781214,37560.06498840355,38328.588334299704,38656.93797513207,39036.213861776836,38455.36975744105,36557.56581384486,40133.44297609844,39135.929587843064,40410.86637111841,38653.37669920113,37311.48792842417,37834.283235085684,35817.176547803116,36025.155062169826,37097.09911738178,38537.63523144568,39421.54391750418,39306.158577341834,41288.00863290813,42554.04222635614,42899.485991657,42824.69919710733,44619.58226629945,44916.59267893957,44222.5
Washington,30995.839790270897,31389.112321584616,32511.15053888727,31997.34898533838,32631.058277502663,32713.067715312165,32649.075502475967,33041.72675016992,32647.832935236424,32857.205515098554,32553.397825031552,32803.15384017865,33091.42943975143,33019.98182347801,32220.389804835413,30626.176036508394,30369.585901543833,30555.970987474513,29853.92049713564,31289.70694242159,31809.1000485484,31937.084474220796,32944.1852218662,33760.55189824255,33316.334110107775,33461.09319351392,33525.085406350125,34591.208097873576,34932.914088746475,34435.26590931158,35343.58256141372,35027.34919895135,37785.84847072531,36364.351548694045,38177.878434799495,39696.29560151471,40164.74345082046,40583.48861054471,41694.965006311286,41817.35787940577,43995.57825031556,43732.77527915331,46696.919429070775,47351.13108068744,51286.96281192348,49445.47816292843,53988.92527429847,56447.34455772404,58103.68668802796,60362.05264588794,63594.59131954558,66453.11725410233,67799.43885814156,68967.45206330711,70493.94591707933,66924.67152150693,70383.35743276046,72721.24769395085,74580.7495679192,74941.71535100494,74627.96712302165,74054.52234197494,80655.6608020196,78936.56902611903,82267.89179531993,79683.97322070104,74188.09832022527,75654.32766287988,70911.44850956403,71426.49263035246,74868.40388387222,75698.43879988347,78092.86587047286,78484.89583454703,81938.6114768424,86664.09468880473,85998.69993203222,86056.47930867074,89664.27328866879,90465.10787455091,89580.4
West Virginia,6335.763467654532,6423.608037951068,6462.192666524528,6319.017878400227,6357.253640530889,6472.937752962706,6308.272791962049,6467.216343300819,6296.899745926835,6159.446367464421,6171.307826519553,6181.843593092053,6083.742349377254,6056.740086704688,6030.156463763481,5979.64060284633,5959.615669029725,6027.016665778299,5980.129015866248,6076.137060924259,6318.808558534548,6304.993447399748,6355.090668585541,6361.719130998703,6424.375544125224,6325.227701082032,6201.868526908658,6393.74507044756,6430.166727075672,6289.7130972051955,6411.18839258746,6295.155413712844,6613.740249275981,6430.236500364231,6407.62995487092,6463.029945987244,6260.89672903008,6300.667503509053,6397.303508164099,6304.435261091271,6436.097456603237,6491.357901142441,6647.161654496029,6526.732958442159,6792.429641277117,6768.567176589734,6734.796904926887,6906.3694214949455,6859.2724517172155,6944.395863759928,7028.333129897127,7077.313978465967,7138.574925821297,7026.937664125935,7064.336146793881,7014.308698896648,7042.0784677433685,7045.357812305669,7123.015482472505,7110.456290531777,6862.063383259599,6812.384801805163,7256.073143755663,6909.997632500044,7344.196807206439,6686.583562532203,6467.286116589378,6540.268976422722,6319.157424977346,6332.48412309223,6415.235243323917,6712.888092319173,6917.5331476644815,6875.808721105841,7231.373399605565,7482.208371977329,7594.892233001084,7552.888713288205,7834.144839471955,7869.171030328875,7854.1
Wisconsin,21706.85676634567,22185.732196123074,22416.8101783919,21540.161202462758,22112.615728731318,22191.72125829851,21543.904366322404,21781.969587795902,21487.756908427713,20802.508377855145,20766.57400480254,20611.856565270497,20607.614312896236,20740.371857785016,20634.315548428378,20246.27422831172,19941.081601621896,19777.879657341324,19421.280913645693,19985.999567937655,19686.796003423264,20125.74435203111,20039.901127516554,20270.230477013454,20472.11178117704,20288.447207797068,20170.163229832247,20369.050002908116,19810.07086653428,19468.943866791855,19859.2310852243,19925.609857668693,20882.612084451575,20900.080182463254,20990.165659352075,21077.007060895867,21432.607627562254,21412.893631234787,21661.439711515297,21353.003009480446,22173.254983257586,22361.660897526443,22903.671024403215,23104.05506302294,23237.311696426346,23784.562252706623,24233.49237160686,24442.11137071781,24277.661705150684,24730.334987910566,25285.57096042475,25524.384814670182,25679.601342716847,25702.80895864665,25879.48629282195,25787.404461874652,25634.932920658397,26044.185502646385,26118.549691324693,26447.449022458935,25773.429983465307,24656.46988774688,26766.865671815412,26170.953985359738,27178.364152119186,25667.623218365978,24399.43930271784,24625.02731132585,23586.174568145376,23830.22885179431,24539.93271958323,25649.406487582364,26282.00117986257,26050.17456482182,27987.885722832005,28771.953779299234,29178.46137445681,28999.28859770841,30137.709499555476,30439.158962385653,30033.4
Wyoming,2299.086438237835,2338.8434782608697,2375.9444572415778,2370.883961992514,2423.1105096458396,2525.4107975813417,2487.0516844226895,2595.0834725021596,2645.884134753815,2624.2721854304637,2661.596832709473,2715.193348689894,2798.4538727325084,2782.2379211056727,2780.83999424129,2755.8450619061337,2751.7910739994245,2707.7843363086668,2600.982723869853,2604.253872732508,2538.27172473366,2546.6592859199545,2551.8036567808813,2508.2442556867263,2628.8853440829257,2601.2063921681547,2579.3707745465017,2613.536107112007,2634.253383242154,2598.634206737691,2637.189029657357,2796.804319032537,2718.995709761014,2711.055485171322,2698.8376043766198,2699.3967751223727,2681.36351857184,2680.972099049813,2718.1849121796718,2679.8537575583073,2775.13645263461,2799.5442556867265,2835.3032248776276,2765.434840195797,2854.6505326806796,2835.079556579327,2772.7320184278724,2788.724301756407,2739.461359055572,2769.069450043191,2828.4254247048666,2846.4586812553994,2806.6177656205014,2783.244428448028,2835.3871004894904,2810.0007486323066,2931.0332565505328,2870.726691621077,2925.2737978692776,2933.0462712352437,2826.71995393032,2756.23648142816,2862.4789231212208,2790.6813993665423,2986.1115750071986,2776.2827526634037,2649.8542470486614,2663.77759861791,2618.568643823784,2617.9815145407433,2666.405701122949,2824.2036855744313,2857.8098473941836,2864.8274402533834,3054.777742585661,3156.518859775411,3180.4793262309245,3180.7029945292256,3309.6757270371436,3337.606305787504,3301.4
