"Geography","2012-01-01","2012-02-01","2012-03-01","2012-04-01","2012-05-01","2012-06-01","2012-07-01","2012-08-01","2012-09-01","2012-10-01","2012-11-01","2012-12-01","2013-01-01","2013-02-01","2013-03-01","2013-04-01","2013-05-01","2013-06-01","2013-07-01","2013-08-01","2013-09-01","2013-10-01","2013-11-01","2013-12-01","2014-01-01","2014-02-01","2014-03-01","2014-04-01","2014-05-01","2014-06-01","2014-07-01","2014-08-01","2014-09-01","2014-10-01","2014-11-01","2014-12-01","2015-01-01","2015-02-01","2015-03-01","2015-04-01","2015-05-01","2015-06-01","2015-07-01","2015-08-01","2015-09-01","2015-10-01","2015-11-01","2015-12-01","2016-01-01","2016-02-01","2016-03-01","2016-04-01","2016-05-01","2016-06-01","2016-07-01","2016-08-01","2016-09-01","2016-10-01","2016-11-01","2016-12-01","2017-01-01","2017-02-01","2017-03-01","2017-04-01","2017-05-01","2017-06-01","2017-07-01","2017-08-01","2017-09-01","2017-10-01","2017-11-01","2017-12-01","2018-01-01","2018-02-01","2018-03-01","2018-04-01","2018-05-01","2018-06-01","2018-07-01","2018-08-01","2018-09-01","2018-10-01","2018-11-01","2018-12-01","2019-01-01","2019-02-01","2019-03-01","2019-04-01","2019-05-01","2019-06-01","2019-07-01","2019-08-01","2019-09-01","2019-10-01","2019-11-01","2019-12-01"
"United States","10186.6","10650.2","10697.6","10662.3","10541.400000000001","9867.7","8610.6","8876.0","10053.8","10564.7","10682.8","10603.2","10153.9","10635.400000000001","10693.599999999999","10663.6","10548.9","9881.7","8585.0","8885.0","10069.2","10592.7","10723.5","10606.8","10185.1","10609.4","10694.4","10700.4","10546.5","9946.0","8642.9","8898.3","10132.0","10654.0","10767.400000000001","10673.8","10270.5","10694.900000000001","10747.5","10750.8","10615.7","9987.1","8755.9","9000.4","10192.8","10705.400000000001","10821.2","10725.5","10323.099999999999","10725.4","10816.6","10805.599999999999","10665.0","9992.8","8836.7","9084.7","10318.9","10781.7","10884.5","10776.199999999999","10398.0","10836.2","10886.400000000001","10875.7","10740.8","10080.1","8841.8","9146.9","10357.4","10827.4","10962.7","10849.8","10416.8","10875.7","10920.9","10902.9","10755.3","10123.9","8893.9","9287.5","10453.0","10886.199999999999","10975.400000000001","10896.099999999999","10494.4","10893.9","10961.2","10965.8","10767.199999999999","10130.6","8916.400000000001","9329.5","10502.2","10933.599999999999","11048.7","10953.8"
"Alabama","162.0","166.7","168.2","165.5","163.1","157.6","143.8","147.7","158.3","165.7","167.5","166.89999999999998","161.4","167.1","169.3","168.3","167.8","160.6","151.4","153.6","161.5","168.1","168.9","170.10000000000002","164.3","166.5","167.8","167.2","167.3","162.8","150.0","153.5","163.10000000000002","167.9","169.4","170.2","163.60000000000002","166.6","167.2","166.60000000000002","167.0","162.10000000000002","150.60000000000002","154.7","161.5","165.3","166.2","166.2","161.7","164.7","165.60000000000002","164.3","164.5","160.4","149.5","154.1","161.9","164.9","165.7","165.8","161.39999999999998","164.6","165.60000000000002","165.2","165.3","161.5","151.0","154.5","162.5","165.1","166.2","165.4","161.5","165.0","166.1","166.10000000000002","166.0","162.5","151.5","155.6","163.39999999999998","166.3","167.8","165.7","161.7","165.4","166.5","166.8","166.8","156.8","147.2","153.7","164.1","167.8","171.0","168.3"
"Alaska","30.4","33.8","33.9","33.8","31.5","29.299999999999997","23.799999999999997","25.9","31.9","32.9","33.3","33.2","30.299999999999997","33.3","33.0","33.3","31.9","29.299999999999997","23.6","25.2","30.9","32.2","32.8","32.5","31.4","32.900000000000006","32.7","33.0","31.599999999999998","28.9","23.3","24.799999999999997","30.900000000000002","32.2","32.7","32.6","31.7","32.9","32.8","33.0","31.7","28.799999999999997","23.1","24.799999999999997","30.7","32.0","32.4","32.3","31.5","32.5","32.5","32.8","31.3","28.700000000000003","22.8","24.4","30.2","31.8","32.4","31.7","31.2","32.4","32.1","32.300000000000004","31.8","28.599999999999998","22.6","24.1","29.700000000000003","31.1","31.4","31.200000000000003","30.4","31.700000000000003","31.5","31.8","31.200000000000003","28.1","22.400000000000002","23.9","29.5","30.900000000000002","31.0","30.6","30.6","31.7","31.4","32.0","29.4","28.0","22.1","23.6","28.9","30.3","30.700000000000003","30.7"
"Arizona","190.5","202.0","201.89999999999998","202.10000000000002","191.9","152.2","134.9","175.5","200.1","202.4","204.8","202.5","193.7","203.8","202.60000000000002","203.0","196.7","150.10000000000002","138.8","172.7","199.5","203.3","205.0","200.79999999999998","195.60000000000002","204.0","202.6","203.10000000000002","189.4","152.3","140.8","172.9","199.7","205.0","206.9","202.7","194.2","205.7","204.8","204.20000000000002","193.7","147.7","136.0","171.1","199.60000000000002","204.70000000000002","206.3","202.2","192.10000000000002","204.8","204.8","204.3","191.3","149.5","140.2","173.39999999999998","203.5","205.10000000000002","207.2","203.70000000000002","193.39999999999998","205.9","205.20000000000002","205.3","193.0","152.5","140.4","177.7","202.7","204.4","206.6","201.6","193.1","205.0","204.2","203.8","195.3","154.0","141.5","183.10000000000002","205.10000000000002","206.7","208.7","205.0","197.0","208.2","206.8","208.39999999999998","197.4","153.1","141.3","190.79999999999998","203.6","205.0","207.4","206.5"
"Arkansas","104.80000000000001","108.3","108.8","108.7","108.7","99.9","88.0","92.5","104.6","108.39999999999999","109.30000000000001","108.69999999999999","104.9","108.3","108.5","108.0","107.5","98.60000000000001","85.8","90.9","103.4","105.6","106.2","105.5","101.6","105.0","105.30000000000001","105.1","104.8","96.0","84.0","89.6","101.80000000000001","103.5","104.3","104.4","101.5","103.60000000000001","103.69999999999999","103.5","103.6","95.8","83.3","89.1","101.0","102.9","103.5","103.6","100.9","103.0","103.3","103.3","102.80000000000001","94.80000000000001","83.0","88.6","100.6","101.7","102.1","102.3","100.10000000000001","102.4","102.4","103.4","102.39999999999999","95.5","83.1","87.9","101.30000000000001","103.19999999999999","103.7","103.4","100.80000000000001","103.39999999999999","103.8","103.9","102.69999999999999","95.3","83.4","88.2","101.9","104.2","104.9","104.80000000000001","102.19999999999999","104.7","105.0","105.3","104.19999999999999","96.4","84.5","89.5","103.0","104.4","104.8","104.4"
"California","1132.3","1158.7","1177.1","1171.8","1174.5","1154.0","977.9","990.4000000000001","1062.1","1133.9","1158.3999999999999","1149.3","1126.0","1151.5","1171.2","1167.9","1173.0","1148.9","974.0","1006.5999999999999","1080.1000000000001","1144.3999999999999","1171.5","1155.6","1145.5","1164.8","1185.3","1191.3","1195.5","1168.5","993.5","1025.5","1106.3","1178.2","1203.0","1192.0","1179.3","1196.5","1212.2","1219.5","1218.7","1196.5","1023.7","1056.1","1141.4","1211.2","1231.3000000000002","1221.8","1206.8","1224.8","1247.9","1250.3","1255.5","1220.5","1052.7","1084.5","1177.0","1242.9","1263.1","1257.1","1237.3","1257.9","1275.6","1276.4","1283.3","1255.4","1068.1000000000001","1096.4","1194.1000000000001","1262.7","1285.5","1278.0","1258.1","1275.6","1293.0","1293.3000000000002","1297.5","1274.3","1079.6","1115.8","1203.5","1279.6","1301.4","1291.7","1271.9","1296.4","1313.6000000000001","1314.1","1318.6999999999998","1294.2","1101.2","1136.4","1227.3","1300.4","1323.7","1316.3"
"Colorado","184.5","196.39999999999998","198.10000000000002","196.7","196.8","179.7","159.7","166.1","190.4","198.5","201.20000000000002","199.5","185.3","199.0","200.8","199.2","201.10000000000002","182.3","162.3","168.8","195.0","203.3","206.6","203.9","192.89999999999998","203.2","204.8","203.8","204.9","187.2","166.5","172.5","197.5","206.4","208.9","206.7","197.7","207.10000000000002","208.60000000000002","208.3","209.60000000000002","192.1","171.8","176.5","203.1","211.79999999999998","216.5","213.3","204.7","214.6","216.0","215.7","209.0","195.0","175.2","182.2","211.0","213.8","220.1","218.2","203.6","217.20000000000002","220.39999999999998","219.0","219.3","197.1","181.2","190.39999999999998","215.2","221.0","219.3","222.4","209.0","221.5","223.7","223.0","224.4","204.20000000000002","188.5","197.5","214.10000000000002","218.6","223.3","221.39999999999998","208.2","221.1","222.8","221.6","223.5","205.3","188.3","196.4","217.8","224.4","228.7","226.1"
"Connecticut","122.0","129.6","129.9","128.8","125.7","116.19999999999999","99.5","101.2","123.69999999999999","128.3","129.6","130.4","123.2","128.4","129.5","129.6","127.19999999999999","122.9","106.5","103.80000000000001","124.19999999999999","127.9","129.4","128.8","124.2","128.8","130.1","130.1","127.7","121.7","100.9","103.30000000000001","125.6","129.3","130.1","129.9","124.9","129.39999999999998","130.4","129.8","127.69999999999999","118.4","100.69999999999999","103.1","125.60000000000001","129.6","130.89999999999998","130.2","124.7","129.7","130.5","129.5","127.9","117.5","99.7","101.6","123.6","128.0","129.2","128.9","123.5","128.5","129.2","127.5","125.5","115.89999999999999","98.80000000000001","101.19999999999999","122.89999999999999","126.5","127.7","127.1","121.69999999999999","127.3","128.0","126.4","124.6","114.4","98.7","100.0","123.39999999999999","126.5","127.8","127.5","121.80000000000001","127.5","128.2","126.5","124.5","114.1","98.39999999999999","99.7","121.5","125.3","126.5","126.0"
"Delaware","30.9","32.900000000000006","33.900000000000006","33.5","33.8","30.299999999999997","28.3","27.5","31.700000000000003","33.5","33.8","33.900000000000006","30.4","33.0","34.2","34.1","34.0","30.7","28.6","27.8","32.0","34.0","34.5","34.3","32.9","34.0","34.7","34.4","34.4","31.0","29.099999999999998","28.200000000000003","32.8","34.5","34.8","34.6","32.5","33.1","35.7","34.6","34.9","31.9","29.6","28.4","33.0","34.5","34.9","34.8","32.8","33.3","34.8","35.099999999999994","34.8","31.1","30.299999999999997","28.700000000000003","33.099999999999994","35.2","35.8","35.3","33.8","34.0","35.8","35.6","35.4","32.1","30.9","29.4","34.6","35.4","35.9","35.7","33.6","34.8","35.8","35.9","35.9","32.3","31.4","30.0","34.4","36.6","36.8","36.6","34.4","35.7","36.7","36.7","36.6","33.1","32.0","31.1","35.6","37.7","37.9","37.6"
"District of Columbia","","","","","","","","","","","","","","","","","","","","","","","","","","","","","","","","","","","","","","","","","","","","","","","","","","","","","","","","","","","","","","","","","","","","","","","","","","","","","","","","","","","","","","","","","","","","","","","",""
"Florida","490.29999999999995","502.5","503.3","498.3","488.9","399.2","393.79999999999995","470.9","484.6","499.9","502.29999999999995","496.1","494.6","505.1","507.0","504.3","493.79999999999995","403.4","395.5","474.8","489.9","502.90000000000003","506.79999999999995","499.6","494.79999999999995","504.6","508.40000000000003","504.7","495.6","402.1","399.59999999999997","473.59999999999997","487.1","501.4","505.0","500.7","493.79999999999995","504.6","507.1","505.3","495.70000000000005","401.5","400.0","475.9","488.8","505.6","506.7","500.0","494.4","503.9","505.7","506.6","499.29999999999995","406.9","403.9","476.7","496.3","504.4","507.4","502.4","499.8","513.5999999999999","514.9","511.0","503.5","408.3","405.40000000000003","477.8","494.5","508.5","513.3","508.7","506.0","514.7","516.5999999999999","513.6","504.70000000000005","413.20000000000005","405.5","484.6","501.4","507.7","509.40000000000003","505.40000000000003","500.4","510.5","511.6","512.1","502.9","416.8","405.3","484.0","505.3","515.9000000000001","518.5","512.0"
"Georgia","347.7","352.8","354.3","356.2","352.9","341.1","315.4","331.6","345.2","349.5","350.4","349.2","343.20000000000005","348.8","349.8","349.3","344.6","328.2","309.1","328.0","340.7","346.2","348.3","346.8","337.0","342.1","345.29999999999995","346.1","342.4","328.20000000000005","308.4","331.1","342.9","345.0","346.1","344.7","339.1","344.0","344.4","344.2","340.5","327.9","308.9","331.3","340.1","346.5","347.9","345.3","341.9","347.0","342.1","346.3","342.70000000000005","331.5","309.4","334.29999999999995","344.9","348.2","349.2","347.6","341.3","347.8","349.3","350.9","347.5","338.1","315.3","340.1","348.8","352.1","353.5","351.6","347.3","352.4","353.1","352.8","352.6","339.1","318.8","345.6","352.0","355.9","357.1","354.1","348.7","354.6","355.5","354.2","353.4","340.5","323.7","349.1","355.7","358.3","359.3","358.20000000000005"
"Hawaii","","","","","","","","","","","","","","","","","","","","","","","","","","","","","","","","","","","","","","","","","","","","","","","","","","","","","","","","","","","","","","","","","","","","","","","","","","","","","","","","","","","","","","","","","","","","","","","",""
"Idaho","52.4","56.7","56.7","56.9","57.1","51.1","44.300000000000004","45.199999999999996","53.8","57.599999999999994","58.0","57.9","54.199999999999996","58.1","58.4","57.4","57.6","52.1","44.6","44.5","53.2","57.5","57.8","57.0","54.4","58.3","58.8","58.3","57.6","52.5","45.099999999999994","45.5","53.7","58.4","58.6","57.7","55.0","58.5","59.0","58.699999999999996","59.3","53.5","46.5","45.7","54.9","59.0","59.400000000000006","58.6","55.599999999999994","59.7","60.2","59.3","59.2","54.5","47.7","46.900000000000006","56.6","60.2","60.2","59.5","57.400000000000006","60.099999999999994","60.699999999999996","60.400000000000006","60.5","55.599999999999994","48.3","47.8","57.5","61.2","61.5","61.0","57.900000000000006","61.699999999999996","61.9","61.2","61.0","55.9","49.1","48.8","58.2","62.5","62.699999999999996","62.3","58.7","62.7","63.1","62.9","61.8","57.400000000000006","50.6","50.900000000000006","59.0","63.4","64.0","63.2"
"Illinois","428.4","450.0","452.0","452.20000000000005","451.1","411.6","368.8","371.9","434.1","448.09999999999997","452.70000000000005","447.1","428.7","450.2","450.6","449.09999999999997","448.3","409.1","366.4","369.4","432.2","441.20000000000005","446.7","443.2","422.1","442.29999999999995","445.4","447.0","443.5","406.6","365.29999999999995","367.3","430.20000000000005","443.2","445.29999999999995","443.0","421.2","442.8","444.70000000000005","443.9","440.79999999999995","404.6","364.0","366.1","429.1","443.8","444.0","442.8","421.9","441.2","444.29999999999995","442.3","437.9","403.6","363.6","366.6","429.79999999999995","437.8","440.4","444.6","420.0","439.2","441.3","439.6","436.7","405.09999999999997","365.79999999999995","369.7","430.6","437.40000000000003","441.20000000000005","439.79999999999995","419.3","438.7","442.5","439.4","436.8","405.90000000000003","367.5","372.3","433.0","440.3","444.09999999999997","442.59999999999997","422.0","441.6","445.40000000000003","444.9","442.9","411.6","372.4","377.2","438.7","453.6","458.0","456.4"
"Indiana","236.0","242.0","243.5","239.5","234.0","202.10000000000002","163.1","209.0","239.2","244.39999999999998","244.70000000000002","239.60000000000002","232.5","245.79999999999998","246.0","244.9","228.10000000000002","200.60000000000002","162.6","211.89999999999998","235.6","243.1","247.1","245.1","224.7","243.9","245.5","243.39999999999998","235.9","207.3","170.5","210.0","235.8","243.7","245.2","245.0","236.4","243.5","242.89999999999998","241.89999999999998","235.9","211.5","171.8","211.29999999999998","244.2","244.5","246.3","246.0","236.79999999999998","245.1","245.29999999999998","240.6","233.60000000000002","202.79999999999998","171.0","207.7","240.3","241.10000000000002","242.5","240.0","236.0","240.4","242.0","239.9","237.2","207.5","171.5","208.89999999999998","240.39999999999998","241.4","243.3","243.9","235.3","240.4","241.2","239.60000000000002","240.6","208.79999999999998","173.4","212.8","239.1","240.5","241.9","242.2","229.7","239.7","239.0","238.6","224.89999999999998","194.60000000000002","175.1","212.3","235.6","238.20000000000002","242.4","242.39999999999998"
"Iowa","139.0","143.3","143.5","143.5","143.3","130.70000000000002","113.80000000000001","120.19999999999999","137.8","144.2","145.8","145.0","139.2","144.4","144.1","144.2","143.89999999999998","133.2","116.9","121.1","138.8","144.6","146.2","145.3","140.2","144.4","144.5","144.60000000000002","143.6","130.8","113.9","118.4","140.5","146.10000000000002","147.2","146.0","141.6","146.0","145.5","145.7","144.60000000000002","133.1","114.4","116.5","138.3","146.2","147.9","147.0","142.39999999999998","146.7","146.8","146.7","145.5","134.6","114.2","119.0","140.7","147.2","148.6","147.8","144.9","148.6","148.5","148.6","146.8","137.1","118.5","123.8","143.2","149.3","150.8","149.2","146.2","149.8","149.3","149.5","147.5","137.9","119.30000000000001","124.1","143.39999999999998","150.7","152.2","151.0","145.6","149.8","150.7","151.1","149.5","135.6","117.5","124.0","146.1","153.4","155.2","153.3"
"Kansas","135.1","140.4","141.3","140.0","140.70000000000002","122.39999999999999","101.89999999999999","109.7","133.3","141.79999999999998","143.0","140.0","133.9","141.3","141.3","141.1","137.6","119.39999999999999","101.5","107.5","136.4","142.7","144.2","141.6","134.0","142.0","142.9","142.0","139.0","122.0","104.0","108.2","135.7","142.79999999999998","142.3","140.8","134.6","142.6","142.8","141.9","138.6","122.19999999999999","102.9","107.69999999999999","134.4","141.5","142.6","139.6","132.6","140.7","141.8","141.2","137.79999999999998","121.2","101.0","106.0","134.20000000000002","141.1","141.9","140.5","131.5","140.7","140.6","139.79999999999998","137.9","119.10000000000001","101.0","107.2","134.4","141.1","142.3","140.7","132.0","141.20000000000002","141.2","140.5","138.3","119.10000000000001","102.0","114.80000000000001","136.7","140.6","141.8","140.9","130.9","140.4","140.1","140.79999999999998","140.0","120.7","101.69999999999999","115.9","138.5","144.8","146.0","144.9"
"Kentucky","171.5","175.4","176.39999999999998","177.3","175.8","168.3","152.10000000000002","155.2","171.0","173.8","175.1","174.9","170.89999999999998","175.10000000000002","176.1","176.7","175.9","168.2","154.4","158.4","173.6","174.5","176.1","175.6","171.0","172.7","174.10000000000002","175.8","175.0","168.6","154.6","160.3","173.1","173.9","174.6","174.1","169.6","171.6","171.6","172.7","171.2","164.5","147.3","152.8","167.9","170.8","171.6","171.0","166.5","168.1","169.4","169.9","168.9","161.6","145.5","152.5","167.0","167.5","168.7","168.1","165.1","168.3","169.1","169.39999999999998","168.7","161.1","145.4","151.3","165.5","167.2","168.6","168.0","160.9","165.7","166.8","165.9","166.2","158.7","141.9","148.7","163.60000000000002","165.1","166.4","165.89999999999998","161.1","164.1","165.1","164.5","164.5","157.1","140.6","147.2","161.8","163.3","164.60000000000002","164.1"
"Louisiana","160.9","166.4","166.0","165.6","164.7","157.3","148.2","150.39999999999998","158.8","163.7","164.4","163.8","155.1","160.3","160.3","159.3","159.0","151.9","144.0","146.3","155.5","158.8","160.7","159.0","152.4","157.5","156.5","156.2","155.5","149.1","139.1","143.7","153.6","157.3","158.8","156.1","150.4","155.6","154.8","154.8","154.2","147.6","139.0","143.7","153.0","155.60000000000002","157.3","153.8","149.8","154.3","153.6","152.8","152.8","146.1","137.4","140.8","150.9","155.9","157.6","154.7","149.9","154.8","153.6","154.5","153.7","145.0","135.0","139.1","150.5","155.7","156.4","154.6","148.89999999999998","153.3","153.5","154.0","153.2","146.3","135.7","140.8","151.8","156.60000000000002","157.7","155.4","150.0","154.7","154.3","154.7","153.9","146.5","136.2","140.8","152.1","157.1","158.1","155.8"
"Maine","50.699999999999996","53.5","53.6","53.2","53.8","47.6","39.1","39.2","50.4","53.400000000000006","53.2","52.900000000000006","51.2","52.7","53.0","52.7","52.800000000000004","47.300000000000004","38.2","37.7","49.699999999999996","52.8","52.7","52.2","49.9","51.8","52.2","52.4","51.6","48.4","37.9","37.6","49.8","52.5","52.400000000000006","52.199999999999996","49.8","51.3","52.1","51.7","50.6","47.300000000000004","38.3","38.2","49.099999999999994","51.4","51.7","51.1","48.5","50.800000000000004","51.400000000000006","51.5","50.7","47.0","38.3","38.2","49.3","51.3","51.699999999999996","51.0","48.300000000000004","50.4","51.3","51.5","50.599999999999994","47.099999999999994","38.4","38.5","49.9","51.7","51.8","51.6","48.8","51.3","51.3","52.0","51.0","47.6","38.7","38.4","49.9","51.8","51.9","51.6","48.9","51.5","51.300000000000004","52.0","51.0","48.3","37.400000000000006","37.3","49.900000000000006","51.6","51.7","51.4"
"Maryland","194.8","212.70000000000002","217.4","216.6","213.79999999999998","194.10000000000002","177.7","178.3","204.1","216.10000000000002","216.89999999999998","217.6","197.60000000000002","213.7","218.8","217.2","216.4","200.3","179.10000000000002","180.20000000000002","204.7","216.60000000000002","219.9","218.1","197.3","214.3","218.8","217.5","212.2","201.7","173.5","179.29999999999998","206.1","215.29999999999998","218.4","217.29999999999998","196.60000000000002","212.70000000000002","216.89999999999998","217.79999999999998","217.8","206.2","177.1","180.3","206.4","216.3","218.6","218.7","198.4","212.3","218.89999999999998","217.8","215.5","200.4","176.7","181.2","206.2","216.39999999999998","219.2","218.2","199.89999999999998","216.0","219.60000000000002","218.5","218.3","206.0","176.0","180.1","203.9","216.0","220.1","218.8","199.9","218.29999999999998","224.2","219.4","220.2","208.9","177.1","181.7","205.7","219.7","220.9","220.9","203.3","218.8","223.3","221.39999999999998","222.39999999999998","210.4","180.8","185.60000000000002","212.29999999999998","225.0","227.7","225.2"
"Massachusetts","216.5","229.7","230.39999999999998","230.0","230.89999999999998","218.1","177.8","173.10000000000002","220.20000000000002","230.1","232.0","231.7","218.89999999999998","237.0","237.9","240.9","237.70000000000002","223.0","181.60000000000002","176.4","223.3","236.8","240.2","239.3","227.4","242.5","242.60000000000002","245.70000000000002","243.0","227.1","188.8","181.9","232.2","244.5","247.3","246.60000000000002","226.8","242.4","245.2","246.39999999999998","241.10000000000002","229.9","189.10000000000002","181.5","230.0","242.8","245.5","245.3","228.0","243.1","246.1","245.8","243.6","229.10000000000002","191.6","185.4","233.6","243.79999999999998","246.5","246.5","231.89999999999998","244.70000000000002","244.9","245.7","243.3","232.3","190.8","184.3","233.2","243.4","246.6","246.1","230.5","246.2","244.8","245.60000000000002","244.5","233.5","191.3","185.1","235.20000000000002","245.4","248.5","248.10000000000002","232.3","247.5","246.5","247.5","246.0","234.89999999999998","192.5","186.20000000000002","236.70000000000002","246.7","249.7","249.2"
"Michigan","326.8","338.6","338.1","336.7","320.3","295.6","255.5","255.89999999999998","319.0","331.70000000000005","334.6","329.9","318.70000000000005","331.8","331.3","330.3","314.1","290.4","251.39999999999998","251.2","315.2","329.9","332.29999999999995","326.2","314.8","328.8","328.20000000000005","327.4","309.3","288.9","249.29999999999998","249.0","311.3","328.3","329.9","325.6","312.7","326.1","326.4","326.2","309.3","287.7","249.5","246.8","304.7","327.0","328.7","324.5","311.0","325.4","325.4","324.6","303.3","286.8","251.7","249.7","313.6","325.79999999999995","328.29999999999995","324.1","311.7","324.7","325.5","323.2","305.6","288.0","252.5","252.2","315.8","327.2","329.6","325.5","311.0","328.6","329.7","326.5","306.1","289.5","253.3","255.2","316.3","328.6","330.3","326.4","311.8","326.5","329.9","327.5","307.4","292.1","258.5","266.70000000000005","322.20000000000005","334.0","337.3","333.4"
"Minnesota","201.0","209.7","209.8","210.3","206.70000000000002","196.0","153.6","156.5","188.9","209.7","213.2","209.4","203.39999999999998","213.1","211.7","212.3","210.0","196.2","151.1","156.2","191.89999999999998","213.0","216.6","211.6","205.39999999999998","214.89999999999998","214.79999999999998","215.3","212.3","200.1","169.0","166.1","193.0","213.3","215.79999999999998","211.20000000000002","206.5","214.3","213.3","214.29999999999998","211.2","197.89999999999998","169.0","167.4","192.2","212.4","215.7","210.8","208.2","214.60000000000002","215.1","211.8","209.1","195.9","169.0","170.0","195.0","211.79999999999998","213.79999999999998","207.7","210.10000000000002","215.39999999999998","214.8","211.39999999999998","206.10000000000002","198.2","171.8","171.0","200.1","214.89999999999998","218.1","210.70000000000002","211.3","217.0","215.5","214.4","208.8","199.2","173.8","170.5","198.0","212.8","216.0","208.6","209.5","215.39999999999998","214.1","212.9","207.7","198.4","172.8","169.8","196.9","212.5","216.0","209.1"
"Mississippi","106.5","109.7","109.9","109.5","108.6","102.5","94.69999999999999","101.6","108.0","110.0","110.1","106.80000000000001","106.8","110.30000000000001","110.80000000000001","110.4","109.1","103.5","94.69999999999999","101.4","108.6","110.1","109.9","106.2","105.9","109.30000000000001","109.80000000000001","109.9","108.6","102.4","94.9","101.0","108.4","110.30000000000001","109.80000000000001","105.8","105.60000000000001","108.69999999999999","109.4","108.80000000000001","108.0","101.5","95.19999999999999","101.0","108.0","109.69999999999999","109.19999999999999","105.69999999999999","105.9","110.0","110.4","110.5","108.69999999999999","102.30000000000001","96.2","101.9","109.19999999999999","110.3","110.2","105.7","105.80000000000001","109.4","110.4","108.9","107.1","101.3","94.6","100.80000000000001","107.69999999999999","108.3","108.1","104.0","103.6","107.0","107.8","107.2","105.7","100.39999999999999","93.8","100.1","107.0","108.5","108.3","104.4","103.9","106.9","107.8","107.39999999999999","105.7","101.9","95.1","101.6","108.5","109.2","108.9","104.6"
"Missouri","","","","","","","","","","","","","","","","","","","","","","","","","","","","","","","","","","","","","","","","","","","","","","","","","","","","","","","","","","","","","","","","","","","","","","","","","","","","","","","","","","","","","","","","","","","","","","","",""
"Montana","42.2","43.2","43.5","43.4","43.9","38.2","34.099999999999994","34.0","40.7","42.8","43.3","43.1","43.599999999999994","45.1","45.3","44.3","44.0","38.900000000000006","32.2","32.7","38.6","41.7","42.1","41.4","41.900000000000006","45.5","45.5","45.0","44.3","39.5","34.4","34.5","41.4","44.400000000000006","44.9","44.2","42.2","44.8","45.3","44.9","44.599999999999994","39.4","33.6","34.1","40.9","44.7","45.0","44.8","42.4","44.7","45.3","45.0","45.0","40.0","34.0","34.7","41.5","44.3","45.099999999999994","44.8","43.5","45.0","45.1","44.8","44.2","39.8","34.9","35.0","41.400000000000006","44.400000000000006","44.7","44.2","43.4","44.5","44.8","44.6","44.2","39.6","35.1","35.2","41.5","44.6","45.1","44.7","43.9","45.1","45.3","45.1","44.7","40.1","35.5","35.6","42.0","45.1","45.5","45.1"
"Nebraska","86.4","88.7","88.4","89.9","90.6","80.7","73.3","75.9","86.4","89.9","90.9","89.80000000000001","87.0","89.5","89.4","89.7","91.1","83.3","75.3","77.3","86.3","90.6","91.1","90.10000000000001","87.0","90.3","89.9","90.2","91.19999999999999","83.1","75.0","77.3","88.0","92.0","92.60000000000001","91.4","88.19999999999999","91.3","91.4","92.5","92.10000000000001","84.8","77.1","79.4","88.3","93.8","94.1","92.89999999999999","89.8","92.4","93.0","93.1","93.6","86.39999999999999","78.2","78.6","91.4","94.4","94.80000000000001","94.0","91.2","93.4","93.80000000000001","94.0","94.30000000000001","87.19999999999999","78.4","80.9","91.5","95.1","95.6","95.0","91.9","94.1","94.80000000000001","94.6","95.1","87.60000000000001","78.8","81.4","92.19999999999999","95.30000000000001","95.9","95.80000000000001","94.1","95.2","94.80000000000001","95.6","96.6","89.3","80.3","83.1","93.4","97.0","98.30000000000001","97.3"
"Nevada","66.2","69.2","70.4","70.0","69.8","64.3","59.4","58.900000000000006","67.0","69.2","70.5","71.2","68.0","70.3","71.1","71.1","71.0","66.0","59.300000000000004","61.8","68.6","71.4","72.7","73.4","69.2","72.19999999999999","73.5","72.9","73.30000000000001","65.5","60.800000000000004","61.5","71.1","73.4","74.1","74.9","70.8","74.0","75.1","74.5","74.19999999999999","68.7","62.5","63.5","73.5","73.9","75.7","76.6","72.2","75.6","77.2","75.9","76.0","66.9","65.6","66.30000000000001","74.9","75.7","77.1","78.1","72.4","77.1","78.4","76.0","76.8","69.8","67.1","69.5","78.6","76.5","77.8","78.8","72.1","77.7","78.3","75.5","76.0","69.7","64.0","66.1","76.4","77.2","76.6","77.80000000000001","73.6","77.9","78.5","77.6","77.3","68.5","65.9","69.1","77.8","78.5","78.6","79.1"
"New Hampshire","47.3","51.900000000000006","52.2","52.4","51.900000000000006","43.900000000000006","34.9","35.2","49.7","52.199999999999996","52.6","52.9","47.4","51.900000000000006","51.2","51.4","51.3","44.0","32.5","34.3","47.099999999999994","51.5","51.7","51.900000000000006","46.9","51.0","51.1","51.8","49.5","44.7","34.0","34.7","48.8","51.9","52.3","51.9","47.2","50.7","51.5","51.7","51.099999999999994","44.099999999999994","33.7","33.1","47.5","50.9","51.599999999999994","51.3","46.5","51.199999999999996","51.1","51.7","50.2","43.0","32.9","34.2","48.6","50.5","51.1","50.7","44.9","49.9","51.0","50.9","50.099999999999994","42.5","32.6","34.5","47.7","50.7","49.8","50.2","45.3","49.3","50.1","50.3","49.5","42.3","32.599999999999994","34.2","46.800000000000004","49.300000000000004","49.0","49.400000000000006","44.7","48.599999999999994","49.099999999999994","49.4","49.400000000000006","41.1","34.4","35.6","45.099999999999994","47.6","48.0","47.9"
"New Jersey","307.9","321.0","324.59999999999997","322.5","317.40000000000003","314.2","260.59999999999997","250.79999999999998","290.5","322.3","324.20000000000005","323.8","315.8","329.5","330.2","317.90000000000003","313.9","309.9","260.40000000000003","251.5","291.5","322.2","326.59999999999997","324.0","313.1","326.1","327.20000000000005","333.0","325.0","318.7","264.6","255.6","295.1","324.3","330.0","326.90000000000003","311.8","325.0","327.2","330.1","324.9","316.40000000000003","262.2","256.8","294.1","322.70000000000005","328.40000000000003","323.8","310.6","324.0","327.7","327.7","324.7","314.2","262.09999999999997","253.70000000000002","296.0","321.29999999999995","325.8","321.2","311.20000000000005","324.0","325.5","324.7","321.5","315.5","264.5","257.0","294.2","319.59999999999997","323.8","321.4","308.0","321.40000000000003","320.90000000000003","321.9","317.8","313.3","263.5","256.5","294.2","322.1","326.1","325.5","308.40000000000003","324.2","325.0","326.4","319.7","314.7","263.3","256.2","293.9","318.5","322.59999999999997","323.2"
"New Mexico","77.3","84.19999999999999","85.2","84.5","84.2","74.2","69.1","73.0","81.1","84.6","85.3","85.3","79.5","85.2","86.0","85.7","84.7","72.3","67.6","72.5","81.19999999999999","84.7","85.4","84.7","79.8","84.7","85.4","85.0","84.9","72.0","68.9","74.3","81.4","84.8","85.4","85.0","79.9","84.5","85.5","84.1","82.4","72.6","66.0","72.9","79.9","82.4","83.8","82.1","78.0","83.3","84.5","84.1","82.4","72.19999999999999","65.19999999999999","72.19999999999999","79.9","81.6","82.6","81.4","75.6","81.2","81.9","81.9","79.3","69.5","63.6","71.0","78.5","80.6","81.4","81.1","75.7","80.5","81.3","80.6","77.3","70.4","63.5","70.9","77.7","79.30000000000001","80.1","78.5","73.2","77.9","78.2","78.3","76.1","67.80000000000001","62.900000000000006","70.1","76.0","78.3","77.9","76.5"
"New York","634.6","668.4000000000001","670.6","671.8000000000001","672.6","646.6","555.8","542.3","613.9","657.0","660.4","665.8","625.6","657.2","661.5","661.0","663.7","639.2","548.5","537.4","604.3000000000001","651.3000000000001","659.1","657.4","613.9000000000001","649.5","652.9","657.1","653.5","633.5","532.5","523.3","606.3","649.4000000000001","657.9","655.2","616.4","647.6","652.1","652.0","656.5","637.7","532.1999999999999","524.0","611.3","652.9","661.3","660.4","625.9","653.6999999999999","659.5999999999999","662.1","659.1999999999999","641.6","531.0","521.1","621.2","657.7","664.4","664.7","632.5","659.6","662.9000000000001","666.0999999999999","663.0","644.3","528.1","520.0","628.4","666.1","669.9","669.9","636.0","666.4000000000001","670.3","672.3","671.3000000000001","656.9","527.4","521.3","633.4","671.2","674.9000000000001","674.9000000000001","640.8000000000001","671.4","675.3000000000001","677.2","676.0999999999999","661.6","531.1","524.9","637.9","675.1","678.8000000000001","678.9"
"North Carolina","341.2","348.7","351.0","350.4","348.6","304.79999999999995","226.1","299.9","335.1","347.6","351.0","348.9","341.9","349.7","353.1","352.0","350.5","303.7","229.0","296.6","334.8","349.70000000000005","352.6","350.20000000000005","341.8","347.0","351.3","353.8","351.5","313.4","233.8","297.8","334.5","347.5","350.5","347.4","340.9","346.7","347.6","348.0","346.5","310.7","232.5","291.8","329.4","341.9","345.6","344.5","332.3","341.1","344.4","343.5","341.7","309.4","235.6","290.4","331.0","341.6","343.5","342.1","333.7","341.4","344.29999999999995","344.4","341.4","307.3","235.5","292.9","332.1","339.2","343.0","339.8","332.4","339.9","343.0","342.2","341.5","307.20000000000005","238.0","293.4","331.6","338.5","342.3","338.9","330.9","338.1","341.20000000000005","340.5","340.4","306.5","237.6","292.0","330.4","338.1","341.6","338.2"
"North Dakota","37.1","38.5","38.3","38.400000000000006","37.7","32.9","27.5","27.6","36.7","38.8","39.0","38.9","37.7","38.6","38.7","38.5","38.1","33.3","27.5","27.6","36.9","38.8","39.3","39.0","37.2","39.0","39.0","39.0","38.5","33.6","27.3","28.0","37.3","38.8","39.2","39.2","37.3","39.0","39.3","39.2","38.7","33.8","27.5","27.9","37.2","39.1","39.5","39.1","37.3","39.1","39.2","38.7","38.5","33.1","27.1","27.6","36.5","38.9","39.2","38.9","37.6","38.9","38.8","38.7","38.2","32.6","26.6","27.4","36.2","38.5","38.5","38.900000000000006","37.1","38.5","38.4","38.1","38.1","32.5","26.9","27.799999999999997","36.4","38.5","38.7","39.0","37.6","38.8","38.6","38.3","38.3","32.900000000000006","27.1","27.7","36.6","38.9","39.0","39.4"
"Ohio","373.7","395.20000000000005","398.6","399.8","403.70000000000005","359.6","337.1","341.7","381.9","397.2","400.5","395.70000000000005","379.9","399.1","398.4","399.9","399.2","348.4","330.2","336.5","382.4","395.20000000000005","402.20000000000005","392.7","373.7","394.5","395.2","399.5","399.79999999999995","353.3","330.9","338.9","390.9","402.1","406.20000000000005","400.6","378.0","400.5","399.4","403.40000000000003","398.6","354.5","336.6","341.9","385.70000000000005","401.9","405.29999999999995","398.9","382.5","401.9","400.8","406.90000000000003","397.7","355.2","338.6","344.0","391.6","407.20000000000005","411.7","400.40000000000003","393.59999999999997","408.40000000000003","408.4","406.1","396.9","356.3","338.9","344.7","388.5","405.9","410.0","401.8","385.9","406.09999999999997","406.2","405.0","394.0","357.8","338.1","348.29999999999995","389.0","398.6","401.29999999999995","397.9","383.2","402.4","404.29999999999995","404.29999999999995","392.5","358.9","346.9","355.0","392.2","404.5","407.2","402.29999999999995"
"Oklahoma","146.7","154.5","155.5","155.4","155.6","139.7","126.9","133.9","149.3","156.39999999999998","157.3","156.60000000000002","147.8","155.3","156.5","156.3","156.6","140.3","127.7","134.2","150.1","155.8","157.0","155.5","147.6","154.7","155.1","154.7","155.3","139.9","128.0","134.5","149.4","155.7","156.7","155.6","147.6","154.4","154.3","155.9","155.7","140.2","125.7","132.9","148.9","156.3","157.2","156.3","148.2","155.3","156.4","155.7","154.8","138.8","125.30000000000001","133.0","147.8","151.6","152.2","151.9","143.0","150.4","151.5","150.8","150.8","134.8","124.0","132.0","145.9","150.0","151.2","150.5","143.7","150.0","150.4","149.0","149.7","135.0","123.1","130.2","144.8","149.1","150.2","149.6","142.1","149.2","149.8","148.5","149.2","134.0","122.1","129.5","143.8","148.2","149.8","149.39999999999998"
"Oregon","130.3","135.4","135.9","134.4","136.4","133.8","102.3","100.9","112.80000000000001","132.0","135.3","133.1","129.8","135.2","134.9","133.8","135.4","131.5","99.10000000000001","98.5","111.7","130.6","134.5","133.2","130.8","134.9","134.8","134.4","135.8","133.2","101.6","100.7","113.6","132.9","136.2","135.4","132.9","136.9","137.29999999999998","139.8","141.1","138.5","102.7","102.3","115.6","135.60000000000002","139.20000000000002","138.20000000000002","135.7","139.79999999999998","140.29999999999998","140.0","140.70000000000002","138.5","106.60000000000001","104.3","119.3","137.70000000000002","141.20000000000002","139.4","134.10000000000002","141.0","142.70000000000002","141.5","142.5","140.9","109.3","108.3","121.2","138.20000000000002","141.4","140.0","136.70000000000002","141.8","142.4","141.4","142.20000000000002","140.4","106.6","106.2","124.1","139.3","142.20000000000002","141.3","138.60000000000002","141.60000000000002","143.20000000000002","142.4","143.4","141.6","107.4","107.30000000000001","122.39999999999999","140.1","142.5","142.20000000000002"
"Pennsylvania","343.9","369.0","369.9","368.40000000000003","364.6","328.3","278.8","283.7","345.4","361.9","365.8","361.2","341.40000000000003","362.1","361.8","361.79999999999995","361.8","322.1","274.40000000000003","281.5","339.59999999999997","354.9","360.2","355.1","337.0","353.4","354.90000000000003","356.0","347.8","323.09999999999997","272.5","278.1","337.1","350.9","354.40000000000003","348.5","327.09999999999997","347.90000000000003","347.9","348.4","340.3","312.5","266.8","273.3","329.9","341.79999999999995","346.2","338.79999999999995","321.4","341.6","343.4","342.5","334.1","305.40000000000003","266.8","270.0","331.40000000000003","341.5","345.6","339.09999999999997","319.90000000000003","341.4","342.5","342.90000000000003","338.79999999999995","304.90000000000003","267.0","272.0","331.79999999999995","341.2","345.29999999999995","338.4","321.29999999999995","341.3","342.7","342.20000000000005","336.20000000000005","306.2","268.9","276.5","334.3","342.70000000000005","345.20000000000005","339.8","324.1","340.4","343.0","342.79999999999995","336.3","310.4","272.8","283.0","336.7","345.7","349.3","344.7"
"Rhode Island","28.8","29.099999999999998","29.099999999999998","29.0","29.3","27.5","22.7","23.1","26.799999999999997","28.599999999999998","28.8","29.1","28.900000000000002","28.8","29.1","28.8","29.3","27.700000000000003","23.1","22.8","27.0","28.700000000000003","28.9","29.0","28.8","28.8","29.0","28.8","29.1","27.7","22.9","22.5","26.8","28.5","28.6","28.700000000000003","28.6","28.700000000000003","28.799999999999997","28.6","28.799999999999997","27.400000000000002","22.5","22.299999999999997","26.6","28.5","28.6","28.700000000000003","28.5","28.5","28.9","28.5","28.700000000000003","27.2","22.9","22.700000000000003","26.700000000000003","28.5","28.599999999999998","28.599999999999998","28.599999999999998","28.7","29.0","28.5","28.8","27.5","23.2","22.700000000000003","26.8","28.6","28.6","28.8","28.6","28.7","28.8","28.6","28.8","27.299999999999997","22.6","22.3","26.4","28.1","28.2","28.3","28.1","28.2","28.6","28.1","28.400000000000002","27.0","22.299999999999997","22.099999999999998","26.2","27.900000000000002","28.1","28.1"
"South Carolina","158.2","163.0","164.1","163.7","163.1","157.1","141.0","144.2","160.8","165.60000000000002","167.39999999999998","166.6","159.4","163.0","164.2","163.5","162.3","154.6","138.8","141.3","158.2","163.5","165.10000000000002","163.6","158.5","162.8","163.5","163.60000000000002","162.60000000000002","154.6","138.6","142.7","160.2","164.7","164.9","164.8","159.9","164.0","164.4","164.60000000000002","163.60000000000002","155.4","140.0","144.7","161.2","164.10000000000002","164.5","165.0","160.1","163.8","165.10000000000002","165.0","163.7","156.7","145.6","149.39999999999998","162.3","164.4","165.5","165.9","161.2","164.4","165.7","165.6","164.5","157.6","146.6","150.0","162.4","165.6","167.5","166.6","163.6","165.89999999999998","166.60000000000002","166.5","165.6","158.0","146.8","150.8","163.4","165.9","167.8","167.4","163.6","166.7","167.5","167.9","166.4","159.2","146.4","152.1","164.4","168.1","169.4","168.6"
"South Dakota","35.0","35.9","36.5","36.4","34.8","30.8","26.1","26.0","34.2","36.3","36.900000000000006","36.099999999999994","35.0","36.4","36.599999999999994","36.400000000000006","35.3","32.0","26.6","27.599999999999998","35.0","36.599999999999994","37.0","36.2","35.3","36.599999999999994","37.0","36.8","35.6","32.3","27.099999999999998","28.3","35.1","36.3","36.8","36.2","35.2","36.5","36.7","36.6","36.3","32.3","27.400000000000002","27.6","34.8","36.6","37.1","36.6","35.3","36.8","37.0","37.0","36.6","32.699999999999996","27.5","28.0","35.4","37.2","37.5","37.3","36.0","37.3","37.5","37.4","36.900000000000006","33.4","28.0","28.8","36.2","37.7","38.0","37.599999999999994","36.2","37.8","38.0","37.6","37.2","33.4","28.1","28.9","36.3","37.8","38.2","37.8","36.400000000000006","37.8","38.0","37.7","37.3","33.7","28.2","28.799999999999997","36.2","38.0","38.4","38.0"
"Tennessee","194.7","202.3","204.1","202.7","196.8","165.10000000000002","162.6","175.2","197.2","203.1","204.29999999999998","203.10000000000002","192.9","201.9","203.20000000000002","206.5","200.1","166.2","162.5","175.2","196.20000000000002","204.70000000000002","204.1","203.39999999999998","194.5","202.8","203.7","204.20000000000002","197.7","165.8","163.6","177.0","200.29999999999998","206.2","207.3","205.10000000000002","196.8","204.5","204.0","203.7","198.10000000000002","165.5","163.3","177.3","201.3","206.5","207.9","205.29999999999998","195.3","204.4","205.60000000000002","204.20000000000002","197.8","165.3","164.0","178.1","202.6","207.6","208.9","205.7","195.1","205.8","206.1","206.20000000000002","200.0","167.0","165.7","178.9","204.3","209.1","211.0","208.10000000000002","198.1","207.5","208.7","208.0","202.5","169.8","167.3","181.3","206.60000000000002","210.5","212.29999999999998","208.9","204.3","209.7","211.5","210.7","205.4","171.8","169.3","183.5","208.29999999999998","212.7","214.0","209.5"
"Texas","1026.2","1056.4","1060.3","1052.6","1054.8","1007.0","937.6","936.2","1012.0","1054.7","1061.3","1060.8","1031.7","1062.9","1067.9","1060.6","1063.3","1021.2","949.8","943.9000000000001","1029.5","1072.2","1080.4","1075.1","1053.9","1077.7","1081.5","1075.5","1078.2","1039.1000000000001","966.5","960.7","1039.1","1086.3","1094.9","1092.8999999999999","1068.5","1094.3","1096.9","1088.7","1091.2","1057.7","984.3000000000001","983.2","1059.1","1101.3","1111.6","1109.7","1088.3","1111.5","1114.7","1111.5","1115.0","1079.6","1008.6","1004.6999999999999","1080.6000000000001","1116.1000000000001","1126.2","1125.7","1098.5","1129.8","1137.0","1132.5","1132.1","1093.4","1014.5","1009.0999999999999","1083.2","1127.2","1139.0","1136.4","1101.5","1135.5","1143.5","1132.0","1136.7","1099.6","1026.1","1022.6999999999999","1091.5","1134.7","1143.5","1140.8999999999999","1106.8","1137.8","1144.7","1134.5","1138.4","1101.3","1026.1","1022.7","1095.1000000000001","1140.2","1152.2","1150.2"
"Utah","109.5","110.6","110.9","111.7","109.5","106.4","89.19999999999999","91.69999999999999","107.19999999999999","111.1","112.3","112.2","111.6","112.39999999999999","112.6","112.9","111.80000000000001","107.5","91.7","93.30000000000001","109.80000000000001","115.1","116.0","116.0","114.8","116.80000000000001","116.8","117.7","116.2","111.7","94.4","95.9","112.5","116.7","117.4","117.19999999999999","116.3","118.80000000000001","119.0","118.9","118.0","112.5","96.6","97.4","114.89999999999999","119.3","119.9","119.9","117.9","120.6","121.3","122.1","121.0","115.5","99.2","100.0","118.39999999999999","122.8","124.1","123.9","121.69999999999999","124.6","125.0","124.8","124.0","115.0","98.7","101.7","121.1","125.6","126.8","126.6","123.0","126.1","126.30000000000001","126.6","125.5","116.39999999999999","101.0","105.5","122.8","126.9","127.80000000000001","127.5","124.69999999999999","127.6","127.60000000000001","127.80000000000001","126.6","117.1","101.2","103.3","122.69999999999999","127.30000000000001","128.6","128.4"
"Vermont","33.0","35.0","35.1","35.2","35.3","30.1","21.4","23.6","33.3","34.7","35.2","35.099999999999994","33.6","34.7","34.900000000000006","35.2","34.2","29.8","20.799999999999997","24.099999999999998","32.8","35.099999999999994","35.4","35.1","33.5","34.9","34.7","35.1","33.9","30.3","21.5","24.1","33.2","35.0","35.1","34.6","33.6","34.8","34.7","34.8","33.4","30.400000000000002","21.9","23.599999999999998","32.9","34.6","34.8","34.400000000000006","32.8","34.5","34.6","34.400000000000006","33.3","30.1","22.3","23.3","32.7","34.4","34.7","34.5","32.7","34.4","34.3","34.5","32.4","31.1","22.8","25.0","33.0","34.7","34.5","34.5","31.0","33.5","33.9","33.6","32.3","30.0","25.2","26.8","32.5","35.3","35.3","35.3","31.5","34.4","34.7","34.7","32.400000000000006","30.200000000000003","23.0","24.400000000000002","31.400000000000002","33.4","33.4","33.3"
"Virginia","311.5","322.9","322.6","323.7","317.8","308.4","269.2","273.1","306.3","317.7","322.7","322.6","309.0","320.5","321.3","324.1","318.3","307.8","277.3","276.29999999999995","308.3","316.9","320.9","319.8","309.4","319.1","320.6","323.9","317.79999999999995","307.6","279.5","278.4","310.7","317.6","321.5","321.4","308.8","321.29999999999995","319.5","322.2","315.8","306.0","276.5","275.2","306.4","316.29999999999995","319.8","319.70000000000005","305.79999999999995","319.0","321.4","323.7","316.2","306.3","277.0","274.8","308.4","317.0","320.6","319.9","306.5","319.8","320.9","324.1","316.8","307.2","278.3","276.3","310.9","317.0","320.9","319.4","309.5","321.7","323.6","324.1","319.2","308.1","280.79999999999995","278.5","313.7","317.0","320.7","320.0","309.4","321.4","323.0","325.7","318.6","306.1","277.8","275.3","302.9","306.4","308.79999999999995","307.4"
"Washington","240.60000000000002","244.3","245.9","246.60000000000002","246.0","236.1","213.4","197.2","217.1","243.8","248.4","240.4","245.2","248.60000000000002","248.7","249.7","249.1","239.6","215.3","200.7","223.3","247.3","252.10000000000002","244.5","248.4","251.7","252.89999999999998","253.39999999999998","253.60000000000002","243.7","220.7","206.8","230.70000000000002","254.4","258.0","251.3","256.1","259.3","260.8","261.4","261.5","251.7","228.0","214.39999999999998","238.5","259.1","263.9","256.3","262.0","265.2","265.8","266.7","268.29999999999995","257.1","234.60000000000002","219.29999999999998","245.0","266.6","271.0","264.9","264.9","268.6","270.5","272.0","273.3","262.8","240.20000000000002","222.4","245.6","269.4","273.1","265.4","268.0","270.4","271.8","272.70000000000005","272.9","261.6","241.60000000000002","224.6","244.79999999999998","265.9","266.8","259.8","262.6","263.8","264.5","266.1","267.0","257.29999999999995","238.29999999999998","226.3","241.8","262.0","265.4","260.1"
"West Virginia","68.9","70.2","71.9","71.0","70.7","59.199999999999996","59.199999999999996","61.7","66.4","70.3","71.5","71.3","68.7","69.69999999999999","71.30000000000001","68.7","69.2","62.3","58.800000000000004","59.2","64.1","68.0","69.1","68.4","65.4","66.0","68.5","68.2","68.0","59.8","53.3","55.9","63.7","68.2","69.2","68.5","65.7","67.1","67.8","67.9","68.0","60.8","57.7","57.900000000000006","63.800000000000004","68.1","69.0","68.2","65.6","66.5","68.6","68.1","67.8","61.0","56.099999999999994","57.7","63.8","67.1","68.0","67.4","65.4","67.0","68.7","67.4","66.9","58.400000000000006","54.6","55.0","63.1","65.8","66.8","65.5","62.9","64.9","65.4","66.3","64.7","59.1","53.0","55.6","62.2","65.19999999999999","66.0","64.9","62.400000000000006","64.3","65.9","65.5","65.2","58.300000000000004","52.7","54.8","61.4","64.6","65.4","64.2"
"Wisconsin","199.2","214.6","222.2","221.7","220.7","194.5","169.0","166.39999999999998","205.0","220.3","222.39999999999998","220.10000000000002","197.7","221.3","221.7","220.10000000000002","215.2","194.60000000000002","171.60000000000002","169.9","206.8","220.8","223.3","219.4","207.3","220.8","221.1","221.1","216.0","196.1","171.0","171.0","207.2","219.7","221.89999999999998","219.4","205.10000000000002","220.8","221.2","220.3","215.8","195.0","171.2","168.6","204.89999999999998","217.4","219.39999999999998","218.1","204.70000000000002","217.3","220.0","219.1","213.7","194.5","173.7","170.9","204.89999999999998","217.6","220.4","218.6","203.5","218.7","215.5","218.8","215.39999999999998","189.7","172.9","168.9","204.8","217.8","221.4","214.89999999999998","200.0","218.2","216.5","217.89999999999998","215.5","192.39999999999998","173.6","167.4","203.70000000000002","217.1","219.8","218.8","201.0","215.3","217.7","217.2","210.8","193.5","171.9","165.2","198.60000000000002","216.8","221.0","217.8"
"Wyoming","31.4","32.9","33.1","32.7","33.2","30.1","26.400000000000002","26.0","31.3","32.9","33.0","33.0","31.7","32.9","33.2","32.8","33.0","30.200000000000003","25.1","25.099999999999998","30.900000000000002","32.5","32.6","32.7","31.299999999999997","32.5","33.0","32.5","32.8","29.7","26.3","25.9","31.0","32.6","32.6","32.8","31.2","32.4","32.9","32.5","32.8","29.8","25.6","26.2","31.2","32.9","33.0","33.0","31.4","32.8","33.2","32.800000000000004","33.0","30.1","25.8","26.2","30.8","32.1","32.3","32.4","30.6","32.0","32.5","32.0","32.3","29.1","24.7","25.200000000000003","29.8","31.200000000000003","31.299999999999997","31.2","29.8","31.1","31.6","31.5","31.299999999999997","28.200000000000003","24.6","24.9","29.700000000000003","31.2","31.4","31.299999999999997","29.3","30.9","31.6","31.299999999999997","31.6","28.700000000000003","24.5","25.6","29.6","30.799999999999997","31.1","31.0"
