Geography,2005 Q1,2005 Q2,2005 Q3,2005 Q4,2006 Q1,2006 Q2,2006 Q3,2006 Q4,2007 Q1,2007 Q2,2007 Q3,2007 Q4,2008 Q1,2008 Q2,2008 Q3,2008 Q4,2009 Q1,2009 Q2,2009 Q3,2009 Q4,2010 Q1,2010 Q2,2010 Q3,2010 Q4,2011 Q1,2011 Q2,2011 Q3,2011 Q4,2012 Q1,2012 Q2,2012 Q3,2012 Q4,2013 Q1,2013 Q2,2013 Q3,2013 Q4,2014 Q1,2014 Q2,2014 Q3,2014 Q4,2015 Q1,2015 Q2,2015 Q3,2015 Q4,2016 Q1,2016 Q2,2016 Q3,2016 Q4,2017 Q1,2017 Q2,2017 Q3,2017 Q4,2018 Q1,2018 Q2,2018 Q3,2018 Q4,2019 Q1,2019 Q2,2019 Q3
United States,16518795.141019737,16634470.559871646,16785005.855544858,16920049.244235173,17038183.52234293,17180599.368304066,17300885.789770145,17364764.878121365,17535562.136396423,17648941.293296468,17739808.41923578,17810338.05570627,17876069.526815154,17971978.48297242,18105805.257123068,18162389.49415121,18160555.048422605,18133917.68926989,18153096.59553413,18214515.263616994,18260426.08250239,18345347.706340447,18398782.9595589,18502192.82093497,18601565.33227502,18723610.087785557,18844402.14226481,18872972.02056493,18990997.370776135,19066126.68227495,19164074.92064586,19262047.214631952,19338888.81958121,19394676.548319887,19487833.829522073,19602410.28237478,19682659.434788965,19792527.396657016,19877762.74913537,19909445.879536286,19903124.23652164,20015032.46231226,20086148.915663432,20086320.6746683,20065702.43365991,20202778.829337496,20276470.65992365,20373741.56079276,20470660.07809704,20538103.614864014,20645620.17738383,20786993.64611971,20909909.866098017,21086766.169222727,21179979.01392936,21273344.217954796,21314767.825898323,21451473.847727794,21542540.0
Alabama,173009.71296209734,173687.3741731378,175388.25653304288,177085.88659019387,178276.17085427136,179580.44956261766,181098.85355244082,182035.6620262332,183992.49239118327,185333.64226187486,186259.55502344607,186711.86481650829,187315.1709395739,188398.36192970967,190235.237250998,191958.37695276225,192239.40575548614,191810.06132293108,192016.6022288495,192903.70995869665,193612.1510960933,194476.46281161654,195266.31416295163,196248.72828622497,197467.15494561353,198772.00501597833,200356.00809382397,200249.8610468637,201538.78306531016,202790.03837140024,203954.29453748572,204903.02561674608,205478.77654854167,206067.7335341803,207103.61799990144,208855.7540254195,209574.31892673363,210671.9245109872,211956.82231732446,212954.80027703574,213815.97020883605,214912.9329143755,215923.89135068542,216003.67940852605,215648.13629449345,217014.35830212236,217705.53686883487,218751.14950166113,219949.1709703724,220727.2614022484,221981.15177907597,223513.57137407493,224924.20145085585,226809.8876167322,227802.3818050839,229054.23639844608,229694.73051789004,230912.6219768084,232144.7
Alaska,45700.33623526381,46785.34624171953,49138.929874958194,51607.57645908965,49980.59505237932,50328.410152587785,50495.50531539089,49697.413566854906,50123.363520875275,51695.985601233995,52711.19219596865,55219.13522138604,58007.773735465285,63186.64395981143,62207.774333169604,52862.63861861297,48297.78691040352,47581.46449242872,48208.62503949034,50372.5067744533,53087.87765786503,52842.86979335646,53463.03800965552,54376.74777532713,55854.40915535264,57171.43862102115,56471.349102756045,55891.49962425761,55510.216592526696,54202.74285390848,54312.92255132519,54905.33827110473,55777.08326260763,56520.77338659981,57366.033671322395,56760.25987763266,57890.530192297214,58106.125008963194,57208.21375064913,54980.33426604177,51697.72014076134,52295.69239663218,51367.517640291175,50694.475284765074,49635.26940230975,51108.89287447534,51770.51154728047,52533.43530074193,53363.062669469145,53359.52952142825,53577.81560802091,54768.95967981804,55687.891789736634,56330.37600737999,56905.541703191455,56742.832829945146,55829.76255581612,55825.80041342464,55429.6
Arizona,276877.38436838245,278204.3501495206,280386.6909096389,282852.35886507086,285138.28284170234,287235.49575819675,289688.40856275306,291904.64219829807,294799.13054398086,296209.99609767145,297650.0615033956,298281.55533932324,298154.84145652177,299522.3721730187,301976.30688104447,305640.30280723266,307251.4227511855,307653.7632912194,308289.3397148026,309626.5618239483,310140.07669134595,310307.61524195067,310710.2467478413,311549.0352779002,313235.6010558163,315252.37692780903,317331.21094751044,317513.5006639628,320084.69589715864,321647.2872625376,322886.5317550309,324552.26680399175,325891.9324768798,327341.41192241025,329178.4687289559,330833.1734165465,331915.850790549,333939.56146383175,335993.7523796979,337929.99071101705,339311.8710988852,341317.3106868914,342858.39562715765,343447.8214169929,343677.27848974353,346193.66603325866,347544.6986070119,349107.3034177216,350528.83233331214,351576.79408429563,352938.5599370684,355006.02837564395,356816.0388982859,359500.40839555796,361219.7256912265,362884.88335444493,364136.4213472438,366411.7063811972,368556.3
Arkansas,101757.2159234595,102047.55679343274,102854.81344803226,103672.03870219455,104457.31573298993,105234.47346667206,106337.13385490754,106967.04969102702,108343.2442915691,109190.30520046486,109852.42582806798,110251.90195481038,110660.0918541153,111611.24472243941,112826.2223949756,113207.00378058052,113208.48351236184,113097.11316297583,113309.22308135933,114076.25970108323,114540.34576660012,114780.49943914461,115113.23356558618,115648.53876300916,116499.87521838803,117249.9471315066,117961.638250839,117760.8225273632,118661.0544983127,119344.9911578361,120219.64276603225,121066.91427993325,121783.0066259961,122097.06020477816,122642.64413249242,123340.15922269542,123852.14683879253,124543.12212915429,124764.88478049998,124783.9435803046,124301.00774670306,124906.54801107246,125364.03388028967,125305.31167327729,124995.53167194771,125853.05618680289,126170.38424282792,126647.89805793068,127364.32858976295,127717.47683168319,128377.98248354875,129187.85535729356,129949.05837784245,131063.46048692786,131457.2059030218,132232.14797950006,132551.42983052094,133374.02445912967,134022.1
California,2445118.097013782,2456301.6936537563,2474004.4421231155,2489422.6500228117,2505014.36343852,2523500.10753622,2542633.7133154706,2556694.369156619,2582590.4409222347,2597986.010016309,2610840.571622625,2616387.4592587394,2622460.089540678,2628264.0416541593,2646306.3921845197,2659413.733405825,2655562.9493629877,2647568.9845714043,2647182.52846867,2656409.9196817204,2665180.998607096,2679121.5382277737,2690546.7534755613,2705004.5037575127,2722285.3406833285,2737810.4506515595,2756436.147069104,2755872.1533601643,2775029.6435358245,2791150.3626261405,2806670.5937056015,2821314.4167669155,2834209.4244343042,2842577.7322586,2855301.9310457674,2872759.2289057584,2878174.0933301137,2893201.8315670937,2905642.2931886073,2916804.3726163753,2924364.864676087,2938316.8716766667,2952900.2073968262,2955766.831617143,2957113.3776519345,2971159.4777221526,2978729.694388923,2989385.679912701,3003223.976246174,3013341.5596980974,3027459.0999738513,3043478.391655213,3056169.692988419,3078972.2772990656,3090394.144973316,3104080.723374002,3118205.135513476,3139681.9165408723,3155223.7
Colorado,306026.43611564906,308182.6985407108,312091.03453516186,316120.7591067095,316610.24731907784,319028.7282819042,321135.17643946235,322515.66584907065,325788.2285515011,328408.11971791426,330654.960161965,332900.48460366315,335007.80468781985,339716.04309042165,341267.2929308135,336874.6474119271,334649.38998045726,334568.68080141273,335506.5693242439,338006.7837694373,340170.56978223124,340526.91488860635,341523.4512328174,343268.8406845609,345880.80264872167,348638.6261874381,350179.93649839534,350060.49538387073,352305.8124991205,353184.2256610637,354866.0351660021,356818.68784355803,358796.0042191454,360550.4399320638,362721.82402369945,364010.6946792669,366116.9893543898,367917.2424393023,368382.64521787094,366879.17142548226,363404.354732334,365677.0293723686,365764.5084213032,365314.7846656792,364349.0629651444,367853.82227098185,369605.83357157547,371695.7546382661,373834.8768331912,374878.7143050848,376590.3085851224,379640.1363321291,382316.02523129503,385598.8228935992,387739.9690099057,388900.7997334729,389017.99718378205,391274.1697013023,392347.5
Connecticut,213143.14538385204,213856.01636661866,215388.2940344087,216707.35856578464,218521.6349498441,220584.27602250234,221955.75175409546,223015.98642962278,225267.74254468153,226627.54686346863,227732.1861369919,228131.72036384477,228875.48806486683,229251.82397020317,232092.10615532444,235747.17957694246,237180.97258494564,237459.65707609488,237863.55573631317,238529.16260727824,238447.34184790135,239378.42300806782,239856.1016141369,240657.63603355823,241603.516374506,243133.54284167683,245126.8510690706,245351.99667774755,247369.73938416215,248742.73081497027,250159.3874752287,251607.28202191135,252874.28993266975,254164.21648380568,255754.4881212598,258098.94072423512,258899.96625089576,260207.5625882692,261876.60270908033,263343.058427967,265295.94026622124,266592.76692536956,268039.94868202874,268459.5047233901,269086.4299039203,270573.15174748143,271543.7607965127,272603.4516347238,272933.2238637051,273828.73207855807,275147.8488808203,276814.21425947,278221.7550920759,280428.919400028,281727.78724561975,282987.60071061034,283806.0257976208,285846.3284548053,287560.1
Delaware,54593.78676834122,54762.66363977084,55140.05644610494,55500.88916621347,56025.01424648684,56544.16327165108,56835.25398787805,57186.39751048352,57710.59856167576,57945.244015734024,58332.09847591004,58583.11051256365,58775.019632043004,58824.59563894205,59161.722484165715,59606.122281227355,59385.12224575835,59388.63893693658,59499.930139103555,59973.74722913911,60128.95047497898,60540.41093019608,60665.45988321531,60875.0923787387,61010.011776846964,61387.328401107945,61906.378517313875,61948.90568340548,62692.77919752966,63037.272406618446,63459.141138922896,63884.51194463326,64234.82471048975,64541.955462184866,65013.77256811398,65675.35856796266,65982.35668328597,66462.05275100264,66906.6509408938,67162.37009616576,67580.85052789639,68020.63350941452,68453.8325965435,68562.02463356567,68836.59852446438,69509.70841494946,70053.57452159112,70463.85356778395,70586.27888972478,70970.45416836598,71544.36118970967,72356.34766615577,73114.80149041662,73944.73500922599,74393.61837028337,74780.34787647071,74602.01789446751,75215.56311267428,75765.4
District of Columbia,106277.03014039011,107320.40674033275,108130.00729026948,108976.1469879246,110114.39878618637,110999.24116671369,111734.83286764707,112794.27932363545,113975.43273714787,114696.42724015928,115710.32351609008,116191.57114798728,116782.51490091463,116993.35045683348,117597.25148833636,118933.13695672838,119278.28230720763,119516.83718939258,119739.53773779086,120237.51672465785,120595.8500437154,121538.70481103878,122131.12030797859,122736.95417664002,123163.40296392274,123700.14908743142,124481.02245895879,124613.96812172762,125334.96392139545,125978.26633388133,126431.87861063979,126925.01034396386,127581.44593585237,128223.30522478737,128841.16821785661,129931.7644435604,130535.43568795278,131060.7258901047,131940.68697634374,132767.52279015468,133878.82941114058,134471.00272257326,135116.18209029923,135527.0572291707,135965.806229316,136708.56146437995,137338.0643518212,137952.2919101503,138671.50446990813,139331.83229930262,140119.82579587025,140875.7845711156,141852.18590141425,142800.17693024958,143607.4394931171,144284.1644683082,145343.6379855233,145990.97454066123,146995.5
Florida,815878.6850219195,820406.6724713373,825970.2770567461,832067.887601762,840064.5346752524,846481.5974963957,853983.0073583041,861423.3734833455,870540.7199357299,874312.8241140762,879642.863369856,881752.8372176539,882479.7705758809,884399.011165855,891266.2014495394,905244.2465101271,909917.0661964027,910076.1315596554,910724.6761362475,912753.1477517252,913625.4494891476,916966.32794606,919053.4612559017,921741.5849848205,925067.9220467345,929594.1100566501,936368.9314726974,937137.5991104507,944816.5182508783,951226.0488823311,955620.1664160002,961148.2550218864,965661.2496176427,970082.7879537222,975543.6516961769,982200.3172539761,984548.0437373039,990475.9104455408,996364.5480980093,1003087.1551839306,1010025.4699003836,1014117.9409374627,1020060.1724381528,1022953.6851564124,1025968.6465969059,1031179.1025179053,1034345.16938409,1038067.8177407358,1041664.5692164259,1045624.2526948537,1050594.068825269,1055797.4700577508,1060791.8597066156,1069300.0982067466,1073960.3772000165,1080081.370092617,1085804.4957733953,1093800.1833157423,1100721.1
Georgia,466122.97874472797,467350.7830937051,470329.8565994834,473395.44572209124,477083.68942693324,481147.2937512371,484465.122219157,487169.83675540384,492223.0814512845,494758.0204249202,497072.7915149209,497251.69558461924,497962.660370029,498928.6025608877,504504.1086000179,512651.6771438015,515720.5416477048,515434.66646621714,516290.2350347447,517364.868605605,517997.2943355526,520156.32496412756,521091.40124147385,522490.41355925344,523988.0937250018,526756.0232854913,530472.0173351654,530444.692305611,534996.6118765393,538907.9580889405,542633.734893753,545865.0338537338,548192.7666903753,550291.1488793896,553088.9984415816,557850.6729130193,559195.3026127943,562196.4388696568,565679.2495231691,568853.4371547053,572288.1064940284,574988.9358676405,578664.3319817461,580014.5426162961,581708.6084678909,584815.623127485,586429.6008694647,588432.0334657144,589565.8158880044,590989.2965193843,593683.6500806938,596863.5496271094,599517.0389276221,604499.9588383262,606667.7106853108,609758.2624281879,612114.8641567264,616534.3019827501,619817.7
Hawaii,70664.7311028932,71141.10302807855,71620.18740010912,72200.27745996874,72969.18086360523,73520.98864892015,74247.78606584635,74973.30177337442,75788.9330627785,76211.25878967343,76814.29270849391,77066.46895694773,77173.39205042685,77297.168213584,77851.31481557462,79090.1779836124,79394.02915347848,79264.24906977733,79252.51256593237,79488.71552573086,79618.45420906568,80050.98251665031,80317.18846355533,80629.05701871865,80960.98858324971,81322.0717948718,82004.0221067975,82146.89547237149,82711.83578155942,83362.70500873559,83683.92252566185,84079.44116027906,84425.73271576955,84836.60529706514,85345.15459922983,86026.60602987205,86272.69882141789,86852.52082706173,87462.90025632715,88128.69966388696,88909.52613446432,89175.4446225415,89672.79474463643,89964.22352264477,90231.69484017967,90679.8578721178,90965.22168416542,91315.22846948705,91714.6995279394,92202.25253084495,92736.88943900398,93215.17269090842,93772.14160552439,94460.55123735285,94977.79242628776,95634.93956218836,96316.13308236792,96933.19849962491,97664.4
Idaho,62658.12315535169,62744.23265909282,63050.6148276217,63373.69710491586,63673.19462107116,63913.32873078682,64652.314446548065,65189.25489741231,66100.71426070522,66547.34218796442,66948.01059695179,67178.56421013945,67085.40373567119,67349.2242797764,67864.58404108274,68282.62437500617,68287.22021566844,68354.94568851154,68370.9136041616,68938.00357541899,69019.51112537613,69053.7036049135,69295.53694220631,69706.18343495131,70568.71710775048,70955.03612212211,71483.62861924518,71227.56753227481,71928.07227627627,72452.43372501999,72942.7023159529,73501.42973589302,73975.13484425939,74011.92352400042,74240.40462442194,74358.81849415344,74577.69412202381,75234.25305794043,75356.7604721918,75714.86322827125,75531.70017304365,75947.22988809635,76362.09210701671,76378.93489773122,76098.22696765883,76601.58859476229,76728.3390761548,76888.69001924423,77516.1358629131,77784.00615962442,78090.67872493625,78449.53725875042,78785.6009177433,79405.40778786982,79571.89579759163,80068.64379192733,80390.48406148999,80936.19236155518,81492.7
Illinois,663458.1797143611,666824.4869921785,672077.2456782237,676817.1099904684,682941.416987252,688778.6832432155,693998.9175895764,699069.5688266769,706811.0615146094,710560.5657318161,714340.2999392989,715497.6085119842,716724.5664233353,718072.423276873,724794.480182727,735394.857735666,738586.4239734254,738023.7406714995,738980.1956672717,741099.4712922403,742239.0528421896,745702.0218717786,747783.1068754822,750726.7143550192,754832.1422373258,759964.0290984568,766738.9229911012,767473.2819748553,774785.6539871548,780519.5146579967,786252.3019200945,790785.6800889677,793984.2653645057,796300.2951072198,800159.9096712803,806663.6020397256,808142.9475128115,812782.0799434556,817862.6682514487,822461.8317548857,827840.0815920545,832419.0017975504,837313.8230150174,838579.1215162491,839644.6890408967,843910.1783799691,846558.9911332194,850043.8685739463,852841.9859858558,855864.1642573868,861020.1790153912,866555.4492364058,871360.1105082191,879198.8506962663,882699.096994645,887506.6220028314,890123.4837566463,896790.393335735,901571.9
Indiana,282309.9234600372,283022.22959091055,285088.0607160638,286573.3749816011,288541.8544950227,290676.20624884794,292778.9117180482,294185.5449585201,297319.98643537925,299373.67993934016,300111.6670236096,299867.9609946163,300629.69151783537,300973.67108537524,305805.5997215291,311292.57681885984,313844.4948570313,312924.5494318306,313375.9217735772,313724.32957251224,313688.50142223504,315315.09624613705,316629.28335212707,318348.3477109659,320769.86034835136,323153.69903493347,326465.44347234815,326703.6697682057,329061.97746763594,331918.24377894844,334758.9162560691,336127.850089004,336662.5398400421,336621.1106238346,337944.96792480483,341432.0381394396,341715.709525001,343552.8278966141,346136.74650981347,347860.96258037066,349701.02664307575,352092.4781345406,354349.7768493452,354445.8974322711,353511.88659397117,355142.73526700295,355902.31854439486,357583.4714994851,359472.83024069946,360674.4956468629,363198.487331733,365443.1167795837,367188.56483360997,370457.1900057069,371751.22544935276,374054.20290260995,375107.8040707103,377620.042674312,379132.8
Iowa,147096.16171852697,147257.26031681913,148024.53833896984,148684.0401052192,149651.9657554316,150505.08485122508,151937.4274258133,153023.79462169262,155123.57962501046,156177.84523809524,157116.7615061469,157520.3956750169,157553.37185720023,157924.0204592837,159817.73394617072,161950.87210254508,162484.91863470673,162400.50312008217,162433.005665844,163664.08814321432,163552.88591891545,164143.93280406043,164771.66139647792,165806.7084359606,168001.62714987717,168944.8472377085,170510.48421773256,169792.84884050634,171692.320557247,173121.4585435695,174741.7415413721,176254.11717861207,177614.62206785005,177532.96893642447,178073.05076088698,178811.49948710285,179244.0672265598,180829.9845611002,181096.14584271773,181813.29459642136,181823.7678044453,182964.85069353937,184191.5580283227,184145.71569343063,183731.39832731278,184920.4437298132,185340.26357217645,185732.48778574212,186730.7865310186,187200.9933899553,188036.98580252126,189208.30392083677,190135.3777408393,191742.44641473662,192033.68654701178,193133.29462596535,193214.48727823296,194645.58517729212,195857.9
Kansas,131844.3138840111,132270.1414845356,133285.10861782322,134370.3433229491,135119.08671668184,136065.20620738406,137321.38381124038,138130.50707088178,139817.624444328,140921.6982018013,141711.98295468654,142102.56253343407,142478.34538207584,143328.61724834953,144615.08415788677,145638.62091283707,145711.04964911353,145586.18844971267,145673.9399702164,146586.65034003687,146975.7116016789,147504.37574797863,148240.60533879633,149352.43472588845,151270.74470836116,152407.7736955271,153757.52987522894,153387.23743861204,154747.7425469591,155845.30986123995,157010.39818280417,158021.8727213054,158854.52781935118,159013.3947517887,159542.2125461476,160165.89924301335,160604.2866226609,161525.01261520848,161946.02533579242,162314.7718417499,162170.7610972715,162903.51517221474,163556.32995022784,163391.9589440976,162832.65772383264,163542.13179555573,163763.80798123815,164259.97737569138,165310.7590799278,165885.83153739703,166783.55362138464,167811.29703102412,168668.09341281178,170116.8785235265,170643.77520566917,171638.29569163054,172190.2797733217,173312.78958673956,174183.2
Kentucky,158519.77637480604,159151.6770296864,160726.34878549437,162323.77325539401,163151.09432462993,164501.34887241648,166030.18886629387,166913.4458473625,168973.11008404236,170379.83401453693,171068.07062985175,171335.4347826087,171544.3977166822,172782.60549836807,175266.2134888542,176926.0881723491,177961.536526087,178324.54286053978,179208.21801265553,180311.98764057923,180911.31130862015,181089.97021211035,181395.9233972741,182067.18073511156,183269.03275212063,184668.63484581633,185952.8886076078,186076.1617952309,187685.3801437816,188935.88467618465,190368.53296346279,191311.2075142292,191799.12954645316,191997.27079185477,192808.83868890814,194229.90840820115,194586.14357262108,195818.80997958768,197167.87415613048,198210.2605119277,198880.65980801664,200433.03209533135,201557.62410728147,201713.25646257182,201382.88558820364,202612.64184517192,203108.22832004295,203972.52191322844,204909.7067582992,205489.03644909116,206565.79649251877,207753.8463233413,208698.84687274662,210458.13275299754,211189.75522110425,212440.50604682072,213122.84545845885,214532.67551925321,215585.5
Louisiana,187237.6077097053,190543.02498872692,197114.614994308,202351.5507920355,201243.85868634348,204108.1442151968,206152.01153886924,205292.01656173586,208384.65716409328,212540.71202892045,213785.99526804432,215880.4541841046,218923.7847382904,223495.25992909563,224826.7576036958,215564.53003422372,210000.10590047485,207619.90892742583,208303.4977394216,211178.7996668313,215572.9242760994,218016.329158487,221491.12833674412,226057.0210570998,231184.3694001796,236085.64364730337,238715.99622254135,238888.76408766102,239813.1524041874,240243.33760459378,242446.28993972923,243327.19347921674,243195.49164205042,242954.71586371775,244042.98032663186,245568.03107160196,246119.05975918495,246879.1055819727,247568.83290209167,245833.44825634523,242801.74970897316,244675.70700886767,244074.00806183595,241817.72312393234,238102.80006847216,239743.10282270436,240685.0271457455,242862.9779632567,245926.88978652196,247465.98346783587,250535.49767488777,254437.2712541019,257801.74271812913,261425.89797352577,263006.29167222895,264480.4994176373,263420.61817478883,265002.0361855379,264853.3
Maine,49766.56233766233,49952.133499886215,50280.76614027993,50673.94290027556,51137.97935066963,51524.68955924576,52051.10498087656,52379.12823731359,52961.808675352884,53288.346552870324,53555.515462257055,53643.2466976944,53723.663234892796,53848.228259940144,54459.949048144634,55356.69939715675,55717.022286256426,55788.32908974411,55883.57188671015,56055.85510103645,56081.60635152617,56316.471479063366,56463.670171858226,56658.4643911348,56883.62214244459,57127.69521258521,57569.486246817556,57553.63111492518,58013.38032094595,58468.454630920256,58839.945970966975,59224.732687234544,59529.278709412254,59755.879569412915,60100.50329294153,60564.91411245866,60668.86451011261,61038.93558322411,61415.78842456097,61828.89775961041,62189.390493910694,62523.0018118008,62966.721133402774,63171.535272727284,63314.1721309237,63672.24455213711,63865.649194617974,64074.788029502735,64326.493356527346,64536.72770172331,64861.75073711456,65215.80134624337,65554.74551183295,66100.10166083594,66344.89628048167,66754.27789921292,67034.71936634742,67490.28998567698,67905.3
Maryland,322659.03168385266,324365.69793247175,326516.6644967148,328746.446632465,331922.81698166096,334680.9552162905,337325.11618873995,339770.97689125047,343084.3584901386,344756.5977979649,346836.66737735056,347621.9825433588,348367.69623221265,348942.5031060806,351830.9263644157,357397.3425368984,359634.67746589746,359764.877865997,359960.7163410265,360440.7457095295,360422.34484772413,361945.1151408053,362820.2472189023,363992.2974815471,365064.3164144813,366734.70521652955,369309.1717483817,369458.6764584825,371729.29979751667,373981.12616355985,375613.81940691144,377337.9310518085,378906.4892404749,380373.8843315938,382239.4488157065,385360.17010715575,386207.4709430867,387938.8770800628,390495.4977521371,392822.9665552532,395786.4375179292,397416.2568977444,399636.1825550209,400659.21521137323,401620.0807594287,403570.2745420385,404869.04783193284,406398.07467161224,407656.51317145716,409082.9258031959,411155.34700075304,413154.75413064496,415232.0201648764,418244.5344257091,420205.3960654521,422537.1600899819,424962.7289318415,427507.6172002258,430388.3
Massachusetts,456321.594032587,458442.42549221375,460990.3853972993,463279.13334386214,467239.55249882076,470887.95475210313,473749.2112376204,477001.93477607984,481469.9456795037,483357.8182679237,485559.8955595797,485977.1853132027,486497.71155231557,486430.81897268497,489614.7818076128,496245.0568227169,498273.4678912371,498222.39871679764,498418.6217894096,499144.5295720054,499327.1366965724,501332.8409693299,502460.79896426725,503890.11321136536,505334.7053368731,507646.15239790804,511129.7454500708,511786.6597504607,515553.4925079467,518619.8629707237,521456.287229002,524015.57194246753,526658.1764730653,529061.3664391262,531918.8172595099,536293.070986833,537575.0976573045,540180.4226386007,543744.7584959543,546811.8894465242,550638.7692703569,553761.934338983,556956.9698706099,558277.5353183692,559755.0033503196,562845.1292616702,565087.403188219,567530.5925241403,569088.3690290835,571072.3145920289,574010.8554609751,577011.5799134447,579803.6117011366,584232.4180941083,586759.7939721429,589389.1644818747,591738.3408655754,595785.4632492439,599091.6
Michigan,413009.57662039826,413934.92613234284,415609.0881687358,416779.24218281946,419252.89763056865,421587.5626537868,424293.51002513134,427299.69514419104,431982.0160111724,434006.316240674,435417.6229903659,434921.28606932133,434245.0997625332,434938.7078670224,439920.97982722346,449112.85585939535,454402.6736034842,455839.86443172244,456922.67120556417,457628.8257591022,456798.9952623938,457348.46486135403,457466.12152917095,457821.0218202159,459055.47441603034,460913.62520524015,464371.31451247854,465013.80137046333,469369.6992695032,473206.2685131691,476127.7174469912,478502.78897857806,480297.1193190353,482045.9696095042,484344.22805215797,488037.84631442255,488914.39270225144,491495.5967699669,495076.2047925628,499032.8230472396,503571.34500177053,507126.32375334913,510691.67960412265,512154.67081122764,512645.79000479,515335.53500078607,516500.8428331116,518372.8651615269,519770.32159101334,521051.4861995152,523126.02728226746,525079.3280628944,526858.5327749291,530539.2995626614,532584.1700748107,535266.7729821972,537727.0372651987,541018.5801626751,543976.5
Minnesota,290007.6856881294,291265.6605389071,293312.5302602276,295017.84845867247,297244.42655226204,299556.75929466967,302108.8511959159,304423.774277967,308196.23893050157,309929.8540052885,311495.6223499745,311947.38048946083,311989.2495307259,312435.8279287684,315082.9885965179,318860.3434155273,319994.6096155084,320069.58973973215,320351.688681672,321732.80780663656,322273.65406469227,323400.4872051555,324482.4192264988,326119.9806132601,328697.41370067623,330927.2198234253,333586.8630691503,333453.20347794547,336422.12339259643,338506.58185530687,340821.4267366551,342837.72248698445,344463.14314618113,345005.1785693154,346126.75038570137,347888.8630675274,348450.0762022768,350483.11577503954,352061.10947558633,353829.079270657,355146.1065634669,356937.5928806744,358761.2054265024,358928.7584649479,358627.4685269427,360520.2820541414,361504.2490580153,362879.94143119664,364520.11426220165,365715.7761338721,367571.1553376886,369744.947129787,371680.1462813019,374801.2533652487,376149.29816353304,378006.5663796494,378707.2767608714,381233.8446596024,383093.6
Mississippi,87928.07937782769,88316.66253925953,89119.45047690078,89976.71277520484,90649.37968654693,91315.87557223951,92259.08135698314,92804.7972915973,93965.131623007,94777.35869560832,95310.25542758279,95605.48545935676,95908.24669498173,96417.02795052073,97340.28236674362,98000.62319092524,97943.54157303371,97645.56938569588,97699.2425968247,98262.41111693971,98686.82230486251,99205.59623342806,99694.52630127748,100287.04781797875,101049.5782238406,101703.98144593666,102564.93399189874,102540.75551486408,103332.2921178187,104141.52043739901,104898.87739595457,105504.03805996796,105920.98541121707,106208.413274676,106733.05579568169,107430.34388105031,107820.76916265386,108452.65237968152,108951.6190204819,109408.23466945588,109702.98393863681,110178.8162025417,110729.52615794372,110732.32369963442,110460.68597216332,111052.70510867951,111309.30288255167,111747.77590184026,112470.65738726714,112967.65314093523,113689.46004046038,114539.86890481762,115374.89931841262,116474.21463539553,116963.3950543347,117752.94641732513,118134.39193305973,118806.82648515565,119497.1
Missouri,247308.3008838737,248300.33489257493,250088.80079948338,251915.5007735957,253904.15308990199,256010.85034081226,258127.15556841218,259866.85684259026,262957.393686021,264695.52045959217,266099.96026312595,266642.049880384,267193.2251948599,267940.2015140478,270866.9205283435,274978.8213767295,276520.79752187926,276505.29641825065,276932.3480389382,277922.16990531824,278267.12257339724,279469.82425998966,280141.3549405543,281108.1946056685,282345.2064772371,283874.8544546867,286067.0155714199,286091.53337868524,288645.33520035027,290873.217628464,293072.5011621489,294866.6695926811,296281.6538290241,297166.34833011724,298555.3560942321,300973.49893386394,301553.5030563745,303298.01065492776,305018.73870863876,306784.5944518768,308474.9015726206,310249.7396266223,312207.15934426227,312842.1505108975,313250.16978359787,314949.1792875487,315845.3582227832,316953.8177575823,318031.07485682453,318933.78821558604,320501.28901567677,322180.69016004744,323698.41359677986,326315.1985870784,327453.4572844884,329204.7601931723,330270.4397199699,332510.2429395907,334286.1
Montana,38275.23890081286,38583.90496049216,39172.08446327044,39808.67066565624,39972.94566281313,40313.9790220022,40820.59459764379,41077.80904710288,41681.41991946421,42155.397939012226,42476.912766222835,42784.96124345172,42942.26211089494,43561.52645875566,43868.597840168266,43371.78907059086,43048.30167727379,43069.92081936204,43209.21724152583,43826.76917413126,44174.215577983756,44172.34884322774,44428.16028285879,44887.033960286135,45696.375520668415,46272.06771635105,46642.65344711773,46590.73045013327,47001.52541130542,47141.38331343253,47413.48145370926,47734.579713133215,47988.35634668487,48040.875350045615,48227.006802572985,48188.05855257304,48433.149158685985,48837.92962843705,48904.93885505482,48902.31573765773,48448.94285020047,48841.39360327054,48829.36608545003,48572.99067764492,48069.15137308637,48555.36119900402,48756.07583329359,49007.52049764147,49545.99033472291,49765.8911794261,50053.576226208075,50554.38336186046,50988.111448681964,51469.265590241055,51695.69625032864,51944.18236671631,51938.71426774935,52228.01449651847,52470.1
Nebraska,95304.27917296317,95564.71105131923,95946.34700389105,96486.50685332973,97260.82274864292,97845.31226645006,99002.06222242212,99887.56178495083,101390.8451391486,102152.22650454057,103015.17775722747,103517.12975367329,103716.8516754735,104150.27359540938,105220.81108433734,106512.5953629283,106328.57655553243,106067.40690839822,105970.27822194212,106984.82435881023,107130.79557597777,107650.30920916637,108258.73787526954,109202.1972862258,111255.25971197752,111888.82010960115,113000.70629339576,112346.4355273748,113579.46202249,114625.42152709507,115716.97838890339,116804.9086400048,117890.3784412563,117809.77409203326,118051.58775038148,118240.09095575847,118484.82953247629,119694.1522757149,119599.68233621224,120119.24633429972,119868.8917115783,120255.48163355897,120825.04751839761,120667.09011362588,120264.10652186084,120814.53021150279,120961.78296602049,121060.34255505004,122011.98646036936,122431.0010800285,122892.83423228667,123559.94713091118,124113.1059400923,125042.61198349694,125185.36420331035,125984.20503987583,126224.90969607704,127027.93658327531,127940.6
Nevada,128374.6795070449,129544.58426170645,131045.8118017187,132630.24708865344,133845.09451527335,135172.17734976078,136423.65283681994,137790.2114571041,139399.13695364707,140430.3634343741,141485.49986742123,142168.5354810409,142345.3889895207,143325.48422087485,144613.60387700537,145891.54718878376,146560.9336102816,146781.4761594006,147175.82411823983,148029.13809112876,148325.83079120368,148102.2717264545,148165.51652733056,148635.13936492975,149432.3293263693,150586.02123413575,151487.12865486098,152159.48434696603,153531.03649418737,154291.47756294563,154936.04585444494,155594.063514811,156170.75983187245,156990.39752042005,157971.11705233253,158509.80754351077,158900.9620517048,160150.9425383045,161321.95273972602,162425.1400590819,163239.09198003937,164433.3938132329,165159.82419113987,165643.28845917343,165932.51320832054,167581.62361091754,168465.2966535024,169211.76728255313,169917.28293736893,170351.01146803383,170997.2087010593,172060.8170457563,173177.69223306022,174372.35697194363,175302.36296668823,176055.43114794054,176679.00779561556,177865.10611432284,178621.7
New Hampshire,67829.04198656123,68098.12471073338,68491.92496129869,68971.8555604534,69569.07436528457,70057.87877042705,70596.29383489642,71043.22863703527,71744.87500829945,72080.99602535793,72376.38934100504,72430.75804448295,72438.70327351263,72565.50516623829,73195.30664422137,74394.04880938429,74888.00859511529,74975.98312493342,75060.53462028925,75131.40616756493,75098.91918051701,75320.21432245782,75435.09243122977,75608.1339933392,75835.57777618055,76198.86051386755,76765.43518808299,76834.22258955915,77417.48503332661,77913.24168728502,78241.12002394613,78644.16970462553,78974.64624598046,79338.99334431761,79796.50946327265,80390.15232398239,80552.01699687484,80923.15792311436,81397.76156582242,81882.89914220013,82444.00068511709,82803.6205882631,83261.88708609271,83445.58821815618,83639.597295247,84038.4650094253,84272.68178702412,84556.7075105501,84724.22570326344,84969.16337678119,85336.46531894723,85757.00873642867,86140.1832522554,86805.66879444027,87192.22309181662,87625.48880155766,88023.13733868781,88633.05321835271,89152.2
New Jersey,481116.7492336715,483246.923584944,486959.19678994693,490339.3758211027,494832.08101016755,499638.360721619,503726.8073016914,506615.63290713984,512174.711579704,515198.0552000158,517754.81738546735,518210.6657617643,519636.44073927705,520381.67738007946,526623.2765646441,534853.3383893691,538276.9308518654,537839.0494630818,538424.7461076445,538539.2218157988,538995.6791765025,541470.5992341797,542839.1411323178,544937.4168936504,547259.4686870656,550938.8192025996,555544.6511272215,555987.9870656661,560343.6927508219,563910.1862829644,567370.9645284107,570544.2344129432,572707.3224622179,574641.7252886504,577324.5047836966,582222.3693288291,583049.7367084692,585888.4768666613,589835.5880860953,593439.6438190875,597741.0655475862,600470.1617224232,603951.3058847446,605224.2743049009,606598.7323909632,609171.5953495326,610914.4701270616,613427.551628265,615260.8984367471,617346.7537529084,620864.6819226561,624147.7539121656,626994.0164802996,632150.3272297126,634547.3167269337,638017.3665835203,640790.6847556175,645533.0229100621,648984.0
New Mexico,83901.72742181462,84671.17358396408,86346.00999947592,88008.59724623557,87341.77926975075,87746.08220479196,88271.85823656882,88300.48651911061,89179.96283449464,90345.7232026375,91200.83396927401,92592.06576743904,93908.6176091019,96692.29415038339,96741.97032185437,92624.68566476852,90713.21882469626,90665.73062330624,91116.95603834762,92473.41648568312,93759.14757541627,93717.00511498569,94165.55172518313,94925.95734611206,96146.14812538415,97194.66623674982,97313.04708641529,97013.86801479654,97416.32674982329,97124.96124168515,97462.90391901374,98120.48445081942,98838.44820009112,99449.55916687833,100260.25375303648,100148.29431465035,101229.12503405065,101733.95685807796,101352.22542643508,99846.30339486769,97092.18055955326,98007.50964269551,97349.8609172339,96668.29623657462,95450.50554168267,97112.17660748145,97847.11729089178,98737.23406236798,99871.60175890301,100092.91219573256,100563.28217694092,102049.91632968374,103340.49889551158,104329.29011133556,105166.9358465301,105127.82736832397,104283.91199890421,104482.20560849048,104349.4
New York,1257440.1475082904,1263350.4877071432,1270868.3607755038,1279251.6726488792,1290385.3266960005,1301892.5627734084,1310487.446073508,1321452.2613396107,1336949.2355370577,1344715.1843762402,1354514.5902422788,1358699.1764339348,1361133.8364150506,1361352.453671364,1368161.1005280802,1380988.0288201494,1379006.519639916,1375842.8085632853,1376266.8614180284,1382747.4426598984,1387739.9101180683,1397569.1363867007,1402060.4578923206,1407524.5695285946,1411665.8497546434,1420552.9342878673,1431583.9793580633,1434030.6012058929,1448549.9966989637,1457726.9935182305,1467009.327216335,1476910.916112643,1485924.2767579367,1495597.268880753,1507314.3380588046,1522417.385397203,1531312.1269620226,1542196.0174833653,1553586.8289956742,1562308.2698912055,1573451.5941195257,1582248.3285154083,1591999.3627465246,1595943.8362845043,1603526.5871232068,1616238.258111619,1626653.0586490592,1635358.7065435157,1639338.9033045815,1647028.0019368825,1656995.379615374,1670737.895607865,1682530.640553149,1697850.1302204023,1706777.6504224474,1713958.4921547105,1716708.0571028613,1729860.9379392755,1740745.3
North Carolina,437795.7369766556,438564.90364203503,441951.93319709605,444404.4854907388,447191.4782005858,450943.7075515991,453834.5184230331,455185.88015957765,459811.1580990939,462963.4578954818,464243.8040136895,464178.177256762,465643.2768725014,466212.6393106466,473054.19015713374,480730.0578994939,484644.2108807692,484275.56288948614,485229.46202483744,485788.2015656326,485541.54251812113,487837.188678611,488910.21488130884,490495.75710485794,491740.87138795113,494289.7425187082,498578.0894961151,498674.5526501448,502993.69788108737,507487.99180378835,512396.18322586454,515657.2993584643,517528.32705378917,518613.4304445394,521323.28578816704,527366.9886232176,528188.3042915618,531042.9433576685,535016.1696953666,537940.5952120619,540981.8966122572,545019.7660927215,549521.1422866057,551159.6069203374,552275.7600635682,555906.8856293941,557812.5474766338,560133.2088900282,561777.1503634343,562948.7725758927,566274.4835384727,569472.90176324,572216.54032297,577018.1989416122,578917.2065700117,582165.6512780478,583770.9646198424,587905.2165779666,590710.5
North Dakota,45082.04154214305,45226.59953778029,45598.25195126258,46034.018047907965,46233.59911510543,46431.71376432023,47059.19943706869,47465.57687594174,48312.840869203224,48846.19603937691,49371.666565614214,49847.95136435841,49955.53405178361,50650.0333101677,50883.96357110014,49944.093811443105,49184.61171740885,49267.985685483865,49324.495560143056,50288.24211769165,50736.54527541171,50623.398251144434,50929.118258109644,51510.0679883551,52670.08151527067,53350.927053763444,53565.28012457875,53315.163703620674,53965.82337332303,53775.78800358102,54226.702891415625,54891.81877514441,55485.88187812188,55644.180697209966,55970.37516841444,55366.17496125365,56055.70068987646,56677.86378135448,56532.53080123377,55790.67470253583,53883.87526089845,54911.393880451855,54532.76785741402,54011.8344007073,52967.14969967596,54017.91916159183,54340.998838981934,54727.23043893324,55505.72722683602,55531.66601181138,55633.18277608304,56411.78522416333,57027.64912315545,57533.67521733627,57775.17628094416,57701.96077498561,57029.78675316003,57192.89049057033,57106.4
Ohio,524041.20603166317,526059.2051819514,529860.2909054044,533341.8219260226,537639.8042388863,542113.7740937083,546116.1735605757,549397.1489609568,555279.8457419975,558685.010304323,561179.8254519334,561951.1730910538,563262.0764722236,564786.6191968735,570501.3949170031,578576.4889823584,581160.8233536585,580691.119593014,581750.4306565834,583397.3892308181,584505.2565558351,587497.6332167285,589533.9107622626,592215.3398680057,595510.2420873194,599711.7619951343,604988.522299641,605631.1620793749,610558.2125677703,615006.8989512265,619234.7421677001,622209.7326605284,624200.3684034328,625763.5435231419,628676.2001627564,634120.4416754862,635317.215876564,638362.0790705621,641926.1728305379,643684.4390687449,644743.3170569531,648540.7983615563,651270.4764089832,651437.0767072967,650753.9183429632,655500.0480339887,658121.1571031205,661654.0603922792,664581.2351074943,666754.63439304,670934.7244123409,676371.4864607367,681147.6955729707,687671.0367043245,691030.0367317061,694334.8432019901,694585.5592972415,698993.1459886408,701438.5
Oklahoma,170920.41072003904,172885.25730263873,177626.87549037338,182240.45584742975,179966.37737966975,181247.52667184005,182517.224342811,182113.82132542907,183974.22494838302,186982.74548994962,189035.08884093235,193104.800804499,197541.95966422683,205932.32752382805,205424.58664577885,191070.0938614233,184203.03606550352,183153.57892380602,184287.15043172822,188135.49362484904,192760.96745560816,192675.36642766214,194215.93964880452,196478.70295381424,199920.96896796144,203047.87150033453,202848.86339774993,201775.3916228773,202099.99661286268,200824.1830673476,201809.23741595584,203492.68734738076,205378.25268320946,207143.2544323361,209493.36192546645,209018.4203940991,212581.82448066658,213309.62813807334,210459.2440166087,203602.6906011212,193153.54559630278,194040.2248609332,191160.00098296546,188793.95554681495,185380.89360223283,189723.88511037108,191630.622944128,194014.70322211453,196863.4062364902,197277.92661299784,198403.5821476607,202258.49831975976,205500.91747579732,207975.81908944558,209972.33792327845,209542.14028893298,206811.02825369532,207122.71097068614,206254.0
Oregon,201180.4651477723,201610.55929817937,202386.59285784836,202840.2768768769,204140.11282821177,205068.64011603553,206508.0235083396,207793.24184897888,209642.5347022929,210140.39711902413,210760.49644981188,210706.49051904085,210380.5646911653,210285.60083000734,211452.46441704972,214331.07164677558,214929.48626223535,214679.2534632989,214479.65700079806,215044.579311653,215156.5392701873,215780.10282375448,216251.40615986136,216741.82402656824,217600.3250239297,218175.79242836623,219510.8319499894,219276.68677475333,220875.56833786168,222303.8363244125,223469.3676736527,224687.62734250305,225916.66775238095,226696.82048366143,227681.7651299909,229090.44158154022,229502.07535871534,230899.16959278204,231926.97686431187,233273.6416351028,234284.6514747288,235286.3626611052,236508.06977303216,236968.1466739671,237186.90173602896,238309.5374343612,238782.4370284433,239533.42603103834,240566.70968416755,241460.42383024847,242525.7847998332,243549.63905939372,244555.48020551298,246289.4968095963,247320.24230716823,248640.32302118748,249927.94893507686,251522.64980413442,253036.4
Pennsylvania,621004.4957440713,624074.0406838694,629450.429273159,634941.3899816236,640615.2334022807,646626.885960452,652030.9760478912,655952.8876006614,663273.7097896958,667709.1021104326,671052.0119429572,672273.0773916615,674050.2996833101,676085.8961173015,683116.3371909455,691438.4996081061,694839.9800550618,694653.7913521022,696047.3057382628,697842.5540904986,699155.0265732873,701550.3905373095,703428.8055346144,706154.6799703338,709557.8305347842,714098.4814068817,718833.223135825,719098.9179565201,723880.193590784,727584.7276326555,731951.4825766932,735589.7123039989,738761.7284662199,741386.3440168874,744964.944509154,750183.5801841246,752697.4834640505,756001.4813259413,759039.4624774487,759273.314838526,757931.1564036382,762065.6392573818,764074.010258413,763320.0506554104,761632.5091923282,766996.4514037146,769973.1457284015,774008.2063733942,777677.455912044,779906.6114554593,784177.2085745035,790089.3105761823,795052.4589695196,801937.7394530016,805578.3178003206,808841.5402581719,809578.9881883757,814643.2241779016,817216.0
Rhode Island,47156.32633032204,47419.04348559923,47738.4992184262,48051.709320002345,48528.7192794174,48966.58996443333,49356.05364884393,49743.45540814553,50267.65197729147,50520.741780760975,50830.00848150215,50972.09013952078,51058.19916189243,51126.01867900844,51501.93709169496,52263.288870062905,52507.06184805358,52541.09063071627,52593.604619157086,52733.476742490224,52802.57601891694,53042.78991562029,53192.60983756942,53367.51061901011,53531.791390891216,53806.50802352047,54212.0692841413,54273.989216884365,54682.317776779026,55005.003525257365,55276.61084676694,55573.22856338877,55851.75510620673,56111.07127723127,56434.89790757636,56903.69989577749,57048.8078326724,57354.35098292808,57733.56562118126,58089.85470477535,58498.03159517308,58800.248507332406,59143.12318734437,59302.60777860377,59480.9938521332,59819.594197626924,60047.695324992485,60300.82396419066,60451.10399209835,60683.20447241329,61003.97287087712,61349.316538100444,61692.039872499314,62181.03979583008,62476.61786409648,62812.732045148536,63060.77937589669,63497.648718623925,63903.5
South Carolina,181570.17297412056,182186.61915818803,183608.26496098138,185054.347135607,186869.38811917987,188389.61849644218,190065.58563734288,191310.4848083139,193349.72236949764,194509.59113285618,195342.6876638542,195399.8235903088,195672.23837601548,196066.93653168666,198579.00606060604,202722.32416008261,204691.22722374514,204705.76036735682,204948.53675073042,205179.29006175604,204983.6444741291,205783.51858933328,206213.2608394048,206770.90663564182,207358.57003141425,208285.25596943835,209958.68798902404,210020.56656593355,211519.32687616703,213286.22234656964,214735.87122240235,215982.73842931938,216882.21274785863,217800.67572308116,219052.8364550646,221194.4789794312,221674.91861233054,222676.78591490255,224308.00708515669,225822.47547628084,227729.40631231727,228942.04633048383,230627.7036681534,231299.60172793278,231624.94683898898,232851.07706940963,233412.87652858548,234282.5968089999,234966.2493135332,235630.8156103174,236869.23145209567,238001.73637051816,239152.2659596194,241042.1712235476,242056.37011031242,243525.54091539062,244759.6565280008,246274.2672797086,247710.6
South Dakota,39936.63627414225,39949.0261087642,40073.42300884956,40272.62417799396,40578.539346990576,40776.38049891463,41216.07260536171,41615.431911539934,42249.48653472143,42567.44416576658,42987.82652639317,43306.66704863242,43319.94280702505,43441.36810308453,43462.51752412457,43354.26639781272,42677.78272973152,42600.94315000986,42479.83759173541,43189.6408635363,43385.724170144,43618.417065611604,43917.357639066904,44341.6992012188,45197.09511353807,45469.232078123234,45916.03942298857,45578.713704010515,46305.61345671267,46674.81806354964,47085.33017950985,47613.75604480956,48173.51993297493,48152.49989058864,48305.96838018634,48248.0908078328,48502.24344016195,49070.526304693674,48972.62510504823,49166.84005894535,48965.90107585508,49201.281179943275,49507.44337860295,49511.1204018115,49452.327274842464,49885.9047816092,50084.06345513392,50219.333293265845,50729.331621260324,50998.561185297745,51237.4205728347,51653.32413247537,52009.07133103877,52499.194481076775,52569.12000223042,52877.21880041307,52881.89456124785,53280.43485475634,53692.3
Tennessee,283923.0659170225,284815.6497235242,286360.07483433833,288158.46611293574,290232.13260835287,292411.1634005374,294681.20341556374,296380.94533833023,299475.1985332192,301235.25664945063,302335.61067184096,302494.7722757606,303021.51512496755,303802.4577151182,307515.56142289547,312864.841820042,315243.8139746542,315414.6866671716,316260.2321937569,316714.24692266434,316919.3093545489,318072.956784933,318557.0187794526,319298.6704292059,320352.7440609084,322066.2741785011,324502.54114965006,325033.2053828127,327941.94773157086,330734.2117009104,333008.98074559646,334825.453383316,336105.46235634736,337190.3916612773,339038.62888112024,341963.0362616102,341987.86655905197,344010.5720071279,346599.3201533205,348988.67195298476,351401.50653359777,353815.10411555134,356375.7159221558,357572.7074048799,358487.852656003,360348.94517340936,361281.07958379644,362620.44822017377,363527.31673312216,364414.7752378008,366244.8412212014,368029.226477938,369403.572006016,372583.3831984961,374009.08340218355,376149.3104671303,377711.3541609104,380538.3815009252,382274.8
Texas,1526320.390388696,1543369.7901748586,1580610.200064901,1615321.5635294847,1602020.5015611416,1612965.044767285,1621083.6091786823,1616630.564495815,1632979.0078127652,1656797.1843090404,1670019.5655905928,1694797.8753877599,1725645.4874313911,1782097.1058789524,1781606.237148126,1691293.1723858803,1645256.756844142,1634434.0714466139,1640715.1390889157,1664174.2958038487,1695460.4878251548,1699239.9438787627,1712501.7261972928,1731887.2113788847,1758557.4025782766,1786583.555260412,1793615.9504168022,1789632.2444750986,1796083.5072949007,1789551.4957131378,1799519.448882665,1810762.691929976,1820065.3327021408,1829306.8098503212,1845039.9498971666,1848749.383613653,1868332.733268408,1874544.7460545732,1863721.90819462,1825902.1485602697,1768264.5782847472,1781132.3236086476,1767971.642761323,1753226.7575302639,1730555.694940147,1756619.9631149715,1767933.1564924144,1785172.4437376515,1803392.2839768524,1808495.0538780224,1820689.7196702727,1847627.7570677085,1869862.452734843,1891314.7308418022,1905145.0478527406,1906336.6257248616,1891890.4953217406,1899901.2654324803,1896062.9
Utah,140866.18315173354,141746.64360295524,143283.58412830296,145016.69774766522,146023.40753280578,147390.7680752355,148521.6766515701,149441.06223991048,150921.046526318,151950.44106909368,152848.81931016757,153592.90265111238,154180.99306905983,155297.18869089897,156120.74351410204,155917.05309327715,155140.92881797667,154689.9841036855,154975.9397108789,156019.4444703143,157152.5624877333,157806.0594997305,158497.5243485503,159375.97945498236,160534.3501702471,161886.7690253226,162982.72474559798,163129.9071935208,164320.17344550544,165032.98547864033,165784.20541652417,166548.21213839424,167154.3940414737,167779.61454320914,168734.86703683247,169783.63005623707,170347.35137622585,171337.19416779676,172330.07281399498,172814.55066712762,172934.74527208507,174192.7048926014,175032.90865008335,175298.47721253228,175362.9046655429,176870.67819465377,177704.94254571333,178672.9922589713,179374.41792915252,179995.56960162742,180964.948289059,182325.82402776057,183508.3357006544,185260.07832817337,186268.2936408907,187184.4545059962,187643.26372322012,188913.64966193956,189809.5
Vermont,26501.588933218623,26582.79754064733,26721.085384714384,26894.408092109472,27093.55172930427,27242.117896044332,27460.497931717917,27638.943947631917,27928.52764579537,28085.786453688608,28238.14314975845,28288.247842981506,28294.573921796848,28362.44313250739,28620.8660372014,29032.89470739324,29194.944340293496,29223.108315226204,29255.00378639844,29352.735330212556,29348.13895307389,29407.451174646983,29466.58494073194,29552.568775362834,29693.99790505792,29822.41952544628,30035.7155950711,30033.56867101669,30260.554049606555,30467.76543570512,30620.63777191826,30791.653760213267,30947.988613354224,31078.316893666895,31244.20779905039,31440.24815939356,31530.990838663092,31712.82932835135,31872.950715003008,32057.625261282425,32221.291084708868,32387.869234617807,32577.241828147377,32647.649084183522,32668.041768969084,32889.191704201614,33002.77040471266,33124.217374243985,33265.76474229235,33354.75935918557,33488.979981750745,33666.65568133967,33831.18510763152,34080.64710710128,34213.550337326975,34398.915989097026,34548.29924207034,34763.648510504856,34973.5
Virginia,418615.7114759818,420759.24469689635,423967.6212846802,427033.8679305736,430530.0161308565,434271.80689380015,437485.5988333719,440273.2302842833,444688.19474521634,447298.52311375487,449651.02726102486,450437.3745306225,451531.89258917724,452709.045800256,457197.0269398612,463732.2115092314,466948.47808918555,467369.2406185135,468096.8765714167,468860.3321579995,468910.1893176054,470625.9310902983,471402.0364357959,472597.5247530546,473600.21863984974,475526.31607514387,478731.5266885696,479010.77421123465,482317.8316257194,485696.3376948224,488601.5908469741,490949.24401935935,492868.92885941966,494397.90887177235,496579.8364315088,500859.96418435103,501810.9911786889,504170.0941786053,507692.907079135,510741.38171932055,514038.13464829925,516889.21750449185,520129.4671721443,521714.3230340038,523018.8561508112,525963.4664072734,527671.5219142106,529488.2792447377,530901.5597389432,532057.2600282473,534519.4379195144,536819.156994735,539302.4331757482,543116.7403846695,545185.061589969,548053.2606533841,550712.4102165158,553999.3800075228,557143.9
Washington,455583.1021208507,457982.72224599565,461052.8124156514,464193.13082366466,468239.13954762527,472004.8485662576,476029.800537133,479722.9701652079,484753.2316879296,487389.4200614321,490030.33361074486,490966.117914863,491590.4375183462,492371.38552077254,496176.7295990053,503540.636355492,505499.20113293297,505296.55476154556,505459.67363945954,506922.14843485574,507672.2058264035,510162.51517307333,512149.8121578387,514555.5971600088,517777.76651551167,520472.5004143303,524112.1537226535,524410.8657972016,528267.2480961984,532084.8175366535,534744.4027330057,537342.9655492735,540020.5218152741,542161.3658408402,544685.9869844376,548058.5457346477,549030.5359633802,552143.627581421,555014.1319121027,558396.3877914356,560831.0647836912,563236.067260169,566246.4072080692,566889.0575660579,567110.2898251739,569347.3694013637,570323.4846973198,572174.167818569,574807.5191772468,576910.063252509,579269.34339071,582184.7722835463,584229.5916292975,588956.7052849367,591051.9899744148,593743.0178896353,596809.2719150368,600917.0234336411,603772.4
West Virginia,57318.71278832709,57833.21902129359,59145.51787492848,60638.30509101672,60661.5390064976,61344.317210137364,61977.81041760263,62056.866881290254,62812.113563508334,63665.76824945365,63977.193822325644,64410.4480155642,64581.99654576857,66281.0588147814,67349.0594357501,66118.31277190022,66211.07710782583,66846.81695063123,67678.0084217093,68738.41069951616,69314.16369680298,68670.98423105992,68670.42519485427,69122.24782061022,70091.29877236343,71227.04636021805,71515.63126259469,71590.19665093366,72129.17937700331,72018.91985959362,72346.70124683519,72673.79653209688,72818.89627749076,73036.19745677106,73486.80129538297,73436.74618828774,74219.39927350773,74634.67796273688,74761.53630730002,74003.76961624037,72351.67214399826,73399.09145639357,73030.93465858177,72530.90581338447,71475.74431274424,72998.06821775695,73682.0909086316,74472.39541147588,75247.86413021889,75229.53933805204,75524.78556636676,76632.61354273945,77514.1317700439,78208.70047130769,78737.63194564405,78765.44383964057,78156.63150883288,78351.32746688712,78270.1
Wisconsin,261886.9959428114,262623.10692053504,264349.03267209756,265761.5946264909,267826.84293113765,269925.51570746984,272134.3763336008,273703.0489187496,276786.9737662498,278499.6399991795,279576.0205926516,279649.05868865526,279864.5835047721,280333.51916656416,283885.8760676957,289111.852819694,291780.89601418335,292090.2740710529,292622.82858540944,293222.2959282669,292910.687085695,293836.2870108079,294414.5029000875,295311.4670579365,296684.49945486465,298085.6602640983,300461.9821094658,300332.15793509025,302750.86610225134,305172.47553683957,307615.57485617907,309527.42815994855,311065.14898066904,311963.1390837837,313421.41177685134,316023.2907920205,316373.4520514294,318101.2844417257,319990.1494199536,321746.25173777883,323196.9269597442,325549.88161351025,327670.6916016259,328151.69951635634,328107.83716491127,330054.32848147943,330864.40550092334,331958.5148083329,332898.6876285664,333589.27999250905,335187.3567614094,336936.63601620455,338417.50260106096,341117.29676966165,342228.47770055704,344040.19884627213,344855.97481110133,347182.55666357937,348822.0
Wyoming,30369.681266976764,31126.390670154313,33044.78749589221,35033.91500817932,33809.0973120201,34178.120549199084,34438.63950225019,33901.288899203595,34363.69414036786,35534.24625023895,36015.14967113717,37313.99244875035,38563.051882790816,41741.786013663215,41600.030170267484,35920.992582110295,33626.66682692307,33702.88687725698,34391.67580916351,35951.677463922635,37414.944080151065,36656.34134394597,36843.878869755405,37458.86083610589,38684.302070910315,39859.163355578785,39671.324230029815,39571.55741738089,39768.00733180525,39189.35568991302,39347.61561669675,39583.4170388869,39755.668797647566,39912.18922664686,40238.934632885,39700.37901283789,40395.17222699653,40682.93765725944,40410.90969765213,39353.37113196538,37373.21417071704,38154.974762999555,37526.97131648449,36882.80375647164,35696.41587261591,37016.10530639432,37542.197330869516,38132.19174163424,38783.65226020298,38633.411151685395,38670.85236048471,39540.8185080312,40184.49932603716,40561.273959146434,40912.50956768321,40701.6007383027,39931.271684333115,39919.35988980931,39610.5
