Geography,2006 Q1,2006 Q2,2006 Q3,2006 Q4,2007 Q1,2007 Q2,2007 Q3,2007 Q4,2008 Q1,2008 Q2,2008 Q3,2008 Q4,2009 Q1,2009 Q2,2009 Q3,2009 Q4,2010 Q1,2010 Q2,2010 Q3,2010 Q4,2011 Q1,2011 Q2,2011 Q3,2011 Q4,2012 Q1,2012 Q2,2012 Q3,2012 Q4,2013 Q1,2013 Q2,2013 Q3,2013 Q4,2014 Q1,2014 Q2,2014 Q3,2014 Q4,2015 Q1,2015 Q2,2015 Q3,2015 Q4,2016 Q1,2016 Q2,2016 Q3,2016 Q4,2017 Q1,2017 Q2,2017 Q3,2017 Q4,2018 Q1,2018 Q2,2018 Q3,2018 Q4,2019 Q1,2019 Q2,2019 Q3
United States,3.144226784636614,3.283115061983883,3.0734569809808465,2.628335340322434,2.9191997691611706,2.7259929351267576,2.5369951272967004,2.5659614783860536,1.9418105206446796,1.830348825505195,2.0631386159189087,1.9766690410019727,1.5914321723839022,0.9010649909852605,0.26119433927114566,0.28699841219995537,0.5499338198281611,1.1659367859360266,1.3534129713451266,1.5793862924949977,1.8681888814167322,2.0618981307962687,2.4220035840707177,2.0039743570850006,2.0935444493234217,1.829329882877845,1.696380580119746,2.0615470294931186,1.8318756093369797,1.7232124359604661,1.6894053598560186,1.767013983250335,1.7776130697833885,2.0513404662662116,2.0008838489919576,1.5663155333381218,1.1200966132808468,1.1241872308476584,1.0483381311970095,0.8883963732703068,0.8168476225453393,0.938026792505876,0.9475272988332906,1.4309284949679044,2.0181583265075247,1.6597953596342667,1.8205807295142389,2.0283563728039704,2.14575292797206,2.6714372692210517,2.5882430847531146,2.3396869220955017,1.9362013628605705,1.7295571809269517,1.7118099400957678
Alabama,3.044024408807489,3.392920998163885,3.255974563109975,2.7951270038215674,3.206441729996892,3.2036854308303333,2.84965993421425,2.5688388408207516,1.8058772427118048,1.653622963662684,2.1344849809458015,2.809951119823045,2.6288499704600783,1.810896527059134,0.9364011649961215,0.4924677010407477,0.7140811402388465,1.3901259768622396,1.6924119562479656,1.7340352491118676,1.9910960276490715,2.20877228136484,2.606539664913703,2.038806974995092,2.0619267648931485,2.021428196138043,1.7959463646214815,2.3236793002285396,1.9549554796878648,1.6162998878559889,1.5441319681733352,1.929072739055926,1.9931705098625767,2.2343095145670744,2.3433701276166645,1.9626206951987295,2.023936570007553,2.0130866574806014,1.8716401717996038,1.431702468093689,0.8568892603615661,0.9778031313658062,0.8251266254070302,1.2719552281046163,1.994468744216439,1.7109020477608339,1.9639440373154633,2.177095701331453,2.26190008288488,2.7557204197803826,2.6223983339817196,2.478894230139711,2.1209496515991924,1.8088869066454045,1.906177696873938
Alaska,9.36592412598648,7.573020604705545,2.760693901728662,-3.7013226027945114,0.2856477966025269,2.717303098786426,4.387889311610529,11.110682142649326,15.730010240247202,22.227370703815634,18.016253743407553,-4.267536232368255,-16.739113052920338,-24.696958865718624,-22.503858149149092,-4.710570469486345,9.917826579399035,11.057678356589781,10.899321368035295,7.949258945565526,5.211230170693675,8.191396198941657,5.626898891449481,2.7856609872828417,-0.6162316780911767,-5.192620369047569,-3.822162186179322,-1.764420993858737,0.48075234877909234,4.276592678970267,5.621334622735588,3.3783993777962573,3.7890954601177875,2.804900795535199,-0.2751103929853233,-3.135865860072116,-10.697449187224539,-9.999690413763995,-10.209541126061954,-7.7952581381881965,-3.9894423445289204,-2.269402063090886,0.7845306246085695,3.6275353589259947,7.510371782098003,4.403610644590809,3.4909913128632755,4.2554315480764755,4.356626107964383,5.567602474378454,6.211014871372185,3.603999713827796,0.25476052606760174,-0.8957433443889149,-2.593669542572302
Arizona,2.9835945222340188,3.2462273159360566,3.317460476792698,3.2003563164716002,3.388127194285535,3.1244398662447,2.7483505398587185,2.1845877794205055,1.138304209496394,1.1182526312363312,1.453466985962474,2.467047437625887,3.0509587737116184,2.7147858970293015,2.090572236928843,1.3042321251820523,0.9401596628243188,0.8626099425343798,0.7852710817955131,0.6209006884380441,0.9981052424743616,1.5935031700729847,2.1309127294544674,1.9144547761935116,2.186563346649062,2.028505033664802,1.750638013491644,2.2168399533594503,1.8142812368595669,1.7703008498327446,1.9486526550753063,1.935252732758756,1.848440453215754,2.015678218857766,2.0703916866305443,2.1451347279298,2.228281743918082,2.209306735242477,2.0430865749260025,1.6328324971590014,1.286547204116573,1.4286867948636301,1.3668333748345367,1.647843325189497,1.9936010531965023,1.5549470077594703,1.5519906796666876,1.6896595688988736,1.7936346414423756,2.2537364367008035,2.3463476916873867,2.219358081002529,2.051584472368601,1.9224729163686385,2.0310558330485153
Arkansas,2.653472567057461,3.1229720469352915,3.385665959750864,3.178302491279856,3.7201114458198914,3.759064499947938,3.305799061649432,3.0709010609076546,2.1384328830980706,2.2171744254491217,2.707083202297203,2.6803182288695226,2.3029003641223484,1.331289194230879,0.42809258001466377,0.7678464153927358,1.1764685939749797,1.4884431875312105,1.5921126587652235,1.3782701729928848,1.7107766164604208,2.1514522975841115,2.474437210236061,1.826468182777997,1.85509149762897,1.786818738587334,1.914185449333735,2.8074631966856702,2.630982963098302,2.305977838066439,2.0154787609673255,1.8776764537881383,1.6990385359353912,2.003374954543261,1.7304263643524147,1.170571180309874,0.3624167358962135,0.2918072678002153,0.48022254085657146,0.41781665013428376,0.5587435997783128,0.7577730637840737,0.6432070966288697,1.0714520930717346,1.8951052778687945,1.4814265949274636,1.749696058999143,2.0055266122151254,2.029398511104972,2.619832256515906,2.398560376089127,2.356485146213574,2.002608933965326,1.7629352709119588,1.951124762890806
California,2.4496267275551857,2.7357557117711324,2.774015681777011,2.7023020431340137,3.0968316436010124,2.951690085435037,2.682527882406466,2.3347761399346045,1.5437851850875,1.1654424435357196,1.358406213974714,1.6444916824083775,1.2622826922833177,0.734513070653851,0.03310789282517414,-0.11295022231301685,0.3621849463751295,1.1917556762539754,1.6381275012409724,1.8293330301075905,2.1426065286401603,2.1906028370257595,2.4489220827859226,1.880501475394644,1.9375008954519273,1.9482689885228113,1.822441876257913,2.37464801576369,2.1325819360644878,1.8425151980731225,1.7327055568697394,1.8234342061667856,1.5512145474071521,1.7809222500406219,1.7630486497938431,1.533199972605915,1.604863703450603,1.5593464519942084,1.6264188581987775,1.335792669764079,1.1198504458668048,1.1177353389644884,0.8747158785588255,1.1373985233187158,1.559311149268585,1.419717867459737,1.6359123043866948,1.8094925691920787,1.7629626415151216,2.1780045939280663,2.0788074395458707,1.9912193851926783,2.029842867278646,1.9717501092625094,2.097776270128279
Colorado,3.4584630457968335,3.5193506295294656,2.897917884046594,2.0229316038692926,2.8988263362094417,2.9399833320722575,2.9644163644891868,3.219942425820748,2.829929177401598,3.4432532856435807,3.2094884539612734,1.1937990456804024,-0.10698697234728179,-1.515195526882683,-1.6880385920069783,0.33607051353015766,1.649840091474962,1.7808702455117726,1.7933723088320817,1.556790327235851,1.6786381226765101,2.3821057731913067,2.5346678930334483,1.978523505298543,1.8575792010417198,1.3038140734244839,1.3381973606098483,1.9305784425278762,1.8422039857889423,2.0856577773858938,2.213733656990444,2.0155914139962565,2.0404310664432233,2.0432099621419404,1.5606508401881085,0.7880199093443695,-0.7409201705824306,-0.6088904809356189,-0.7107112212138361,-0.42640380856856436,0.25996062526720576,0.5952774508011645,1.0502181217231943,1.7467045519185587,2.603496161304595,1.9096966264300492,1.8897090844196236,2.1373345255434737,2.2686883765230403,2.8596205064313613,2.9606870306018758,2.4393267505419995,1.7529926841105945,1.4718267978917352,1.1883043684816992
Connecticut,2.5234166251538945,3.1461633720649034,3.049124721066595,2.9111276634028367,3.087157752771631,2.7396652879962304,2.6025161939917374,2.2938866473755533,1.6015366778355804,1.1579691626435584,1.914494429746458,3.3381851506453746,3.62882219948556,3.580269488699255,2.486706539310849,1.1800705464761663,0.5339253183567068,0.808038702489184,0.8376843908078907,0.8923325781277212,1.3236358611277292,1.5686960363517986,2.1974631537257756,1.9506385592247408,2.3866469727692285,2.3070399533255785,2.0530335147739684,2.5495147497738415,2.2252319795507,2.179555418995633,2.236614305183793,2.5800758428599204,2.3828742415175537,2.37773286423606,2.393746687611543,2.0318245743344443,2.4704421974034743,2.4538888391971025,2.3535305976896685,1.942882537313054,1.4287778523468269,1.4930580705612855,1.3071977262018062,1.5436022336417061,1.429575605562264,1.203216324328801,1.3272586612691197,1.5446475822281291,1.9376648813600383,2.4103341060559096,2.3914191557606945,2.2301551485191267,2.0071294222469525,1.9318296652027653,2.0701943572557218
Delaware,2.621594073000971,3.253128159723846,3.0743485789319607,3.0369033173906574,3.0086280884696395,2.477852112430832,2.633654964137642,2.4423867613344346,1.8444117664620796,1.5175561655573606,1.4222426930145393,1.7462571715858421,1.0380304720183022,0.9588562264950395,0.5716663422508685,0.6167570273692099,1.2525497988239915,1.9393810228291966,1.958875819495741,1.5028995039377147,1.4652863469396769,1.3989291745779102,2.0455109653621766,1.7639616840102246,2.758182422317275,2.6877599147656044,2.5082433487443416,3.124520505850164,2.459686000043939,2.3869736080275574,2.449814796244608,2.803256327420121,2.720536688116524,2.9749598924729876,2.911503667621627,2.264184864197283,2.4226079894101997,2.345068642780314,2.3124482153747423,2.083986219360379,1.8581417468986152,2.189151774555064,2.3369647313631723,2.773880941210146,2.54178794822142,2.101498893789565,2.1280665237989846,2.685765825383497,3.582172966848256,4.190871927920889,3.9825041878821166,3.350086465805344,2.0340838978354174,1.7186187810257672,1.8439506771787677
District of Columbia,3.6107225058200854,3.4278983262540836,3.333788342120998,3.503640421544659,3.506384263568135,3.330821034976851,3.557968939866842,3.0119362832259804,2.4628835323139295,2.002610954798744,1.6307343328652046,2.3595221078896564,2.137107090398389,2.1569488545335607,1.8217145573908036,1.0967336785239594,1.1046166251072473,1.691701076763141,1.9973206973830904,2.0787500607700067,2.1290557836580715,1.778399958888093,1.9240813848709797,1.5292981300368989,1.763154399126834,1.8416447055692182,1.5671916193684823,1.8545611355371705,1.79238254368176,1.78208428821841,1.9056029489496726,2.3689216896246883,2.3153756648797197,2.212874375951446,2.4056897351677042,2.1824981433435906,2.5612920396422076,2.6020585566786045,2.4067595725985873,2.078470985240563,1.5588549939933511,1.6639711882144488,1.6444235080865939,1.7894837610755672,1.989984331817069,1.9188782376341365,2.0254846732970977,2.1192055749747203,2.2936806257815796,2.4892693749239654,2.4890222903414734,2.419422122523853,2.461331182119085,2.234449339632255,2.3592513861688116
Florida,2.964392880625759,3.178292656556792,3.3914937473753066,3.5280157207116534,3.627838576980136,3.287871431581715,3.0047267674479454,2.3599851548144017,1.3714522901389903,1.1536130745879094,1.321370133687562,2.6641716704422187,3.109113266428416,2.9033411468825236,2.183239379554745,0.8294889772065583,0.4075517902138722,0.7571010981901481,0.9145228341664311,0.9847610227623345,1.2524248929345054,1.3771260433167138,1.8840547309548032,1.6703178392329783,2.1348266147257164,2.3270305385608268,2.0559455035554155,2.562127048816215,2.2062200399876453,1.9823615105523336,2.0848749304756238,2.1903033295951118,1.9558405317744196,2.102204342253671,2.1342864940621764,2.1265354493419113,2.587728077379385,2.3869364456614757,2.378208295886964,1.980538766727499,1.5784925402024481,1.6823646335130436,1.4004072830128338,1.4774992068201422,1.529863770358158,1.400838141664879,1.5709358850541584,1.7079474013173852,1.836223584390305,2.2642785351309453,2.2241043489684724,2.3000528722178126,2.3579211923531824,2.2912263030820967,2.4917793401049844
Georgia,2.3514632794380863,2.95206751686683,3.005394069998557,2.909700791967253,3.1733199771588345,2.828806656599448,2.6023894636651614,2.069475174481555,1.1660523723962157,0.8429539216737955,1.4950158632599286,3.0970194161080764,3.566106997757657,3.3083017932039875,2.336180465890144,0.919375020493959,0.4414702351342643,0.9160537319466253,0.9299355054441479,0.9907021648885376,1.1565310195555598,1.268791323804216,1.8001863149809636,1.5223779307590062,2.1009099793238777,2.3069379876579204,2.292621884125412,2.907059260240184,2.466586613987986,2.1122699376746796,1.9267625426708463,2.195714749242778,2.007056019517563,2.1634529311458146,2.276351747560085,1.9723493716035254,2.341365140239728,2.275449667326988,2.29548502433536,1.9620353385604024,1.6461117865221313,1.7090219736169943,1.341929761097408,1.4512551377503746,1.3507119038186277,1.055661502147216,1.236985513772485,1.432878511344042,1.687890100044085,2.286109477534126,2.187033549408376,2.1604121761388217,2.10132897167334,1.990793046131952,2.167576926062959
Hawaii,3.261103134117322,3.345303234759073,3.6687961329367083,3.8407391369696278,3.8643056778230465,3.6591865672535424,3.4566776716701986,2.7918834225821296,1.8267297502414475,1.424867455486382,1.3500379558478066,2.6259267539494915,2.877464685756739,2.544829133659838,1.7998382605060808,0.5039026997777595,0.2826724603601578,0.9925451336584427,1.3433970269866558,1.434595445964474,1.6862100470561094,1.5878496906107276,2.100215004422864,1.8824956036636447,2.162581298657648,2.5093227076298845,2.04855856542809,2.352548659075684,2.072130207261397,1.7680571763777302,1.98512691975996,2.3158632392443557,2.1876814642123246,2.3762331400904517,2.4813894438904986,2.4435389596620496,3.056386723805403,2.67456116801159,2.5266649994829224,2.0827765140734966,1.4870945366593622,1.6870263511935697,1.441269833520263,1.5017135633946985,1.6435518477032536,1.6788674954410736,1.9476319872993424,2.0806433420426074,2.24330678525335,2.4492879995013253,2.416409479377351,2.5958937814808585,2.7129501718596267,2.6176506805036452,2.82866921317139
Idaho,1.620015753109533,1.863272562509502,2.540339413509861,2.8648443683043716,3.8124671678256434,4.1212271516516985,3.5508336709302397,3.051590811795121,1.4896805367069024,1.2049798916793035,1.36908242075931,1.6434709164267651,1.7914723815818734,1.4932932331295297,0.7460880667482616,0.9598037662019194,1.072368896251642,1.022249245264795,1.352363584605411,1.1143053463854984,2.244591358464081,2.7534113565971214,3.157622804573661,2.1825669149469884,1.9262857881491835,2.110347178628278,2.0411298711197565,3.1923906464837057,2.8459855842101964,2.152432594464928,1.779070787435327,1.166492626526056,0.8145429934436671,1.6515305585101192,1.5037038839126078,1.8236501891492918,1.279210978900603,0.9476758274011652,1.334096142834981,0.8770690999703349,0.7500516912995078,0.8615965422703321,0.47961882529989514,0.6674027625490623,1.8632614079916299,1.5435940514463171,1.775536477375445,2.030008885722385,1.637678453264549,2.0844923118488357,1.8967911367152523,2.0638828344348297,2.0370259603938,1.9278089696042213,2.4139228846505705
Illinois,2.936618745326042,3.29235003802351,3.2617786202880037,3.2878097358564036,3.495123290758478,3.1623920743361813,2.9310394921612994,2.349986384456734,1.4025678782505955,1.057173435640955,1.4634733955674126,2.780896677636971,3.050245320763471,2.7784547558002752,1.9572052316083326,0.7757211648364322,0.494543190912425,1.0403840387699397,1.191224238460384,1.2990487020577697,1.6966352480261762,1.9125611582598747,2.5349350555435,2.2307142265776263,2.6434369488674334,2.7047971709825243,2.5449834805399383,3.0375517508733423,2.4779255112110223,2.021830351818666,1.7688479534142183,2.0078666509200844,1.7832446769969412,2.06979514355405,2.2124025918070505,1.9584656696066078,2.4373329173834906,2.4160131403808554,2.3782910650701803,1.9596398445595915,1.4259526340087711,1.3804558230415624,1.1041461234823298,1.3671634272228899,1.571771621640816,1.4164997867860132,1.7082315625534492,1.9424386520380064,2.1713429716944566,2.726447421609996,2.517817643257149,2.417753276479592,2.1533431496518096,2.000860513584312,2.1380788843686283
Indiana,2.207478560656276,2.7043729635656897,2.697710659179171,2.6562725785002677,3.042238692102117,2.9921519214566565,2.504536704003804,1.9315755425364094,1.1131794811834692,0.5344461631895225,1.897271357155052,3.8098821182329083,4.3957079796331335,3.9707388036162516,2.47553414945369,0.7811791654342688,-0.04970405323418072,0.7639371275430201,1.0381657787034717,1.473911234348463,2.2574493148489916,2.485958611597064,3.106522560417187,2.624584709585417,2.5850674094752737,2.712190753251291,2.5403830480524956,2.8846264039472356,2.309766212097149,1.4168750687950078,0.951745125826199,1.5780269468986627,1.5009598891993687,2.059204563829484,2.423997799201249,1.8829294626140252,2.336830556948835,2.4856876568911157,2.372770421616841,1.8929789658070764,1.0897480020225951,0.8663227197079701,0.43813818901027535,0.8852053557238647,1.6862074155867868,1.557616087993765,2.0500481191521134,2.197988975032902,2.146402716373342,2.7123332747160127,2.354838584393109,2.35634103575688,2.1567227292845907,1.9335169789779922,1.985622116436814
Iowa,1.7375055929706926,2.2055445873557384,2.6434057020215933,2.9187762946193185,3.6562258584166156,3.769148658650107,3.4088599287772654,2.93849794042869,1.5663590526104714,1.1180684549248274,1.7190861204952654,2.8126366801850766,3.1300801241983267,2.834579975724851,1.63640896106945,1.0578615714921602,0.6572716367662932,1.0735371199491515,1.4397663338478166,1.3091572604928374,2.7200628139128478,2.9248199136174966,3.4828943112042374,2.4040887381135696,2.1968200367948247,2.4721744250562483,2.481523258262783,3.805383078397532,3.4493689009395094,2.5482169743531444,1.9064186897359998,1.4509631601395063,0.9174048508727413,1.857128647387407,1.6976713033855413,1.6787483567492938,1.4392111369715912,1.1805929960237473,1.709264529734026,1.2828660864358912,1.049164554173787,1.0688353685754666,0.6236472269142304,0.8616937333221407,1.632485373219918,1.2332598895740317,1.4550115438325313,1.8714098844701255,1.823261858994609,2.425976990047848,2.1254864980062496,2.0744283542495943,1.6194300997421933,1.5140824667877857,1.9914284424529918
Kansas,2.4838180246071873,2.869177185610084,3.0283016874680424,2.7983583690750877,3.4773308803500584,3.569238697963101,3.197316413211655,2.87558161247756,1.9029939525308504,1.7079832823909713,2.0485926049941177,2.4883846683419426,2.2689091864231923,1.575101500805931,0.7321890510215343,0.6509464462501214,0.8679245366846206,1.3175613144982647,1.7619248639150584,1.8867914502690373,2.9222740681959096,3.324238974392376,3.721601462584395,2.7015312606913926,2.2985262915848956,2.2554861096391194,2.115583093858798,3.021526014866932,2.6538579528201116,2.032839418375516,1.6125138160567525,1.3567909839223626,1.1014850047582823,1.57950081333732,1.5066939033138393,1.3416542528045547,0.975362804786781,0.8534297782660959,0.9943464874154679,0.6636408320235401,0.40814794361367085,0.39202138926583063,0.12685417377208624,0.5312491735843387,1.521869992626465,1.4330862121640657,1.8439639853101424,2.1620115332234904,2.0309230636710685,2.5505776755717946,2.314509734603462,2.280536965219274,2.0882351185943864,1.8786560692571517,2.0741599217814635
Kentucky,2.9216026263332258,3.3613669315794965,3.2999194723685403,2.8274802266623524,3.5684809737335104,3.573517896609876,3.0343167094840457,2.6492706521019107,1.521714094840863,1.4102440571846846,2.454077399450061,3.2629872488629315,3.74080348575601,3.207462548783045,2.249152557889894,1.9137366926531683,1.657535015776145,1.5507833679031482,1.2207617534950768,0.9734200801063763,1.303247113984157,1.9761804751054384,2.512165171624898,2.201924061180465,2.4097619359590707,2.3107604785897395,2.3746037982624406,2.813388705190109,2.191832629435551,1.6203306856804869,1.2818850297668285,1.5256298530000485,1.4530900284888482,1.9904132865908597,2.2608068680168336,2.04929927442549,2.2070000240242287,2.35637328008717,2.2264022320770693,1.7673131257669217,1.2581544040543948,1.0874503703580611,0.7693106225225945,1.1200381622294753,1.751301338142186,1.419652089684146,1.7023279662641915,1.853840102894581,1.8491755097365368,2.4181807408189617,2.238491951281463,2.2558714586613493,2.119800205896557,1.936034836457344,2.0814195150203396
Louisiana,7.480468880137357,7.119189604170734,4.584843465220575,1.453147138329761,3.5483311264068824,4.131421529575494,3.703084763611791,5.157744465520687,5.057535289605333,5.15409391245692,5.16439924973036,-0.1463421739938816,-4.076157758958548,-7.103215972771095,-7.349329786359275,-2.0345324746590383,2.653721697771744,5.007429337952013,6.330969350221688,7.045319612452246,7.24183947334941,8.288055559214959,7.776775537307025,5.676330233211402,3.732424915402215,1.7610956316775168,1.56264924689435,1.8579481577990937,1.410406061533414,1.1285966496130326,0.6585748898444915,0.9209153980467911,1.202147333157646,1.6152762066393787,1.4447670532218295,0.10808295509193704,-1.34784768536724,-0.8925010352378373,-1.4116578404834395,-1.6335145444591623,-1.9353030388509354,-2.015976267715267,-1.388505454965061,0.43224906174005573,3.2860133168529706,3.221315046899501,4.092681063694657,4.765770965962671,4.828611032293049,5.641144819204746,4.977655507134623,3.9472315176283255,2.1795335428756877,1.3679357094048303,0.7022677351281265
Maine,2.7556997079732697,3.148125914107604,3.5209066537640004,3.365014126478722,3.5664868808692423,3.4229357007510366,2.890256569833074,2.413401106359537,1.4384980018525313,1.0506644384515307,1.6887776694539944,3.1941629281286525,3.7103930211314595,3.602905596890893,2.614073026963326,1.2630010667066864,0.6543495153000581,0.946689743063745,1.038047972889199,1.0750157838323786,1.4300870518780966,1.4404732970946728,1.9584558913608738,1.5799346724448804,1.9860869191351553,2.3469517076538313,2.2068283164844993,2.9035554142056648,2.6130151011369045,2.201913744119759,2.1423495572150006,2.262874587043907,1.9143282522591256,2.1471627947853893,2.188476068508911,2.0869899110312407,2.5062707141067975,2.4313435586589223,2.52529968046713,2.1715371966309744,1.808639107217389,1.8381119060719808,1.4276240608284327,1.4298413880173781,1.5988856705104337,1.3577079866853519,1.5596827951457364,1.7807523861261318,1.9094032508473018,2.4224561963201032,2.286625825717091,2.3590548934628273,2.2576151321452724,2.1031561070423077,2.35195743305035
Maryland,2.871075776017677,3.180131977446709,3.3102297270753622,3.3535055273497067,3.362691848055246,3.0105216399788612,2.8196984843810777,2.310675774588362,1.5399529623924562,1.2141624945982146,1.4399455008116173,2.812066119069526,3.2342210128962536,3.101477940801721,2.310709311605602,0.851546111403137,0.21901875185586428,0.6060172654264395,0.7944008187734262,0.9853358185202857,1.2879255776215504,1.3232918128653206,1.7884681406890757,1.501784245094507,1.8257011390475522,1.975929968981755,1.7071462451588508,2.132648411144144,1.9307569908714965,1.7093798913365765,1.7639471889657325,2.1260091804144037,1.9268558100566695,1.9888307426159042,2.159915456662136,1.9365770069133752,2.480264442179592,2.4430085195420155,2.340791342154163,1.994855016965464,1.473937125810489,1.548506770289864,1.3094072822576541,1.4323542907184585,1.5030205662560792,1.365970590230669,1.5526746740664004,1.6625766410169185,1.8583063801639932,2.2395480340630765,2.2011264430138766,2.2709180677538856,2.343438919547028,2.2147528567793104,2.4233158426556236
Massachusetts,2.3926017547734255,2.714742041277496,2.7676989031615116,2.962102206755804,3.0456311124728424,2.648159374215739,2.4930245880737507,1.8815962541820939,1.0442533158982747,0.6357610425694802,0.8350949666796645,2.1128299475410115,2.420516285954871,2.4241021095283073,1.7981156429333758,0.5842824446157292,0.2114639596995948,0.6243079918814097,0.8110004317947679,0.9507433935876459,1.2031328159020827,1.2593053781139372,1.7252980737349175,1.5671167844055327,2.0221819445908356,2.161684969142474,2.0203366896282304,2.3894550510498767,2.153934388282208,2.013325021643437,2.006405960911012,2.3429645418463614,2.072866552143529,2.101657180964063,2.2232605526859595,1.9613936910159155,2.430111005882243,2.514254706611024,2.429855399655113,2.096817222363313,1.6555743236246327,1.6402707299716446,1.459795595968185,1.6574296152708976,1.6674019210012694,1.4617138716561255,1.579127799064373,1.6705685145776812,1.8828785220710498,2.3044548239886233,2.221027423066657,2.1451189195001397,2.0584089032185298,1.97747416906855,2.1016787712013185
Michigan,1.511664950062089,1.8487535209815238,2.0895649550545214,2.524226712029193,3.036143209156826,2.945711564334181,2.621796634262839,1.7836640212341857,0.523883788556211,0.2148336536722938,1.0342614995528574,3.263020285425177,4.641980727467996,4.805540685767237,3.8647148369732283,1.8961759363158701,0.5273564171413004,0.330949648625468,0.11893704511814235,0.04199824187100174,0.4939763828377925,0.7795282192467629,1.5094435758927047,1.5710898380441751,2.246836260169576,2.6670166893970944,2.5316815589384842,2.9007714541720513,2.328105130463018,1.8680439555692678,1.7256946621851632,1.992685843315193,1.794154708950509,1.9603165997047172,2.215774674050445,2.2528942818367947,2.9978565814987506,3.180237439786841,3.1541557967025957,2.6294558509923642,1.8020177464600504,1.6187704843792818,1.1375088847133907,1.2141243074967838,1.3897571627686185,1.1091707849567147,1.2827054478392323,1.293752692722015,1.3637198757748932,1.8208974764373482,1.8080046297218302,1.9401725367643052,2.0628885771339576,1.9752128840694827,2.1390665673726295
Minnesota,2.4953617511761212,2.8465761258715365,2.998958458366628,3.188256530388247,3.684446670798707,3.4628144379192514,3.107082469414762,2.471425311422653,1.230712812520609,0.8085616442219679,1.1516586395274753,2.2160669902788412,2.5659089525756658,2.443305513829914,1.672162660581137,0.9008534458504144,0.7122133875699524,1.0406791435987046,1.2894361699249437,1.3636075340070029,1.9932624199849982,2.3273720714882753,2.805835787453345,2.248627284625558,2.350097496950372,2.290341071346668,2.1687195955330947,2.814343635376012,2.3901578387581313,1.9197844480277602,1.5566285546787366,1.4733327896071093,1.157433860610081,1.5877840525293878,1.7145046094449785,1.707503985827947,1.9216613278348127,1.8415943065793012,1.9031059581946463,1.441283233363082,0.9802618976068318,1.003729852199877,0.7645875836134289,1.1008265214375619,1.6431105401554695,1.44111006740821,1.678239272562365,1.8918118404436512,1.9642350967634152,2.4843000560224087,2.333736666024216,2.2344103182463266,1.8906391826081246,1.716267284753466,1.8461557340053487
Mississippi,3.094916126878876,3.3959764179797207,3.522946857595508,3.1431294044471882,3.6577767525000975,3.790669586944321,3.30718019919749,3.0178269329758494,2.0679107647830657,1.7300221038850176,2.12991448827168,2.5052304478770595,2.122127083111899,1.2741955039369353,0.36876842901343304,0.26712883805284865,0.7588869259690315,1.5976422253939042,2.0422714152316597,2.060438654033807,2.3941959663865577,2.5183914087164654,2.87920289820814,2.2472569947176244,2.259003881165671,2.396699673707551,2.275576372174311,2.889858310702938,2.505212301346,1.9846962370012902,1.748520523059346,1.82581241107326,1.7935857979995697,2.113052098049397,2.078609300802918,1.8410913685574148,1.7456885075115012,1.5916289597206525,1.6318317739983206,1.2102279450709332,0.6906849807753067,0.7931551057249918,0.5235972235453773,0.9170332277685145,1.8196260483212499,1.7243596456130406,2.138327252323328,2.498566956204968,2.5822218866787408,3.104040313279425,2.8797172690495434,2.805204461319557,2.391761666488168,2.0026851926514313,2.166237517719356
Missouri,2.6670565373078414,3.1053181831483325,3.214200213376934,3.156358399771791,3.5656134355996283,3.3923054851849095,3.0887121028227917,2.607178583722853,1.6108432812870934,1.2258163828469328,1.7914171277980802,3.126577934757631,3.490946419100597,3.1966441974008117,2.2392647646909807,1.0703909900596438,0.6315347949116946,1.0721414309745332,1.158769253335804,1.1463729940780365,1.4655284699557751,1.5762095984284323,2.1152395126107044,1.772747599908022,2.2313567146113664,2.465298727222916,2.4488966603631344,3.0672477826810245,2.645571466926164,2.1635304731601472,1.8708186234947075,2.0710476872881576,1.7793370460908178,2.0633770813103487,2.164885835230711,1.9307665088778507,2.2952472599703753,2.292045686908165,2.3567144320566022,1.9745307191332564,1.5480248754866925,1.5147279951248516,1.165315646880853,1.3142945220041746,1.526225852177334,1.2651593304834088,1.4741172132754563,1.6490958965078142,1.7820078564670858,2.3144021249021307,2.1691545422993923,2.1801648105091536,2.0302929662721665,1.898484771575576,2.0865996566881315
Montana,4.435522313524257,4.483926816846401,4.208379913810988,3.18809535768184,4.274076449263228,4.5676932956804785,4.057555224035498,4.155898856220139,3.024950190916943,3.3355835515483254,3.276332914316889,1.3715749882301311,0.24693521292616735,-1.1285317098772272,-1.503081090133846,1.0490231399029613,2.615466480305684,2.55962398558694,2.8210255106438415,2.4192173097274456,3.4458109165458435,4.75346891915445,4.984435885168374,3.7955203085026334,2.8561343777619426,1.8787048860889703,1.6526246892567484,2.455100514520209,2.099572145252308,1.9080730631779748,1.715810195583266,0.9500006958583566,0.9268765297727061,1.659116892820477,1.405710404664101,1.4822285988248196,0.03260925995692657,0.007092796234080084,-0.15452993373281657,-0.6734344888277108,-0.7839004419319785,-0.5856352228396748,-0.15009462139685234,0.8945914466751868,3.0723216854279887,2.49309231880847,2.6612075946203944,3.156378548662625,2.910671689507803,3.4227748573286942,3.2807246712988136,2.749116718342469,1.8643616954201887,1.474178614317129,1.4980042940546219
Nebraska,2.052944099318893,2.386447036821069,3.1848166334119496,3.5249021262538602,4.246337090093455,4.401758386096232,4.053567617399047,3.6336535839533295,2.2940991695381316,1.9559506035632064,2.141076077457066,2.89369075087664,2.5181297328913606,1.8407376637686896,0.712280327324277,0.44335507389794604,0.7544717012423842,1.4923550475172618,2.15952972071519,2.0726051014290063,3.849933265056969,3.9372956116635742,4.380217718397653,2.8792811127304985,2.089071848404722,2.445822035493153,2.4037655910354006,3.9685042891669076,3.7955069886778365,2.7780509092265167,2.017516698052647,1.2287003452713903,0.5042405487876187,1.599509207283233,1.311371253306799,1.5892709176317972,1.1681345068084372,0.46896974260784674,1.024555549186736,0.4560832639604394,0.3297059017059141,0.4648840704387537,0.11316813064117277,0.3258986696818977,1.4533679158800357,1.3379772000071908,1.596414354117641,2.064759212724425,1.7220598899153268,2.13312876675846,1.8654708269567994,1.9620095065241134,1.7015155168255014,1.5877184331693175,2.200924855892055
Nevada,4.261288152176648,4.3441361289835525,4.103787035360035,3.8904883928939733,4.149604778933413,3.8899914077788775,3.7103881367667992,3.177529069472266,2.113536783842003,2.0616059915373595,2.2109007725281606,2.6187311384658396,2.961490112666196,2.4112892116239575,1.7717698560459394,1.465191742451637,1.2042071085703598,0.8998380460621249,0.6724558296311058,0.4093797218679573,0.745991800122276,1.6770502428678193,2.241825362190611,2.371138478488107,2.7428516883158793,2.4606907722520375,2.2767064305785074,2.2572231909074842,1.7193418333921149,1.7492346305215467,1.9589187145894358,1.8739429788220927,1.748216005846147,2.0132091311338547,2.1211698378276553,2.470088492471588,2.7300841180074182,2.674009410780794,2.3790137586580014,1.981311759325521,1.6499854266590208,1.9145927263779978,2.001378046114345,2.154315370440882,2.4014399902722494,1.652560583579329,1.5029279607446577,1.6837184605759496,1.918821463790162,2.3606232033816865,2.517675170449875,2.321629160415969,2.0218051859954977,2.0030406212500695,1.8934924647550437
New Hampshire,2.565320587998402,2.877838513201796,3.072433538386906,3.0032149486921025,3.1275400210019475,2.8877797764337747,2.5215141042272324,1.953077631841125,0.9670771119650186,0.6721732045848912,1.1314702359052031,2.7105760286197635,3.3812108871615516,3.3217958769432347,2.5482890387141173,0.9911509992821211,0.2816346560128484,0.45912195236012715,0.4990076514047009,0.634525360421221,0.9809177065422415,1.1665476516677273,1.7635595237932857,1.621635836599231,2.0859698093352206,2.2498777040182434,1.9223297988835264,2.355652278457912,2.011381811206509,1.8299221366697047,1.9879437293976443,2.220104333117738,1.9973128413660477,1.996703653551212,2.0066693559907733,1.856877708356346,2.3487725804751185,2.323763324875914,2.290143468826057,1.9084437560548984,1.4501923732404989,1.4912927869451504,1.213994465302291,1.3315494756763724,1.2967881758058986,1.1074671190763705,1.2623112370050444,1.4195221895658765,1.6712546349507988,2.161378722202324,2.174636324499081,2.1788074148804513,2.185918366249943,2.105144110161484,2.2478804171783215
New Jersey,2.8507283935431404,3.3919382279924126,3.4433296716187236,3.3193861004496252,3.5047506487721285,3.1141913234852896,2.7848448564648915,2.2887238571948596,1.456871842922266,1.006141643537696,1.7128685009557656,3.211565050121121,3.5872176489525858,3.3547245880933803,2.2409699814231048,0.6891390895173602,0.1335276106853758,0.6752112504146522,0.8198722396371372,1.1880648277164996,1.5331828862132726,1.748612017311946,2.340566298959402,2.0278604165241814,2.3908629840881064,2.354411529603038,2.1287781958107455,2.6180866648037715,2.20643684783901,1.9030581937920463,1.7543266888109321,2.046841280922238,1.8058812661564392,1.957176286208867,2.1670799002523107,1.9266306279488037,2.5197385255767255,2.4888157783448563,2.39316143070515,1.985817868515363,1.4818568363313989,1.4491034162546395,1.1529347108731622,1.3554111544493979,1.427989473641199,1.3420124092760948,1.6287405655205776,1.7475906087760962,1.9070150684634712,2.3979349347529384,2.203803051239122,2.222168162012884,2.2004465613191972,2.1170115878918847,2.2751153290714923
New Mexico,4.100096569694362,3.6315885214212367,2.230384747488143,0.3316599536956274,2.10458680841244,2.9626861194533913,3.3181308190607353,4.860198870364794,5.302373564993488,7.024760799701705,6.07575184504036,0.03522968956261525,-3.402668323482947,-6.2327236932698735,-5.814450816737232,-0.1633141078965502,3.3577562236064824,3.3654110221167692,3.345805017402553,2.6521577266572027,2.545885507382487,3.7108111996293855,3.34251252561865,2.199514997854263,1.3210915353392017,-0.07171689328598178,0.15399459485157996,1.1406786046857815,1.4598389178848952,2.3934093722917127,2.870168773492713,2.066652926940371,2.418772125114491,2.2970415458216,1.0891371530819882,-0.3015437475488651,-4.086713653907248,-3.6629335282623052,-3.9489655923798392,-3.1828991662563895,-1.6908416397792687,-0.9135351346832136,0.5107931012666136,2.1402444300146573,4.631820640582859,3.069373679367691,2.7759273458963496,3.355048679228023,3.4733568657311955,4.232445457595173,4.577867358673779,3.0160838434170723,0.91291711717641,0.1465700542884262,-0.7773696551577189
New York,2.6200196687686046,3.050782458335474,3.1174814418881205,3.2988496003565038,3.6085274590252,3.289259254358692,3.3596006051553813,2.818634935519004,1.808939354999351,1.2372336899609888,1.007483447141058,1.6404552805216415,1.313073170816066,1.064408768856503,0.5924566110540247,0.12740254100915127,0.633310310993509,1.5791286394194242,1.8741711507691134,1.7918765281557194,1.7240939359119136,1.6445553427567319,2.10572385089047,1.8831665358549015,2.6128100322559336,2.616872510210176,2.474556042053284,2.9901952490198993,2.5801166783434186,2.5978990257374943,2.747427033674604,3.081192561318256,3.0545197298421822,3.115728383048257,3.0698633834042584,2.62023311587412,2.751853551966823,2.5970959967464116,2.4725063983506153,2.1529404306130364,1.9114024934787064,2.1482044874778072,2.176740563686521,2.4696903088251925,2.2333472029062826,1.9050250586963402,1.8653222212924836,2.163390143262607,2.6347045849702853,3.0856869600124366,3.0043699227833116,2.5869166348872783,2.031310201784869,1.8853729872328515,1.9901625480709393
North Carolina,2.1461472623775713,2.8225705720555916,2.6886600857197362,2.426031919307327,2.82198577425654,2.6654658092789454,2.2936302039840823,1.9755219766553072,1.2683726070324408,0.7018224353893554,1.8977929413968924,3.565846361100291,4.080577332907664,3.874395942063646,2.573758381393781,1.0521796136983392,0.18515265780667858,0.735454369795993,0.7585592270328784,0.9690551405022809,1.2767865006316392,1.3226859267484385,1.977433549256749,1.6674549018654181,2.288365102004811,2.6701442797147634,2.771500397001924,3.405577168128351,2.889624509000891,2.192256530289001,1.7422265923412272,2.270827791892294,2.059786234013181,2.3966816483088116,2.6265628795955087,2.004980747173529,2.4221650151559007,2.631957153348207,2.7111278897417304,2.4573367070511676,2.0876601457526713,1.997564164456456,1.5088418901458223,1.6281312812148392,1.7204069030247606,1.2667385723286861,1.516985607462216,1.6674056679695073,1.8582795602815194,2.499237417525885,2.232613935301935,2.2288592618731626,2.0192398301438126,1.886771969467132,2.0371295404850076
North Dakota,2.554359859426278,2.6646138309231953,3.203955027415596,3.1097846521760095,4.497252634217832,5.200071415223221,4.913953395314218,5.0191626126094535,3.4001171386870577,3.692892010130419,3.0630868080503317,0.19287141086692727,-1.5432170809656935,-2.728621353949631,-3.0647534144584467,0.6890670747732969,3.155323390412272,2.751102052990817,3.2531963677358164,2.4296452196598204,3.810933971485851,5.387881684843924,5.176138831049443,3.504355140190563,2.4601098399224686,0.7963515786509824,1.2347975503882018,2.957235731823641,2.8167058515598624,3.474412487464662,3.215523319738557,0.8641655472418631,1.026961800852731,1.857666104869689,1.0043806766129595,0.7667131449468004,-3.8744059966237043,-3.11668398039332,-3.5373667434964795,-3.1884186941866677,-1.7012984993819196,-1.6271208135878246,-0.35165832574921657,1.324517202875396,4.792739540552601,2.802305001218673,2.377917161460327,3.078092517599222,2.7419186674192555,3.6051668341790246,3.85020845110082,2.287067402131507,0.0037484098283008757,-0.5923221930088894,-1.1575495290435598
Ohio,2.59494826946901,3.0518559039764277,3.067956390427733,3.0103259063680086,3.281014791693741,3.0567819897803106,2.7583237085152645,2.285054473587952,1.437514937996682,1.0921375694735094,1.6610663894702145,2.958498297967018,3.1776942970378683,2.8160193346571667,1.9717805845534877,0.8332347304570078,0.5754746479429107,1.1721401264901197,1.3379414428442362,1.5114827045787138,1.8827864091985265,2.0790090185605963,2.6214966188112414,2.265362159372522,2.5269037233862415,2.550414703424859,2.35479175933905,2.7374038225233677,2.2343743077812195,1.7490282776109878,1.5246977199640668,1.9142595156826545,1.7809741928806788,2.0133060926637936,2.1075988981849907,1.5082304188126374,1.4836842044935954,1.5945056300671943,1.4556663949753208,1.2044158857976976,0.9322471636381731,1.0730627417756846,1.051894864313665,1.5683761410425847,2.1248149837868118,1.7169466871599255,1.9469921565236492,2.22433851002621,2.49276681168959,3.137046408432568,2.995121818589181,2.655841811908813,1.9728267175545704,1.646442656444819,1.5062244352679262
Oklahoma,5.292502294794767,4.83688979596625,2.7531581799977483,-0.06948760164795371,2.2269979687694867,3.1643018381671717,3.5710955618518696,6.035225332749215,7.374801942853927,10.134401430583855,8.670082313997161,-1.0536801439419834,-6.752450781290329,-11.061278660770897,-10.289633076151047,-1.535876273082596,4.645923092745006,5.198799586557514,5.387673092679651,4.4346811801509105,3.714445723562884,5.383410066883993,4.445012991496009,2.6958080389548087,1.089944519651887,-1.0951547615623598,-0.5125125989764949,0.8510927475800057,1.6220960540768907,3.1465689382983206,3.807617831523046,2.715445512440166,3.507465714283019,2.9768643553640297,0.46105617966352497,-2.5910299115105215,-9.139200367588678,-9.033536575605126,-9.170061939460451,-7.273349389727907,-4.024079376888606,-2.2244561681247306,0.24619269655919274,2.7653150548058756,6.1940108341990845,3.9815975190642057,3.534382500811169,4.249056881120733,4.387565675324623,5.422751881123482,5.830920818258099,3.601154972315759,0.6375206466181788,-0.4101958210788616,-1.7708703727617154
Oregon,1.4711406886675225,1.7152280266936317,2.0364148594497244,2.4418054680079258,2.6954143396166037,2.47319970528834,2.0592289196456095,1.401993945587157,0.3520421034407146,0.06909842799096477,0.32831957548677443,1.7202038336864602,2.1622346996490847,2.0893739827879774,1.431618492645128,0.3328997794838211,0.10564069728194965,0.512787958173044,0.8260686275979578,0.789252498411271,1.135817559639021,1.1102458351169227,1.5072391195082186,1.1695309659636166,1.5051647158945167,1.8920723743453922,1.8033441395571663,2.4676314875680263,2.2823254977699317,1.9761171160529,1.884999944372617,1.9595267844124438,1.5870487299610099,1.8537309434489762,1.8645374309608147,1.8260037497346469,2.0838923171122596,1.900047140083048,1.9752307259195794,1.5837644634722219,1.238770974979216,1.2848916269790078,0.9616446735173831,1.0825418492219046,1.4249555617957623,1.3221822465897457,1.567681366341028,1.6766816618883793,1.658072526569517,1.9999438842792614,1.9768856788947602,2.0902038621179404,2.1968302346155157,2.124797468965474,2.3112373008806855
Pennsylvania,3.1579059077039897,3.6138092287685772,3.587343136902212,3.3092026997398705,3.536986822351517,3.260337082746966,2.917198199747631,2.488012492893498,1.6247575826624012,1.2545574083672628,1.7978226774192083,2.8508388720256588,3.084292133913345,2.7463810946855034,1.89293797312636,0.9261929276460877,0.6210129874627581,0.9928109903184229,1.0604882362876678,1.191117657000504,1.4879109161931294,1.7886228899340797,2.18990429166504,1.8330598597364087,2.018491296925744,1.8885695148383292,1.8249378324003034,2.293258122865912,2.05580080891791,1.8969084781559657,1.7779131871759326,1.9839684590496993,1.8863666674725181,1.9713253996381956,1.8892859418463346,1.2116680362652477,0.6953222316489516,0.8021357207931208,0.6632787924532801,0.5329748507946777,0.4883494704522804,0.6470324723127255,0.7720633591493764,1.4002194372867132,2.1066520304826106,1.683209880321767,1.8447478233367325,2.077640013422584,2.2342171456029294,2.8248418046396555,2.729116453756732,2.3734316400653785,1.8271158154374114,1.584348023521919,1.444636969805346
Rhode Island,2.910305055321699,3.2635548190761843,3.3883646467741997,3.5206782694803436,3.583306387835398,3.173902486279916,2.986370918438978,2.4699424704100044,1.5726757735931092,1.1980760315715802,1.3219132364247808,2.5331484877466464,2.8376689933132524,2.7678117488323792,2.1196630439715283,0.8996522847926798,0.5628084308326513,0.9548703288825858,1.1389316681179675,1.2023365719199917,1.381022342002843,1.4398151174082168,1.9165433876715752,1.6985588935290539,2.1492394631194416,2.2274173622510367,1.9636615548579601,2.3938526820140598,2.1386023434513364,2.0108493429438945,2.0954379131895764,2.3940868054321096,2.1432678779554477,2.2157475831357183,2.3011784582861066,2.084495052466489,2.540322607181105,2.520990124767877,2.441487115852014,2.0877192411512824,1.6803339021089867,1.7335737793138841,1.529462917916515,1.683258499042001,1.6309581887229359,1.4436912960881008,1.5925299725643665,1.7387698956359594,2.052792750589245,2.4682864664764272,2.4140148975811835,2.3853819237566416,2.2186646870912132,2.117380035967388,2.283865844030442
South Carolina,2.9185493730925796,3.4047502318862675,3.51690087466038,3.3807028959565133,3.4678415312115223,3.2485721268815944,2.7764637184662915,2.137540337160444,1.2011995559421758,0.8006522402110068,1.6567389521746085,3.74744482120248,4.609232726411722,4.406058455589747,3.2075549256100127,1.2119858589097683,0.14285773472075977,0.5264913991879647,0.6170934951404939,0.7757198952227234,1.1585927079098635,1.215713190859371,1.8162882126848814,1.5716233889799929,2.0065516675401676,2.401017947168129,2.2752967639176926,2.838851432921009,2.5354117521522164,2.116617438690421,2.010360545766085,2.4130356842463048,2.209819700633439,2.2387947951185545,2.3990424936451857,2.0922748696996143,2.731246158964395,2.8136118409646884,2.817419077062863,2.4254123687645173,1.710600571859926,1.7074324273676693,1.207648871377399,1.2896671930182897,1.4425486201479287,1.1937838449762326,1.4807901667271153,1.5874587409282979,1.781539543792305,2.2965398643696164,2.1898743988054825,2.320909346759163,2.3446947265505775,2.1706143906696953,2.3359145173955898
South Dakota,1.6073038010563232,2.0710251806837467,2.8513900503578515,3.3342941041317116,4.117810090310153,4.3924047326849545,4.298696622542764,4.063961514775267,2.5336551047168356,2.0530336139391125,1.1042451691293433,0.10991228931758165,-1.482365939756943,-1.9346189813368257,-2.2609825393655614,-0.37972164669063657,1.6588055778241924,2.38838354357305,3.3840055160925684,2.667441346230664,4.175039089564321,4.243196193313482,4.551006461608542,2.789731844010425,2.452631834833486,2.6514324749426614,2.546584529535571,4.464896385656404,4.033866170477174,3.1659080599458926,2.5923959671152024,1.3322510461604047,0.6823738594239697,1.9064979309297772,1.3800711324427792,1.9042188731816083,0.9559509061991229,0.26646316046765844,1.0920759759304501,0.7002287363869586,0.9933978305307649,1.39147515114913,1.1647139039706178,1.4304117654918405,2.5822937297179567,2.2304023722924144,2.302842537395111,2.8554557481586773,2.522681984720095,2.9425012410186255,2.5990758600009705,2.3694402799687766,1.6782134498298176,1.4880997344848104,2.1365775149401967
Tennessee,2.222104312290777,2.6668175307032,2.9058270731488136,2.8534574521825493,3.184714883840654,3.0177005372487167,2.5975213782071003,2.0628272611962943,1.1841770567705134,0.8522246347329203,1.7133114883634712,3.4281814083146633,4.033475591542104,3.822295921958089,2.8436514660914245,1.2303731797504116,0.5314919137570928,0.8427857769877479,0.7262331307872327,0.8160111304284314,1.083378199123347,1.255472151399598,1.8663918920944385,1.795978337742025,2.3690147224771545,2.6913521276075048,2.6213784230501624,3.0126915768406857,2.489316990779888,1.9520750294213032,1.8106563138398213,2.1317324612483852,1.7501662012466606,2.022649670486999,2.230038298925319,2.0545014947170355,2.7526239656576603,2.85006709276954,2.8206621307020083,2.4596888500299454,2.0165952594536387,1.8466823439296012,1.3764584517066554,1.411668371428107,1.4057558826002816,1.1283035843034985,1.3739334600979738,1.4915811516729927,1.616454940911023,2.24156881546992,2.1199594662120465,2.206369332920095,2.248971797911888,2.135092079023563,2.210030976420982
Texas,4.959647505801035,4.509305225194375,2.5606192540146475,0.0810365561808089,1.9324662962462145,2.7174884963535857,3.018718845519865,4.835199371374205,5.674688968766642,7.562779726847963,6.681758337248648,-0.20679179817108076,-4.658473085738318,-8.285914047288086,-7.9080941187509035,-1.6034403156594925,3.0514222641644917,3.9650343543554527,4.375323016050185,4.068859598767484,3.7215208025318893,5.140157615543968,4.736592260238367,3.334225965571897,2.133914119698676,0.166123797791996,0.3291394941314479,1.1807145026644856,1.3352288637937186,2.221523897603228,2.529592055410436,2.0978282716433396,2.651959778532105,2.472955108495636,1.0125503406305427,-1.2358211045742173,-5.35601358375842,-4.983205796635924,-5.137583295677945,-3.9802456603334786,-2.1325362622588186,-1.3762234376844604,-0.0021768600795187966,1.822108068461655,4.208855528294602,2.953119732913771,2.9840813259324492,3.4985591195488728,3.685840809488772,4.579480424134231,4.638644754789017,3.177526881839416,1.1780568434153929,0.45399818711591644,-0.4767168706118762
Utah,3.6610805132110067,3.9818399426020643,3.655752021513299,3.0509345206190117,3.3540095223513524,3.0935947029807784,2.9134754980910222,2.7782460516351266,2.1600344138703944,2.2025257697563934,2.1406277252917048,1.5131886969048938,0.6226031690474833,-0.3909952216984639,-0.7332810345729102,0.06567041577928152,1.296649236976542,2.014400230306025,2.272342819305507,2.1513568363632345,2.151913802091386,2.585901668496494,2.829823630042524,2.3553911645755816,2.358263680790717,1.9434673211777986,1.718881970649994,2.0954495737058854,1.7248159714900604,1.6642909637748147,1.7798207090325115,1.9426314316447546,1.9101845052065707,2.1203884835910207,2.1306833853004004,1.785166573412657,1.5188929413670489,1.6666029455391627,1.5684063680549167,1.4373364602782497,1.4040899586936808,1.5373624881153674,1.526589437516446,1.925011044076411,2.2875495084097066,1.7667662265277075,1.8345048239201562,2.0444230113383908,2.30463062638879,2.924799059331047,2.9305925826920824,2.6648065374962275,2.2532644126372414,1.9721309451754514,1.9011321196383697
Vermont,2.233687940663983,2.480251953876733,2.7671501226761857,2.768366765955647,3.0818252432662594,3.096927195101744,2.831868598938705,2.349235544526732,1.3106536822988808,0.9850415948827623,1.355340134842482,2.632354144183892,3.1821310368029394,3.0345241370704406,2.215648360789605,1.1016490985236433,0.5247299360970558,0.6308119500235748,0.723230650996774,0.6808000784328633,1.1784697916860816,1.411099344634982,1.931444229061114,1.627607736268433,1.9079820317901026,2.1639622824975495,1.9474221447986682,2.524125912243501,2.2717183651718598,2.0039259500346214,2.0364370976753343,2.1063967665756196,1.8838129759983808,2.0416563640026255,2.012350321046475,1.963652127549791,2.1892754641865997,2.1286019587756266,2.2096828104868558,1.8405100755036223,1.3865077072353218,1.5478711055433312,1.3062142547550457,1.459732334268873,1.8296871834265624,1.4155642959278896,1.4732386738316219,1.637588296704816,1.6997064992175828,2.1762643828392867,2.163608315246008,2.1750313268069172,2.1196837537832867,2.0040740460625313,2.221194980293876
Virginia,2.8461198011098183,3.2114712551682354,3.1884457373726667,3.100307340461842,3.2885462299698514,2.9996688740009225,2.780760889065633,2.3085991941359354,1.5389879751320998,1.2095999443139613,1.6781902456225963,2.951539488139229,3.414284960383733,3.238326018501038,2.384059604348486,1.1058366275826421,0.42011299328941637,0.6968131808321212,0.70608457988182,0.7970801406581164,1.000197783944435,1.0412484015687093,1.5548278722321447,1.3570213812548306,1.8407113516345235,2.1386874450227986,2.0617117545353003,2.4923175951069663,2.187581827140069,1.7915661497981905,1.6328734359429118,2.0186852889014486,1.8142880988587864,1.9765830581956358,2.237922249821145,1.9728902770380885,2.4366033595418854,2.5227841700147984,2.449622580815523,2.148433964317669,1.7470924620517647,1.7555500473760064,1.450034119980019,1.4900791232881738,1.507154760374278,1.158596368413005,1.2977611489173895,1.3845212514343235,1.5823787447405286,2.078625965151777,1.9953668498881767,2.0927166089863145,2.1156917415666956,2.0037385728794663,2.193537433904459
Washington,2.777986577609577,3.061715134469699,3.248432222549693,3.345555612593212,3.5268500100736797,3.2594096314701058,2.941104329563865,2.3436750893506577,1.4104507991848074,1.0221734929561015,1.2542888810517674,2.561178456475385,2.8293397415948944,2.6250853767836837,1.8708946806022955,0.6715470083682484,0.4298730222719191,0.9629910130347259,1.3235751272120693,1.5058424155901764,1.9905680423567862,2.02092175230853,2.3357114033516693,1.91529714020936,2.025865585399274,2.2311105991342557,2.0286209611499477,2.466024370492917,2.2248726873439306,1.8937860980204588,1.859128249051656,1.994178927125366,1.6684577315356495,1.8411975418239865,1.896164978439259,1.886266008849568,2.1493392529806457,2.008977216188586,2.0237818552961437,1.5209034227840261,1.1196286075744697,1.0850338776994153,0.720018253069893,0.9323006295451818,1.3572720315912086,1.328309263832566,1.568558709823754,1.7495729496392693,1.639170006950667,2.088131721001891,2.0340531944494105,1.9853225567465895,2.1532083389780365,2.030763558913549,2.1521643174123897
West Virginia,5.83199806059022,6.071075150686364,4.788685000042489,2.339382323012332,3.545202763122081,3.7842968100273477,3.2259665051916016,3.79261998317794,2.8177414862353487,4.107844195142013,5.270418116162821,2.651533732420757,2.522499534220416,0.8535743785125804,0.48842402360943354,3.962741663803399,4.68665776864455,2.7288768016821305,1.466379990027351,0.558402670629057,1.1211778864704027,3.72218653595768,4.143277196357923,3.5704117098859296,2.907465891391652,1.111759563032848,1.1620815891129264,1.5136148968087575,0.9562245216772075,1.4125143770007929,1.575883943426735,1.0498277131481606,1.923268639887214,2.1886140867505315,1.7346448470293307,0.7721249338836682,-2.516494538882835,-1.6555126116578294,-2.314828900257988,-1.9902551052381556,-1.2106531961150901,-0.5463599489850083,0.8916170292684448,2.67677561216,5.277482387549028,3.0568906476243916,2.5008718333199442,2.90069645178982,3.011736832693555,3.9600948769185838,4.254029131210224,2.7831887734216556,0.8288807784044474,0.18236717234772648,-0.593784616188109
Wisconsin,2.268095430604485,2.780565987723379,2.945100113591216,2.988187327600839,3.345493953126988,3.1764778773274025,2.734547674318207,2.1724309588055624,1.11190555561383,0.6584852918984188,1.5415683597999295,3.3838104713858614,4.257885138656016,4.193845580593343,3.0776284606812734,1.4217483885506463,0.38720529237689083,0.5977648332550302,0.6122811139989779,0.7124871330318878,1.2883832975563598,1.4461703476174557,2.05406973834797,1.7001340744309035,2.044719780956936,2.3774425332847167,2.3808645261838897,3.0617001815854996,2.74624577807471,2.2251887346650316,1.887367674210482,2.0986387767597794,1.7064923821119773,1.9675867398851434,2.095816493794313,1.8109301157567819,2.1567785994905613,2.3415803506914457,2.4002433186130325,1.9908383528886946,1.5194792386682427,1.3836426066702783,0.9746718217875603,1.160077883974759,1.4601450867652372,1.0710211034932628,1.3065628059752024,1.4996214845538545,1.657806166737492,2.256672269960728,2.1006523059757347,2.108278551735155,1.9025234098575223,1.7780569766924657,1.9266433768881626
Wyoming,11.32516345762006,9.804316572981064,4.218069208437934,-3.232941875640481,1.640377509134445,3.967818239413543,4.577736495031913,10.066589384532008,12.220332672236983,17.46917528434283,15.507031208053203,-3.7331836537012233,-12.800815326731596,-19.25863721733155,-17.32776233959549,0.08542325700549225,11.265693601825921,8.763209150139632,7.1302226567817115,4.192247701642585,3.392649707133079,8.737429580275835,7.674125111173945,5.640044929606129,2.8014083307188806,-1.6804358377783588,-0.815976324500987,0.02997006506698837,-0.031026282143683928,1.8444639469280366,2.2652427655871232,0.2954822567139246,1.6085842565093686,1.931110383937557,0.4273847365396852,-0.8740669220318946,-7.480988171799122,-6.213816011904436,-7.136534175411552,-6.277905308821133,-4.486631228563019,-2.984851814683009,0.04057352312452841,3.3874539295114543,8.648589255022125,4.369195062268469,3.006363798229628,3.6940618990409835,3.6119524186009486,4.990143893563318,5.79676182542362,2.9356555429820728,-0.6301624903908458,-1.5825786684699858,-3.1824241080328903
